"anio","semana","variable","criterio","validos","NA_interno_original","NA_control_calidad","Dato_fuera_Valle"
2010,1,"precipitacion","centro",686,0,0,103
2010,2,"precipitacion","centro",686,0,0,103
2010,3,"precipitacion","centro",686,0,0,103
2010,4,"precipitacion","centro",686,0,0,103
2010,5,"precipitacion","centro",686,0,0,103
2010,6,"precipitacion","centro",686,0,0,103
2010,7,"precipitacion","centro",686,0,0,103
2010,8,"precipitacion","centro",686,0,0,103
2010,9,"precipitacion","centro",686,0,0,103
2010,10,"precipitacion","centro",686,0,0,103
2010,11,"precipitacion","centro",686,0,0,103
2010,12,"precipitacion","centro",686,0,0,103
2010,13,"precipitacion","centro",686,0,0,103
2010,14,"precipitacion","centro",686,0,0,103
2010,15,"precipitacion","centro",686,0,0,103
2010,16,"precipitacion","centro",686,0,0,103
2010,17,"precipitacion","centro",686,0,0,103
2010,18,"precipitacion","centro",686,0,0,103
2010,19,"precipitacion","centro",686,0,0,103
2010,20,"precipitacion","centro",686,0,0,103
2010,21,"precipitacion","centro",686,0,0,103
2010,22,"precipitacion","centro",686,0,0,103
2010,23,"precipitacion","centro",686,0,0,103
2010,24,"precipitacion","centro",686,0,0,103
2010,25,"precipitacion","centro",686,0,0,103
2010,26,"precipitacion","centro",686,0,0,103
2010,27,"precipitacion","centro",686,0,0,103
2010,28,"precipitacion","centro",686,0,0,103
2010,29,"precipitacion","centro",686,0,0,103
2010,30,"precipitacion","centro",686,0,0,103
2010,31,"precipitacion","centro",686,0,0,103
2010,32,"precipitacion","centro",686,0,0,103
2010,33,"precipitacion","centro",686,0,0,103
2010,34,"precipitacion","centro",686,0,0,103
2010,35,"precipitacion","centro",686,0,0,103
2010,36,"precipitacion","centro",686,0,0,103
2010,37,"precipitacion","centro",686,0,0,103
2010,38,"precipitacion","centro",686,0,0,103
2010,39,"precipitacion","centro",686,0,0,103
2010,40,"precipitacion","centro",686,0,0,103
2010,41,"precipitacion","centro",686,0,0,103
2010,42,"precipitacion","centro",686,0,0,103
2010,43,"precipitacion","centro",686,0,0,103
2010,44,"precipitacion","centro",686,0,0,103
2010,45,"precipitacion","centro",686,0,0,103
2010,46,"precipitacion","centro",686,0,0,103
2010,47,"precipitacion","centro",686,0,0,103
2010,48,"precipitacion","centro",686,0,0,103
2010,49,"precipitacion","centro",686,0,0,103
2010,50,"precipitacion","centro",686,0,0,103
2010,51,"precipitacion","centro",686,0,0,103
2010,52,"precipitacion","centro",686,0,0,103
2010,1,"precipitacion","interseccion",787,0,2,0
2010,2,"precipitacion","interseccion",787,0,2,0
2010,3,"precipitacion","interseccion",787,0,2,0
2010,4,"precipitacion","interseccion",787,0,2,0
2010,5,"precipitacion","interseccion",787,0,2,0
2010,6,"precipitacion","interseccion",787,0,2,0
2010,7,"precipitacion","interseccion",787,0,2,0
2010,8,"precipitacion","interseccion",787,0,2,0
2010,9,"precipitacion","interseccion",787,0,2,0
2010,10,"precipitacion","interseccion",787,0,2,0
2010,11,"precipitacion","interseccion",787,0,2,0
2010,12,"precipitacion","interseccion",787,0,2,0
2010,13,"precipitacion","interseccion",787,0,2,0
2010,14,"precipitacion","interseccion",787,0,2,0
2010,15,"precipitacion","interseccion",787,0,2,0
2010,16,"precipitacion","interseccion",787,0,2,0
2010,17,"precipitacion","interseccion",787,0,2,0
2010,18,"precipitacion","interseccion",787,0,2,0
2010,19,"precipitacion","interseccion",787,0,2,0
2010,20,"precipitacion","interseccion",787,0,2,0
2010,21,"precipitacion","interseccion",787,0,2,0
2010,22,"precipitacion","interseccion",787,0,2,0
2010,23,"precipitacion","interseccion",787,0,2,0
2010,24,"precipitacion","interseccion",787,0,2,0
2010,25,"precipitacion","interseccion",787,0,2,0
2010,26,"precipitacion","interseccion",787,0,2,0
2010,27,"precipitacion","interseccion",787,0,2,0
2010,28,"precipitacion","interseccion",787,0,2,0
2010,29,"precipitacion","interseccion",787,0,2,0
2010,30,"precipitacion","interseccion",787,0,2,0
2010,31,"precipitacion","interseccion",787,0,2,0
2010,32,"precipitacion","interseccion",787,0,2,0
2010,33,"precipitacion","interseccion",787,0,2,0
2010,34,"precipitacion","interseccion",787,0,2,0
2010,35,"precipitacion","interseccion",787,0,2,0
2010,36,"precipitacion","interseccion",787,0,2,0
2010,37,"precipitacion","interseccion",787,0,2,0
2010,38,"precipitacion","interseccion",787,0,2,0
2010,39,"precipitacion","interseccion",787,0,2,0
2010,40,"precipitacion","interseccion",787,0,2,0
2010,41,"precipitacion","interseccion",787,0,2,0
2010,42,"precipitacion","interseccion",787,0,2,0
2010,43,"precipitacion","interseccion",787,0,2,0
2010,44,"precipitacion","interseccion",787,0,2,0
2010,45,"precipitacion","interseccion",787,0,2,0
2010,46,"precipitacion","interseccion",787,0,2,0
2010,47,"precipitacion","interseccion",787,0,2,0
2010,48,"precipitacion","interseccion",787,0,2,0
2010,49,"precipitacion","interseccion",787,0,2,0
2010,50,"precipitacion","interseccion",787,0,2,0
2010,51,"precipitacion","interseccion",787,0,2,0
2010,52,"precipitacion","interseccion",787,0,2,0
2010,1,"temperatura","centro",122,564,0,10
2010,2,"temperatura","centro",122,564,0,10
2010,3,"temperatura","centro",122,564,0,10
2010,4,"temperatura","centro",122,564,0,10
2010,5,"temperatura","centro",122,564,0,10
2010,6,"temperatura","centro",122,564,0,10
2010,7,"temperatura","centro",122,564,0,10
2010,8,"temperatura","centro",122,564,0,10
2010,9,"temperatura","centro",122,564,0,10
2010,10,"temperatura","centro",122,564,0,10
2010,11,"temperatura","centro",122,564,0,10
2010,12,"temperatura","centro",122,564,0,10
2010,13,"temperatura","centro",122,564,0,10
2010,14,"temperatura","centro",122,564,0,10
2010,15,"temperatura","centro",122,564,0,10
2010,16,"temperatura","centro",122,564,0,10
2010,17,"temperatura","centro",122,564,0,10
2010,18,"temperatura","centro",122,564,0,10
2010,19,"temperatura","centro",122,564,0,10
2010,20,"temperatura","centro",122,564,0,10
2010,21,"temperatura","centro",122,564,0,10
2010,22,"temperatura","centro",122,564,0,10
2010,23,"temperatura","centro",122,564,0,10
2010,24,"temperatura","centro",122,564,0,10
2010,25,"temperatura","centro",122,564,0,10
2010,26,"temperatura","centro",122,564,0,10
2010,27,"temperatura","centro",122,564,0,10
2010,28,"temperatura","centro",122,564,0,10
2010,29,"temperatura","centro",122,564,0,10
2010,30,"temperatura","centro",122,564,0,10
2010,31,"temperatura","centro",122,564,0,10
2010,32,"temperatura","centro",122,564,0,10
2010,33,"temperatura","centro",122,564,0,10
2010,34,"temperatura","centro",122,564,0,10
2010,35,"temperatura","centro",122,564,0,10
2010,36,"temperatura","centro",122,564,0,10
2010,37,"temperatura","centro",122,564,0,10
2010,38,"temperatura","centro",122,564,0,10
2010,39,"temperatura","centro",122,564,0,10
2010,40,"temperatura","centro",122,564,0,10
2010,41,"temperatura","centro",122,564,0,10
2010,42,"temperatura","centro",122,564,0,10
2010,43,"temperatura","centro",122,564,0,10
2010,44,"temperatura","centro",122,564,0,10
2010,45,"temperatura","centro",122,564,0,10
2010,46,"temperatura","centro",122,564,0,10
2010,47,"temperatura","centro",122,564,0,10
2010,48,"temperatura","centro",122,564,0,10
2010,49,"temperatura","centro",122,564,0,10
2010,50,"temperatura","centro",122,564,0,10
2010,51,"temperatura","centro",122,564,0,10
2010,52,"temperatura","centro",122,564,0,10
2010,1,"temperatura","interseccion",132,657,0,0
2010,2,"temperatura","interseccion",132,657,0,0
2010,3,"temperatura","interseccion",132,657,0,0
2010,4,"temperatura","interseccion",132,657,0,0
2010,5,"temperatura","interseccion",132,657,0,0
2010,6,"temperatura","interseccion",132,657,0,0
2010,7,"temperatura","interseccion",132,657,0,0
2010,8,"temperatura","interseccion",132,657,0,0
2010,9,"temperatura","interseccion",132,657,0,0
2010,10,"temperatura","interseccion",132,657,0,0
2010,11,"temperatura","interseccion",132,657,0,0
2010,12,"temperatura","interseccion",132,657,0,0
2010,13,"temperatura","interseccion",132,657,0,0
2010,14,"temperatura","interseccion",132,657,0,0
2010,15,"temperatura","interseccion",132,657,0,0
2010,16,"temperatura","interseccion",132,657,0,0
2010,17,"temperatura","interseccion",132,657,0,0
2010,18,"temperatura","interseccion",132,657,0,0
2010,19,"temperatura","interseccion",132,657,0,0
2010,20,"temperatura","interseccion",132,657,0,0
2010,21,"temperatura","interseccion",132,657,0,0
2010,22,"temperatura","interseccion",132,657,0,0
2010,23,"temperatura","interseccion",132,657,0,0
2010,24,"temperatura","interseccion",132,657,0,0
2010,25,"temperatura","interseccion",132,657,0,0
2010,26,"temperatura","interseccion",132,657,0,0
2010,27,"temperatura","interseccion",132,657,0,0
2010,28,"temperatura","interseccion",132,657,0,0
2010,29,"temperatura","interseccion",132,657,0,0
2010,30,"temperatura","interseccion",132,657,0,0
2010,31,"temperatura","interseccion",132,657,0,0
2010,32,"temperatura","interseccion",132,657,0,0
2010,33,"temperatura","interseccion",132,657,0,0
2010,34,"temperatura","interseccion",132,657,0,0
2010,35,"temperatura","interseccion",132,657,0,0
2010,36,"temperatura","interseccion",132,657,0,0
2010,37,"temperatura","interseccion",132,657,0,0
2010,38,"temperatura","interseccion",132,657,0,0
2010,39,"temperatura","interseccion",132,657,0,0
2010,40,"temperatura","interseccion",132,657,0,0
2010,41,"temperatura","interseccion",132,657,0,0
2010,42,"temperatura","interseccion",132,657,0,0
2010,43,"temperatura","interseccion",132,657,0,0
2010,44,"temperatura","interseccion",132,657,0,0
2010,45,"temperatura","interseccion",132,657,0,0
2010,46,"temperatura","interseccion",132,657,0,0
2010,47,"temperatura","interseccion",132,657,0,0
2010,48,"temperatura","interseccion",132,657,0,0
2010,49,"temperatura","interseccion",132,657,0,0
2010,50,"temperatura","interseccion",132,657,0,0
2010,51,"temperatura","interseccion",132,657,0,0
2010,52,"temperatura","interseccion",132,657,0,0
2010,1,"radiacion","centro",27,659,0,4
2010,2,"radiacion","centro",27,659,0,4
2010,3,"radiacion","centro",27,659,0,4
2010,4,"radiacion","centro",27,659,0,4
2010,5,"radiacion","centro",27,659,0,4
2010,6,"radiacion","centro",27,659,0,4
2010,7,"radiacion","centro",27,659,0,4
2010,8,"radiacion","centro",27,659,0,4
2010,9,"radiacion","centro",27,659,0,4
2010,10,"radiacion","centro",27,659,0,4
2010,11,"radiacion","centro",27,659,0,4
2010,12,"radiacion","centro",27,659,0,4
2010,13,"radiacion","centro",27,659,0,4
2010,14,"radiacion","centro",27,659,0,4
2010,15,"radiacion","centro",27,659,0,4
2010,16,"radiacion","centro",27,659,0,4
2010,17,"radiacion","centro",27,659,0,4
2010,18,"radiacion","centro",27,659,0,4
2010,19,"radiacion","centro",27,659,0,4
2010,20,"radiacion","centro",27,659,0,4
2010,21,"radiacion","centro",27,659,0,4
2010,22,"radiacion","centro",27,659,0,4
2010,23,"radiacion","centro",27,659,0,4
2010,24,"radiacion","centro",27,659,0,4
2010,25,"radiacion","centro",27,659,0,4
2010,26,"radiacion","centro",27,659,0,4
2010,27,"radiacion","centro",27,659,0,4
2010,28,"radiacion","centro",27,659,0,4
2010,29,"radiacion","centro",27,659,0,4
2010,30,"radiacion","centro",27,659,0,4
2010,31,"radiacion","centro",27,659,0,4
2010,32,"radiacion","centro",27,659,0,4
2010,33,"radiacion","centro",27,659,0,4
2010,34,"radiacion","centro",27,659,0,4
2010,35,"radiacion","centro",27,659,0,4
2010,36,"radiacion","centro",27,659,0,4
2010,37,"radiacion","centro",27,659,0,4
2010,38,"radiacion","centro",27,659,0,4
2010,39,"radiacion","centro",27,659,0,4
2010,40,"radiacion","centro",27,659,0,4
2010,41,"radiacion","centro",27,659,0,4
2010,42,"radiacion","centro",27,659,0,4
2010,43,"radiacion","centro",27,659,0,4
2010,44,"radiacion","centro",27,659,0,4
2010,45,"radiacion","centro",27,659,0,4
2010,46,"radiacion","centro",27,659,0,4
2010,47,"radiacion","centro",27,659,0,4
2010,48,"radiacion","centro",27,659,0,4
2010,49,"radiacion","centro",27,659,0,4
2010,50,"radiacion","centro",27,659,0,4
2010,51,"radiacion","centro",27,659,0,4
2010,52,"radiacion","centro",27,659,0,4
2010,1,"radiacion","interseccion",31,758,0,0
2010,2,"radiacion","interseccion",31,758,0,0
2010,3,"radiacion","interseccion",31,758,0,0
2010,4,"radiacion","interseccion",31,758,0,0
2010,5,"radiacion","interseccion",31,758,0,0
2010,6,"radiacion","interseccion",31,758,0,0
2010,7,"radiacion","interseccion",31,758,0,0
2010,8,"radiacion","interseccion",31,758,0,0
2010,9,"radiacion","interseccion",31,758,0,0
2010,10,"radiacion","interseccion",31,758,0,0
2010,11,"radiacion","interseccion",31,758,0,0
2010,12,"radiacion","interseccion",31,758,0,0
2010,13,"radiacion","interseccion",31,758,0,0
2010,14,"radiacion","interseccion",31,758,0,0
2010,15,"radiacion","interseccion",31,758,0,0
2010,16,"radiacion","interseccion",31,758,0,0
2010,17,"radiacion","interseccion",31,758,0,0
2010,18,"radiacion","interseccion",31,758,0,0
2010,19,"radiacion","interseccion",31,758,0,0
2010,20,"radiacion","interseccion",31,758,0,0
2010,21,"radiacion","interseccion",31,758,0,0
2010,22,"radiacion","interseccion",31,758,0,0
2010,23,"radiacion","interseccion",31,758,0,0
2010,24,"radiacion","interseccion",31,758,0,0
2010,25,"radiacion","interseccion",31,758,0,0
2010,26,"radiacion","interseccion",31,758,0,0
2010,27,"radiacion","interseccion",31,758,0,0
2010,28,"radiacion","interseccion",31,758,0,0
2010,29,"radiacion","interseccion",31,758,0,0
2010,30,"radiacion","interseccion",31,758,0,0
2010,31,"radiacion","interseccion",31,758,0,0
2010,32,"radiacion","interseccion",31,758,0,0
2010,33,"radiacion","interseccion",31,758,0,0
2010,34,"radiacion","interseccion",31,758,0,0
2010,35,"radiacion","interseccion",31,758,0,0
2010,36,"radiacion","interseccion",31,758,0,0
2010,37,"radiacion","interseccion",31,758,0,0
2010,38,"radiacion","interseccion",31,758,0,0
2010,39,"radiacion","interseccion",31,758,0,0
2010,40,"radiacion","interseccion",31,758,0,0
2010,41,"radiacion","interseccion",31,758,0,0
2010,42,"radiacion","interseccion",31,758,0,0
2010,43,"radiacion","interseccion",31,758,0,0
2010,44,"radiacion","interseccion",31,758,0,0
2010,45,"radiacion","interseccion",31,758,0,0
2010,46,"radiacion","interseccion",31,758,0,0
2010,47,"radiacion","interseccion",31,758,0,0
2010,48,"radiacion","interseccion",31,758,0,0
2010,49,"radiacion","interseccion",31,758,0,0
2010,50,"radiacion","interseccion",31,758,0,0
2010,51,"radiacion","interseccion",31,758,0,0
2010,52,"radiacion","interseccion",31,758,0,0
2011,1,"precipitacion","centro",686,0,0,103
2011,2,"precipitacion","centro",686,0,0,103
2011,3,"precipitacion","centro",686,0,0,103
2011,4,"precipitacion","centro",686,0,0,103
2011,5,"precipitacion","centro",686,0,0,103
2011,6,"precipitacion","centro",686,0,0,103
2011,7,"precipitacion","centro",686,0,0,103
2011,8,"precipitacion","centro",686,0,0,103
2011,9,"precipitacion","centro",686,0,0,103
2011,10,"precipitacion","centro",686,0,0,103
2011,11,"precipitacion","centro",686,0,0,103
2011,12,"precipitacion","centro",686,0,0,103
2011,13,"precipitacion","centro",686,0,0,103
2011,14,"precipitacion","centro",686,0,0,103
2011,15,"precipitacion","centro",686,0,0,103
2011,16,"precipitacion","centro",686,0,0,103
2011,17,"precipitacion","centro",686,0,0,103
2011,18,"precipitacion","centro",686,0,0,103
2011,19,"precipitacion","centro",686,0,0,103
2011,20,"precipitacion","centro",686,0,0,103
2011,21,"precipitacion","centro",686,0,0,103
2011,22,"precipitacion","centro",686,0,0,103
2011,23,"precipitacion","centro",686,0,0,103
2011,24,"precipitacion","centro",686,0,0,103
2011,25,"precipitacion","centro",686,0,0,103
2011,26,"precipitacion","centro",686,0,0,103
2011,27,"precipitacion","centro",686,0,0,103
2011,28,"precipitacion","centro",686,0,0,103
2011,29,"precipitacion","centro",686,0,0,103
2011,30,"precipitacion","centro",686,0,0,103
2011,31,"precipitacion","centro",686,0,0,103
2011,32,"precipitacion","centro",686,0,0,103
2011,33,"precipitacion","centro",686,0,0,103
2011,34,"precipitacion","centro",686,0,0,103
2011,35,"precipitacion","centro",686,0,0,103
2011,36,"precipitacion","centro",686,0,0,103
2011,37,"precipitacion","centro",686,0,0,103
2011,38,"precipitacion","centro",686,0,0,103
2011,39,"precipitacion","centro",686,0,0,103
2011,40,"precipitacion","centro",686,0,0,103
2011,41,"precipitacion","centro",686,0,0,103
2011,42,"precipitacion","centro",686,0,0,103
2011,43,"precipitacion","centro",686,0,0,103
2011,44,"precipitacion","centro",686,0,0,103
2011,45,"precipitacion","centro",686,0,0,103
2011,46,"precipitacion","centro",686,0,0,103
2011,47,"precipitacion","centro",686,0,0,103
2011,48,"precipitacion","centro",686,0,0,103
2011,49,"precipitacion","centro",686,0,0,103
2011,50,"precipitacion","centro",686,0,0,103
2011,51,"precipitacion","centro",686,0,0,103
2011,52,"precipitacion","centro",686,0,0,103
2011,1,"precipitacion","interseccion",787,0,2,0
2011,2,"precipitacion","interseccion",787,0,2,0
2011,3,"precipitacion","interseccion",787,0,2,0
2011,4,"precipitacion","interseccion",787,0,2,0
2011,5,"precipitacion","interseccion",787,0,2,0
2011,6,"precipitacion","interseccion",787,0,2,0
2011,7,"precipitacion","interseccion",787,0,2,0
2011,8,"precipitacion","interseccion",787,0,2,0
2011,9,"precipitacion","interseccion",787,0,2,0
2011,10,"precipitacion","interseccion",787,0,2,0
2011,11,"precipitacion","interseccion",787,0,2,0
2011,12,"precipitacion","interseccion",787,0,2,0
2011,13,"precipitacion","interseccion",787,0,2,0
2011,14,"precipitacion","interseccion",787,0,2,0
2011,15,"precipitacion","interseccion",787,0,2,0
2011,16,"precipitacion","interseccion",787,0,2,0
2011,17,"precipitacion","interseccion",787,0,2,0
2011,18,"precipitacion","interseccion",787,0,2,0
2011,19,"precipitacion","interseccion",787,0,2,0
2011,20,"precipitacion","interseccion",787,0,2,0
2011,21,"precipitacion","interseccion",787,0,2,0
2011,22,"precipitacion","interseccion",787,0,2,0
2011,23,"precipitacion","interseccion",787,0,2,0
2011,24,"precipitacion","interseccion",787,0,2,0
2011,25,"precipitacion","interseccion",787,0,2,0
2011,26,"precipitacion","interseccion",787,0,2,0
2011,27,"precipitacion","interseccion",787,0,2,0
2011,28,"precipitacion","interseccion",787,0,2,0
2011,29,"precipitacion","interseccion",787,0,2,0
2011,30,"precipitacion","interseccion",787,0,2,0
2011,31,"precipitacion","interseccion",787,0,2,0
2011,32,"precipitacion","interseccion",787,0,2,0
2011,33,"precipitacion","interseccion",787,0,2,0
2011,34,"precipitacion","interseccion",787,0,2,0
2011,35,"precipitacion","interseccion",787,0,2,0
2011,36,"precipitacion","interseccion",787,0,2,0
2011,37,"precipitacion","interseccion",787,0,2,0
2011,38,"precipitacion","interseccion",787,0,2,0
2011,39,"precipitacion","interseccion",787,0,2,0
2011,40,"precipitacion","interseccion",787,0,2,0
2011,41,"precipitacion","interseccion",787,0,2,0
2011,42,"precipitacion","interseccion",787,0,2,0
2011,43,"precipitacion","interseccion",787,0,2,0
2011,44,"precipitacion","interseccion",787,0,2,0
2011,45,"precipitacion","interseccion",787,0,2,0
2011,46,"precipitacion","interseccion",787,0,2,0
2011,47,"precipitacion","interseccion",787,0,2,0
2011,48,"precipitacion","interseccion",787,0,2,0
2011,49,"precipitacion","interseccion",787,0,2,0
2011,50,"precipitacion","interseccion",787,0,2,0
2011,51,"precipitacion","interseccion",787,0,2,0
2011,52,"precipitacion","interseccion",787,0,2,0
2011,1,"temperatura","centro",122,564,0,10
2011,2,"temperatura","centro",122,564,0,10
2011,3,"temperatura","centro",122,564,0,10
2011,4,"temperatura","centro",122,564,0,10
2011,5,"temperatura","centro",122,564,0,10
2011,6,"temperatura","centro",122,564,0,10
2011,7,"temperatura","centro",122,564,0,10
2011,8,"temperatura","centro",122,564,0,10
2011,9,"temperatura","centro",122,564,0,10
2011,10,"temperatura","centro",122,564,0,10
2011,11,"temperatura","centro",122,564,0,10
2011,12,"temperatura","centro",122,564,0,10
2011,13,"temperatura","centro",122,564,0,10
2011,14,"temperatura","centro",122,564,0,10
2011,15,"temperatura","centro",122,564,0,10
2011,16,"temperatura","centro",122,564,0,10
2011,17,"temperatura","centro",122,564,0,10
2011,18,"temperatura","centro",122,564,0,10
2011,19,"temperatura","centro",122,564,0,10
2011,20,"temperatura","centro",122,564,0,10
2011,21,"temperatura","centro",122,564,0,10
2011,22,"temperatura","centro",122,564,0,10
2011,23,"temperatura","centro",122,564,0,10
2011,24,"temperatura","centro",122,564,0,10
2011,25,"temperatura","centro",122,564,0,10
2011,26,"temperatura","centro",122,564,0,10
2011,27,"temperatura","centro",122,564,0,10
2011,28,"temperatura","centro",122,564,0,10
2011,29,"temperatura","centro",122,564,0,10
2011,30,"temperatura","centro",122,564,0,10
2011,31,"temperatura","centro",122,564,0,10
2011,32,"temperatura","centro",122,564,0,10
2011,33,"temperatura","centro",122,564,0,10
2011,34,"temperatura","centro",122,564,0,10
2011,35,"temperatura","centro",122,564,0,10
2011,36,"temperatura","centro",122,564,0,10
2011,37,"temperatura","centro",122,564,0,10
2011,38,"temperatura","centro",122,564,0,10
2011,39,"temperatura","centro",122,564,0,10
2011,40,"temperatura","centro",122,564,0,10
2011,41,"temperatura","centro",122,564,0,10
2011,42,"temperatura","centro",122,564,0,10
2011,43,"temperatura","centro",122,564,0,10
2011,44,"temperatura","centro",122,564,0,10
2011,45,"temperatura","centro",122,564,0,10
2011,46,"temperatura","centro",122,564,0,10
2011,47,"temperatura","centro",122,564,0,10
2011,48,"temperatura","centro",122,564,0,10
2011,49,"temperatura","centro",122,564,0,10
2011,50,"temperatura","centro",122,564,0,10
2011,51,"temperatura","centro",122,564,0,10
2011,52,"temperatura","centro",122,564,0,10
2011,1,"temperatura","interseccion",132,657,0,0
2011,2,"temperatura","interseccion",132,657,0,0
2011,3,"temperatura","interseccion",132,657,0,0
2011,4,"temperatura","interseccion",132,657,0,0
2011,5,"temperatura","interseccion",132,657,0,0
2011,6,"temperatura","interseccion",132,657,0,0
2011,7,"temperatura","interseccion",132,657,0,0
2011,8,"temperatura","interseccion",132,657,0,0
2011,9,"temperatura","interseccion",132,657,0,0
2011,10,"temperatura","interseccion",132,657,0,0
2011,11,"temperatura","interseccion",132,657,0,0
2011,12,"temperatura","interseccion",132,657,0,0
2011,13,"temperatura","interseccion",132,657,0,0
2011,14,"temperatura","interseccion",132,657,0,0
2011,15,"temperatura","interseccion",132,657,0,0
2011,16,"temperatura","interseccion",132,657,0,0
2011,17,"temperatura","interseccion",132,657,0,0
2011,18,"temperatura","interseccion",132,657,0,0
2011,19,"temperatura","interseccion",132,657,0,0
2011,20,"temperatura","interseccion",132,657,0,0
2011,21,"temperatura","interseccion",132,657,0,0
2011,22,"temperatura","interseccion",132,657,0,0
2011,23,"temperatura","interseccion",132,657,0,0
2011,24,"temperatura","interseccion",132,657,0,0
2011,25,"temperatura","interseccion",132,657,0,0
2011,26,"temperatura","interseccion",132,657,0,0
2011,27,"temperatura","interseccion",132,657,0,0
2011,28,"temperatura","interseccion",132,657,0,0
2011,29,"temperatura","interseccion",132,657,0,0
2011,30,"temperatura","interseccion",132,657,0,0
2011,31,"temperatura","interseccion",132,657,0,0
2011,32,"temperatura","interseccion",132,657,0,0
2011,33,"temperatura","interseccion",132,657,0,0
2011,34,"temperatura","interseccion",132,657,0,0
2011,35,"temperatura","interseccion",132,657,0,0
2011,36,"temperatura","interseccion",132,657,0,0
2011,37,"temperatura","interseccion",132,657,0,0
2011,38,"temperatura","interseccion",132,657,0,0
2011,39,"temperatura","interseccion",132,657,0,0
2011,40,"temperatura","interseccion",132,657,0,0
2011,41,"temperatura","interseccion",132,657,0,0
2011,42,"temperatura","interseccion",132,657,0,0
2011,43,"temperatura","interseccion",132,657,0,0
2011,44,"temperatura","interseccion",132,657,0,0
2011,45,"temperatura","interseccion",132,657,0,0
2011,46,"temperatura","interseccion",132,657,0,0
2011,47,"temperatura","interseccion",132,657,0,0
2011,48,"temperatura","interseccion",132,657,0,0
2011,49,"temperatura","interseccion",132,657,0,0
2011,50,"temperatura","interseccion",132,657,0,0
2011,51,"temperatura","interseccion",132,657,0,0
2011,52,"temperatura","interseccion",132,657,0,0
2011,1,"radiacion","centro",27,659,0,4
2011,2,"radiacion","centro",27,659,0,4
2011,3,"radiacion","centro",27,659,0,4
2011,4,"radiacion","centro",27,659,0,4
2011,5,"radiacion","centro",27,659,0,4
2011,6,"radiacion","centro",27,659,0,4
2011,7,"radiacion","centro",27,659,0,4
2011,8,"radiacion","centro",27,659,0,4
2011,9,"radiacion","centro",27,659,0,4
2011,10,"radiacion","centro",27,659,0,4
2011,11,"radiacion","centro",27,659,0,4
2011,12,"radiacion","centro",27,659,0,4
2011,13,"radiacion","centro",27,659,0,4
2011,14,"radiacion","centro",27,659,0,4
2011,15,"radiacion","centro",27,659,0,4
2011,16,"radiacion","centro",27,659,0,4
2011,17,"radiacion","centro",27,659,0,4
2011,18,"radiacion","centro",27,659,0,4
2011,19,"radiacion","centro",27,659,0,4
2011,20,"radiacion","centro",27,659,0,4
2011,21,"radiacion","centro",27,659,0,4
2011,22,"radiacion","centro",27,659,0,4
2011,23,"radiacion","centro",27,659,0,4
2011,24,"radiacion","centro",27,659,0,4
2011,25,"radiacion","centro",27,659,0,4
2011,26,"radiacion","centro",27,659,0,4
2011,27,"radiacion","centro",27,659,0,4
2011,28,"radiacion","centro",27,659,0,4
2011,29,"radiacion","centro",27,659,0,4
2011,30,"radiacion","centro",27,659,0,4
2011,31,"radiacion","centro",27,659,0,4
2011,32,"radiacion","centro",27,659,0,4
2011,33,"radiacion","centro",27,659,0,4
2011,34,"radiacion","centro",27,659,0,4
2011,35,"radiacion","centro",27,659,0,4
2011,36,"radiacion","centro",27,659,0,4
2011,37,"radiacion","centro",27,659,0,4
2011,38,"radiacion","centro",27,659,0,4
2011,39,"radiacion","centro",27,659,0,4
2011,40,"radiacion","centro",27,659,0,4
2011,41,"radiacion","centro",27,659,0,4
2011,42,"radiacion","centro",27,659,0,4
2011,43,"radiacion","centro",27,659,0,4
2011,44,"radiacion","centro",27,659,0,4
2011,45,"radiacion","centro",27,659,0,4
2011,46,"radiacion","centro",27,659,0,4
2011,47,"radiacion","centro",27,659,0,4
2011,48,"radiacion","centro",27,659,0,4
2011,49,"radiacion","centro",27,659,0,4
2011,50,"radiacion","centro",27,659,0,4
2011,51,"radiacion","centro",27,659,0,4
2011,52,"radiacion","centro",27,659,0,4
2011,1,"radiacion","interseccion",31,758,0,0
2011,2,"radiacion","interseccion",31,758,0,0
2011,3,"radiacion","interseccion",31,758,0,0
2011,4,"radiacion","interseccion",31,758,0,0
2011,5,"radiacion","interseccion",31,758,0,0
2011,6,"radiacion","interseccion",31,758,0,0
2011,7,"radiacion","interseccion",31,758,0,0
2011,8,"radiacion","interseccion",31,758,0,0
2011,9,"radiacion","interseccion",31,758,0,0
2011,10,"radiacion","interseccion",31,758,0,0
2011,11,"radiacion","interseccion",31,758,0,0
2011,12,"radiacion","interseccion",31,758,0,0
2011,13,"radiacion","interseccion",31,758,0,0
2011,14,"radiacion","interseccion",31,758,0,0
2011,15,"radiacion","interseccion",31,758,0,0
2011,16,"radiacion","interseccion",31,758,0,0
2011,17,"radiacion","interseccion",31,758,0,0
2011,18,"radiacion","interseccion",31,758,0,0
2011,19,"radiacion","interseccion",31,758,0,0
2011,20,"radiacion","interseccion",31,758,0,0
2011,21,"radiacion","interseccion",31,758,0,0
2011,22,"radiacion","interseccion",31,758,0,0
2011,23,"radiacion","interseccion",31,758,0,0
2011,24,"radiacion","interseccion",31,758,0,0
2011,25,"radiacion","interseccion",31,758,0,0
2011,26,"radiacion","interseccion",31,758,0,0
2011,27,"radiacion","interseccion",31,758,0,0
2011,28,"radiacion","interseccion",31,758,0,0
2011,29,"radiacion","interseccion",31,758,0,0
2011,30,"radiacion","interseccion",31,758,0,0
2011,31,"radiacion","interseccion",31,758,0,0
2011,32,"radiacion","interseccion",31,758,0,0
2011,33,"radiacion","interseccion",31,758,0,0
2011,34,"radiacion","interseccion",31,758,0,0
2011,35,"radiacion","interseccion",31,758,0,0
2011,36,"radiacion","interseccion",31,758,0,0
2011,37,"radiacion","interseccion",31,758,0,0
2011,38,"radiacion","interseccion",31,758,0,0
2011,39,"radiacion","interseccion",31,758,0,0
2011,40,"radiacion","interseccion",31,758,0,0
2011,41,"radiacion","interseccion",31,758,0,0
2011,42,"radiacion","interseccion",31,758,0,0
2011,43,"radiacion","interseccion",31,758,0,0
2011,44,"radiacion","interseccion",31,758,0,0
2011,45,"radiacion","interseccion",31,758,0,0
2011,46,"radiacion","interseccion",31,758,0,0
2011,47,"radiacion","interseccion",31,758,0,0
2011,48,"radiacion","interseccion",31,758,0,0
2011,49,"radiacion","interseccion",31,758,0,0
2011,50,"radiacion","interseccion",31,758,0,0
2011,51,"radiacion","interseccion",31,758,0,0
2011,52,"radiacion","interseccion",31,758,0,0
2012,1,"precipitacion","centro",686,0,0,103
2012,2,"precipitacion","centro",686,0,0,103
2012,3,"precipitacion","centro",686,0,0,103
2012,4,"precipitacion","centro",686,0,0,103
2012,5,"precipitacion","centro",686,0,0,103
2012,6,"precipitacion","centro",686,0,0,103
2012,7,"precipitacion","centro",686,0,0,103
2012,8,"precipitacion","centro",686,0,0,103
2012,9,"precipitacion","centro",686,0,0,103
2012,10,"precipitacion","centro",686,0,0,103
2012,11,"precipitacion","centro",686,0,0,103
2012,12,"precipitacion","centro",686,0,0,103
2012,13,"precipitacion","centro",686,0,0,103
2012,14,"precipitacion","centro",686,0,0,103
2012,15,"precipitacion","centro",686,0,0,103
2012,16,"precipitacion","centro",686,0,0,103
2012,17,"precipitacion","centro",686,0,0,103
2012,18,"precipitacion","centro",686,0,0,103
2012,19,"precipitacion","centro",686,0,0,103
2012,20,"precipitacion","centro",686,0,0,103
2012,21,"precipitacion","centro",686,0,0,103
2012,22,"precipitacion","centro",686,0,0,103
2012,23,"precipitacion","centro",686,0,0,103
2012,24,"precipitacion","centro",686,0,0,103
2012,25,"precipitacion","centro",686,0,0,103
2012,26,"precipitacion","centro",686,0,0,103
2012,27,"precipitacion","centro",686,0,0,103
2012,28,"precipitacion","centro",686,0,0,103
2012,29,"precipitacion","centro",686,0,0,103
2012,30,"precipitacion","centro",686,0,0,103
2012,31,"precipitacion","centro",686,0,0,103
2012,32,"precipitacion","centro",686,0,0,103
2012,33,"precipitacion","centro",686,0,0,103
2012,34,"precipitacion","centro",686,0,0,103
2012,35,"precipitacion","centro",686,0,0,103
2012,36,"precipitacion","centro",686,0,0,103
2012,37,"precipitacion","centro",686,0,0,103
2012,38,"precipitacion","centro",686,0,0,103
2012,39,"precipitacion","centro",686,0,0,103
2012,40,"precipitacion","centro",686,0,0,103
2012,41,"precipitacion","centro",686,0,0,103
2012,42,"precipitacion","centro",686,0,0,103
2012,43,"precipitacion","centro",686,0,0,103
2012,44,"precipitacion","centro",686,0,0,103
2012,45,"precipitacion","centro",686,0,0,103
2012,46,"precipitacion","centro",686,0,0,103
2012,47,"precipitacion","centro",686,0,0,103
2012,48,"precipitacion","centro",686,0,0,103
2012,49,"precipitacion","centro",686,0,0,103
2012,50,"precipitacion","centro",686,0,0,103
2012,51,"precipitacion","centro",686,0,0,103
2012,52,"precipitacion","centro",686,0,0,103
2012,1,"precipitacion","interseccion",787,0,2,0
2012,2,"precipitacion","interseccion",787,0,2,0
2012,3,"precipitacion","interseccion",787,0,2,0
2012,4,"precipitacion","interseccion",787,0,2,0
2012,5,"precipitacion","interseccion",787,0,2,0
2012,6,"precipitacion","interseccion",787,0,2,0
2012,7,"precipitacion","interseccion",787,0,2,0
2012,8,"precipitacion","interseccion",787,0,2,0
2012,9,"precipitacion","interseccion",787,0,2,0
2012,10,"precipitacion","interseccion",787,0,2,0
2012,11,"precipitacion","interseccion",787,0,2,0
2012,12,"precipitacion","interseccion",787,0,2,0
2012,13,"precipitacion","interseccion",787,0,2,0
2012,14,"precipitacion","interseccion",787,0,2,0
2012,15,"precipitacion","interseccion",787,0,2,0
2012,16,"precipitacion","interseccion",787,0,2,0
2012,17,"precipitacion","interseccion",787,0,2,0
2012,18,"precipitacion","interseccion",787,0,2,0
2012,19,"precipitacion","interseccion",787,0,2,0
2012,20,"precipitacion","interseccion",787,0,2,0
2012,21,"precipitacion","interseccion",787,0,2,0
2012,22,"precipitacion","interseccion",787,0,2,0
2012,23,"precipitacion","interseccion",787,0,2,0
2012,24,"precipitacion","interseccion",787,0,2,0
2012,25,"precipitacion","interseccion",787,0,2,0
2012,26,"precipitacion","interseccion",787,0,2,0
2012,27,"precipitacion","interseccion",787,0,2,0
2012,28,"precipitacion","interseccion",787,0,2,0
2012,29,"precipitacion","interseccion",787,0,2,0
2012,30,"precipitacion","interseccion",787,0,2,0
2012,31,"precipitacion","interseccion",787,0,2,0
2012,32,"precipitacion","interseccion",787,0,2,0
2012,33,"precipitacion","interseccion",787,0,2,0
2012,34,"precipitacion","interseccion",787,0,2,0
2012,35,"precipitacion","interseccion",787,0,2,0
2012,36,"precipitacion","interseccion",787,0,2,0
2012,37,"precipitacion","interseccion",787,0,2,0
2012,38,"precipitacion","interseccion",787,0,2,0
2012,39,"precipitacion","interseccion",787,0,2,0
2012,40,"precipitacion","interseccion",787,0,2,0
2012,41,"precipitacion","interseccion",787,0,2,0
2012,42,"precipitacion","interseccion",787,0,2,0
2012,43,"precipitacion","interseccion",787,0,2,0
2012,44,"precipitacion","interseccion",787,0,2,0
2012,45,"precipitacion","interseccion",787,0,2,0
2012,46,"precipitacion","interseccion",787,0,2,0
2012,47,"precipitacion","interseccion",787,0,2,0
2012,48,"precipitacion","interseccion",787,0,2,0
2012,49,"precipitacion","interseccion",787,0,2,0
2012,50,"precipitacion","interseccion",787,0,2,0
2012,51,"precipitacion","interseccion",787,0,2,0
2012,52,"precipitacion","interseccion",787,0,2,0
2012,1,"temperatura","centro",122,564,0,10
2012,2,"temperatura","centro",122,564,0,10
2012,3,"temperatura","centro",122,564,0,10
2012,4,"temperatura","centro",122,564,0,10
2012,5,"temperatura","centro",122,564,0,10
2012,6,"temperatura","centro",122,564,0,10
2012,7,"temperatura","centro",122,564,0,10
2012,8,"temperatura","centro",122,564,0,10
2012,9,"temperatura","centro",122,564,0,10
2012,10,"temperatura","centro",122,564,0,10
2012,11,"temperatura","centro",122,564,0,10
2012,12,"temperatura","centro",122,564,0,10
2012,13,"temperatura","centro",122,564,0,10
2012,14,"temperatura","centro",122,564,0,10
2012,15,"temperatura","centro",122,564,0,10
2012,16,"temperatura","centro",122,564,0,10
2012,17,"temperatura","centro",122,564,0,10
2012,18,"temperatura","centro",122,564,0,10
2012,19,"temperatura","centro",122,564,0,10
2012,20,"temperatura","centro",122,564,0,10
2012,21,"temperatura","centro",122,564,0,10
2012,22,"temperatura","centro",122,564,0,10
2012,23,"temperatura","centro",122,564,0,10
2012,24,"temperatura","centro",122,564,0,10
2012,25,"temperatura","centro",122,564,0,10
2012,26,"temperatura","centro",122,564,0,10
2012,27,"temperatura","centro",122,564,0,10
2012,28,"temperatura","centro",122,564,0,10
2012,29,"temperatura","centro",122,564,0,10
2012,30,"temperatura","centro",122,564,0,10
2012,31,"temperatura","centro",122,564,0,10
2012,32,"temperatura","centro",122,564,0,10
2012,33,"temperatura","centro",122,564,0,10
2012,34,"temperatura","centro",122,564,0,10
2012,35,"temperatura","centro",122,564,0,10
2012,36,"temperatura","centro",122,564,0,10
2012,37,"temperatura","centro",122,564,0,10
2012,38,"temperatura","centro",122,564,0,10
2012,39,"temperatura","centro",122,564,0,10
2012,40,"temperatura","centro",122,564,0,10
2012,41,"temperatura","centro",122,564,0,10
2012,42,"temperatura","centro",122,564,0,10
2012,43,"temperatura","centro",122,564,0,10
2012,44,"temperatura","centro",122,564,0,10
2012,45,"temperatura","centro",122,564,0,10
2012,46,"temperatura","centro",122,564,0,10
2012,47,"temperatura","centro",122,564,0,10
2012,48,"temperatura","centro",122,564,0,10
2012,49,"temperatura","centro",122,564,0,10
2012,50,"temperatura","centro",122,564,0,10
2012,51,"temperatura","centro",122,564,0,10
2012,52,"temperatura","centro",122,564,0,10
2012,1,"temperatura","interseccion",132,657,0,0
2012,2,"temperatura","interseccion",132,657,0,0
2012,3,"temperatura","interseccion",132,657,0,0
2012,4,"temperatura","interseccion",132,657,0,0
2012,5,"temperatura","interseccion",132,657,0,0
2012,6,"temperatura","interseccion",132,657,0,0
2012,7,"temperatura","interseccion",132,657,0,0
2012,8,"temperatura","interseccion",132,657,0,0
2012,9,"temperatura","interseccion",132,657,0,0
2012,10,"temperatura","interseccion",132,657,0,0
2012,11,"temperatura","interseccion",132,657,0,0
2012,12,"temperatura","interseccion",132,657,0,0
2012,13,"temperatura","interseccion",132,657,0,0
2012,14,"temperatura","interseccion",132,657,0,0
2012,15,"temperatura","interseccion",132,657,0,0
2012,16,"temperatura","interseccion",132,657,0,0
2012,17,"temperatura","interseccion",132,657,0,0
2012,18,"temperatura","interseccion",132,657,0,0
2012,19,"temperatura","interseccion",132,657,0,0
2012,20,"temperatura","interseccion",132,657,0,0
2012,21,"temperatura","interseccion",132,657,0,0
2012,22,"temperatura","interseccion",132,657,0,0
2012,23,"temperatura","interseccion",132,657,0,0
2012,24,"temperatura","interseccion",132,657,0,0
2012,25,"temperatura","interseccion",132,657,0,0
2012,26,"temperatura","interseccion",132,657,0,0
2012,27,"temperatura","interseccion",132,657,0,0
2012,28,"temperatura","interseccion",132,657,0,0
2012,29,"temperatura","interseccion",132,657,0,0
2012,30,"temperatura","interseccion",132,657,0,0
2012,31,"temperatura","interseccion",132,657,0,0
2012,32,"temperatura","interseccion",132,657,0,0
2012,33,"temperatura","interseccion",132,657,0,0
2012,34,"temperatura","interseccion",132,657,0,0
2012,35,"temperatura","interseccion",132,657,0,0
2012,36,"temperatura","interseccion",132,657,0,0
2012,37,"temperatura","interseccion",132,657,0,0
2012,38,"temperatura","interseccion",132,657,0,0
2012,39,"temperatura","interseccion",132,657,0,0
2012,40,"temperatura","interseccion",132,657,0,0
2012,41,"temperatura","interseccion",132,657,0,0
2012,42,"temperatura","interseccion",132,657,0,0
2012,43,"temperatura","interseccion",132,657,0,0
2012,44,"temperatura","interseccion",132,657,0,0
2012,45,"temperatura","interseccion",132,657,0,0
2012,46,"temperatura","interseccion",132,657,0,0
2012,47,"temperatura","interseccion",132,657,0,0
2012,48,"temperatura","interseccion",132,657,0,0
2012,49,"temperatura","interseccion",132,657,0,0
2012,50,"temperatura","interseccion",132,657,0,0
2012,51,"temperatura","interseccion",132,657,0,0
2012,52,"temperatura","interseccion",132,657,0,0
2012,1,"radiacion","centro",27,659,0,4
2012,2,"radiacion","centro",27,659,0,4
2012,3,"radiacion","centro",27,659,0,4
2012,4,"radiacion","centro",27,659,0,4
2012,5,"radiacion","centro",27,659,0,4
2012,6,"radiacion","centro",27,659,0,4
2012,7,"radiacion","centro",27,659,0,4
2012,8,"radiacion","centro",27,659,0,4
2012,9,"radiacion","centro",27,659,0,4
2012,10,"radiacion","centro",27,659,0,4
2012,11,"radiacion","centro",27,659,0,4
2012,12,"radiacion","centro",27,659,0,4
2012,13,"radiacion","centro",27,659,0,4
2012,14,"radiacion","centro",27,659,0,4
2012,15,"radiacion","centro",27,659,0,4
2012,16,"radiacion","centro",27,659,0,4
2012,17,"radiacion","centro",27,659,0,4
2012,18,"radiacion","centro",27,659,0,4
2012,19,"radiacion","centro",27,659,0,4
2012,20,"radiacion","centro",27,659,0,4
2012,21,"radiacion","centro",27,659,0,4
2012,22,"radiacion","centro",27,659,0,4
2012,23,"radiacion","centro",27,659,0,4
2012,24,"radiacion","centro",27,659,0,4
2012,25,"radiacion","centro",27,659,0,4
2012,26,"radiacion","centro",27,659,0,4
2012,27,"radiacion","centro",27,659,0,4
2012,28,"radiacion","centro",27,659,0,4
2012,29,"radiacion","centro",27,659,0,4
2012,30,"radiacion","centro",27,659,0,4
2012,31,"radiacion","centro",27,659,0,4
2012,32,"radiacion","centro",27,659,0,4
2012,33,"radiacion","centro",27,659,0,4
2012,34,"radiacion","centro",27,659,0,4
2012,35,"radiacion","centro",27,659,0,4
2012,36,"radiacion","centro",27,659,0,4
2012,37,"radiacion","centro",27,659,0,4
2012,38,"radiacion","centro",27,659,0,4
2012,39,"radiacion","centro",27,659,0,4
2012,40,"radiacion","centro",27,659,0,4
2012,41,"radiacion","centro",27,659,0,4
2012,42,"radiacion","centro",27,659,0,4
2012,43,"radiacion","centro",27,659,0,4
2012,44,"radiacion","centro",27,659,0,4
2012,45,"radiacion","centro",27,659,0,4
2012,46,"radiacion","centro",27,659,0,4
2012,47,"radiacion","centro",27,659,0,4
2012,48,"radiacion","centro",27,659,0,4
2012,49,"radiacion","centro",27,659,0,4
2012,50,"radiacion","centro",27,659,0,4
2012,51,"radiacion","centro",27,659,0,4
2012,52,"radiacion","centro",27,659,0,4
2012,1,"radiacion","interseccion",31,758,0,0
2012,2,"radiacion","interseccion",31,758,0,0
2012,3,"radiacion","interseccion",31,758,0,0
2012,4,"radiacion","interseccion",31,758,0,0
2012,5,"radiacion","interseccion",31,758,0,0
2012,6,"radiacion","interseccion",31,758,0,0
2012,7,"radiacion","interseccion",31,758,0,0
2012,8,"radiacion","interseccion",31,758,0,0
2012,9,"radiacion","interseccion",31,758,0,0
2012,10,"radiacion","interseccion",31,758,0,0
2012,11,"radiacion","interseccion",31,758,0,0
2012,12,"radiacion","interseccion",31,758,0,0
2012,13,"radiacion","interseccion",31,758,0,0
2012,14,"radiacion","interseccion",31,758,0,0
2012,15,"radiacion","interseccion",31,758,0,0
2012,16,"radiacion","interseccion",31,758,0,0
2012,17,"radiacion","interseccion",31,758,0,0
2012,18,"radiacion","interseccion",31,758,0,0
2012,19,"radiacion","interseccion",31,758,0,0
2012,20,"radiacion","interseccion",31,758,0,0
2012,21,"radiacion","interseccion",31,758,0,0
2012,22,"radiacion","interseccion",31,758,0,0
2012,23,"radiacion","interseccion",31,758,0,0
2012,24,"radiacion","interseccion",31,758,0,0
2012,25,"radiacion","interseccion",31,758,0,0
2012,26,"radiacion","interseccion",31,758,0,0
2012,27,"radiacion","interseccion",31,758,0,0
2012,28,"radiacion","interseccion",31,758,0,0
2012,29,"radiacion","interseccion",31,758,0,0
2012,30,"radiacion","interseccion",31,758,0,0
2012,31,"radiacion","interseccion",31,758,0,0
2012,32,"radiacion","interseccion",31,758,0,0
2012,33,"radiacion","interseccion",31,758,0,0
2012,34,"radiacion","interseccion",31,758,0,0
2012,35,"radiacion","interseccion",31,758,0,0
2012,36,"radiacion","interseccion",31,758,0,0
2012,37,"radiacion","interseccion",31,758,0,0
2012,38,"radiacion","interseccion",31,758,0,0
2012,39,"radiacion","interseccion",31,758,0,0
2012,40,"radiacion","interseccion",31,758,0,0
2012,41,"radiacion","interseccion",31,758,0,0
2012,42,"radiacion","interseccion",31,758,0,0
2012,43,"radiacion","interseccion",31,758,0,0
2012,44,"radiacion","interseccion",31,758,0,0
2012,45,"radiacion","interseccion",31,758,0,0
2012,46,"radiacion","interseccion",31,758,0,0
2012,47,"radiacion","interseccion",31,758,0,0
2012,48,"radiacion","interseccion",31,758,0,0
2012,49,"radiacion","interseccion",31,758,0,0
2012,50,"radiacion","interseccion",31,758,0,0
2012,51,"radiacion","interseccion",31,758,0,0
2012,52,"radiacion","interseccion",31,758,0,0
2013,1,"precipitacion","centro",686,0,0,103
2013,2,"precipitacion","centro",686,0,0,103
2013,3,"precipitacion","centro",686,0,0,103
2013,4,"precipitacion","centro",686,0,0,103
2013,5,"precipitacion","centro",686,0,0,103
2013,6,"precipitacion","centro",686,0,0,103
2013,7,"precipitacion","centro",686,0,0,103
2013,8,"precipitacion","centro",686,0,0,103
2013,9,"precipitacion","centro",686,0,0,103
2013,10,"precipitacion","centro",686,0,0,103
2013,11,"precipitacion","centro",686,0,0,103
2013,12,"precipitacion","centro",686,0,0,103
2013,13,"precipitacion","centro",686,0,0,103
2013,14,"precipitacion","centro",686,0,0,103
2013,15,"precipitacion","centro",686,0,0,103
2013,16,"precipitacion","centro",686,0,0,103
2013,17,"precipitacion","centro",686,0,0,103
2013,18,"precipitacion","centro",686,0,0,103
2013,19,"precipitacion","centro",686,0,0,103
2013,20,"precipitacion","centro",686,0,0,103
2013,21,"precipitacion","centro",686,0,0,103
2013,22,"precipitacion","centro",686,0,0,103
2013,23,"precipitacion","centro",686,0,0,103
2013,24,"precipitacion","centro",686,0,0,103
2013,25,"precipitacion","centro",686,0,0,103
2013,26,"precipitacion","centro",686,0,0,103
2013,27,"precipitacion","centro",686,0,0,103
2013,28,"precipitacion","centro",686,0,0,103
2013,29,"precipitacion","centro",686,0,0,103
2013,30,"precipitacion","centro",686,0,0,103
2013,31,"precipitacion","centro",686,0,0,103
2013,32,"precipitacion","centro",686,0,0,103
2013,33,"precipitacion","centro",686,0,0,103
2013,34,"precipitacion","centro",686,0,0,103
2013,35,"precipitacion","centro",686,0,0,103
2013,36,"precipitacion","centro",686,0,0,103
2013,37,"precipitacion","centro",686,0,0,103
2013,38,"precipitacion","centro",686,0,0,103
2013,39,"precipitacion","centro",686,0,0,103
2013,40,"precipitacion","centro",686,0,0,103
2013,41,"precipitacion","centro",686,0,0,103
2013,42,"precipitacion","centro",686,0,0,103
2013,43,"precipitacion","centro",686,0,0,103
2013,44,"precipitacion","centro",686,0,0,103
2013,45,"precipitacion","centro",686,0,0,103
2013,46,"precipitacion","centro",686,0,0,103
2013,47,"precipitacion","centro",686,0,0,103
2013,48,"precipitacion","centro",686,0,0,103
2013,49,"precipitacion","centro",686,0,0,103
2013,50,"precipitacion","centro",686,0,0,103
2013,51,"precipitacion","centro",686,0,0,103
2013,52,"precipitacion","centro",686,0,0,103
2013,1,"precipitacion","interseccion",787,0,2,0
2013,2,"precipitacion","interseccion",787,0,2,0
2013,3,"precipitacion","interseccion",787,0,2,0
2013,4,"precipitacion","interseccion",787,0,2,0
2013,5,"precipitacion","interseccion",787,0,2,0
2013,6,"precipitacion","interseccion",787,0,2,0
2013,7,"precipitacion","interseccion",787,0,2,0
2013,8,"precipitacion","interseccion",787,0,2,0
2013,9,"precipitacion","interseccion",787,0,2,0
2013,10,"precipitacion","interseccion",787,0,2,0
2013,11,"precipitacion","interseccion",787,0,2,0
2013,12,"precipitacion","interseccion",787,0,2,0
2013,13,"precipitacion","interseccion",787,0,2,0
2013,14,"precipitacion","interseccion",787,0,2,0
2013,15,"precipitacion","interseccion",787,0,2,0
2013,16,"precipitacion","interseccion",787,0,2,0
2013,17,"precipitacion","interseccion",787,0,2,0
2013,18,"precipitacion","interseccion",787,0,2,0
2013,19,"precipitacion","interseccion",787,0,2,0
2013,20,"precipitacion","interseccion",787,0,2,0
2013,21,"precipitacion","interseccion",787,0,2,0
2013,22,"precipitacion","interseccion",787,0,2,0
2013,23,"precipitacion","interseccion",787,0,2,0
2013,24,"precipitacion","interseccion",787,0,2,0
2013,25,"precipitacion","interseccion",787,0,2,0
2013,26,"precipitacion","interseccion",787,0,2,0
2013,27,"precipitacion","interseccion",787,0,2,0
2013,28,"precipitacion","interseccion",787,0,2,0
2013,29,"precipitacion","interseccion",787,0,2,0
2013,30,"precipitacion","interseccion",787,0,2,0
2013,31,"precipitacion","interseccion",787,0,2,0
2013,32,"precipitacion","interseccion",787,0,2,0
2013,33,"precipitacion","interseccion",787,0,2,0
2013,34,"precipitacion","interseccion",787,0,2,0
2013,35,"precipitacion","interseccion",787,0,2,0
2013,36,"precipitacion","interseccion",787,0,2,0
2013,37,"precipitacion","interseccion",787,0,2,0
2013,38,"precipitacion","interseccion",787,0,2,0
2013,39,"precipitacion","interseccion",787,0,2,0
2013,40,"precipitacion","interseccion",787,0,2,0
2013,41,"precipitacion","interseccion",787,0,2,0
2013,42,"precipitacion","interseccion",787,0,2,0
2013,43,"precipitacion","interseccion",787,0,2,0
2013,44,"precipitacion","interseccion",787,0,2,0
2013,45,"precipitacion","interseccion",787,0,2,0
2013,46,"precipitacion","interseccion",787,0,2,0
2013,47,"precipitacion","interseccion",787,0,2,0
2013,48,"precipitacion","interseccion",787,0,2,0
2013,49,"precipitacion","interseccion",787,0,2,0
2013,50,"precipitacion","interseccion",787,0,2,0
2013,51,"precipitacion","interseccion",787,0,2,0
2013,52,"precipitacion","interseccion",787,0,2,0
2013,1,"temperatura","centro",122,564,0,10
2013,2,"temperatura","centro",122,564,0,10
2013,3,"temperatura","centro",122,564,0,10
2013,4,"temperatura","centro",122,564,0,10
2013,5,"temperatura","centro",122,564,0,10
2013,6,"temperatura","centro",122,564,0,10
2013,7,"temperatura","centro",122,564,0,10
2013,8,"temperatura","centro",122,564,0,10
2013,9,"temperatura","centro",122,564,0,10
2013,10,"temperatura","centro",122,564,0,10
2013,11,"temperatura","centro",122,564,0,10
2013,12,"temperatura","centro",122,564,0,10
2013,13,"temperatura","centro",122,564,0,10
2013,14,"temperatura","centro",122,564,0,10
2013,15,"temperatura","centro",122,564,0,10
2013,16,"temperatura","centro",122,564,0,10
2013,17,"temperatura","centro",122,564,0,10
2013,18,"temperatura","centro",122,564,0,10
2013,19,"temperatura","centro",122,564,0,10
2013,20,"temperatura","centro",122,564,0,10
2013,21,"temperatura","centro",122,564,0,10
2013,22,"temperatura","centro",122,564,0,10
2013,23,"temperatura","centro",122,564,0,10
2013,24,"temperatura","centro",122,564,0,10
2013,25,"temperatura","centro",122,564,0,10
2013,26,"temperatura","centro",122,564,0,10
2013,27,"temperatura","centro",122,564,0,10
2013,28,"temperatura","centro",122,564,0,10
2013,29,"temperatura","centro",122,564,0,10
2013,30,"temperatura","centro",122,564,0,10
2013,31,"temperatura","centro",122,564,0,10
2013,32,"temperatura","centro",122,564,0,10
2013,33,"temperatura","centro",122,564,0,10
2013,34,"temperatura","centro",122,564,0,10
2013,35,"temperatura","centro",122,564,0,10
2013,36,"temperatura","centro",122,564,0,10
2013,37,"temperatura","centro",122,564,0,10
2013,38,"temperatura","centro",122,564,0,10
2013,39,"temperatura","centro",122,564,0,10
2013,40,"temperatura","centro",122,564,0,10
2013,41,"temperatura","centro",122,564,0,10
2013,42,"temperatura","centro",122,564,0,10
2013,43,"temperatura","centro",122,564,0,10
2013,44,"temperatura","centro",122,564,0,10
2013,45,"temperatura","centro",122,564,0,10
2013,46,"temperatura","centro",122,564,0,10
2013,47,"temperatura","centro",122,564,0,10
2013,48,"temperatura","centro",122,564,0,10
2013,49,"temperatura","centro",122,564,0,10
2013,50,"temperatura","centro",122,564,0,10
2013,51,"temperatura","centro",122,564,0,10
2013,52,"temperatura","centro",122,564,0,10
2013,1,"temperatura","interseccion",132,657,0,0
2013,2,"temperatura","interseccion",132,657,0,0
2013,3,"temperatura","interseccion",132,657,0,0
2013,4,"temperatura","interseccion",132,657,0,0
2013,5,"temperatura","interseccion",132,657,0,0
2013,6,"temperatura","interseccion",132,657,0,0
2013,7,"temperatura","interseccion",132,657,0,0
2013,8,"temperatura","interseccion",132,657,0,0
2013,9,"temperatura","interseccion",132,657,0,0
2013,10,"temperatura","interseccion",132,657,0,0
2013,11,"temperatura","interseccion",132,657,0,0
2013,12,"temperatura","interseccion",132,657,0,0
2013,13,"temperatura","interseccion",132,657,0,0
2013,14,"temperatura","interseccion",132,657,0,0
2013,15,"temperatura","interseccion",132,657,0,0
2013,16,"temperatura","interseccion",132,657,0,0
2013,17,"temperatura","interseccion",132,657,0,0
2013,18,"temperatura","interseccion",132,657,0,0
2013,19,"temperatura","interseccion",132,657,0,0
2013,20,"temperatura","interseccion",132,657,0,0
2013,21,"temperatura","interseccion",132,657,0,0
2013,22,"temperatura","interseccion",132,657,0,0
2013,23,"temperatura","interseccion",132,657,0,0
2013,24,"temperatura","interseccion",132,657,0,0
2013,25,"temperatura","interseccion",132,657,0,0
2013,26,"temperatura","interseccion",132,657,0,0
2013,27,"temperatura","interseccion",132,657,0,0
2013,28,"temperatura","interseccion",132,657,0,0
2013,29,"temperatura","interseccion",132,657,0,0
2013,30,"temperatura","interseccion",132,657,0,0
2013,31,"temperatura","interseccion",132,657,0,0
2013,32,"temperatura","interseccion",132,657,0,0
2013,33,"temperatura","interseccion",132,657,0,0
2013,34,"temperatura","interseccion",132,657,0,0
2013,35,"temperatura","interseccion",132,657,0,0
2013,36,"temperatura","interseccion",132,657,0,0
2013,37,"temperatura","interseccion",132,657,0,0
2013,38,"temperatura","interseccion",132,657,0,0
2013,39,"temperatura","interseccion",132,657,0,0
2013,40,"temperatura","interseccion",132,657,0,0
2013,41,"temperatura","interseccion",132,657,0,0
2013,42,"temperatura","interseccion",132,657,0,0
2013,43,"temperatura","interseccion",132,657,0,0
2013,44,"temperatura","interseccion",132,657,0,0
2013,45,"temperatura","interseccion",132,657,0,0
2013,46,"temperatura","interseccion",132,657,0,0
2013,47,"temperatura","interseccion",132,657,0,0
2013,48,"temperatura","interseccion",132,657,0,0
2013,49,"temperatura","interseccion",132,657,0,0
2013,50,"temperatura","interseccion",132,657,0,0
2013,51,"temperatura","interseccion",132,657,0,0
2013,52,"temperatura","interseccion",132,657,0,0
2013,1,"radiacion","centro",27,659,0,4
2013,2,"radiacion","centro",27,659,0,4
2013,3,"radiacion","centro",27,659,0,4
2013,4,"radiacion","centro",27,659,0,4
2013,5,"radiacion","centro",27,659,0,4
2013,6,"radiacion","centro",27,659,0,4
2013,7,"radiacion","centro",27,659,0,4
2013,8,"radiacion","centro",27,659,0,4
2013,9,"radiacion","centro",27,659,0,4
2013,10,"radiacion","centro",27,659,0,4
2013,11,"radiacion","centro",27,659,0,4
2013,12,"radiacion","centro",27,659,0,4
2013,13,"radiacion","centro",27,659,0,4
2013,14,"radiacion","centro",27,659,0,4
2013,15,"radiacion","centro",27,659,0,4
2013,16,"radiacion","centro",27,659,0,4
2013,17,"radiacion","centro",27,659,0,4
2013,18,"radiacion","centro",27,659,0,4
2013,19,"radiacion","centro",27,659,0,4
2013,20,"radiacion","centro",27,659,0,4
2013,21,"radiacion","centro",27,659,0,4
2013,22,"radiacion","centro",27,659,0,4
2013,23,"radiacion","centro",27,659,0,4
2013,24,"radiacion","centro",27,659,0,4
2013,25,"radiacion","centro",27,659,0,4
2013,26,"radiacion","centro",27,659,0,4
2013,27,"radiacion","centro",27,659,0,4
2013,28,"radiacion","centro",27,659,0,4
2013,29,"radiacion","centro",27,659,0,4
2013,30,"radiacion","centro",27,659,0,4
2013,31,"radiacion","centro",27,659,0,4
2013,32,"radiacion","centro",27,659,0,4
2013,33,"radiacion","centro",27,659,0,4
2013,34,"radiacion","centro",27,659,0,4
2013,35,"radiacion","centro",27,659,0,4
2013,36,"radiacion","centro",27,659,0,4
2013,37,"radiacion","centro",27,659,0,4
2013,38,"radiacion","centro",27,659,0,4
2013,39,"radiacion","centro",27,659,0,4
2013,40,"radiacion","centro",27,659,0,4
2013,41,"radiacion","centro",27,659,0,4
2013,42,"radiacion","centro",27,659,0,4
2013,43,"radiacion","centro",27,659,0,4
2013,44,"radiacion","centro",27,659,0,4
2013,45,"radiacion","centro",27,659,0,4
2013,46,"radiacion","centro",27,659,0,4
2013,47,"radiacion","centro",27,659,0,4
2013,48,"radiacion","centro",27,659,0,4
2013,49,"radiacion","centro",27,659,0,4
2013,50,"radiacion","centro",27,659,0,4
2013,51,"radiacion","centro",27,659,0,4
2013,52,"radiacion","centro",27,659,0,4
2013,1,"radiacion","interseccion",31,758,0,0
2013,2,"radiacion","interseccion",31,758,0,0
2013,3,"radiacion","interseccion",31,758,0,0
2013,4,"radiacion","interseccion",31,758,0,0
2013,5,"radiacion","interseccion",31,758,0,0
2013,6,"radiacion","interseccion",31,758,0,0
2013,7,"radiacion","interseccion",31,758,0,0
2013,8,"radiacion","interseccion",31,758,0,0
2013,9,"radiacion","interseccion",31,758,0,0
2013,10,"radiacion","interseccion",31,758,0,0
2013,11,"radiacion","interseccion",31,758,0,0
2013,12,"radiacion","interseccion",31,758,0,0
2013,13,"radiacion","interseccion",31,758,0,0
2013,14,"radiacion","interseccion",31,758,0,0
2013,15,"radiacion","interseccion",31,758,0,0
2013,16,"radiacion","interseccion",31,758,0,0
2013,17,"radiacion","interseccion",31,758,0,0
2013,18,"radiacion","interseccion",31,758,0,0
2013,19,"radiacion","interseccion",31,758,0,0
2013,20,"radiacion","interseccion",31,758,0,0
2013,21,"radiacion","interseccion",31,758,0,0
2013,22,"radiacion","interseccion",31,758,0,0
2013,23,"radiacion","interseccion",31,758,0,0
2013,24,"radiacion","interseccion",31,758,0,0
2013,25,"radiacion","interseccion",31,758,0,0
2013,26,"radiacion","interseccion",31,758,0,0
2013,27,"radiacion","interseccion",31,758,0,0
2013,28,"radiacion","interseccion",31,758,0,0
2013,29,"radiacion","interseccion",31,758,0,0
2013,30,"radiacion","interseccion",31,758,0,0
2013,31,"radiacion","interseccion",31,758,0,0
2013,32,"radiacion","interseccion",31,758,0,0
2013,33,"radiacion","interseccion",31,758,0,0
2013,34,"radiacion","interseccion",31,758,0,0
2013,35,"radiacion","interseccion",31,758,0,0
2013,36,"radiacion","interseccion",31,758,0,0
2013,37,"radiacion","interseccion",31,758,0,0
2013,38,"radiacion","interseccion",31,758,0,0
2013,39,"radiacion","interseccion",31,758,0,0
2013,40,"radiacion","interseccion",31,758,0,0
2013,41,"radiacion","interseccion",31,758,0,0
2013,42,"radiacion","interseccion",31,758,0,0
2013,43,"radiacion","interseccion",31,758,0,0
2013,44,"radiacion","interseccion",31,758,0,0
2013,45,"radiacion","interseccion",31,758,0,0
2013,46,"radiacion","interseccion",31,758,0,0
2013,47,"radiacion","interseccion",31,758,0,0
2013,48,"radiacion","interseccion",31,758,0,0
2013,49,"radiacion","interseccion",31,758,0,0
2013,50,"radiacion","interseccion",31,758,0,0
2013,51,"radiacion","interseccion",31,758,0,0
2013,52,"radiacion","interseccion",31,758,0,0
2014,1,"precipitacion","centro",686,0,0,103
2014,2,"precipitacion","centro",686,0,0,103
2014,3,"precipitacion","centro",686,0,0,103
2014,4,"precipitacion","centro",686,0,0,103
2014,5,"precipitacion","centro",686,0,0,103
2014,6,"precipitacion","centro",686,0,0,103
2014,7,"precipitacion","centro",686,0,0,103
2014,8,"precipitacion","centro",686,0,0,103
2014,9,"precipitacion","centro",686,0,0,103
2014,10,"precipitacion","centro",686,0,0,103
2014,11,"precipitacion","centro",686,0,0,103
2014,12,"precipitacion","centro",686,0,0,103
2014,13,"precipitacion","centro",686,0,0,103
2014,14,"precipitacion","centro",686,0,0,103
2014,15,"precipitacion","centro",686,0,0,103
2014,16,"precipitacion","centro",686,0,0,103
2014,17,"precipitacion","centro",686,0,0,103
2014,18,"precipitacion","centro",686,0,0,103
2014,19,"precipitacion","centro",686,0,0,103
2014,20,"precipitacion","centro",686,0,0,103
2014,21,"precipitacion","centro",686,0,0,103
2014,22,"precipitacion","centro",686,0,0,103
2014,23,"precipitacion","centro",686,0,0,103
2014,24,"precipitacion","centro",686,0,0,103
2014,25,"precipitacion","centro",686,0,0,103
2014,26,"precipitacion","centro",686,0,0,103
2014,27,"precipitacion","centro",686,0,0,103
2014,28,"precipitacion","centro",686,0,0,103
2014,29,"precipitacion","centro",686,0,0,103
2014,30,"precipitacion","centro",686,0,0,103
2014,31,"precipitacion","centro",686,0,0,103
2014,32,"precipitacion","centro",686,0,0,103
2014,33,"precipitacion","centro",686,0,0,103
2014,34,"precipitacion","centro",686,0,0,103
2014,35,"precipitacion","centro",686,0,0,103
2014,36,"precipitacion","centro",686,0,0,103
2014,37,"precipitacion","centro",686,0,0,103
2014,38,"precipitacion","centro",686,0,0,103
2014,39,"precipitacion","centro",686,0,0,103
2014,40,"precipitacion","centro",686,0,0,103
2014,41,"precipitacion","centro",686,0,0,103
2014,42,"precipitacion","centro",686,0,0,103
2014,43,"precipitacion","centro",686,0,0,103
2014,44,"precipitacion","centro",686,0,0,103
2014,45,"precipitacion","centro",686,0,0,103
2014,46,"precipitacion","centro",686,0,0,103
2014,47,"precipitacion","centro",686,0,0,103
2014,48,"precipitacion","centro",686,0,0,103
2014,49,"precipitacion","centro",686,0,0,103
2014,50,"precipitacion","centro",686,0,0,103
2014,51,"precipitacion","centro",686,0,0,103
2014,52,"precipitacion","centro",686,0,0,103
2014,1,"precipitacion","interseccion",787,0,2,0
2014,2,"precipitacion","interseccion",787,0,2,0
2014,3,"precipitacion","interseccion",787,0,2,0
2014,4,"precipitacion","interseccion",787,0,2,0
2014,5,"precipitacion","interseccion",787,0,2,0
2014,6,"precipitacion","interseccion",787,0,2,0
2014,7,"precipitacion","interseccion",787,0,2,0
2014,8,"precipitacion","interseccion",787,0,2,0
2014,9,"precipitacion","interseccion",787,0,2,0
2014,10,"precipitacion","interseccion",787,0,2,0
2014,11,"precipitacion","interseccion",787,0,2,0
2014,12,"precipitacion","interseccion",787,0,2,0
2014,13,"precipitacion","interseccion",787,0,2,0
2014,14,"precipitacion","interseccion",787,0,2,0
2014,15,"precipitacion","interseccion",787,0,2,0
2014,16,"precipitacion","interseccion",787,0,2,0
2014,17,"precipitacion","interseccion",787,0,2,0
2014,18,"precipitacion","interseccion",787,0,2,0
2014,19,"precipitacion","interseccion",787,0,2,0
2014,20,"precipitacion","interseccion",787,0,2,0
2014,21,"precipitacion","interseccion",787,0,2,0
2014,22,"precipitacion","interseccion",787,0,2,0
2014,23,"precipitacion","interseccion",787,0,2,0
2014,24,"precipitacion","interseccion",787,0,2,0
2014,25,"precipitacion","interseccion",787,0,2,0
2014,26,"precipitacion","interseccion",787,0,2,0
2014,27,"precipitacion","interseccion",787,0,2,0
2014,28,"precipitacion","interseccion",787,0,2,0
2014,29,"precipitacion","interseccion",787,0,2,0
2014,30,"precipitacion","interseccion",787,0,2,0
2014,31,"precipitacion","interseccion",787,0,2,0
2014,32,"precipitacion","interseccion",787,0,2,0
2014,33,"precipitacion","interseccion",787,0,2,0
2014,34,"precipitacion","interseccion",787,0,2,0
2014,35,"precipitacion","interseccion",787,0,2,0
2014,36,"precipitacion","interseccion",787,0,2,0
2014,37,"precipitacion","interseccion",787,0,2,0
2014,38,"precipitacion","interseccion",787,0,2,0
2014,39,"precipitacion","interseccion",787,0,2,0
2014,40,"precipitacion","interseccion",787,0,2,0
2014,41,"precipitacion","interseccion",787,0,2,0
2014,42,"precipitacion","interseccion",787,0,2,0
2014,43,"precipitacion","interseccion",787,0,2,0
2014,44,"precipitacion","interseccion",787,0,2,0
2014,45,"precipitacion","interseccion",787,0,2,0
2014,46,"precipitacion","interseccion",787,0,2,0
2014,47,"precipitacion","interseccion",787,0,2,0
2014,48,"precipitacion","interseccion",787,0,2,0
2014,49,"precipitacion","interseccion",787,0,2,0
2014,50,"precipitacion","interseccion",787,0,2,0
2014,51,"precipitacion","interseccion",787,0,2,0
2014,52,"precipitacion","interseccion",787,0,2,0
2014,1,"temperatura","centro",122,564,0,10
2014,2,"temperatura","centro",122,564,0,10
2014,3,"temperatura","centro",122,564,0,10
2014,4,"temperatura","centro",122,564,0,10
2014,5,"temperatura","centro",122,564,0,10
2014,6,"temperatura","centro",122,564,0,10
2014,7,"temperatura","centro",122,564,0,10
2014,8,"temperatura","centro",122,564,0,10
2014,9,"temperatura","centro",122,564,0,10
2014,10,"temperatura","centro",122,564,0,10
2014,11,"temperatura","centro",122,564,0,10
2014,12,"temperatura","centro",122,564,0,10
2014,13,"temperatura","centro",122,564,0,10
2014,14,"temperatura","centro",122,564,0,10
2014,15,"temperatura","centro",122,564,0,10
2014,16,"temperatura","centro",122,564,0,10
2014,17,"temperatura","centro",122,564,0,10
2014,18,"temperatura","centro",122,564,0,10
2014,19,"temperatura","centro",122,564,0,10
2014,20,"temperatura","centro",122,564,0,10
2014,21,"temperatura","centro",122,564,0,10
2014,22,"temperatura","centro",122,564,0,10
2014,23,"temperatura","centro",122,564,0,10
2014,24,"temperatura","centro",122,564,0,10
2014,25,"temperatura","centro",122,564,0,10
2014,26,"temperatura","centro",122,564,0,10
2014,27,"temperatura","centro",122,564,0,10
2014,28,"temperatura","centro",122,564,0,10
2014,29,"temperatura","centro",122,564,0,10
2014,30,"temperatura","centro",122,564,0,10
2014,31,"temperatura","centro",122,564,0,10
2014,32,"temperatura","centro",122,564,0,10
2014,33,"temperatura","centro",122,564,0,10
2014,34,"temperatura","centro",122,564,0,10
2014,35,"temperatura","centro",122,564,0,10
2014,36,"temperatura","centro",122,564,0,10
2014,37,"temperatura","centro",122,564,0,10
2014,38,"temperatura","centro",122,564,0,10
2014,39,"temperatura","centro",122,564,0,10
2014,40,"temperatura","centro",122,564,0,10
2014,41,"temperatura","centro",122,564,0,10
2014,42,"temperatura","centro",122,564,0,10
2014,43,"temperatura","centro",122,564,0,10
2014,44,"temperatura","centro",122,564,0,10
2014,45,"temperatura","centro",122,564,0,10
2014,46,"temperatura","centro",122,564,0,10
2014,47,"temperatura","centro",122,564,0,10
2014,48,"temperatura","centro",122,564,0,10
2014,49,"temperatura","centro",122,564,0,10
2014,50,"temperatura","centro",122,564,0,10
2014,51,"temperatura","centro",122,564,0,10
2014,52,"temperatura","centro",122,564,0,10
2014,1,"temperatura","interseccion",132,657,0,0
2014,2,"temperatura","interseccion",132,657,0,0
2014,3,"temperatura","interseccion",132,657,0,0
2014,4,"temperatura","interseccion",132,657,0,0
2014,5,"temperatura","interseccion",132,657,0,0
2014,6,"temperatura","interseccion",132,657,0,0
2014,7,"temperatura","interseccion",132,657,0,0
2014,8,"temperatura","interseccion",132,657,0,0
2014,9,"temperatura","interseccion",132,657,0,0
2014,10,"temperatura","interseccion",132,657,0,0
2014,11,"temperatura","interseccion",132,657,0,0
2014,12,"temperatura","interseccion",132,657,0,0
2014,13,"temperatura","interseccion",132,657,0,0
2014,14,"temperatura","interseccion",132,657,0,0
2014,15,"temperatura","interseccion",132,657,0,0
2014,16,"temperatura","interseccion",132,657,0,0
2014,17,"temperatura","interseccion",132,657,0,0
2014,18,"temperatura","interseccion",132,657,0,0
2014,19,"temperatura","interseccion",132,657,0,0
2014,20,"temperatura","interseccion",132,657,0,0
2014,21,"temperatura","interseccion",132,657,0,0
2014,22,"temperatura","interseccion",132,657,0,0
2014,23,"temperatura","interseccion",132,657,0,0
2014,24,"temperatura","interseccion",132,657,0,0
2014,25,"temperatura","interseccion",132,657,0,0
2014,26,"temperatura","interseccion",132,657,0,0
2014,27,"temperatura","interseccion",132,657,0,0
2014,28,"temperatura","interseccion",132,657,0,0
2014,29,"temperatura","interseccion",132,657,0,0
2014,30,"temperatura","interseccion",132,657,0,0
2014,31,"temperatura","interseccion",132,657,0,0
2014,32,"temperatura","interseccion",132,657,0,0
2014,33,"temperatura","interseccion",132,657,0,0
2014,34,"temperatura","interseccion",132,657,0,0
2014,35,"temperatura","interseccion",132,657,0,0
2014,36,"temperatura","interseccion",132,657,0,0
2014,37,"temperatura","interseccion",132,657,0,0
2014,38,"temperatura","interseccion",132,657,0,0
2014,39,"temperatura","interseccion",132,657,0,0
2014,40,"temperatura","interseccion",132,657,0,0
2014,41,"temperatura","interseccion",132,657,0,0
2014,42,"temperatura","interseccion",132,657,0,0
2014,43,"temperatura","interseccion",132,657,0,0
2014,44,"temperatura","interseccion",132,657,0,0
2014,45,"temperatura","interseccion",132,657,0,0
2014,46,"temperatura","interseccion",132,657,0,0
2014,47,"temperatura","interseccion",132,657,0,0
2014,48,"temperatura","interseccion",132,657,0,0
2014,49,"temperatura","interseccion",132,657,0,0
2014,50,"temperatura","interseccion",132,657,0,0
2014,51,"temperatura","interseccion",132,657,0,0
2014,52,"temperatura","interseccion",132,657,0,0
2014,1,"radiacion","centro",27,659,0,4
2014,2,"radiacion","centro",27,659,0,4
2014,3,"radiacion","centro",27,659,0,4
2014,4,"radiacion","centro",27,659,0,4
2014,5,"radiacion","centro",27,659,0,4
2014,6,"radiacion","centro",27,659,0,4
2014,7,"radiacion","centro",27,659,0,4
2014,8,"radiacion","centro",27,659,0,4
2014,9,"radiacion","centro",27,659,0,4
2014,10,"radiacion","centro",27,659,0,4
2014,11,"radiacion","centro",27,659,0,4
2014,12,"radiacion","centro",27,659,0,4
2014,13,"radiacion","centro",27,659,0,4
2014,14,"radiacion","centro",27,659,0,4
2014,15,"radiacion","centro",27,659,0,4
2014,16,"radiacion","centro",27,659,0,4
2014,17,"radiacion","centro",27,659,0,4
2014,18,"radiacion","centro",27,659,0,4
2014,19,"radiacion","centro",27,659,0,4
2014,20,"radiacion","centro",27,659,0,4
2014,21,"radiacion","centro",27,659,0,4
2014,22,"radiacion","centro",27,659,0,4
2014,23,"radiacion","centro",27,659,0,4
2014,24,"radiacion","centro",27,659,0,4
2014,25,"radiacion","centro",27,659,0,4
2014,26,"radiacion","centro",27,659,0,4
2014,27,"radiacion","centro",27,659,0,4
2014,28,"radiacion","centro",27,659,0,4
2014,29,"radiacion","centro",27,659,0,4
2014,30,"radiacion","centro",27,659,0,4
2014,31,"radiacion","centro",27,659,0,4
2014,32,"radiacion","centro",27,659,0,4
2014,33,"radiacion","centro",27,659,0,4
2014,34,"radiacion","centro",27,659,0,4
2014,35,"radiacion","centro",27,659,0,4
2014,36,"radiacion","centro",27,659,0,4
2014,37,"radiacion","centro",27,659,0,4
2014,38,"radiacion","centro",27,659,0,4
2014,39,"radiacion","centro",27,659,0,4
2014,40,"radiacion","centro",27,659,0,4
2014,41,"radiacion","centro",27,659,0,4
2014,42,"radiacion","centro",27,659,0,4
2014,43,"radiacion","centro",27,659,0,4
2014,44,"radiacion","centro",27,659,0,4
2014,45,"radiacion","centro",27,659,0,4
2014,46,"radiacion","centro",27,659,0,4
2014,47,"radiacion","centro",27,659,0,4
2014,48,"radiacion","centro",27,659,0,4
2014,49,"radiacion","centro",27,659,0,4
2014,50,"radiacion","centro",27,659,0,4
2014,51,"radiacion","centro",27,659,0,4
2014,52,"radiacion","centro",27,659,0,4
2014,1,"radiacion","interseccion",31,758,0,0
2014,2,"radiacion","interseccion",31,758,0,0
2014,3,"radiacion","interseccion",31,758,0,0
2014,4,"radiacion","interseccion",31,758,0,0
2014,5,"radiacion","interseccion",31,758,0,0
2014,6,"radiacion","interseccion",31,758,0,0
2014,7,"radiacion","interseccion",31,758,0,0
2014,8,"radiacion","interseccion",31,758,0,0
2014,9,"radiacion","interseccion",31,758,0,0
2014,10,"radiacion","interseccion",31,758,0,0
2014,11,"radiacion","interseccion",31,758,0,0
2014,12,"radiacion","interseccion",31,758,0,0
2014,13,"radiacion","interseccion",31,758,0,0
2014,14,"radiacion","interseccion",31,758,0,0
2014,15,"radiacion","interseccion",31,758,0,0
2014,16,"radiacion","interseccion",31,758,0,0
2014,17,"radiacion","interseccion",31,758,0,0
2014,18,"radiacion","interseccion",31,758,0,0
2014,19,"radiacion","interseccion",31,758,0,0
2014,20,"radiacion","interseccion",31,758,0,0
2014,21,"radiacion","interseccion",31,758,0,0
2014,22,"radiacion","interseccion",31,758,0,0
2014,23,"radiacion","interseccion",31,758,0,0
2014,24,"radiacion","interseccion",31,758,0,0
2014,25,"radiacion","interseccion",31,758,0,0
2014,26,"radiacion","interseccion",31,758,0,0
2014,27,"radiacion","interseccion",31,758,0,0
2014,28,"radiacion","interseccion",31,758,0,0
2014,29,"radiacion","interseccion",31,758,0,0
2014,30,"radiacion","interseccion",31,758,0,0
2014,31,"radiacion","interseccion",31,758,0,0
2014,32,"radiacion","interseccion",31,758,0,0
2014,33,"radiacion","interseccion",31,758,0,0
2014,34,"radiacion","interseccion",31,758,0,0
2014,35,"radiacion","interseccion",31,758,0,0
2014,36,"radiacion","interseccion",31,758,0,0
2014,37,"radiacion","interseccion",31,758,0,0
2014,38,"radiacion","interseccion",31,758,0,0
2014,39,"radiacion","interseccion",31,758,0,0
2014,40,"radiacion","interseccion",31,758,0,0
2014,41,"radiacion","interseccion",31,758,0,0
2014,42,"radiacion","interseccion",31,758,0,0
2014,43,"radiacion","interseccion",31,758,0,0
2014,44,"radiacion","interseccion",31,758,0,0
2014,45,"radiacion","interseccion",31,758,0,0
2014,46,"radiacion","interseccion",31,758,0,0
2014,47,"radiacion","interseccion",31,758,0,0
2014,48,"radiacion","interseccion",31,758,0,0
2014,49,"radiacion","interseccion",31,758,0,0
2014,50,"radiacion","interseccion",31,758,0,0
2014,51,"radiacion","interseccion",31,758,0,0
2014,52,"radiacion","interseccion",31,758,0,0
2015,1,"precipitacion","centro",686,0,0,103
2015,2,"precipitacion","centro",686,0,0,103
2015,3,"precipitacion","centro",686,0,0,103
2015,4,"precipitacion","centro",686,0,0,103
2015,5,"precipitacion","centro",686,0,0,103
2015,6,"precipitacion","centro",686,0,0,103
2015,7,"precipitacion","centro",686,0,0,103
2015,8,"precipitacion","centro",686,0,0,103
2015,9,"precipitacion","centro",686,0,0,103
2015,10,"precipitacion","centro",686,0,0,103
2015,11,"precipitacion","centro",686,0,0,103
2015,12,"precipitacion","centro",686,0,0,103
2015,13,"precipitacion","centro",686,0,0,103
2015,14,"precipitacion","centro",686,0,0,103
2015,15,"precipitacion","centro",686,0,0,103
2015,16,"precipitacion","centro",686,0,0,103
2015,17,"precipitacion","centro",686,0,0,103
2015,18,"precipitacion","centro",686,0,0,103
2015,19,"precipitacion","centro",686,0,0,103
2015,20,"precipitacion","centro",686,0,0,103
2015,21,"precipitacion","centro",686,0,0,103
2015,22,"precipitacion","centro",686,0,0,103
2015,23,"precipitacion","centro",686,0,0,103
2015,24,"precipitacion","centro",686,0,0,103
2015,25,"precipitacion","centro",686,0,0,103
2015,26,"precipitacion","centro",686,0,0,103
2015,27,"precipitacion","centro",686,0,0,103
2015,28,"precipitacion","centro",686,0,0,103
2015,29,"precipitacion","centro",686,0,0,103
2015,30,"precipitacion","centro",686,0,0,103
2015,31,"precipitacion","centro",686,0,0,103
2015,32,"precipitacion","centro",686,0,0,103
2015,33,"precipitacion","centro",686,0,0,103
2015,34,"precipitacion","centro",686,0,0,103
2015,35,"precipitacion","centro",686,0,0,103
2015,36,"precipitacion","centro",686,0,0,103
2015,37,"precipitacion","centro",686,0,0,103
2015,38,"precipitacion","centro",686,0,0,103
2015,39,"precipitacion","centro",686,0,0,103
2015,40,"precipitacion","centro",686,0,0,103
2015,41,"precipitacion","centro",686,0,0,103
2015,42,"precipitacion","centro",686,0,0,103
2015,43,"precipitacion","centro",686,0,0,103
2015,44,"precipitacion","centro",686,0,0,103
2015,45,"precipitacion","centro",686,0,0,103
2015,46,"precipitacion","centro",686,0,0,103
2015,47,"precipitacion","centro",686,0,0,103
2015,48,"precipitacion","centro",686,0,0,103
2015,49,"precipitacion","centro",686,0,0,103
2015,50,"precipitacion","centro",686,0,0,103
2015,51,"precipitacion","centro",686,0,0,103
2015,52,"precipitacion","centro",686,0,0,103
2015,1,"precipitacion","interseccion",787,0,2,0
2015,2,"precipitacion","interseccion",787,0,2,0
2015,3,"precipitacion","interseccion",787,0,2,0
2015,4,"precipitacion","interseccion",787,0,2,0
2015,5,"precipitacion","interseccion",787,0,2,0
2015,6,"precipitacion","interseccion",787,0,2,0
2015,7,"precipitacion","interseccion",787,0,2,0
2015,8,"precipitacion","interseccion",787,0,2,0
2015,9,"precipitacion","interseccion",787,0,2,0
2015,10,"precipitacion","interseccion",787,0,2,0
2015,11,"precipitacion","interseccion",787,0,2,0
2015,12,"precipitacion","interseccion",787,0,2,0
2015,13,"precipitacion","interseccion",787,0,2,0
2015,14,"precipitacion","interseccion",787,0,2,0
2015,15,"precipitacion","interseccion",787,0,2,0
2015,16,"precipitacion","interseccion",787,0,2,0
2015,17,"precipitacion","interseccion",787,0,2,0
2015,18,"precipitacion","interseccion",787,0,2,0
2015,19,"precipitacion","interseccion",787,0,2,0
2015,20,"precipitacion","interseccion",787,0,2,0
2015,21,"precipitacion","interseccion",787,0,2,0
2015,22,"precipitacion","interseccion",787,0,2,0
2015,23,"precipitacion","interseccion",787,0,2,0
2015,24,"precipitacion","interseccion",787,0,2,0
2015,25,"precipitacion","interseccion",787,0,2,0
2015,26,"precipitacion","interseccion",787,0,2,0
2015,27,"precipitacion","interseccion",787,0,2,0
2015,28,"precipitacion","interseccion",787,0,2,0
2015,29,"precipitacion","interseccion",787,0,2,0
2015,30,"precipitacion","interseccion",787,0,2,0
2015,31,"precipitacion","interseccion",787,0,2,0
2015,32,"precipitacion","interseccion",787,0,2,0
2015,33,"precipitacion","interseccion",787,0,2,0
2015,34,"precipitacion","interseccion",787,0,2,0
2015,35,"precipitacion","interseccion",787,0,2,0
2015,36,"precipitacion","interseccion",787,0,2,0
2015,37,"precipitacion","interseccion",787,0,2,0
2015,38,"precipitacion","interseccion",787,0,2,0
2015,39,"precipitacion","interseccion",787,0,2,0
2015,40,"precipitacion","interseccion",787,0,2,0
2015,41,"precipitacion","interseccion",787,0,2,0
2015,42,"precipitacion","interseccion",787,0,2,0
2015,43,"precipitacion","interseccion",787,0,2,0
2015,44,"precipitacion","interseccion",787,0,2,0
2015,45,"precipitacion","interseccion",787,0,2,0
2015,46,"precipitacion","interseccion",787,0,2,0
2015,47,"precipitacion","interseccion",787,0,2,0
2015,48,"precipitacion","interseccion",787,0,2,0
2015,49,"precipitacion","interseccion",787,0,2,0
2015,50,"precipitacion","interseccion",787,0,2,0
2015,51,"precipitacion","interseccion",787,0,2,0
2015,52,"precipitacion","interseccion",787,0,2,0
2015,1,"temperatura","centro",122,564,0,10
2015,2,"temperatura","centro",122,564,0,10
2015,3,"temperatura","centro",122,564,0,10
2015,4,"temperatura","centro",122,564,0,10
2015,5,"temperatura","centro",122,564,0,10
2015,6,"temperatura","centro",122,564,0,10
2015,7,"temperatura","centro",122,564,0,10
2015,8,"temperatura","centro",122,564,0,10
2015,9,"temperatura","centro",122,564,0,10
2015,10,"temperatura","centro",122,564,0,10
2015,11,"temperatura","centro",122,564,0,10
2015,12,"temperatura","centro",122,564,0,10
2015,13,"temperatura","centro",122,564,0,10
2015,14,"temperatura","centro",122,564,0,10
2015,15,"temperatura","centro",122,564,0,10
2015,16,"temperatura","centro",122,564,0,10
2015,17,"temperatura","centro",122,564,0,10
2015,18,"temperatura","centro",122,564,0,10
2015,19,"temperatura","centro",122,564,0,10
2015,20,"temperatura","centro",122,564,0,10
2015,21,"temperatura","centro",122,564,0,10
2015,22,"temperatura","centro",122,564,0,10
2015,23,"temperatura","centro",122,564,0,10
2015,24,"temperatura","centro",122,564,0,10
2015,25,"temperatura","centro",122,564,0,10
2015,26,"temperatura","centro",122,564,0,10
2015,27,"temperatura","centro",122,564,0,10
2015,28,"temperatura","centro",122,564,0,10
2015,29,"temperatura","centro",122,564,0,10
2015,30,"temperatura","centro",122,564,0,10
2015,31,"temperatura","centro",122,564,0,10
2015,32,"temperatura","centro",122,564,0,10
2015,33,"temperatura","centro",122,564,0,10
2015,34,"temperatura","centro",122,564,0,10
2015,35,"temperatura","centro",122,564,0,10
2015,36,"temperatura","centro",122,564,0,10
2015,37,"temperatura","centro",122,564,0,10
2015,38,"temperatura","centro",122,564,0,10
2015,39,"temperatura","centro",122,564,0,10
2015,40,"temperatura","centro",122,564,0,10
2015,41,"temperatura","centro",122,564,0,10
2015,42,"temperatura","centro",122,564,0,10
2015,43,"temperatura","centro",122,564,0,10
2015,44,"temperatura","centro",122,564,0,10
2015,45,"temperatura","centro",122,564,0,10
2015,46,"temperatura","centro",122,564,0,10
2015,47,"temperatura","centro",122,564,0,10
2015,48,"temperatura","centro",122,564,0,10
2015,49,"temperatura","centro",122,564,0,10
2015,50,"temperatura","centro",122,564,0,10
2015,51,"temperatura","centro",122,564,0,10
2015,52,"temperatura","centro",122,564,0,10
2015,1,"temperatura","interseccion",132,657,0,0
2015,2,"temperatura","interseccion",132,657,0,0
2015,3,"temperatura","interseccion",132,657,0,0
2015,4,"temperatura","interseccion",132,657,0,0
2015,5,"temperatura","interseccion",132,657,0,0
2015,6,"temperatura","interseccion",132,657,0,0
2015,7,"temperatura","interseccion",132,657,0,0
2015,8,"temperatura","interseccion",132,657,0,0
2015,9,"temperatura","interseccion",132,657,0,0
2015,10,"temperatura","interseccion",132,657,0,0
2015,11,"temperatura","interseccion",132,657,0,0
2015,12,"temperatura","interseccion",132,657,0,0
2015,13,"temperatura","interseccion",132,657,0,0
2015,14,"temperatura","interseccion",132,657,0,0
2015,15,"temperatura","interseccion",132,657,0,0
2015,16,"temperatura","interseccion",132,657,0,0
2015,17,"temperatura","interseccion",132,657,0,0
2015,18,"temperatura","interseccion",132,657,0,0
2015,19,"temperatura","interseccion",132,657,0,0
2015,20,"temperatura","interseccion",132,657,0,0
2015,21,"temperatura","interseccion",132,657,0,0
2015,22,"temperatura","interseccion",132,657,0,0
2015,23,"temperatura","interseccion",132,657,0,0
2015,24,"temperatura","interseccion",132,657,0,0
2015,25,"temperatura","interseccion",132,657,0,0
2015,26,"temperatura","interseccion",132,657,0,0
2015,27,"temperatura","interseccion",132,657,0,0
2015,28,"temperatura","interseccion",132,657,0,0
2015,29,"temperatura","interseccion",132,657,0,0
2015,30,"temperatura","interseccion",132,657,0,0
2015,31,"temperatura","interseccion",132,657,0,0
2015,32,"temperatura","interseccion",132,657,0,0
2015,33,"temperatura","interseccion",132,657,0,0
2015,34,"temperatura","interseccion",132,657,0,0
2015,35,"temperatura","interseccion",132,657,0,0
2015,36,"temperatura","interseccion",132,657,0,0
2015,37,"temperatura","interseccion",132,657,0,0
2015,38,"temperatura","interseccion",132,657,0,0
2015,39,"temperatura","interseccion",132,657,0,0
2015,40,"temperatura","interseccion",132,657,0,0
2015,41,"temperatura","interseccion",132,657,0,0
2015,42,"temperatura","interseccion",132,657,0,0
2015,43,"temperatura","interseccion",132,657,0,0
2015,44,"temperatura","interseccion",132,657,0,0
2015,45,"temperatura","interseccion",132,657,0,0
2015,46,"temperatura","interseccion",132,657,0,0
2015,47,"temperatura","interseccion",132,657,0,0
2015,48,"temperatura","interseccion",132,657,0,0
2015,49,"temperatura","interseccion",132,657,0,0
2015,50,"temperatura","interseccion",132,657,0,0
2015,51,"temperatura","interseccion",132,657,0,0
2015,52,"temperatura","interseccion",132,657,0,0
2015,1,"radiacion","centro",27,659,0,4
2015,2,"radiacion","centro",27,659,0,4
2015,3,"radiacion","centro",27,659,0,4
2015,4,"radiacion","centro",27,659,0,4
2015,5,"radiacion","centro",27,659,0,4
2015,6,"radiacion","centro",27,659,0,4
2015,7,"radiacion","centro",27,659,0,4
2015,8,"radiacion","centro",27,659,0,4
2015,9,"radiacion","centro",27,659,0,4
2015,10,"radiacion","centro",27,659,0,4
2015,11,"radiacion","centro",27,659,0,4
2015,12,"radiacion","centro",27,659,0,4
2015,13,"radiacion","centro",27,659,0,4
2015,14,"radiacion","centro",27,659,0,4
2015,15,"radiacion","centro",27,659,0,4
2015,16,"radiacion","centro",27,659,0,4
2015,17,"radiacion","centro",27,659,0,4
2015,18,"radiacion","centro",27,659,0,4
2015,19,"radiacion","centro",27,659,0,4
2015,20,"radiacion","centro",27,659,0,4
2015,21,"radiacion","centro",27,659,0,4
2015,22,"radiacion","centro",27,659,0,4
2015,23,"radiacion","centro",27,659,0,4
2015,24,"radiacion","centro",27,659,0,4
2015,25,"radiacion","centro",27,659,0,4
2015,26,"radiacion","centro",27,659,0,4
2015,27,"radiacion","centro",27,659,0,4
2015,28,"radiacion","centro",27,659,0,4
2015,29,"radiacion","centro",27,659,0,4
2015,30,"radiacion","centro",27,659,0,4
2015,31,"radiacion","centro",27,659,0,4
2015,32,"radiacion","centro",27,659,0,4
2015,33,"radiacion","centro",27,659,0,4
2015,34,"radiacion","centro",27,659,0,4
2015,35,"radiacion","centro",27,659,0,4
2015,36,"radiacion","centro",27,659,0,4
2015,37,"radiacion","centro",27,659,0,4
2015,38,"radiacion","centro",27,659,0,4
2015,39,"radiacion","centro",27,659,0,4
2015,40,"radiacion","centro",27,659,0,4
2015,41,"radiacion","centro",27,659,0,4
2015,42,"radiacion","centro",27,659,0,4
2015,43,"radiacion","centro",27,659,0,4
2015,44,"radiacion","centro",27,659,0,4
2015,45,"radiacion","centro",27,659,0,4
2015,46,"radiacion","centro",27,659,0,4
2015,47,"radiacion","centro",27,659,0,4
2015,48,"radiacion","centro",27,659,0,4
2015,49,"radiacion","centro",27,659,0,4
2015,50,"radiacion","centro",27,659,0,4
2015,51,"radiacion","centro",27,659,0,4
2015,52,"radiacion","centro",27,659,0,4
2015,1,"radiacion","interseccion",31,758,0,0
2015,2,"radiacion","interseccion",31,758,0,0
2015,3,"radiacion","interseccion",31,758,0,0
2015,4,"radiacion","interseccion",31,758,0,0
2015,5,"radiacion","interseccion",31,758,0,0
2015,6,"radiacion","interseccion",31,758,0,0
2015,7,"radiacion","interseccion",31,758,0,0
2015,8,"radiacion","interseccion",31,758,0,0
2015,9,"radiacion","interseccion",31,758,0,0
2015,10,"radiacion","interseccion",31,758,0,0
2015,11,"radiacion","interseccion",31,758,0,0
2015,12,"radiacion","interseccion",31,758,0,0
2015,13,"radiacion","interseccion",31,758,0,0
2015,14,"radiacion","interseccion",31,758,0,0
2015,15,"radiacion","interseccion",31,758,0,0
2015,16,"radiacion","interseccion",31,758,0,0
2015,17,"radiacion","interseccion",31,758,0,0
2015,18,"radiacion","interseccion",31,758,0,0
2015,19,"radiacion","interseccion",31,758,0,0
2015,20,"radiacion","interseccion",31,758,0,0
2015,21,"radiacion","interseccion",31,758,0,0
2015,22,"radiacion","interseccion",31,758,0,0
2015,23,"radiacion","interseccion",31,758,0,0
2015,24,"radiacion","interseccion",31,758,0,0
2015,25,"radiacion","interseccion",31,758,0,0
2015,26,"radiacion","interseccion",31,758,0,0
2015,27,"radiacion","interseccion",31,758,0,0
2015,28,"radiacion","interseccion",31,758,0,0
2015,29,"radiacion","interseccion",31,758,0,0
2015,30,"radiacion","interseccion",31,758,0,0
2015,31,"radiacion","interseccion",31,758,0,0
2015,32,"radiacion","interseccion",31,758,0,0
2015,33,"radiacion","interseccion",31,758,0,0
2015,34,"radiacion","interseccion",31,758,0,0
2015,35,"radiacion","interseccion",31,758,0,0
2015,36,"radiacion","interseccion",31,758,0,0
2015,37,"radiacion","interseccion",31,758,0,0
2015,38,"radiacion","interseccion",31,758,0,0
2015,39,"radiacion","interseccion",31,758,0,0
2015,40,"radiacion","interseccion",31,758,0,0
2015,41,"radiacion","interseccion",31,758,0,0
2015,42,"radiacion","interseccion",31,758,0,0
2015,43,"radiacion","interseccion",31,758,0,0
2015,44,"radiacion","interseccion",31,758,0,0
2015,45,"radiacion","interseccion",31,758,0,0
2015,46,"radiacion","interseccion",31,758,0,0
2015,47,"radiacion","interseccion",31,758,0,0
2015,48,"radiacion","interseccion",31,758,0,0
2015,49,"radiacion","interseccion",31,758,0,0
2015,50,"radiacion","interseccion",31,758,0,0
2015,51,"radiacion","interseccion",31,758,0,0
2015,52,"radiacion","interseccion",31,758,0,0
2016,1,"precipitacion","centro",686,0,0,103
2016,2,"precipitacion","centro",686,0,0,103
2016,3,"precipitacion","centro",686,0,0,103
2016,4,"precipitacion","centro",686,0,0,103
2016,5,"precipitacion","centro",686,0,0,103
2016,6,"precipitacion","centro",686,0,0,103
2016,7,"precipitacion","centro",686,0,0,103
2016,8,"precipitacion","centro",686,0,0,103
2016,9,"precipitacion","centro",686,0,0,103
2016,10,"precipitacion","centro",686,0,0,103
2016,11,"precipitacion","centro",686,0,0,103
2016,12,"precipitacion","centro",686,0,0,103
2016,13,"precipitacion","centro",686,0,0,103
2016,14,"precipitacion","centro",686,0,0,103
2016,15,"precipitacion","centro",686,0,0,103
2016,16,"precipitacion","centro",686,0,0,103
2016,17,"precipitacion","centro",686,0,0,103
2016,18,"precipitacion","centro",686,0,0,103
2016,19,"precipitacion","centro",686,0,0,103
2016,20,"precipitacion","centro",686,0,0,103
2016,21,"precipitacion","centro",686,0,0,103
2016,22,"precipitacion","centro",686,0,0,103
2016,23,"precipitacion","centro",686,0,0,103
2016,24,"precipitacion","centro",686,0,0,103
2016,25,"precipitacion","centro",686,0,0,103
2016,26,"precipitacion","centro",686,0,0,103
2016,27,"precipitacion","centro",686,0,0,103
2016,28,"precipitacion","centro",686,0,0,103
2016,29,"precipitacion","centro",686,0,0,103
2016,30,"precipitacion","centro",686,0,0,103
2016,31,"precipitacion","centro",686,0,0,103
2016,32,"precipitacion","centro",686,0,0,103
2016,33,"precipitacion","centro",686,0,0,103
2016,34,"precipitacion","centro",686,0,0,103
2016,35,"precipitacion","centro",686,0,0,103
2016,36,"precipitacion","centro",686,0,0,103
2016,37,"precipitacion","centro",686,0,0,103
2016,38,"precipitacion","centro",686,0,0,103
2016,39,"precipitacion","centro",686,0,0,103
2016,40,"precipitacion","centro",686,0,0,103
2016,41,"precipitacion","centro",686,0,0,103
2016,42,"precipitacion","centro",686,0,0,103
2016,43,"precipitacion","centro",686,0,0,103
2016,44,"precipitacion","centro",686,0,0,103
2016,45,"precipitacion","centro",686,0,0,103
2016,46,"precipitacion","centro",686,0,0,103
2016,47,"precipitacion","centro",686,0,0,103
2016,48,"precipitacion","centro",686,0,0,103
2016,49,"precipitacion","centro",686,0,0,103
2016,50,"precipitacion","centro",686,0,0,103
2016,51,"precipitacion","centro",686,0,0,103
2016,52,"precipitacion","centro",686,0,0,103
2016,1,"precipitacion","interseccion",787,0,2,0
2016,2,"precipitacion","interseccion",787,0,2,0
2016,3,"precipitacion","interseccion",787,0,2,0
2016,4,"precipitacion","interseccion",787,0,2,0
2016,5,"precipitacion","interseccion",787,0,2,0
2016,6,"precipitacion","interseccion",787,0,2,0
2016,7,"precipitacion","interseccion",787,0,2,0
2016,8,"precipitacion","interseccion",787,0,2,0
2016,9,"precipitacion","interseccion",787,0,2,0
2016,10,"precipitacion","interseccion",787,0,2,0
2016,11,"precipitacion","interseccion",787,0,2,0
2016,12,"precipitacion","interseccion",787,0,2,0
2016,13,"precipitacion","interseccion",787,0,2,0
2016,14,"precipitacion","interseccion",787,0,2,0
2016,15,"precipitacion","interseccion",787,0,2,0
2016,16,"precipitacion","interseccion",787,0,2,0
2016,17,"precipitacion","interseccion",787,0,2,0
2016,18,"precipitacion","interseccion",787,0,2,0
2016,19,"precipitacion","interseccion",787,0,2,0
2016,20,"precipitacion","interseccion",787,0,2,0
2016,21,"precipitacion","interseccion",787,0,2,0
2016,22,"precipitacion","interseccion",787,0,2,0
2016,23,"precipitacion","interseccion",787,0,2,0
2016,24,"precipitacion","interseccion",787,0,2,0
2016,25,"precipitacion","interseccion",787,0,2,0
2016,26,"precipitacion","interseccion",787,0,2,0
2016,27,"precipitacion","interseccion",787,0,2,0
2016,28,"precipitacion","interseccion",787,0,2,0
2016,29,"precipitacion","interseccion",787,0,2,0
2016,30,"precipitacion","interseccion",787,0,2,0
2016,31,"precipitacion","interseccion",787,0,2,0
2016,32,"precipitacion","interseccion",787,0,2,0
2016,33,"precipitacion","interseccion",787,0,2,0
2016,34,"precipitacion","interseccion",787,0,2,0
2016,35,"precipitacion","interseccion",787,0,2,0
2016,36,"precipitacion","interseccion",787,0,2,0
2016,37,"precipitacion","interseccion",787,0,2,0
2016,38,"precipitacion","interseccion",787,0,2,0
2016,39,"precipitacion","interseccion",787,0,2,0
2016,40,"precipitacion","interseccion",787,0,2,0
2016,41,"precipitacion","interseccion",787,0,2,0
2016,42,"precipitacion","interseccion",787,0,2,0
2016,43,"precipitacion","interseccion",787,0,2,0
2016,44,"precipitacion","interseccion",787,0,2,0
2016,45,"precipitacion","interseccion",787,0,2,0
2016,46,"precipitacion","interseccion",787,0,2,0
2016,47,"precipitacion","interseccion",787,0,2,0
2016,48,"precipitacion","interseccion",787,0,2,0
2016,49,"precipitacion","interseccion",787,0,2,0
2016,50,"precipitacion","interseccion",787,0,2,0
2016,51,"precipitacion","interseccion",787,0,2,0
2016,52,"precipitacion","interseccion",787,0,2,0
2016,1,"temperatura","centro",122,564,0,10
2016,2,"temperatura","centro",122,564,0,10
2016,3,"temperatura","centro",122,564,0,10
2016,4,"temperatura","centro",122,564,0,10
2016,5,"temperatura","centro",122,564,0,10
2016,6,"temperatura","centro",122,564,0,10
2016,7,"temperatura","centro",122,564,0,10
2016,8,"temperatura","centro",122,564,0,10
2016,9,"temperatura","centro",122,564,0,10
2016,10,"temperatura","centro",122,564,0,10
2016,11,"temperatura","centro",122,564,0,10
2016,12,"temperatura","centro",122,564,0,10
2016,13,"temperatura","centro",122,564,0,10
2016,14,"temperatura","centro",122,564,0,10
2016,15,"temperatura","centro",122,564,0,10
2016,16,"temperatura","centro",122,564,0,10
2016,17,"temperatura","centro",122,564,0,10
2016,18,"temperatura","centro",122,564,0,10
2016,19,"temperatura","centro",122,564,0,10
2016,20,"temperatura","centro",122,564,0,10
2016,21,"temperatura","centro",122,564,0,10
2016,22,"temperatura","centro",122,564,0,10
2016,23,"temperatura","centro",122,564,0,10
2016,24,"temperatura","centro",122,564,0,10
2016,25,"temperatura","centro",122,564,0,10
2016,26,"temperatura","centro",122,564,0,10
2016,27,"temperatura","centro",122,564,0,10
2016,28,"temperatura","centro",122,564,0,10
2016,29,"temperatura","centro",122,564,0,10
2016,30,"temperatura","centro",122,564,0,10
2016,31,"temperatura","centro",122,564,0,10
2016,32,"temperatura","centro",122,564,0,10
2016,33,"temperatura","centro",122,564,0,10
2016,34,"temperatura","centro",122,564,0,10
2016,35,"temperatura","centro",122,564,0,10
2016,36,"temperatura","centro",122,564,0,10
2016,37,"temperatura","centro",122,564,0,10
2016,38,"temperatura","centro",122,564,0,10
2016,39,"temperatura","centro",122,564,0,10
2016,40,"temperatura","centro",122,564,0,10
2016,41,"temperatura","centro",122,564,0,10
2016,42,"temperatura","centro",122,564,0,10
2016,43,"temperatura","centro",122,564,0,10
2016,44,"temperatura","centro",122,564,0,10
2016,45,"temperatura","centro",122,564,0,10
2016,46,"temperatura","centro",122,564,0,10
2016,47,"temperatura","centro",122,564,0,10
2016,48,"temperatura","centro",122,564,0,10
2016,49,"temperatura","centro",122,564,0,10
2016,50,"temperatura","centro",122,564,0,10
2016,51,"temperatura","centro",122,564,0,10
2016,52,"temperatura","centro",122,564,0,10
2016,1,"temperatura","interseccion",132,657,0,0
2016,2,"temperatura","interseccion",132,657,0,0
2016,3,"temperatura","interseccion",132,657,0,0
2016,4,"temperatura","interseccion",132,657,0,0
2016,5,"temperatura","interseccion",132,657,0,0
2016,6,"temperatura","interseccion",132,657,0,0
2016,7,"temperatura","interseccion",132,657,0,0
2016,8,"temperatura","interseccion",132,657,0,0
2016,9,"temperatura","interseccion",132,657,0,0
2016,10,"temperatura","interseccion",132,657,0,0
2016,11,"temperatura","interseccion",132,657,0,0
2016,12,"temperatura","interseccion",132,657,0,0
2016,13,"temperatura","interseccion",132,657,0,0
2016,14,"temperatura","interseccion",132,657,0,0
2016,15,"temperatura","interseccion",132,657,0,0
2016,16,"temperatura","interseccion",132,657,0,0
2016,17,"temperatura","interseccion",132,657,0,0
2016,18,"temperatura","interseccion",132,657,0,0
2016,19,"temperatura","interseccion",132,657,0,0
2016,20,"temperatura","interseccion",132,657,0,0
2016,21,"temperatura","interseccion",132,657,0,0
2016,22,"temperatura","interseccion",132,657,0,0
2016,23,"temperatura","interseccion",132,657,0,0
2016,24,"temperatura","interseccion",132,657,0,0
2016,25,"temperatura","interseccion",132,657,0,0
2016,26,"temperatura","interseccion",132,657,0,0
2016,27,"temperatura","interseccion",132,657,0,0
2016,28,"temperatura","interseccion",132,657,0,0
2016,29,"temperatura","interseccion",132,657,0,0
2016,30,"temperatura","interseccion",132,657,0,0
2016,31,"temperatura","interseccion",132,657,0,0
2016,32,"temperatura","interseccion",132,657,0,0
2016,33,"temperatura","interseccion",132,657,0,0
2016,34,"temperatura","interseccion",132,657,0,0
2016,35,"temperatura","interseccion",132,657,0,0
2016,36,"temperatura","interseccion",132,657,0,0
2016,37,"temperatura","interseccion",132,657,0,0
2016,38,"temperatura","interseccion",132,657,0,0
2016,39,"temperatura","interseccion",132,657,0,0
2016,40,"temperatura","interseccion",132,657,0,0
2016,41,"temperatura","interseccion",132,657,0,0
2016,42,"temperatura","interseccion",132,657,0,0
2016,43,"temperatura","interseccion",132,657,0,0
2016,44,"temperatura","interseccion",132,657,0,0
2016,45,"temperatura","interseccion",132,657,0,0
2016,46,"temperatura","interseccion",132,657,0,0
2016,47,"temperatura","interseccion",132,657,0,0
2016,48,"temperatura","interseccion",132,657,0,0
2016,49,"temperatura","interseccion",132,657,0,0
2016,50,"temperatura","interseccion",132,657,0,0
2016,51,"temperatura","interseccion",132,657,0,0
2016,52,"temperatura","interseccion",132,657,0,0
2016,1,"radiacion","centro",27,659,0,4
2016,2,"radiacion","centro",27,659,0,4
2016,3,"radiacion","centro",27,659,0,4
2016,4,"radiacion","centro",27,659,0,4
2016,5,"radiacion","centro",27,659,0,4
2016,6,"radiacion","centro",27,659,0,4
2016,7,"radiacion","centro",27,659,0,4
2016,8,"radiacion","centro",27,659,0,4
2016,9,"radiacion","centro",27,659,0,4
2016,10,"radiacion","centro",27,659,0,4
2016,11,"radiacion","centro",27,659,0,4
2016,12,"radiacion","centro",27,659,0,4
2016,13,"radiacion","centro",27,659,0,4
2016,14,"radiacion","centro",27,659,0,4
2016,15,"radiacion","centro",27,659,0,4
2016,16,"radiacion","centro",27,659,0,4
2016,17,"radiacion","centro",27,659,0,4
2016,18,"radiacion","centro",27,659,0,4
2016,19,"radiacion","centro",27,659,0,4
2016,20,"radiacion","centro",27,659,0,4
2016,21,"radiacion","centro",27,659,0,4
2016,22,"radiacion","centro",27,659,0,4
2016,23,"radiacion","centro",27,659,0,4
2016,24,"radiacion","centro",27,659,0,4
2016,25,"radiacion","centro",27,659,0,4
2016,26,"radiacion","centro",27,659,0,4
2016,27,"radiacion","centro",27,659,0,4
2016,28,"radiacion","centro",27,659,0,4
2016,29,"radiacion","centro",27,659,0,4
2016,30,"radiacion","centro",27,659,0,4
2016,31,"radiacion","centro",27,659,0,4
2016,32,"radiacion","centro",27,659,0,4
2016,33,"radiacion","centro",27,659,0,4
2016,34,"radiacion","centro",27,659,0,4
2016,35,"radiacion","centro",27,659,0,4
2016,36,"radiacion","centro",27,659,0,4
2016,37,"radiacion","centro",27,659,0,4
2016,38,"radiacion","centro",27,659,0,4
2016,39,"radiacion","centro",27,659,0,4
2016,40,"radiacion","centro",27,659,0,4
2016,41,"radiacion","centro",27,659,0,4
2016,42,"radiacion","centro",27,659,0,4
2016,43,"radiacion","centro",27,659,0,4
2016,44,"radiacion","centro",27,659,0,4
2016,45,"radiacion","centro",27,659,0,4
2016,46,"radiacion","centro",27,659,0,4
2016,47,"radiacion","centro",27,659,0,4
2016,48,"radiacion","centro",27,659,0,4
2016,49,"radiacion","centro",27,659,0,4
2016,50,"radiacion","centro",27,659,0,4
2016,51,"radiacion","centro",27,659,0,4
2016,52,"radiacion","centro",27,659,0,4
2016,1,"radiacion","interseccion",31,758,0,0
2016,2,"radiacion","interseccion",31,758,0,0
2016,3,"radiacion","interseccion",31,758,0,0
2016,4,"radiacion","interseccion",31,758,0,0
2016,5,"radiacion","interseccion",31,758,0,0
2016,6,"radiacion","interseccion",31,758,0,0
2016,7,"radiacion","interseccion",31,758,0,0
2016,8,"radiacion","interseccion",31,758,0,0
2016,9,"radiacion","interseccion",31,758,0,0
2016,10,"radiacion","interseccion",31,758,0,0
2016,11,"radiacion","interseccion",31,758,0,0
2016,12,"radiacion","interseccion",31,758,0,0
2016,13,"radiacion","interseccion",31,758,0,0
2016,14,"radiacion","interseccion",31,758,0,0
2016,15,"radiacion","interseccion",31,758,0,0
2016,16,"radiacion","interseccion",31,758,0,0
2016,17,"radiacion","interseccion",31,758,0,0
2016,18,"radiacion","interseccion",31,758,0,0
2016,19,"radiacion","interseccion",31,758,0,0
2016,20,"radiacion","interseccion",31,758,0,0
2016,21,"radiacion","interseccion",31,758,0,0
2016,22,"radiacion","interseccion",31,758,0,0
2016,23,"radiacion","interseccion",31,758,0,0
2016,24,"radiacion","interseccion",31,758,0,0
2016,25,"radiacion","interseccion",31,758,0,0
2016,26,"radiacion","interseccion",31,758,0,0
2016,27,"radiacion","interseccion",31,758,0,0
2016,28,"radiacion","interseccion",31,758,0,0
2016,29,"radiacion","interseccion",31,758,0,0
2016,30,"radiacion","interseccion",31,758,0,0
2016,31,"radiacion","interseccion",31,758,0,0
2016,32,"radiacion","interseccion",31,758,0,0
2016,33,"radiacion","interseccion",31,758,0,0
2016,34,"radiacion","interseccion",31,758,0,0
2016,35,"radiacion","interseccion",31,758,0,0
2016,36,"radiacion","interseccion",31,758,0,0
2016,37,"radiacion","interseccion",31,758,0,0
2016,38,"radiacion","interseccion",31,758,0,0
2016,39,"radiacion","interseccion",31,758,0,0
2016,40,"radiacion","interseccion",31,758,0,0
2016,41,"radiacion","interseccion",31,758,0,0
2016,42,"radiacion","interseccion",31,758,0,0
2016,43,"radiacion","interseccion",31,758,0,0
2016,44,"radiacion","interseccion",31,758,0,0
2016,45,"radiacion","interseccion",31,758,0,0
2016,46,"radiacion","interseccion",31,758,0,0
2016,47,"radiacion","interseccion",31,758,0,0
2016,48,"radiacion","interseccion",31,758,0,0
2016,49,"radiacion","interseccion",31,758,0,0
2016,50,"radiacion","interseccion",31,758,0,0
2016,51,"radiacion","interseccion",31,758,0,0
2016,52,"radiacion","interseccion",31,758,0,0
2017,1,"precipitacion","centro",686,0,0,103
2017,2,"precipitacion","centro",686,0,0,103
2017,3,"precipitacion","centro",686,0,0,103
2017,4,"precipitacion","centro",686,0,0,103
2017,5,"precipitacion","centro",686,0,0,103
2017,6,"precipitacion","centro",686,0,0,103
2017,7,"precipitacion","centro",686,0,0,103
2017,8,"precipitacion","centro",686,0,0,103
2017,9,"precipitacion","centro",686,0,0,103
2017,10,"precipitacion","centro",686,0,0,103
2017,11,"precipitacion","centro",686,0,0,103
2017,12,"precipitacion","centro",686,0,0,103
2017,13,"precipitacion","centro",686,0,0,103
2017,14,"precipitacion","centro",686,0,0,103
2017,15,"precipitacion","centro",686,0,0,103
2017,16,"precipitacion","centro",686,0,0,103
2017,17,"precipitacion","centro",686,0,0,103
2017,18,"precipitacion","centro",686,0,0,103
2017,19,"precipitacion","centro",686,0,0,103
2017,20,"precipitacion","centro",686,0,0,103
2017,21,"precipitacion","centro",686,0,0,103
2017,22,"precipitacion","centro",686,0,0,103
2017,23,"precipitacion","centro",686,0,0,103
2017,24,"precipitacion","centro",686,0,0,103
2017,25,"precipitacion","centro",686,0,0,103
2017,26,"precipitacion","centro",686,0,0,103
2017,27,"precipitacion","centro",686,0,0,103
2017,28,"precipitacion","centro",686,0,0,103
2017,29,"precipitacion","centro",686,0,0,103
2017,30,"precipitacion","centro",686,0,0,103
2017,31,"precipitacion","centro",686,0,0,103
2017,32,"precipitacion","centro",686,0,0,103
2017,33,"precipitacion","centro",686,0,0,103
2017,34,"precipitacion","centro",686,0,0,103
2017,35,"precipitacion","centro",686,0,0,103
2017,36,"precipitacion","centro",686,0,0,103
2017,37,"precipitacion","centro",686,0,0,103
2017,38,"precipitacion","centro",686,0,0,103
2017,39,"precipitacion","centro",686,0,0,103
2017,40,"precipitacion","centro",686,0,0,103
2017,41,"precipitacion","centro",686,0,0,103
2017,42,"precipitacion","centro",686,0,0,103
2017,43,"precipitacion","centro",686,0,0,103
2017,44,"precipitacion","centro",686,0,0,103
2017,45,"precipitacion","centro",686,0,0,103
2017,46,"precipitacion","centro",686,0,0,103
2017,47,"precipitacion","centro",686,0,0,103
2017,48,"precipitacion","centro",686,0,0,103
2017,49,"precipitacion","centro",686,0,0,103
2017,50,"precipitacion","centro",686,0,0,103
2017,51,"precipitacion","centro",686,0,0,103
2017,52,"precipitacion","centro",686,0,0,103
2017,1,"precipitacion","interseccion",787,0,2,0
2017,2,"precipitacion","interseccion",787,0,2,0
2017,3,"precipitacion","interseccion",787,0,2,0
2017,4,"precipitacion","interseccion",787,0,2,0
2017,5,"precipitacion","interseccion",787,0,2,0
2017,6,"precipitacion","interseccion",787,0,2,0
2017,7,"precipitacion","interseccion",787,0,2,0
2017,8,"precipitacion","interseccion",787,0,2,0
2017,9,"precipitacion","interseccion",787,0,2,0
2017,10,"precipitacion","interseccion",787,0,2,0
2017,11,"precipitacion","interseccion",787,0,2,0
2017,12,"precipitacion","interseccion",787,0,2,0
2017,13,"precipitacion","interseccion",787,0,2,0
2017,14,"precipitacion","interseccion",787,0,2,0
2017,15,"precipitacion","interseccion",787,0,2,0
2017,16,"precipitacion","interseccion",787,0,2,0
2017,17,"precipitacion","interseccion",787,0,2,0
2017,18,"precipitacion","interseccion",787,0,2,0
2017,19,"precipitacion","interseccion",787,0,2,0
2017,20,"precipitacion","interseccion",787,0,2,0
2017,21,"precipitacion","interseccion",787,0,2,0
2017,22,"precipitacion","interseccion",787,0,2,0
2017,23,"precipitacion","interseccion",787,0,2,0
2017,24,"precipitacion","interseccion",787,0,2,0
2017,25,"precipitacion","interseccion",787,0,2,0
2017,26,"precipitacion","interseccion",787,0,2,0
2017,27,"precipitacion","interseccion",787,0,2,0
2017,28,"precipitacion","interseccion",787,0,2,0
2017,29,"precipitacion","interseccion",787,0,2,0
2017,30,"precipitacion","interseccion",787,0,2,0
2017,31,"precipitacion","interseccion",787,0,2,0
2017,32,"precipitacion","interseccion",787,0,2,0
2017,33,"precipitacion","interseccion",787,0,2,0
2017,34,"precipitacion","interseccion",787,0,2,0
2017,35,"precipitacion","interseccion",787,0,2,0
2017,36,"precipitacion","interseccion",787,0,2,0
2017,37,"precipitacion","interseccion",787,0,2,0
2017,38,"precipitacion","interseccion",787,0,2,0
2017,39,"precipitacion","interseccion",787,0,2,0
2017,40,"precipitacion","interseccion",787,0,2,0
2017,41,"precipitacion","interseccion",787,0,2,0
2017,42,"precipitacion","interseccion",787,0,2,0
2017,43,"precipitacion","interseccion",787,0,2,0
2017,44,"precipitacion","interseccion",787,0,2,0
2017,45,"precipitacion","interseccion",787,0,2,0
2017,46,"precipitacion","interseccion",787,0,2,0
2017,47,"precipitacion","interseccion",787,0,2,0
2017,48,"precipitacion","interseccion",787,0,2,0
2017,49,"precipitacion","interseccion",787,0,2,0
2017,50,"precipitacion","interseccion",787,0,2,0
2017,51,"precipitacion","interseccion",787,0,2,0
2017,52,"precipitacion","interseccion",787,0,2,0
2017,1,"temperatura","centro",122,564,0,10
2017,2,"temperatura","centro",122,564,0,10
2017,3,"temperatura","centro",122,564,0,10
2017,4,"temperatura","centro",122,564,0,10
2017,5,"temperatura","centro",122,564,0,10
2017,6,"temperatura","centro",122,564,0,10
2017,7,"temperatura","centro",122,564,0,10
2017,8,"temperatura","centro",122,564,0,10
2017,9,"temperatura","centro",122,564,0,10
2017,10,"temperatura","centro",122,564,0,10
2017,11,"temperatura","centro",122,564,0,10
2017,12,"temperatura","centro",122,564,0,10
2017,13,"temperatura","centro",122,564,0,10
2017,14,"temperatura","centro",122,564,0,10
2017,15,"temperatura","centro",122,564,0,10
2017,16,"temperatura","centro",122,564,0,10
2017,17,"temperatura","centro",122,564,0,10
2017,18,"temperatura","centro",122,564,0,10
2017,19,"temperatura","centro",122,564,0,10
2017,20,"temperatura","centro",122,564,0,10
2017,21,"temperatura","centro",122,564,0,10
2017,22,"temperatura","centro",122,564,0,10
2017,23,"temperatura","centro",122,564,0,10
2017,24,"temperatura","centro",122,564,0,10
2017,25,"temperatura","centro",122,564,0,10
2017,26,"temperatura","centro",122,564,0,10
2017,27,"temperatura","centro",122,564,0,10
2017,28,"temperatura","centro",122,564,0,10
2017,29,"temperatura","centro",122,564,0,10
2017,30,"temperatura","centro",122,564,0,10
2017,31,"temperatura","centro",122,564,0,10
2017,32,"temperatura","centro",122,564,0,10
2017,33,"temperatura","centro",122,564,0,10
2017,34,"temperatura","centro",122,564,0,10
2017,35,"temperatura","centro",122,564,0,10
2017,36,"temperatura","centro",122,564,0,10
2017,37,"temperatura","centro",122,564,0,10
2017,38,"temperatura","centro",122,564,0,10
2017,39,"temperatura","centro",122,564,0,10
2017,40,"temperatura","centro",122,564,0,10
2017,41,"temperatura","centro",122,564,0,10
2017,42,"temperatura","centro",122,564,0,10
2017,43,"temperatura","centro",122,564,0,10
2017,44,"temperatura","centro",122,564,0,10
2017,45,"temperatura","centro",122,564,0,10
2017,46,"temperatura","centro",122,564,0,10
2017,47,"temperatura","centro",122,564,0,10
2017,48,"temperatura","centro",122,564,0,10
2017,49,"temperatura","centro",122,564,0,10
2017,50,"temperatura","centro",122,564,0,10
2017,51,"temperatura","centro",122,564,0,10
2017,52,"temperatura","centro",122,564,0,10
2017,1,"temperatura","interseccion",132,657,0,0
2017,2,"temperatura","interseccion",132,657,0,0
2017,3,"temperatura","interseccion",132,657,0,0
2017,4,"temperatura","interseccion",132,657,0,0
2017,5,"temperatura","interseccion",132,657,0,0
2017,6,"temperatura","interseccion",132,657,0,0
2017,7,"temperatura","interseccion",132,657,0,0
2017,8,"temperatura","interseccion",132,657,0,0
2017,9,"temperatura","interseccion",132,657,0,0
2017,10,"temperatura","interseccion",132,657,0,0
2017,11,"temperatura","interseccion",132,657,0,0
2017,12,"temperatura","interseccion",132,657,0,0
2017,13,"temperatura","interseccion",132,657,0,0
2017,14,"temperatura","interseccion",132,657,0,0
2017,15,"temperatura","interseccion",132,657,0,0
2017,16,"temperatura","interseccion",132,657,0,0
2017,17,"temperatura","interseccion",132,657,0,0
2017,18,"temperatura","interseccion",132,657,0,0
2017,19,"temperatura","interseccion",132,657,0,0
2017,20,"temperatura","interseccion",132,657,0,0
2017,21,"temperatura","interseccion",132,657,0,0
2017,22,"temperatura","interseccion",132,657,0,0
2017,23,"temperatura","interseccion",132,657,0,0
2017,24,"temperatura","interseccion",132,657,0,0
2017,25,"temperatura","interseccion",132,657,0,0
2017,26,"temperatura","interseccion",132,657,0,0
2017,27,"temperatura","interseccion",132,657,0,0
2017,28,"temperatura","interseccion",132,657,0,0
2017,29,"temperatura","interseccion",132,657,0,0
2017,30,"temperatura","interseccion",132,657,0,0
2017,31,"temperatura","interseccion",132,657,0,0
2017,32,"temperatura","interseccion",132,657,0,0
2017,33,"temperatura","interseccion",132,657,0,0
2017,34,"temperatura","interseccion",132,657,0,0
2017,35,"temperatura","interseccion",132,657,0,0
2017,36,"temperatura","interseccion",132,657,0,0
2017,37,"temperatura","interseccion",132,657,0,0
2017,38,"temperatura","interseccion",132,657,0,0
2017,39,"temperatura","interseccion",132,657,0,0
2017,40,"temperatura","interseccion",132,657,0,0
2017,41,"temperatura","interseccion",132,657,0,0
2017,42,"temperatura","interseccion",132,657,0,0
2017,43,"temperatura","interseccion",132,657,0,0
2017,44,"temperatura","interseccion",132,657,0,0
2017,45,"temperatura","interseccion",132,657,0,0
2017,46,"temperatura","interseccion",132,657,0,0
2017,47,"temperatura","interseccion",132,657,0,0
2017,48,"temperatura","interseccion",132,657,0,0
2017,49,"temperatura","interseccion",132,657,0,0
2017,50,"temperatura","interseccion",132,657,0,0
2017,51,"temperatura","interseccion",132,657,0,0
2017,52,"temperatura","interseccion",132,657,0,0
2017,1,"radiacion","centro",27,659,0,4
2017,2,"radiacion","centro",27,659,0,4
2017,3,"radiacion","centro",27,659,0,4
2017,4,"radiacion","centro",27,659,0,4
2017,5,"radiacion","centro",27,659,0,4
2017,6,"radiacion","centro",27,659,0,4
2017,7,"radiacion","centro",27,659,0,4
2017,8,"radiacion","centro",27,659,0,4
2017,9,"radiacion","centro",27,659,0,4
2017,10,"radiacion","centro",27,659,0,4
2017,11,"radiacion","centro",27,659,0,4
2017,12,"radiacion","centro",27,659,0,4
2017,13,"radiacion","centro",27,659,0,4
2017,14,"radiacion","centro",27,659,0,4
2017,15,"radiacion","centro",27,659,0,4
2017,16,"radiacion","centro",27,659,0,4
2017,17,"radiacion","centro",27,659,0,4
2017,18,"radiacion","centro",27,659,0,4
2017,19,"radiacion","centro",27,659,0,4
2017,20,"radiacion","centro",27,659,0,4
2017,21,"radiacion","centro",27,659,0,4
2017,22,"radiacion","centro",27,659,0,4
2017,23,"radiacion","centro",27,659,0,4
2017,24,"radiacion","centro",27,659,0,4
2017,25,"radiacion","centro",27,659,0,4
2017,26,"radiacion","centro",27,659,0,4
2017,27,"radiacion","centro",27,659,0,4
2017,28,"radiacion","centro",27,659,0,4
2017,29,"radiacion","centro",27,659,0,4
2017,30,"radiacion","centro",27,659,0,4
2017,31,"radiacion","centro",27,659,0,4
2017,32,"radiacion","centro",27,659,0,4
2017,33,"radiacion","centro",27,659,0,4
2017,34,"radiacion","centro",27,659,0,4
2017,35,"radiacion","centro",27,659,0,4
2017,36,"radiacion","centro",27,659,0,4
2017,37,"radiacion","centro",27,659,0,4
2017,38,"radiacion","centro",27,659,0,4
2017,39,"radiacion","centro",27,659,0,4
2017,40,"radiacion","centro",27,659,0,4
2017,41,"radiacion","centro",27,659,0,4
2017,42,"radiacion","centro",27,659,0,4
2017,43,"radiacion","centro",27,659,0,4
2017,44,"radiacion","centro",27,659,0,4
2017,45,"radiacion","centro",27,659,0,4
2017,46,"radiacion","centro",27,659,0,4
2017,47,"radiacion","centro",27,659,0,4
2017,48,"radiacion","centro",27,659,0,4
2017,49,"radiacion","centro",27,659,0,4
2017,50,"radiacion","centro",27,659,0,4
2017,51,"radiacion","centro",27,659,0,4
2017,52,"radiacion","centro",27,659,0,4
2017,1,"radiacion","interseccion",31,758,0,0
2017,2,"radiacion","interseccion",31,758,0,0
2017,3,"radiacion","interseccion",31,758,0,0
2017,4,"radiacion","interseccion",31,758,0,0
2017,5,"radiacion","interseccion",31,758,0,0
2017,6,"radiacion","interseccion",31,758,0,0
2017,7,"radiacion","interseccion",31,758,0,0
2017,8,"radiacion","interseccion",31,758,0,0
2017,9,"radiacion","interseccion",31,758,0,0
2017,10,"radiacion","interseccion",31,758,0,0
2017,11,"radiacion","interseccion",31,758,0,0
2017,12,"radiacion","interseccion",31,758,0,0
2017,13,"radiacion","interseccion",31,758,0,0
2017,14,"radiacion","interseccion",31,758,0,0
2017,15,"radiacion","interseccion",31,758,0,0
2017,16,"radiacion","interseccion",31,758,0,0
2017,17,"radiacion","interseccion",31,758,0,0
2017,18,"radiacion","interseccion",31,758,0,0
2017,19,"radiacion","interseccion",31,758,0,0
2017,20,"radiacion","interseccion",31,758,0,0
2017,21,"radiacion","interseccion",31,758,0,0
2017,22,"radiacion","interseccion",31,758,0,0
2017,23,"radiacion","interseccion",31,758,0,0
2017,24,"radiacion","interseccion",31,758,0,0
2017,25,"radiacion","interseccion",31,758,0,0
2017,26,"radiacion","interseccion",31,758,0,0
2017,27,"radiacion","interseccion",31,758,0,0
2017,28,"radiacion","interseccion",31,758,0,0
2017,29,"radiacion","interseccion",31,758,0,0
2017,30,"radiacion","interseccion",31,758,0,0
2017,31,"radiacion","interseccion",31,758,0,0
2017,32,"radiacion","interseccion",31,758,0,0
2017,33,"radiacion","interseccion",31,758,0,0
2017,34,"radiacion","interseccion",31,758,0,0
2017,35,"radiacion","interseccion",31,758,0,0
2017,36,"radiacion","interseccion",31,758,0,0
2017,37,"radiacion","interseccion",31,758,0,0
2017,38,"radiacion","interseccion",31,758,0,0
2017,39,"radiacion","interseccion",31,758,0,0
2017,40,"radiacion","interseccion",31,758,0,0
2017,41,"radiacion","interseccion",31,758,0,0
2017,42,"radiacion","interseccion",31,758,0,0
2017,43,"radiacion","interseccion",31,758,0,0
2017,44,"radiacion","interseccion",31,758,0,0
2017,45,"radiacion","interseccion",31,758,0,0
2017,46,"radiacion","interseccion",31,758,0,0
2017,47,"radiacion","interseccion",31,758,0,0
2017,48,"radiacion","interseccion",31,758,0,0
2017,49,"radiacion","interseccion",31,758,0,0
2017,50,"radiacion","interseccion",31,758,0,0
2017,51,"radiacion","interseccion",31,758,0,0
2017,52,"radiacion","interseccion",31,758,0,0
2018,1,"precipitacion","centro",686,0,0,103
2018,2,"precipitacion","centro",686,0,0,103
2018,3,"precipitacion","centro",686,0,0,103
2018,4,"precipitacion","centro",686,0,0,103
2018,5,"precipitacion","centro",686,0,0,103
2018,6,"precipitacion","centro",686,0,0,103
2018,7,"precipitacion","centro",686,0,0,103
2018,8,"precipitacion","centro",686,0,0,103
2018,9,"precipitacion","centro",686,0,0,103
2018,10,"precipitacion","centro",686,0,0,103
2018,11,"precipitacion","centro",686,0,0,103
2018,12,"precipitacion","centro",686,0,0,103
2018,13,"precipitacion","centro",686,0,0,103
2018,14,"precipitacion","centro",686,0,0,103
2018,15,"precipitacion","centro",686,0,0,103
2018,16,"precipitacion","centro",686,0,0,103
2018,17,"precipitacion","centro",686,0,0,103
2018,18,"precipitacion","centro",686,0,0,103
2018,19,"precipitacion","centro",686,0,0,103
2018,20,"precipitacion","centro",686,0,0,103
2018,21,"precipitacion","centro",686,0,0,103
2018,22,"precipitacion","centro",686,0,0,103
2018,23,"precipitacion","centro",686,0,0,103
2018,24,"precipitacion","centro",686,0,0,103
2018,25,"precipitacion","centro",686,0,0,103
2018,26,"precipitacion","centro",686,0,0,103
2018,27,"precipitacion","centro",686,0,0,103
2018,28,"precipitacion","centro",686,0,0,103
2018,29,"precipitacion","centro",686,0,0,103
2018,30,"precipitacion","centro",686,0,0,103
2018,31,"precipitacion","centro",686,0,0,103
2018,32,"precipitacion","centro",686,0,0,103
2018,33,"precipitacion","centro",686,0,0,103
2018,34,"precipitacion","centro",686,0,0,103
2018,35,"precipitacion","centro",686,0,0,103
2018,36,"precipitacion","centro",686,0,0,103
2018,37,"precipitacion","centro",686,0,0,103
2018,38,"precipitacion","centro",686,0,0,103
2018,39,"precipitacion","centro",686,0,0,103
2018,40,"precipitacion","centro",686,0,0,103
2018,41,"precipitacion","centro",686,0,0,103
2018,42,"precipitacion","centro",686,0,0,103
2018,43,"precipitacion","centro",686,0,0,103
2018,44,"precipitacion","centro",686,0,0,103
2018,45,"precipitacion","centro",686,0,0,103
2018,46,"precipitacion","centro",686,0,0,103
2018,47,"precipitacion","centro",686,0,0,103
2018,48,"precipitacion","centro",686,0,0,103
2018,49,"precipitacion","centro",686,0,0,103
2018,50,"precipitacion","centro",686,0,0,103
2018,51,"precipitacion","centro",686,0,0,103
2018,52,"precipitacion","centro",686,0,0,103
2018,1,"precipitacion","interseccion",787,0,2,0
2018,2,"precipitacion","interseccion",787,0,2,0
2018,3,"precipitacion","interseccion",787,0,2,0
2018,4,"precipitacion","interseccion",787,0,2,0
2018,5,"precipitacion","interseccion",787,0,2,0
2018,6,"precipitacion","interseccion",787,0,2,0
2018,7,"precipitacion","interseccion",787,0,2,0
2018,8,"precipitacion","interseccion",787,0,2,0
2018,9,"precipitacion","interseccion",787,0,2,0
2018,10,"precipitacion","interseccion",787,0,2,0
2018,11,"precipitacion","interseccion",787,0,2,0
2018,12,"precipitacion","interseccion",787,0,2,0
2018,13,"precipitacion","interseccion",787,0,2,0
2018,14,"precipitacion","interseccion",787,0,2,0
2018,15,"precipitacion","interseccion",787,0,2,0
2018,16,"precipitacion","interseccion",787,0,2,0
2018,17,"precipitacion","interseccion",787,0,2,0
2018,18,"precipitacion","interseccion",787,0,2,0
2018,19,"precipitacion","interseccion",787,0,2,0
2018,20,"precipitacion","interseccion",787,0,2,0
2018,21,"precipitacion","interseccion",787,0,2,0
2018,22,"precipitacion","interseccion",787,0,2,0
2018,23,"precipitacion","interseccion",787,0,2,0
2018,24,"precipitacion","interseccion",787,0,2,0
2018,25,"precipitacion","interseccion",787,0,2,0
2018,26,"precipitacion","interseccion",787,0,2,0
2018,27,"precipitacion","interseccion",787,0,2,0
2018,28,"precipitacion","interseccion",787,0,2,0
2018,29,"precipitacion","interseccion",787,0,2,0
2018,30,"precipitacion","interseccion",787,0,2,0
2018,31,"precipitacion","interseccion",787,0,2,0
2018,32,"precipitacion","interseccion",787,0,2,0
2018,33,"precipitacion","interseccion",787,0,2,0
2018,34,"precipitacion","interseccion",787,0,2,0
2018,35,"precipitacion","interseccion",787,0,2,0
2018,36,"precipitacion","interseccion",787,0,2,0
2018,37,"precipitacion","interseccion",787,0,2,0
2018,38,"precipitacion","interseccion",787,0,2,0
2018,39,"precipitacion","interseccion",787,0,2,0
2018,40,"precipitacion","interseccion",787,0,2,0
2018,41,"precipitacion","interseccion",787,0,2,0
2018,42,"precipitacion","interseccion",787,0,2,0
2018,43,"precipitacion","interseccion",787,0,2,0
2018,44,"precipitacion","interseccion",787,0,2,0
2018,45,"precipitacion","interseccion",787,0,2,0
2018,46,"precipitacion","interseccion",787,0,2,0
2018,47,"precipitacion","interseccion",787,0,2,0
2018,48,"precipitacion","interseccion",787,0,2,0
2018,49,"precipitacion","interseccion",787,0,2,0
2018,50,"precipitacion","interseccion",787,0,2,0
2018,51,"precipitacion","interseccion",787,0,2,0
2018,52,"precipitacion","interseccion",787,0,2,0
2018,1,"temperatura","centro",122,564,0,10
2018,2,"temperatura","centro",122,564,0,10
2018,3,"temperatura","centro",122,564,0,10
2018,4,"temperatura","centro",122,564,0,10
2018,5,"temperatura","centro",122,564,0,10
2018,6,"temperatura","centro",122,564,0,10
2018,7,"temperatura","centro",122,564,0,10
2018,8,"temperatura","centro",122,564,0,10
2018,9,"temperatura","centro",122,564,0,10
2018,10,"temperatura","centro",122,564,0,10
2018,11,"temperatura","centro",122,564,0,10
2018,12,"temperatura","centro",122,564,0,10
2018,13,"temperatura","centro",122,564,0,10
2018,14,"temperatura","centro",122,564,0,10
2018,15,"temperatura","centro",122,564,0,10
2018,16,"temperatura","centro",122,564,0,10
2018,17,"temperatura","centro",122,564,0,10
2018,18,"temperatura","centro",122,564,0,10
2018,19,"temperatura","centro",122,564,0,10
2018,20,"temperatura","centro",122,564,0,10
2018,21,"temperatura","centro",122,564,0,10
2018,22,"temperatura","centro",122,564,0,10
2018,23,"temperatura","centro",122,564,0,10
2018,24,"temperatura","centro",122,564,0,10
2018,25,"temperatura","centro",122,564,0,10
2018,26,"temperatura","centro",122,564,0,10
2018,27,"temperatura","centro",122,564,0,10
2018,28,"temperatura","centro",122,564,0,10
2018,29,"temperatura","centro",122,564,0,10
2018,30,"temperatura","centro",122,564,0,10
2018,31,"temperatura","centro",122,564,0,10
2018,32,"temperatura","centro",122,564,0,10
2018,33,"temperatura","centro",122,564,0,10
2018,34,"temperatura","centro",122,564,0,10
2018,35,"temperatura","centro",122,564,0,10
2018,36,"temperatura","centro",122,564,0,10
2018,37,"temperatura","centro",122,564,0,10
2018,38,"temperatura","centro",122,564,0,10
2018,39,"temperatura","centro",122,564,0,10
2018,40,"temperatura","centro",122,564,0,10
2018,41,"temperatura","centro",122,564,0,10
2018,42,"temperatura","centro",122,564,0,10
2018,43,"temperatura","centro",122,564,0,10
2018,44,"temperatura","centro",122,564,0,10
2018,45,"temperatura","centro",122,564,0,10
2018,46,"temperatura","centro",122,564,0,10
2018,47,"temperatura","centro",122,564,0,10
2018,48,"temperatura","centro",122,564,0,10
2018,49,"temperatura","centro",122,564,0,10
2018,50,"temperatura","centro",122,564,0,10
2018,51,"temperatura","centro",122,564,0,10
2018,52,"temperatura","centro",122,564,0,10
2018,1,"temperatura","interseccion",132,657,0,0
2018,2,"temperatura","interseccion",132,657,0,0
2018,3,"temperatura","interseccion",132,657,0,0
2018,4,"temperatura","interseccion",132,657,0,0
2018,5,"temperatura","interseccion",132,657,0,0
2018,6,"temperatura","interseccion",132,657,0,0
2018,7,"temperatura","interseccion",132,657,0,0
2018,8,"temperatura","interseccion",132,657,0,0
2018,9,"temperatura","interseccion",132,657,0,0
2018,10,"temperatura","interseccion",132,657,0,0
2018,11,"temperatura","interseccion",132,657,0,0
2018,12,"temperatura","interseccion",132,657,0,0
2018,13,"temperatura","interseccion",132,657,0,0
2018,14,"temperatura","interseccion",132,657,0,0
2018,15,"temperatura","interseccion",132,657,0,0
2018,16,"temperatura","interseccion",132,657,0,0
2018,17,"temperatura","interseccion",132,657,0,0
2018,18,"temperatura","interseccion",132,657,0,0
2018,19,"temperatura","interseccion",132,657,0,0
2018,20,"temperatura","interseccion",132,657,0,0
2018,21,"temperatura","interseccion",132,657,0,0
2018,22,"temperatura","interseccion",132,657,0,0
2018,23,"temperatura","interseccion",132,657,0,0
2018,24,"temperatura","interseccion",132,657,0,0
2018,25,"temperatura","interseccion",132,657,0,0
2018,26,"temperatura","interseccion",132,657,0,0
2018,27,"temperatura","interseccion",132,657,0,0
2018,28,"temperatura","interseccion",132,657,0,0
2018,29,"temperatura","interseccion",132,657,0,0
2018,30,"temperatura","interseccion",132,657,0,0
2018,31,"temperatura","interseccion",132,657,0,0
2018,32,"temperatura","interseccion",132,657,0,0
2018,33,"temperatura","interseccion",132,657,0,0
2018,34,"temperatura","interseccion",132,657,0,0
2018,35,"temperatura","interseccion",132,657,0,0
2018,36,"temperatura","interseccion",132,657,0,0
2018,37,"temperatura","interseccion",132,657,0,0
2018,38,"temperatura","interseccion",132,657,0,0
2018,39,"temperatura","interseccion",132,657,0,0
2018,40,"temperatura","interseccion",132,657,0,0
2018,41,"temperatura","interseccion",132,657,0,0
2018,42,"temperatura","interseccion",132,657,0,0
2018,43,"temperatura","interseccion",132,657,0,0
2018,44,"temperatura","interseccion",132,657,0,0
2018,45,"temperatura","interseccion",132,657,0,0
2018,46,"temperatura","interseccion",132,657,0,0
2018,47,"temperatura","interseccion",132,657,0,0
2018,48,"temperatura","interseccion",132,657,0,0
2018,49,"temperatura","interseccion",132,657,0,0
2018,50,"temperatura","interseccion",132,657,0,0
2018,51,"temperatura","interseccion",132,657,0,0
2018,52,"temperatura","interseccion",132,657,0,0
2018,1,"radiacion","centro",27,659,0,4
2018,2,"radiacion","centro",27,659,0,4
2018,3,"radiacion","centro",27,659,0,4
2018,4,"radiacion","centro",27,659,0,4
2018,5,"radiacion","centro",27,659,0,4
2018,6,"radiacion","centro",27,659,0,4
2018,7,"radiacion","centro",27,659,0,4
2018,8,"radiacion","centro",27,659,0,4
2018,9,"radiacion","centro",27,659,0,4
2018,10,"radiacion","centro",27,659,0,4
2018,11,"radiacion","centro",27,659,0,4
2018,12,"radiacion","centro",27,659,0,4
2018,13,"radiacion","centro",27,659,0,4
2018,14,"radiacion","centro",27,659,0,4
2018,15,"radiacion","centro",27,659,0,4
2018,16,"radiacion","centro",27,659,0,4
2018,17,"radiacion","centro",27,659,0,4
2018,18,"radiacion","centro",27,659,0,4
2018,19,"radiacion","centro",27,659,0,4
2018,20,"radiacion","centro",27,659,0,4
2018,21,"radiacion","centro",27,659,0,4
2018,22,"radiacion","centro",27,659,0,4
2018,23,"radiacion","centro",27,659,0,4
2018,24,"radiacion","centro",27,659,0,4
2018,25,"radiacion","centro",27,659,0,4
2018,26,"radiacion","centro",27,659,0,4
2018,27,"radiacion","centro",27,659,0,4
2018,28,"radiacion","centro",27,659,0,4
2018,29,"radiacion","centro",27,659,0,4
2018,30,"radiacion","centro",27,659,0,4
2018,31,"radiacion","centro",27,659,0,4
2018,32,"radiacion","centro",27,659,0,4
2018,33,"radiacion","centro",27,659,0,4
2018,34,"radiacion","centro",27,659,0,4
2018,35,"radiacion","centro",27,659,0,4
2018,36,"radiacion","centro",27,659,0,4
2018,37,"radiacion","centro",27,659,0,4
2018,38,"radiacion","centro",27,659,0,4
2018,39,"radiacion","centro",27,659,0,4
2018,40,"radiacion","centro",27,659,0,4
2018,41,"radiacion","centro",27,659,0,4
2018,42,"radiacion","centro",27,659,0,4
2018,43,"radiacion","centro",27,659,0,4
2018,44,"radiacion","centro",27,659,0,4
2018,45,"radiacion","centro",27,659,0,4
2018,46,"radiacion","centro",27,659,0,4
2018,47,"radiacion","centro",27,659,0,4
2018,48,"radiacion","centro",27,659,0,4
2018,49,"radiacion","centro",27,659,0,4
2018,50,"radiacion","centro",27,659,0,4
2018,51,"radiacion","centro",27,659,0,4
2018,52,"radiacion","centro",27,659,0,4
2018,1,"radiacion","interseccion",31,758,0,0
2018,2,"radiacion","interseccion",31,758,0,0
2018,3,"radiacion","interseccion",31,758,0,0
2018,4,"radiacion","interseccion",31,758,0,0
2018,5,"radiacion","interseccion",31,758,0,0
2018,6,"radiacion","interseccion",31,758,0,0
2018,7,"radiacion","interseccion",31,758,0,0
2018,8,"radiacion","interseccion",31,758,0,0
2018,9,"radiacion","interseccion",31,758,0,0
2018,10,"radiacion","interseccion",31,758,0,0
2018,11,"radiacion","interseccion",31,758,0,0
2018,12,"radiacion","interseccion",31,758,0,0
2018,13,"radiacion","interseccion",31,758,0,0
2018,14,"radiacion","interseccion",31,758,0,0
2018,15,"radiacion","interseccion",31,758,0,0
2018,16,"radiacion","interseccion",31,758,0,0
2018,17,"radiacion","interseccion",31,758,0,0
2018,18,"radiacion","interseccion",31,758,0,0
2018,19,"radiacion","interseccion",31,758,0,0
2018,20,"radiacion","interseccion",31,758,0,0
2018,21,"radiacion","interseccion",31,758,0,0
2018,22,"radiacion","interseccion",31,758,0,0
2018,23,"radiacion","interseccion",31,758,0,0
2018,24,"radiacion","interseccion",31,758,0,0
2018,25,"radiacion","interseccion",31,758,0,0
2018,26,"radiacion","interseccion",31,758,0,0
2018,27,"radiacion","interseccion",31,758,0,0
2018,28,"radiacion","interseccion",31,758,0,0
2018,29,"radiacion","interseccion",31,758,0,0
2018,30,"radiacion","interseccion",31,758,0,0
2018,31,"radiacion","interseccion",31,758,0,0
2018,32,"radiacion","interseccion",31,758,0,0
2018,33,"radiacion","interseccion",31,758,0,0
2018,34,"radiacion","interseccion",31,758,0,0
2018,35,"radiacion","interseccion",31,758,0,0
2018,36,"radiacion","interseccion",31,758,0,0
2018,37,"radiacion","interseccion",31,758,0,0
2018,38,"radiacion","interseccion",31,758,0,0
2018,39,"radiacion","interseccion",31,758,0,0
2018,40,"radiacion","interseccion",31,758,0,0
2018,41,"radiacion","interseccion",31,758,0,0
2018,42,"radiacion","interseccion",31,758,0,0
2018,43,"radiacion","interseccion",31,758,0,0
2018,44,"radiacion","interseccion",31,758,0,0
2018,45,"radiacion","interseccion",31,758,0,0
2018,46,"radiacion","interseccion",31,758,0,0
2018,47,"radiacion","interseccion",31,758,0,0
2018,48,"radiacion","interseccion",31,758,0,0
2018,49,"radiacion","interseccion",31,758,0,0
2018,50,"radiacion","interseccion",31,758,0,0
2018,51,"radiacion","interseccion",31,758,0,0
2018,52,"radiacion","interseccion",31,758,0,0
2019,1,"precipitacion","centro",686,0,0,103
2019,2,"precipitacion","centro",686,0,0,103
2019,3,"precipitacion","centro",686,0,0,103
2019,4,"precipitacion","centro",686,0,0,103
2019,5,"precipitacion","centro",686,0,0,103
2019,6,"precipitacion","centro",686,0,0,103
2019,7,"precipitacion","centro",686,0,0,103
2019,8,"precipitacion","centro",686,0,0,103
2019,9,"precipitacion","centro",686,0,0,103
2019,10,"precipitacion","centro",686,0,0,103
2019,11,"precipitacion","centro",686,0,0,103
2019,12,"precipitacion","centro",686,0,0,103
2019,13,"precipitacion","centro",686,0,0,103
2019,14,"precipitacion","centro",686,0,0,103
2019,15,"precipitacion","centro",686,0,0,103
2019,16,"precipitacion","centro",686,0,0,103
2019,17,"precipitacion","centro",686,0,0,103
2019,18,"precipitacion","centro",686,0,0,103
2019,19,"precipitacion","centro",686,0,0,103
2019,20,"precipitacion","centro",686,0,0,103
2019,21,"precipitacion","centro",686,0,0,103
2019,22,"precipitacion","centro",686,0,0,103
2019,23,"precipitacion","centro",686,0,0,103
2019,24,"precipitacion","centro",686,0,0,103
2019,25,"precipitacion","centro",686,0,0,103
2019,26,"precipitacion","centro",686,0,0,103
2019,27,"precipitacion","centro",686,0,0,103
2019,28,"precipitacion","centro",686,0,0,103
2019,29,"precipitacion","centro",686,0,0,103
2019,30,"precipitacion","centro",686,0,0,103
2019,31,"precipitacion","centro",686,0,0,103
2019,32,"precipitacion","centro",686,0,0,103
2019,33,"precipitacion","centro",686,0,0,103
2019,34,"precipitacion","centro",686,0,0,103
2019,35,"precipitacion","centro",686,0,0,103
2019,36,"precipitacion","centro",686,0,0,103
2019,37,"precipitacion","centro",686,0,0,103
2019,38,"precipitacion","centro",686,0,0,103
2019,39,"precipitacion","centro",686,0,0,103
2019,40,"precipitacion","centro",686,0,0,103
2019,41,"precipitacion","centro",686,0,0,103
2019,42,"precipitacion","centro",686,0,0,103
2019,43,"precipitacion","centro",686,0,0,103
2019,44,"precipitacion","centro",686,0,0,103
2019,45,"precipitacion","centro",686,0,0,103
2019,46,"precipitacion","centro",686,0,0,103
2019,47,"precipitacion","centro",686,0,0,103
2019,48,"precipitacion","centro",686,0,0,103
2019,49,"precipitacion","centro",686,0,0,103
2019,50,"precipitacion","centro",686,0,0,103
2019,51,"precipitacion","centro",686,0,0,103
2019,52,"precipitacion","centro",686,0,0,103
2019,1,"precipitacion","interseccion",787,0,2,0
2019,2,"precipitacion","interseccion",787,0,2,0
2019,3,"precipitacion","interseccion",787,0,2,0
2019,4,"precipitacion","interseccion",787,0,2,0
2019,5,"precipitacion","interseccion",787,0,2,0
2019,6,"precipitacion","interseccion",787,0,2,0
2019,7,"precipitacion","interseccion",787,0,2,0
2019,8,"precipitacion","interseccion",787,0,2,0
2019,9,"precipitacion","interseccion",787,0,2,0
2019,10,"precipitacion","interseccion",787,0,2,0
2019,11,"precipitacion","interseccion",787,0,2,0
2019,12,"precipitacion","interseccion",787,0,2,0
2019,13,"precipitacion","interseccion",787,0,2,0
2019,14,"precipitacion","interseccion",787,0,2,0
2019,15,"precipitacion","interseccion",787,0,2,0
2019,16,"precipitacion","interseccion",787,0,2,0
2019,17,"precipitacion","interseccion",787,0,2,0
2019,18,"precipitacion","interseccion",787,0,2,0
2019,19,"precipitacion","interseccion",787,0,2,0
2019,20,"precipitacion","interseccion",787,0,2,0
2019,21,"precipitacion","interseccion",787,0,2,0
2019,22,"precipitacion","interseccion",787,0,2,0
2019,23,"precipitacion","interseccion",787,0,2,0
2019,24,"precipitacion","interseccion",787,0,2,0
2019,25,"precipitacion","interseccion",787,0,2,0
2019,26,"precipitacion","interseccion",787,0,2,0
2019,27,"precipitacion","interseccion",787,0,2,0
2019,28,"precipitacion","interseccion",787,0,2,0
2019,29,"precipitacion","interseccion",787,0,2,0
2019,30,"precipitacion","interseccion",787,0,2,0
2019,31,"precipitacion","interseccion",787,0,2,0
2019,32,"precipitacion","interseccion",787,0,2,0
2019,33,"precipitacion","interseccion",787,0,2,0
2019,34,"precipitacion","interseccion",787,0,2,0
2019,35,"precipitacion","interseccion",787,0,2,0
2019,36,"precipitacion","interseccion",787,0,2,0
2019,37,"precipitacion","interseccion",787,0,2,0
2019,38,"precipitacion","interseccion",787,0,2,0
2019,39,"precipitacion","interseccion",787,0,2,0
2019,40,"precipitacion","interseccion",787,0,2,0
2019,41,"precipitacion","interseccion",787,0,2,0
2019,42,"precipitacion","interseccion",787,0,2,0
2019,43,"precipitacion","interseccion",787,0,2,0
2019,44,"precipitacion","interseccion",787,0,2,0
2019,45,"precipitacion","interseccion",787,0,2,0
2019,46,"precipitacion","interseccion",787,0,2,0
2019,47,"precipitacion","interseccion",787,0,2,0
2019,48,"precipitacion","interseccion",787,0,2,0
2019,49,"precipitacion","interseccion",787,0,2,0
2019,50,"precipitacion","interseccion",787,0,2,0
2019,51,"precipitacion","interseccion",787,0,2,0
2019,52,"precipitacion","interseccion",787,0,2,0
2019,1,"temperatura","centro",122,564,0,10
2019,2,"temperatura","centro",122,564,0,10
2019,3,"temperatura","centro",122,564,0,10
2019,4,"temperatura","centro",122,564,0,10
2019,5,"temperatura","centro",122,564,0,10
2019,6,"temperatura","centro",122,564,0,10
2019,7,"temperatura","centro",122,564,0,10
2019,8,"temperatura","centro",122,564,0,10
2019,9,"temperatura","centro",122,564,0,10
2019,10,"temperatura","centro",122,564,0,10
2019,11,"temperatura","centro",122,564,0,10
2019,12,"temperatura","centro",122,564,0,10
2019,13,"temperatura","centro",122,564,0,10
2019,14,"temperatura","centro",122,564,0,10
2019,15,"temperatura","centro",122,564,0,10
2019,16,"temperatura","centro",122,564,0,10
2019,17,"temperatura","centro",122,564,0,10
2019,18,"temperatura","centro",122,564,0,10
2019,19,"temperatura","centro",122,564,0,10
2019,20,"temperatura","centro",122,564,0,10
2019,21,"temperatura","centro",122,564,0,10
2019,22,"temperatura","centro",122,564,0,10
2019,23,"temperatura","centro",122,564,0,10
2019,24,"temperatura","centro",122,564,0,10
2019,25,"temperatura","centro",122,564,0,10
2019,26,"temperatura","centro",122,564,0,10
2019,27,"temperatura","centro",122,564,0,10
2019,28,"temperatura","centro",122,564,0,10
2019,29,"temperatura","centro",122,564,0,10
2019,30,"temperatura","centro",122,564,0,10
2019,31,"temperatura","centro",122,564,0,10
2019,32,"temperatura","centro",122,564,0,10
2019,33,"temperatura","centro",122,564,0,10
2019,34,"temperatura","centro",122,564,0,10
2019,35,"temperatura","centro",122,564,0,10
2019,36,"temperatura","centro",122,564,0,10
2019,37,"temperatura","centro",122,564,0,10
2019,38,"temperatura","centro",122,564,0,10
2019,39,"temperatura","centro",122,564,0,10
2019,40,"temperatura","centro",122,564,0,10
2019,41,"temperatura","centro",122,564,0,10
2019,42,"temperatura","centro",122,564,0,10
2019,43,"temperatura","centro",122,564,0,10
2019,44,"temperatura","centro",122,564,0,10
2019,45,"temperatura","centro",122,564,0,10
2019,46,"temperatura","centro",122,564,0,10
2019,47,"temperatura","centro",122,564,0,10
2019,48,"temperatura","centro",122,564,0,10
2019,49,"temperatura","centro",122,564,0,10
2019,50,"temperatura","centro",122,564,0,10
2019,51,"temperatura","centro",122,564,0,10
2019,52,"temperatura","centro",122,564,0,10
2019,1,"temperatura","interseccion",132,657,0,0
2019,2,"temperatura","interseccion",132,657,0,0
2019,3,"temperatura","interseccion",132,657,0,0
2019,4,"temperatura","interseccion",132,657,0,0
2019,5,"temperatura","interseccion",132,657,0,0
2019,6,"temperatura","interseccion",132,657,0,0
2019,7,"temperatura","interseccion",132,657,0,0
2019,8,"temperatura","interseccion",132,657,0,0
2019,9,"temperatura","interseccion",132,657,0,0
2019,10,"temperatura","interseccion",132,657,0,0
2019,11,"temperatura","interseccion",132,657,0,0
2019,12,"temperatura","interseccion",132,657,0,0
2019,13,"temperatura","interseccion",132,657,0,0
2019,14,"temperatura","interseccion",132,657,0,0
2019,15,"temperatura","interseccion",132,657,0,0
2019,16,"temperatura","interseccion",132,657,0,0
2019,17,"temperatura","interseccion",132,657,0,0
2019,18,"temperatura","interseccion",132,657,0,0
2019,19,"temperatura","interseccion",132,657,0,0
2019,20,"temperatura","interseccion",132,657,0,0
2019,21,"temperatura","interseccion",132,657,0,0
2019,22,"temperatura","interseccion",132,657,0,0
2019,23,"temperatura","interseccion",132,657,0,0
2019,24,"temperatura","interseccion",132,657,0,0
2019,25,"temperatura","interseccion",132,657,0,0
2019,26,"temperatura","interseccion",132,657,0,0
2019,27,"temperatura","interseccion",132,657,0,0
2019,28,"temperatura","interseccion",132,657,0,0
2019,29,"temperatura","interseccion",132,657,0,0
2019,30,"temperatura","interseccion",132,657,0,0
2019,31,"temperatura","interseccion",132,657,0,0
2019,32,"temperatura","interseccion",132,657,0,0
2019,33,"temperatura","interseccion",132,657,0,0
2019,34,"temperatura","interseccion",132,657,0,0
2019,35,"temperatura","interseccion",132,657,0,0
2019,36,"temperatura","interseccion",132,657,0,0
2019,37,"temperatura","interseccion",132,657,0,0
2019,38,"temperatura","interseccion",132,657,0,0
2019,39,"temperatura","interseccion",132,657,0,0
2019,40,"temperatura","interseccion",132,657,0,0
2019,41,"temperatura","interseccion",132,657,0,0
2019,42,"temperatura","interseccion",132,657,0,0
2019,43,"temperatura","interseccion",132,657,0,0
2019,44,"temperatura","interseccion",132,657,0,0
2019,45,"temperatura","interseccion",132,657,0,0
2019,46,"temperatura","interseccion",132,657,0,0
2019,47,"temperatura","interseccion",132,657,0,0
2019,48,"temperatura","interseccion",132,657,0,0
2019,49,"temperatura","interseccion",132,657,0,0
2019,50,"temperatura","interseccion",132,657,0,0
2019,51,"temperatura","interseccion",132,657,0,0
2019,52,"temperatura","interseccion",132,657,0,0
2019,1,"radiacion","centro",27,659,0,4
2019,2,"radiacion","centro",27,659,0,4
2019,3,"radiacion","centro",27,659,0,4
2019,4,"radiacion","centro",27,659,0,4
2019,5,"radiacion","centro",27,659,0,4
2019,6,"radiacion","centro",27,659,0,4
2019,7,"radiacion","centro",27,659,0,4
2019,8,"radiacion","centro",27,659,0,4
2019,9,"radiacion","centro",27,659,0,4
2019,10,"radiacion","centro",27,659,0,4
2019,11,"radiacion","centro",27,659,0,4
2019,12,"radiacion","centro",27,659,0,4
2019,13,"radiacion","centro",27,659,0,4
2019,14,"radiacion","centro",27,659,0,4
2019,15,"radiacion","centro",27,659,0,4
2019,16,"radiacion","centro",27,659,0,4
2019,17,"radiacion","centro",27,659,0,4
2019,18,"radiacion","centro",27,659,0,4
2019,19,"radiacion","centro",27,659,0,4
2019,20,"radiacion","centro",27,659,0,4
2019,21,"radiacion","centro",27,659,0,4
2019,22,"radiacion","centro",27,659,0,4
2019,23,"radiacion","centro",27,659,0,4
2019,24,"radiacion","centro",27,659,0,4
2019,25,"radiacion","centro",27,659,0,4
2019,26,"radiacion","centro",27,659,0,4
2019,27,"radiacion","centro",27,659,0,4
2019,28,"radiacion","centro",27,659,0,4
2019,29,"radiacion","centro",27,659,0,4
2019,30,"radiacion","centro",27,659,0,4
2019,31,"radiacion","centro",27,659,0,4
2019,32,"radiacion","centro",27,659,0,4
2019,33,"radiacion","centro",27,659,0,4
2019,34,"radiacion","centro",27,659,0,4
2019,35,"radiacion","centro",27,659,0,4
2019,36,"radiacion","centro",27,659,0,4
2019,37,"radiacion","centro",27,659,0,4
2019,38,"radiacion","centro",27,659,0,4
2019,39,"radiacion","centro",27,659,0,4
2019,40,"radiacion","centro",27,659,0,4
2019,41,"radiacion","centro",27,659,0,4
2019,42,"radiacion","centro",27,659,0,4
2019,43,"radiacion","centro",27,659,0,4
2019,44,"radiacion","centro",27,659,0,4
2019,45,"radiacion","centro",27,659,0,4
2019,46,"radiacion","centro",27,659,0,4
2019,47,"radiacion","centro",27,659,0,4
2019,48,"radiacion","centro",27,659,0,4
2019,49,"radiacion","centro",27,659,0,4
2019,50,"radiacion","centro",27,659,0,4
2019,51,"radiacion","centro",27,659,0,4
2019,52,"radiacion","centro",27,659,0,4
2019,1,"radiacion","interseccion",31,758,0,0
2019,2,"radiacion","interseccion",31,758,0,0
2019,3,"radiacion","interseccion",31,758,0,0
2019,4,"radiacion","interseccion",31,758,0,0
2019,5,"radiacion","interseccion",31,758,0,0
2019,6,"radiacion","interseccion",31,758,0,0
2019,7,"radiacion","interseccion",31,758,0,0
2019,8,"radiacion","interseccion",31,758,0,0
2019,9,"radiacion","interseccion",31,758,0,0
2019,10,"radiacion","interseccion",31,758,0,0
2019,11,"radiacion","interseccion",31,758,0,0
2019,12,"radiacion","interseccion",31,758,0,0
2019,13,"radiacion","interseccion",31,758,0,0
2019,14,"radiacion","interseccion",31,758,0,0
2019,15,"radiacion","interseccion",31,758,0,0
2019,16,"radiacion","interseccion",31,758,0,0
2019,17,"radiacion","interseccion",31,758,0,0
2019,18,"radiacion","interseccion",31,758,0,0
2019,19,"radiacion","interseccion",31,758,0,0
2019,20,"radiacion","interseccion",31,758,0,0
2019,21,"radiacion","interseccion",31,758,0,0
2019,22,"radiacion","interseccion",31,758,0,0
2019,23,"radiacion","interseccion",31,758,0,0
2019,24,"radiacion","interseccion",31,758,0,0
2019,25,"radiacion","interseccion",31,758,0,0
2019,26,"radiacion","interseccion",31,758,0,0
2019,27,"radiacion","interseccion",31,758,0,0
2019,28,"radiacion","interseccion",31,758,0,0
2019,29,"radiacion","interseccion",31,758,0,0
2019,30,"radiacion","interseccion",31,758,0,0
2019,31,"radiacion","interseccion",31,758,0,0
2019,32,"radiacion","interseccion",31,758,0,0
2019,33,"radiacion","interseccion",31,758,0,0
2019,34,"radiacion","interseccion",31,758,0,0
2019,35,"radiacion","interseccion",31,758,0,0
2019,36,"radiacion","interseccion",31,758,0,0
2019,37,"radiacion","interseccion",31,758,0,0
2019,38,"radiacion","interseccion",31,758,0,0
2019,39,"radiacion","interseccion",31,758,0,0
2019,40,"radiacion","interseccion",31,758,0,0
2019,41,"radiacion","interseccion",31,758,0,0
2019,42,"radiacion","interseccion",31,758,0,0
2019,43,"radiacion","interseccion",31,758,0,0
2019,44,"radiacion","interseccion",31,758,0,0
2019,45,"radiacion","interseccion",31,758,0,0
2019,46,"radiacion","interseccion",31,758,0,0
2019,47,"radiacion","interseccion",31,758,0,0
2019,48,"radiacion","interseccion",31,758,0,0
2019,49,"radiacion","interseccion",31,758,0,0
2019,50,"radiacion","interseccion",31,758,0,0
2019,51,"radiacion","interseccion",31,758,0,0
2019,52,"radiacion","interseccion",31,758,0,0
2020,1,"precipitacion","centro",686,0,0,103
2020,2,"precipitacion","centro",686,0,0,103
2020,3,"precipitacion","centro",686,0,0,103
2020,4,"precipitacion","centro",686,0,0,103
2020,5,"precipitacion","centro",686,0,0,103
2020,6,"precipitacion","centro",686,0,0,103
2020,7,"precipitacion","centro",686,0,0,103
2020,8,"precipitacion","centro",686,0,0,103
2020,9,"precipitacion","centro",686,0,0,103
2020,10,"precipitacion","centro",686,0,0,103
2020,11,"precipitacion","centro",686,0,0,103
2020,12,"precipitacion","centro",686,0,0,103
2020,13,"precipitacion","centro",686,0,0,103
2020,14,"precipitacion","centro",686,0,0,103
2020,15,"precipitacion","centro",686,0,0,103
2020,16,"precipitacion","centro",686,0,0,103
2020,17,"precipitacion","centro",686,0,0,103
2020,18,"precipitacion","centro",686,0,0,103
2020,19,"precipitacion","centro",686,0,0,103
2020,20,"precipitacion","centro",686,0,0,103
2020,21,"precipitacion","centro",686,0,0,103
2020,22,"precipitacion","centro",686,0,0,103
2020,23,"precipitacion","centro",686,0,0,103
2020,24,"precipitacion","centro",686,0,0,103
2020,25,"precipitacion","centro",686,0,0,103
2020,26,"precipitacion","centro",686,0,0,103
2020,27,"precipitacion","centro",686,0,0,103
2020,28,"precipitacion","centro",686,0,0,103
2020,29,"precipitacion","centro",686,0,0,103
2020,30,"precipitacion","centro",686,0,0,103
2020,31,"precipitacion","centro",686,0,0,103
2020,32,"precipitacion","centro",686,0,0,103
2020,33,"precipitacion","centro",686,0,0,103
2020,34,"precipitacion","centro",686,0,0,103
2020,35,"precipitacion","centro",686,0,0,103
2020,36,"precipitacion","centro",686,0,0,103
2020,37,"precipitacion","centro",686,0,0,103
2020,38,"precipitacion","centro",686,0,0,103
2020,39,"precipitacion","centro",686,0,0,103
2020,40,"precipitacion","centro",686,0,0,103
2020,41,"precipitacion","centro",686,0,0,103
2020,42,"precipitacion","centro",686,0,0,103
2020,43,"precipitacion","centro",686,0,0,103
2020,44,"precipitacion","centro",686,0,0,103
2020,45,"precipitacion","centro",686,0,0,103
2020,46,"precipitacion","centro",686,0,0,103
2020,47,"precipitacion","centro",686,0,0,103
2020,48,"precipitacion","centro",686,0,0,103
2020,49,"precipitacion","centro",686,0,0,103
2020,50,"precipitacion","centro",686,0,0,103
2020,51,"precipitacion","centro",686,0,0,103
2020,52,"precipitacion","centro",686,0,0,103
2020,1,"precipitacion","interseccion",787,0,2,0
2020,2,"precipitacion","interseccion",787,0,2,0
2020,3,"precipitacion","interseccion",787,0,2,0
2020,4,"precipitacion","interseccion",787,0,2,0
2020,5,"precipitacion","interseccion",787,0,2,0
2020,6,"precipitacion","interseccion",787,0,2,0
2020,7,"precipitacion","interseccion",787,0,2,0
2020,8,"precipitacion","interseccion",787,0,2,0
2020,9,"precipitacion","interseccion",787,0,2,0
2020,10,"precipitacion","interseccion",787,0,2,0
2020,11,"precipitacion","interseccion",787,0,2,0
2020,12,"precipitacion","interseccion",787,0,2,0
2020,13,"precipitacion","interseccion",787,0,2,0
2020,14,"precipitacion","interseccion",787,0,2,0
2020,15,"precipitacion","interseccion",787,0,2,0
2020,16,"precipitacion","interseccion",787,0,2,0
2020,17,"precipitacion","interseccion",787,0,2,0
2020,18,"precipitacion","interseccion",787,0,2,0
2020,19,"precipitacion","interseccion",787,0,2,0
2020,20,"precipitacion","interseccion",787,0,2,0
2020,21,"precipitacion","interseccion",787,0,2,0
2020,22,"precipitacion","interseccion",787,0,2,0
2020,23,"precipitacion","interseccion",787,0,2,0
2020,24,"precipitacion","interseccion",787,0,2,0
2020,25,"precipitacion","interseccion",787,0,2,0
2020,26,"precipitacion","interseccion",787,0,2,0
2020,27,"precipitacion","interseccion",787,0,2,0
2020,28,"precipitacion","interseccion",787,0,2,0
2020,29,"precipitacion","interseccion",787,0,2,0
2020,30,"precipitacion","interseccion",787,0,2,0
2020,31,"precipitacion","interseccion",787,0,2,0
2020,32,"precipitacion","interseccion",787,0,2,0
2020,33,"precipitacion","interseccion",787,0,2,0
2020,34,"precipitacion","interseccion",787,0,2,0
2020,35,"precipitacion","interseccion",787,0,2,0
2020,36,"precipitacion","interseccion",787,0,2,0
2020,37,"precipitacion","interseccion",787,0,2,0
2020,38,"precipitacion","interseccion",787,0,2,0
2020,39,"precipitacion","interseccion",787,0,2,0
2020,40,"precipitacion","interseccion",787,0,2,0
2020,41,"precipitacion","interseccion",787,0,2,0
2020,42,"precipitacion","interseccion",787,0,2,0
2020,43,"precipitacion","interseccion",787,0,2,0
2020,44,"precipitacion","interseccion",787,0,2,0
2020,45,"precipitacion","interseccion",787,0,2,0
2020,46,"precipitacion","interseccion",787,0,2,0
2020,47,"precipitacion","interseccion",787,0,2,0
2020,48,"precipitacion","interseccion",787,0,2,0
2020,49,"precipitacion","interseccion",787,0,2,0
2020,50,"precipitacion","interseccion",787,0,2,0
2020,51,"precipitacion","interseccion",787,0,2,0
2020,52,"precipitacion","interseccion",787,0,2,0
2020,1,"temperatura","centro",122,564,0,10
2020,2,"temperatura","centro",122,564,0,10
2020,3,"temperatura","centro",122,564,0,10
2020,4,"temperatura","centro",122,564,0,10
2020,5,"temperatura","centro",122,564,0,10
2020,6,"temperatura","centro",122,564,0,10
2020,7,"temperatura","centro",122,564,0,10
2020,8,"temperatura","centro",122,564,0,10
2020,9,"temperatura","centro",122,564,0,10
2020,10,"temperatura","centro",122,564,0,10
2020,11,"temperatura","centro",122,564,0,10
2020,12,"temperatura","centro",122,564,0,10
2020,13,"temperatura","centro",122,564,0,10
2020,14,"temperatura","centro",122,564,0,10
2020,15,"temperatura","centro",122,564,0,10
2020,16,"temperatura","centro",122,564,0,10
2020,17,"temperatura","centro",122,564,0,10
2020,18,"temperatura","centro",122,564,0,10
2020,19,"temperatura","centro",122,564,0,10
2020,20,"temperatura","centro",122,564,0,10
2020,21,"temperatura","centro",122,564,0,10
2020,22,"temperatura","centro",122,564,0,10
2020,23,"temperatura","centro",122,564,0,10
2020,24,"temperatura","centro",122,564,0,10
2020,25,"temperatura","centro",122,564,0,10
2020,26,"temperatura","centro",122,564,0,10
2020,27,"temperatura","centro",122,564,0,10
2020,28,"temperatura","centro",122,564,0,10
2020,29,"temperatura","centro",122,564,0,10
2020,30,"temperatura","centro",122,564,0,10
2020,31,"temperatura","centro",122,564,0,10
2020,32,"temperatura","centro",122,564,0,10
2020,33,"temperatura","centro",122,564,0,10
2020,34,"temperatura","centro",122,564,0,10
2020,35,"temperatura","centro",122,564,0,10
2020,36,"temperatura","centro",122,564,0,10
2020,37,"temperatura","centro",122,564,0,10
2020,38,"temperatura","centro",122,564,0,10
2020,39,"temperatura","centro",122,564,0,10
2020,40,"temperatura","centro",122,564,0,10
2020,41,"temperatura","centro",122,564,0,10
2020,42,"temperatura","centro",122,564,0,10
2020,43,"temperatura","centro",122,564,0,10
2020,44,"temperatura","centro",122,564,0,10
2020,45,"temperatura","centro",122,564,0,10
2020,46,"temperatura","centro",122,564,0,10
2020,47,"temperatura","centro",122,564,0,10
2020,48,"temperatura","centro",122,564,0,10
2020,49,"temperatura","centro",122,564,0,10
2020,50,"temperatura","centro",122,564,0,10
2020,51,"temperatura","centro",122,564,0,10
2020,52,"temperatura","centro",122,564,0,10
2020,1,"temperatura","interseccion",132,657,0,0
2020,2,"temperatura","interseccion",132,657,0,0
2020,3,"temperatura","interseccion",132,657,0,0
2020,4,"temperatura","interseccion",132,657,0,0
2020,5,"temperatura","interseccion",132,657,0,0
2020,6,"temperatura","interseccion",132,657,0,0
2020,7,"temperatura","interseccion",132,657,0,0
2020,8,"temperatura","interseccion",132,657,0,0
2020,9,"temperatura","interseccion",132,657,0,0
2020,10,"temperatura","interseccion",132,657,0,0
2020,11,"temperatura","interseccion",132,657,0,0
2020,12,"temperatura","interseccion",132,657,0,0
2020,13,"temperatura","interseccion",132,657,0,0
2020,14,"temperatura","interseccion",132,657,0,0
2020,15,"temperatura","interseccion",132,657,0,0
2020,16,"temperatura","interseccion",132,657,0,0
2020,17,"temperatura","interseccion",132,657,0,0
2020,18,"temperatura","interseccion",132,657,0,0
2020,19,"temperatura","interseccion",132,657,0,0
2020,20,"temperatura","interseccion",132,657,0,0
2020,21,"temperatura","interseccion",132,657,0,0
2020,22,"temperatura","interseccion",132,657,0,0
2020,23,"temperatura","interseccion",132,657,0,0
2020,24,"temperatura","interseccion",132,657,0,0
2020,25,"temperatura","interseccion",132,657,0,0
2020,26,"temperatura","interseccion",132,657,0,0
2020,27,"temperatura","interseccion",132,657,0,0
2020,28,"temperatura","interseccion",132,657,0,0
2020,29,"temperatura","interseccion",132,657,0,0
2020,30,"temperatura","interseccion",132,657,0,0
2020,31,"temperatura","interseccion",132,657,0,0
2020,32,"temperatura","interseccion",132,657,0,0
2020,33,"temperatura","interseccion",132,657,0,0
2020,34,"temperatura","interseccion",132,657,0,0
2020,35,"temperatura","interseccion",132,657,0,0
2020,36,"temperatura","interseccion",132,657,0,0
2020,37,"temperatura","interseccion",132,657,0,0
2020,38,"temperatura","interseccion",132,657,0,0
2020,39,"temperatura","interseccion",132,657,0,0
2020,40,"temperatura","interseccion",132,657,0,0
2020,41,"temperatura","interseccion",132,657,0,0
2020,42,"temperatura","interseccion",132,657,0,0
2020,43,"temperatura","interseccion",132,657,0,0
2020,44,"temperatura","interseccion",132,657,0,0
2020,45,"temperatura","interseccion",132,657,0,0
2020,46,"temperatura","interseccion",132,657,0,0
2020,47,"temperatura","interseccion",132,657,0,0
2020,48,"temperatura","interseccion",132,657,0,0
2020,49,"temperatura","interseccion",132,657,0,0
2020,50,"temperatura","interseccion",132,657,0,0
2020,51,"temperatura","interseccion",132,657,0,0
2020,52,"temperatura","interseccion",132,657,0,0
2020,1,"radiacion","centro",27,659,0,4
2020,2,"radiacion","centro",27,659,0,4
2020,3,"radiacion","centro",27,659,0,4
2020,4,"radiacion","centro",27,659,0,4
2020,5,"radiacion","centro",27,659,0,4
2020,6,"radiacion","centro",27,659,0,4
2020,7,"radiacion","centro",27,659,0,4
2020,8,"radiacion","centro",27,659,0,4
2020,9,"radiacion","centro",27,659,0,4
2020,10,"radiacion","centro",27,659,0,4
2020,11,"radiacion","centro",27,659,0,4
2020,12,"radiacion","centro",27,659,0,4
2020,13,"radiacion","centro",27,659,0,4
2020,14,"radiacion","centro",27,659,0,4
2020,15,"radiacion","centro",27,659,0,4
2020,16,"radiacion","centro",27,659,0,4
2020,17,"radiacion","centro",27,659,0,4
2020,18,"radiacion","centro",27,659,0,4
2020,19,"radiacion","centro",27,659,0,4
2020,20,"radiacion","centro",27,659,0,4
2020,21,"radiacion","centro",27,659,0,4
2020,22,"radiacion","centro",27,659,0,4
2020,23,"radiacion","centro",27,659,0,4
2020,24,"radiacion","centro",27,659,0,4
2020,25,"radiacion","centro",27,659,0,4
2020,26,"radiacion","centro",27,659,0,4
2020,27,"radiacion","centro",27,659,0,4
2020,28,"radiacion","centro",27,659,0,4
2020,29,"radiacion","centro",27,659,0,4
2020,30,"radiacion","centro",27,659,0,4
2020,31,"radiacion","centro",27,659,0,4
2020,32,"radiacion","centro",27,659,0,4
2020,33,"radiacion","centro",27,659,0,4
2020,34,"radiacion","centro",27,659,0,4
2020,35,"radiacion","centro",27,659,0,4
2020,36,"radiacion","centro",27,659,0,4
2020,37,"radiacion","centro",27,659,0,4
2020,38,"radiacion","centro",27,659,0,4
2020,39,"radiacion","centro",27,659,0,4
2020,40,"radiacion","centro",27,659,0,4
2020,41,"radiacion","centro",27,659,0,4
2020,42,"radiacion","centro",27,659,0,4
2020,43,"radiacion","centro",27,659,0,4
2020,44,"radiacion","centro",27,659,0,4
2020,45,"radiacion","centro",27,659,0,4
2020,46,"radiacion","centro",27,659,0,4
2020,47,"radiacion","centro",27,659,0,4
2020,48,"radiacion","centro",27,659,0,4
2020,49,"radiacion","centro",27,659,0,4
2020,50,"radiacion","centro",27,659,0,4
2020,51,"radiacion","centro",27,659,0,4
2020,52,"radiacion","centro",27,659,0,4
2020,1,"radiacion","interseccion",31,758,0,0
2020,2,"radiacion","interseccion",31,758,0,0
2020,3,"radiacion","interseccion",31,758,0,0
2020,4,"radiacion","interseccion",31,758,0,0
2020,5,"radiacion","interseccion",31,758,0,0
2020,6,"radiacion","interseccion",31,758,0,0
2020,7,"radiacion","interseccion",31,758,0,0
2020,8,"radiacion","interseccion",31,758,0,0
2020,9,"radiacion","interseccion",31,758,0,0
2020,10,"radiacion","interseccion",31,758,0,0
2020,11,"radiacion","interseccion",31,758,0,0
2020,12,"radiacion","interseccion",31,758,0,0
2020,13,"radiacion","interseccion",31,758,0,0
2020,14,"radiacion","interseccion",31,758,0,0
2020,15,"radiacion","interseccion",31,758,0,0
2020,16,"radiacion","interseccion",31,758,0,0
2020,17,"radiacion","interseccion",31,758,0,0
2020,18,"radiacion","interseccion",31,758,0,0
2020,19,"radiacion","interseccion",31,758,0,0
2020,20,"radiacion","interseccion",31,758,0,0
2020,21,"radiacion","interseccion",31,758,0,0
2020,22,"radiacion","interseccion",31,758,0,0
2020,23,"radiacion","interseccion",31,758,0,0
2020,24,"radiacion","interseccion",31,758,0,0
2020,25,"radiacion","interseccion",31,758,0,0
2020,26,"radiacion","interseccion",31,758,0,0
2020,27,"radiacion","interseccion",31,758,0,0
2020,28,"radiacion","interseccion",31,758,0,0
2020,29,"radiacion","interseccion",31,758,0,0
2020,30,"radiacion","interseccion",31,758,0,0
2020,31,"radiacion","interseccion",31,758,0,0
2020,32,"radiacion","interseccion",31,758,0,0
2020,33,"radiacion","interseccion",31,758,0,0
2020,34,"radiacion","interseccion",31,758,0,0
2020,35,"radiacion","interseccion",31,758,0,0
2020,36,"radiacion","interseccion",31,758,0,0
2020,37,"radiacion","interseccion",31,758,0,0
2020,38,"radiacion","interseccion",31,758,0,0
2020,39,"radiacion","interseccion",31,758,0,0
2020,40,"radiacion","interseccion",31,758,0,0
2020,41,"radiacion","interseccion",31,758,0,0
2020,42,"radiacion","interseccion",31,758,0,0
2020,43,"radiacion","interseccion",31,758,0,0
2020,44,"radiacion","interseccion",31,758,0,0
2020,45,"radiacion","interseccion",31,758,0,0
2020,46,"radiacion","interseccion",31,758,0,0
2020,47,"radiacion","interseccion",31,758,0,0
2020,48,"radiacion","interseccion",31,758,0,0
2020,49,"radiacion","interseccion",31,758,0,0
2020,50,"radiacion","interseccion",31,758,0,0
2020,51,"radiacion","interseccion",31,758,0,0
2020,52,"radiacion","interseccion",31,758,0,0
2021,1,"precipitacion","centro",686,0,0,103
2021,2,"precipitacion","centro",686,0,0,103
2021,3,"precipitacion","centro",686,0,0,103
2021,4,"precipitacion","centro",686,0,0,103
2021,5,"precipitacion","centro",686,0,0,103
2021,6,"precipitacion","centro",686,0,0,103
2021,7,"precipitacion","centro",686,0,0,103
2021,8,"precipitacion","centro",686,0,0,103
2021,9,"precipitacion","centro",686,0,0,103
2021,10,"precipitacion","centro",686,0,0,103
2021,11,"precipitacion","centro",686,0,0,103
2021,12,"precipitacion","centro",686,0,0,103
2021,13,"precipitacion","centro",686,0,0,103
2021,14,"precipitacion","centro",686,0,0,103
2021,15,"precipitacion","centro",686,0,0,103
2021,16,"precipitacion","centro",686,0,0,103
2021,17,"precipitacion","centro",686,0,0,103
2021,18,"precipitacion","centro",686,0,0,103
2021,19,"precipitacion","centro",686,0,0,103
2021,20,"precipitacion","centro",686,0,0,103
2021,21,"precipitacion","centro",686,0,0,103
2021,22,"precipitacion","centro",686,0,0,103
2021,23,"precipitacion","centro",686,0,0,103
2021,24,"precipitacion","centro",686,0,0,103
2021,25,"precipitacion","centro",686,0,0,103
2021,26,"precipitacion","centro",686,0,0,103
2021,27,"precipitacion","centro",686,0,0,103
2021,28,"precipitacion","centro",686,0,0,103
2021,29,"precipitacion","centro",686,0,0,103
2021,30,"precipitacion","centro",686,0,0,103
2021,31,"precipitacion","centro",686,0,0,103
2021,32,"precipitacion","centro",686,0,0,103
2021,33,"precipitacion","centro",686,0,0,103
2021,34,"precipitacion","centro",686,0,0,103
2021,35,"precipitacion","centro",686,0,0,103
2021,36,"precipitacion","centro",686,0,0,103
2021,37,"precipitacion","centro",686,0,0,103
2021,38,"precipitacion","centro",686,0,0,103
2021,39,"precipitacion","centro",686,0,0,103
2021,40,"precipitacion","centro",686,0,0,103
2021,41,"precipitacion","centro",686,0,0,103
2021,42,"precipitacion","centro",686,0,0,103
2021,43,"precipitacion","centro",686,0,0,103
2021,44,"precipitacion","centro",686,0,0,103
2021,45,"precipitacion","centro",686,0,0,103
2021,46,"precipitacion","centro",686,0,0,103
2021,47,"precipitacion","centro",686,0,0,103
2021,48,"precipitacion","centro",686,0,0,103
2021,49,"precipitacion","centro",686,0,0,103
2021,50,"precipitacion","centro",686,0,0,103
2021,51,"precipitacion","centro",686,0,0,103
2021,52,"precipitacion","centro",686,0,0,103
2021,1,"precipitacion","interseccion",787,0,2,0
2021,2,"precipitacion","interseccion",787,0,2,0
2021,3,"precipitacion","interseccion",787,0,2,0
2021,4,"precipitacion","interseccion",787,0,2,0
2021,5,"precipitacion","interseccion",787,0,2,0
2021,6,"precipitacion","interseccion",787,0,2,0
2021,7,"precipitacion","interseccion",787,0,2,0
2021,8,"precipitacion","interseccion",787,0,2,0
2021,9,"precipitacion","interseccion",787,0,2,0
2021,10,"precipitacion","interseccion",787,0,2,0
2021,11,"precipitacion","interseccion",787,0,2,0
2021,12,"precipitacion","interseccion",787,0,2,0
2021,13,"precipitacion","interseccion",787,0,2,0
2021,14,"precipitacion","interseccion",787,0,2,0
2021,15,"precipitacion","interseccion",787,0,2,0
2021,16,"precipitacion","interseccion",787,0,2,0
2021,17,"precipitacion","interseccion",787,0,2,0
2021,18,"precipitacion","interseccion",787,0,2,0
2021,19,"precipitacion","interseccion",787,0,2,0
2021,20,"precipitacion","interseccion",787,0,2,0
2021,21,"precipitacion","interseccion",787,0,2,0
2021,22,"precipitacion","interseccion",787,0,2,0
2021,23,"precipitacion","interseccion",787,0,2,0
2021,24,"precipitacion","interseccion",787,0,2,0
2021,25,"precipitacion","interseccion",787,0,2,0
2021,26,"precipitacion","interseccion",787,0,2,0
2021,27,"precipitacion","interseccion",787,0,2,0
2021,28,"precipitacion","interseccion",787,0,2,0
2021,29,"precipitacion","interseccion",787,0,2,0
2021,30,"precipitacion","interseccion",787,0,2,0
2021,31,"precipitacion","interseccion",787,0,2,0
2021,32,"precipitacion","interseccion",787,0,2,0
2021,33,"precipitacion","interseccion",787,0,2,0
2021,34,"precipitacion","interseccion",787,0,2,0
2021,35,"precipitacion","interseccion",787,0,2,0
2021,36,"precipitacion","interseccion",787,0,2,0
2021,37,"precipitacion","interseccion",787,0,2,0
2021,38,"precipitacion","interseccion",787,0,2,0
2021,39,"precipitacion","interseccion",787,0,2,0
2021,40,"precipitacion","interseccion",787,0,2,0
2021,41,"precipitacion","interseccion",787,0,2,0
2021,42,"precipitacion","interseccion",787,0,2,0
2021,43,"precipitacion","interseccion",787,0,2,0
2021,44,"precipitacion","interseccion",787,0,2,0
2021,45,"precipitacion","interseccion",787,0,2,0
2021,46,"precipitacion","interseccion",787,0,2,0
2021,47,"precipitacion","interseccion",787,0,2,0
2021,48,"precipitacion","interseccion",787,0,2,0
2021,49,"precipitacion","interseccion",787,0,2,0
2021,50,"precipitacion","interseccion",787,0,2,0
2021,51,"precipitacion","interseccion",787,0,2,0
2021,52,"precipitacion","interseccion",787,0,2,0
2021,1,"temperatura","centro",122,564,0,10
2021,2,"temperatura","centro",122,564,0,10
2021,3,"temperatura","centro",122,564,0,10
2021,4,"temperatura","centro",122,564,0,10
2021,5,"temperatura","centro",122,564,0,10
2021,6,"temperatura","centro",122,564,0,10
2021,7,"temperatura","centro",122,564,0,10
2021,8,"temperatura","centro",122,564,0,10
2021,9,"temperatura","centro",122,564,0,10
2021,10,"temperatura","centro",122,564,0,10
2021,11,"temperatura","centro",122,564,0,10
2021,12,"temperatura","centro",122,564,0,10
2021,13,"temperatura","centro",122,564,0,10
2021,14,"temperatura","centro",122,564,0,10
2021,15,"temperatura","centro",122,564,0,10
2021,16,"temperatura","centro",122,564,0,10
2021,17,"temperatura","centro",122,564,0,10
2021,18,"temperatura","centro",122,564,0,10
2021,19,"temperatura","centro",122,564,0,10
2021,20,"temperatura","centro",122,564,0,10
2021,21,"temperatura","centro",122,564,0,10
2021,22,"temperatura","centro",122,564,0,10
2021,23,"temperatura","centro",122,564,0,10
2021,24,"temperatura","centro",122,564,0,10
2021,25,"temperatura","centro",122,564,0,10
2021,26,"temperatura","centro",122,564,0,10
2021,27,"temperatura","centro",122,564,0,10
2021,28,"temperatura","centro",122,564,0,10
2021,29,"temperatura","centro",122,564,0,10
2021,30,"temperatura","centro",122,564,0,10
2021,31,"temperatura","centro",122,564,0,10
2021,32,"temperatura","centro",122,564,0,10
2021,33,"temperatura","centro",122,564,0,10
2021,34,"temperatura","centro",122,564,0,10
2021,35,"temperatura","centro",122,564,0,10
2021,36,"temperatura","centro",122,564,0,10
2021,37,"temperatura","centro",122,564,0,10
2021,38,"temperatura","centro",122,564,0,10
2021,39,"temperatura","centro",122,564,0,10
2021,40,"temperatura","centro",122,564,0,10
2021,41,"temperatura","centro",122,564,0,10
2021,42,"temperatura","centro",122,564,0,10
2021,43,"temperatura","centro",122,564,0,10
2021,44,"temperatura","centro",122,564,0,10
2021,45,"temperatura","centro",122,564,0,10
2021,46,"temperatura","centro",122,564,0,10
2021,47,"temperatura","centro",122,564,0,10
2021,48,"temperatura","centro",122,564,0,10
2021,49,"temperatura","centro",122,564,0,10
2021,50,"temperatura","centro",122,564,0,10
2021,51,"temperatura","centro",122,564,0,10
2021,52,"temperatura","centro",122,564,0,10
2021,1,"temperatura","interseccion",132,657,0,0
2021,2,"temperatura","interseccion",132,657,0,0
2021,3,"temperatura","interseccion",132,657,0,0
2021,4,"temperatura","interseccion",132,657,0,0
2021,5,"temperatura","interseccion",132,657,0,0
2021,6,"temperatura","interseccion",132,657,0,0
2021,7,"temperatura","interseccion",132,657,0,0
2021,8,"temperatura","interseccion",132,657,0,0
2021,9,"temperatura","interseccion",132,657,0,0
2021,10,"temperatura","interseccion",132,657,0,0
2021,11,"temperatura","interseccion",132,657,0,0
2021,12,"temperatura","interseccion",132,657,0,0
2021,13,"temperatura","interseccion",132,657,0,0
2021,14,"temperatura","interseccion",132,657,0,0
2021,15,"temperatura","interseccion",132,657,0,0
2021,16,"temperatura","interseccion",132,657,0,0
2021,17,"temperatura","interseccion",132,657,0,0
2021,18,"temperatura","interseccion",132,657,0,0
2021,19,"temperatura","interseccion",132,657,0,0
2021,20,"temperatura","interseccion",132,657,0,0
2021,21,"temperatura","interseccion",132,657,0,0
2021,22,"temperatura","interseccion",132,657,0,0
2021,23,"temperatura","interseccion",132,657,0,0
2021,24,"temperatura","interseccion",132,657,0,0
2021,25,"temperatura","interseccion",132,657,0,0
2021,26,"temperatura","interseccion",132,657,0,0
2021,27,"temperatura","interseccion",132,657,0,0
2021,28,"temperatura","interseccion",132,657,0,0
2021,29,"temperatura","interseccion",132,657,0,0
2021,30,"temperatura","interseccion",132,657,0,0
2021,31,"temperatura","interseccion",132,657,0,0
2021,32,"temperatura","interseccion",132,657,0,0
2021,33,"temperatura","interseccion",132,657,0,0
2021,34,"temperatura","interseccion",132,657,0,0
2021,35,"temperatura","interseccion",132,657,0,0
2021,36,"temperatura","interseccion",132,657,0,0
2021,37,"temperatura","interseccion",132,657,0,0
2021,38,"temperatura","interseccion",132,657,0,0
2021,39,"temperatura","interseccion",132,657,0,0
2021,40,"temperatura","interseccion",132,657,0,0
2021,41,"temperatura","interseccion",132,657,0,0
2021,42,"temperatura","interseccion",132,657,0,0
2021,43,"temperatura","interseccion",132,657,0,0
2021,44,"temperatura","interseccion",132,657,0,0
2021,45,"temperatura","interseccion",132,657,0,0
2021,46,"temperatura","interseccion",132,657,0,0
2021,47,"temperatura","interseccion",132,657,0,0
2021,48,"temperatura","interseccion",132,657,0,0
2021,49,"temperatura","interseccion",132,657,0,0
2021,50,"temperatura","interseccion",132,657,0,0
2021,51,"temperatura","interseccion",132,657,0,0
2021,52,"temperatura","interseccion",132,657,0,0
2021,1,"radiacion","centro",27,659,0,4
2021,2,"radiacion","centro",27,659,0,4
2021,3,"radiacion","centro",27,659,0,4
2021,4,"radiacion","centro",27,659,0,4
2021,5,"radiacion","centro",27,659,0,4
2021,6,"radiacion","centro",27,659,0,4
2021,7,"radiacion","centro",27,659,0,4
2021,8,"radiacion","centro",27,659,0,4
2021,9,"radiacion","centro",27,659,0,4
2021,10,"radiacion","centro",27,659,0,4
2021,11,"radiacion","centro",27,659,0,4
2021,12,"radiacion","centro",27,659,0,4
2021,13,"radiacion","centro",27,659,0,4
2021,14,"radiacion","centro",27,659,0,4
2021,15,"radiacion","centro",27,659,0,4
2021,16,"radiacion","centro",27,659,0,4
2021,17,"radiacion","centro",27,659,0,4
2021,18,"radiacion","centro",27,659,0,4
2021,19,"radiacion","centro",27,659,0,4
2021,20,"radiacion","centro",27,659,0,4
2021,21,"radiacion","centro",27,659,0,4
2021,22,"radiacion","centro",27,659,0,4
2021,23,"radiacion","centro",27,659,0,4
2021,24,"radiacion","centro",27,659,0,4
2021,25,"radiacion","centro",27,659,0,4
2021,26,"radiacion","centro",27,659,0,4
2021,27,"radiacion","centro",27,659,0,4
2021,28,"radiacion","centro",27,659,0,4
2021,29,"radiacion","centro",27,659,0,4
2021,30,"radiacion","centro",27,659,0,4
2021,31,"radiacion","centro",27,659,0,4
2021,32,"radiacion","centro",27,659,0,4
2021,33,"radiacion","centro",27,659,0,4
2021,34,"radiacion","centro",27,659,0,4
2021,35,"radiacion","centro",27,659,0,4
2021,36,"radiacion","centro",27,659,0,4
2021,37,"radiacion","centro",27,659,0,4
2021,38,"radiacion","centro",27,659,0,4
2021,39,"radiacion","centro",27,659,0,4
2021,40,"radiacion","centro",27,659,0,4
2021,41,"radiacion","centro",27,659,0,4
2021,42,"radiacion","centro",27,659,0,4
2021,43,"radiacion","centro",27,659,0,4
2021,44,"radiacion","centro",27,659,0,4
2021,45,"radiacion","centro",27,659,0,4
2021,46,"radiacion","centro",27,659,0,4
2021,47,"radiacion","centro",27,659,0,4
2021,48,"radiacion","centro",27,659,0,4
2021,49,"radiacion","centro",27,659,0,4
2021,50,"radiacion","centro",27,659,0,4
2021,51,"radiacion","centro",27,659,0,4
2021,52,"radiacion","centro",27,659,0,4
2021,1,"radiacion","interseccion",31,758,0,0
2021,2,"radiacion","interseccion",31,758,0,0
2021,3,"radiacion","interseccion",31,758,0,0
2021,4,"radiacion","interseccion",31,758,0,0
2021,5,"radiacion","interseccion",31,758,0,0
2021,6,"radiacion","interseccion",31,758,0,0
2021,7,"radiacion","interseccion",31,758,0,0
2021,8,"radiacion","interseccion",31,758,0,0
2021,9,"radiacion","interseccion",31,758,0,0
2021,10,"radiacion","interseccion",31,758,0,0
2021,11,"radiacion","interseccion",31,758,0,0
2021,12,"radiacion","interseccion",31,758,0,0
2021,13,"radiacion","interseccion",31,758,0,0
2021,14,"radiacion","interseccion",31,758,0,0
2021,15,"radiacion","interseccion",31,758,0,0
2021,16,"radiacion","interseccion",31,758,0,0
2021,17,"radiacion","interseccion",31,758,0,0
2021,18,"radiacion","interseccion",31,758,0,0
2021,19,"radiacion","interseccion",31,758,0,0
2021,20,"radiacion","interseccion",31,758,0,0
2021,21,"radiacion","interseccion",31,758,0,0
2021,22,"radiacion","interseccion",31,758,0,0
2021,23,"radiacion","interseccion",31,758,0,0
2021,24,"radiacion","interseccion",31,758,0,0
2021,25,"radiacion","interseccion",31,758,0,0
2021,26,"radiacion","interseccion",31,758,0,0
2021,27,"radiacion","interseccion",31,758,0,0
2021,28,"radiacion","interseccion",31,758,0,0
2021,29,"radiacion","interseccion",31,758,0,0
2021,30,"radiacion","interseccion",31,758,0,0
2021,31,"radiacion","interseccion",31,758,0,0
2021,32,"radiacion","interseccion",31,758,0,0
2021,33,"radiacion","interseccion",31,758,0,0
2021,34,"radiacion","interseccion",31,758,0,0
2021,35,"radiacion","interseccion",31,758,0,0
2021,36,"radiacion","interseccion",31,758,0,0
2021,37,"radiacion","interseccion",31,758,0,0
2021,38,"radiacion","interseccion",31,758,0,0
2021,39,"radiacion","interseccion",31,758,0,0
2021,40,"radiacion","interseccion",31,758,0,0
2021,41,"radiacion","interseccion",31,758,0,0
2021,42,"radiacion","interseccion",31,758,0,0
2021,43,"radiacion","interseccion",31,758,0,0
2021,44,"radiacion","interseccion",31,758,0,0
2021,45,"radiacion","interseccion",31,758,0,0
2021,46,"radiacion","interseccion",31,758,0,0
2021,47,"radiacion","interseccion",31,758,0,0
2021,48,"radiacion","interseccion",31,758,0,0
2021,49,"radiacion","interseccion",31,758,0,0
2021,50,"radiacion","interseccion",31,758,0,0
2021,51,"radiacion","interseccion",31,758,0,0
2021,52,"radiacion","interseccion",31,758,0,0
2022,1,"precipitacion","centro",686,0,0,103
2022,2,"precipitacion","centro",686,0,0,103
2022,3,"precipitacion","centro",686,0,0,103
2022,4,"precipitacion","centro",686,0,0,103
2022,5,"precipitacion","centro",686,0,0,103
2022,6,"precipitacion","centro",686,0,0,103
2022,7,"precipitacion","centro",686,0,0,103
2022,8,"precipitacion","centro",686,0,0,103
2022,9,"precipitacion","centro",686,0,0,103
2022,10,"precipitacion","centro",686,0,0,103
2022,11,"precipitacion","centro",686,0,0,103
2022,12,"precipitacion","centro",686,0,0,103
2022,13,"precipitacion","centro",686,0,0,103
2022,14,"precipitacion","centro",686,0,0,103
2022,15,"precipitacion","centro",686,0,0,103
2022,16,"precipitacion","centro",686,0,0,103
2022,17,"precipitacion","centro",686,0,0,103
2022,18,"precipitacion","centro",686,0,0,103
2022,19,"precipitacion","centro",686,0,0,103
2022,20,"precipitacion","centro",686,0,0,103
2022,21,"precipitacion","centro",686,0,0,103
2022,22,"precipitacion","centro",686,0,0,103
2022,23,"precipitacion","centro",686,0,0,103
2022,24,"precipitacion","centro",686,0,0,103
2022,25,"precipitacion","centro",686,0,0,103
2022,26,"precipitacion","centro",686,0,0,103
2022,27,"precipitacion","centro",686,0,0,103
2022,28,"precipitacion","centro",686,0,0,103
2022,29,"precipitacion","centro",686,0,0,103
2022,30,"precipitacion","centro",686,0,0,103
2022,31,"precipitacion","centro",686,0,0,103
2022,32,"precipitacion","centro",686,0,0,103
2022,33,"precipitacion","centro",686,0,0,103
2022,34,"precipitacion","centro",686,0,0,103
2022,35,"precipitacion","centro",686,0,0,103
2022,36,"precipitacion","centro",686,0,0,103
2022,37,"precipitacion","centro",686,0,0,103
2022,38,"precipitacion","centro",686,0,0,103
2022,39,"precipitacion","centro",686,0,0,103
2022,40,"precipitacion","centro",686,0,0,103
2022,41,"precipitacion","centro",686,0,0,103
2022,42,"precipitacion","centro",686,0,0,103
2022,43,"precipitacion","centro",686,0,0,103
2022,44,"precipitacion","centro",686,0,0,103
2022,45,"precipitacion","centro",686,0,0,103
2022,46,"precipitacion","centro",686,0,0,103
2022,47,"precipitacion","centro",686,0,0,103
2022,48,"precipitacion","centro",686,0,0,103
2022,49,"precipitacion","centro",686,0,0,103
2022,50,"precipitacion","centro",686,0,0,103
2022,51,"precipitacion","centro",686,0,0,103
2022,52,"precipitacion","centro",686,0,0,103
2022,1,"precipitacion","interseccion",787,0,2,0
2022,2,"precipitacion","interseccion",787,0,2,0
2022,3,"precipitacion","interseccion",787,0,2,0
2022,4,"precipitacion","interseccion",787,0,2,0
2022,5,"precipitacion","interseccion",787,0,2,0
2022,6,"precipitacion","interseccion",787,0,2,0
2022,7,"precipitacion","interseccion",787,0,2,0
2022,8,"precipitacion","interseccion",787,0,2,0
2022,9,"precipitacion","interseccion",787,0,2,0
2022,10,"precipitacion","interseccion",787,0,2,0
2022,11,"precipitacion","interseccion",787,0,2,0
2022,12,"precipitacion","interseccion",787,0,2,0
2022,13,"precipitacion","interseccion",787,0,2,0
2022,14,"precipitacion","interseccion",787,0,2,0
2022,15,"precipitacion","interseccion",787,0,2,0
2022,16,"precipitacion","interseccion",787,0,2,0
2022,17,"precipitacion","interseccion",787,0,2,0
2022,18,"precipitacion","interseccion",787,0,2,0
2022,19,"precipitacion","interseccion",787,0,2,0
2022,20,"precipitacion","interseccion",787,0,2,0
2022,21,"precipitacion","interseccion",787,0,2,0
2022,22,"precipitacion","interseccion",787,0,2,0
2022,23,"precipitacion","interseccion",787,0,2,0
2022,24,"precipitacion","interseccion",787,0,2,0
2022,25,"precipitacion","interseccion",787,0,2,0
2022,26,"precipitacion","interseccion",787,0,2,0
2022,27,"precipitacion","interseccion",787,0,2,0
2022,28,"precipitacion","interseccion",787,0,2,0
2022,29,"precipitacion","interseccion",787,0,2,0
2022,30,"precipitacion","interseccion",787,0,2,0
2022,31,"precipitacion","interseccion",787,0,2,0
2022,32,"precipitacion","interseccion",787,0,2,0
2022,33,"precipitacion","interseccion",787,0,2,0
2022,34,"precipitacion","interseccion",787,0,2,0
2022,35,"precipitacion","interseccion",787,0,2,0
2022,36,"precipitacion","interseccion",787,0,2,0
2022,37,"precipitacion","interseccion",787,0,2,0
2022,38,"precipitacion","interseccion",787,0,2,0
2022,39,"precipitacion","interseccion",787,0,2,0
2022,40,"precipitacion","interseccion",787,0,2,0
2022,41,"precipitacion","interseccion",787,0,2,0
2022,42,"precipitacion","interseccion",787,0,2,0
2022,43,"precipitacion","interseccion",787,0,2,0
2022,44,"precipitacion","interseccion",787,0,2,0
2022,45,"precipitacion","interseccion",787,0,2,0
2022,46,"precipitacion","interseccion",787,0,2,0
2022,47,"precipitacion","interseccion",787,0,2,0
2022,48,"precipitacion","interseccion",787,0,2,0
2022,49,"precipitacion","interseccion",787,0,2,0
2022,50,"precipitacion","interseccion",787,0,2,0
2022,51,"precipitacion","interseccion",787,0,2,0
2022,52,"precipitacion","interseccion",787,0,2,0
2022,1,"temperatura","centro",122,564,0,10
2022,2,"temperatura","centro",122,564,0,10
2022,3,"temperatura","centro",122,564,0,10
2022,4,"temperatura","centro",122,564,0,10
2022,5,"temperatura","centro",122,564,0,10
2022,6,"temperatura","centro",122,564,0,10
2022,7,"temperatura","centro",122,564,0,10
2022,8,"temperatura","centro",122,564,0,10
2022,9,"temperatura","centro",122,564,0,10
2022,10,"temperatura","centro",122,564,0,10
2022,11,"temperatura","centro",122,564,0,10
2022,12,"temperatura","centro",122,564,0,10
2022,13,"temperatura","centro",122,564,0,10
2022,14,"temperatura","centro",122,564,0,10
2022,15,"temperatura","centro",122,564,0,10
2022,16,"temperatura","centro",122,564,0,10
2022,17,"temperatura","centro",122,564,0,10
2022,18,"temperatura","centro",122,564,0,10
2022,19,"temperatura","centro",122,564,0,10
2022,20,"temperatura","centro",122,564,0,10
2022,21,"temperatura","centro",122,564,0,10
2022,22,"temperatura","centro",122,564,0,10
2022,23,"temperatura","centro",122,564,0,10
2022,24,"temperatura","centro",122,564,0,10
2022,25,"temperatura","centro",122,564,0,10
2022,26,"temperatura","centro",122,564,0,10
2022,27,"temperatura","centro",122,564,0,10
2022,28,"temperatura","centro",122,564,0,10
2022,29,"temperatura","centro",122,564,0,10
2022,30,"temperatura","centro",122,564,0,10
2022,31,"temperatura","centro",122,564,0,10
2022,32,"temperatura","centro",122,564,0,10
2022,33,"temperatura","centro",122,564,0,10
2022,34,"temperatura","centro",122,564,0,10
2022,35,"temperatura","centro",122,564,0,10
2022,36,"temperatura","centro",122,564,0,10
2022,37,"temperatura","centro",122,564,0,10
2022,38,"temperatura","centro",122,564,0,10
2022,39,"temperatura","centro",122,564,0,10
2022,40,"temperatura","centro",122,564,0,10
2022,41,"temperatura","centro",122,564,0,10
2022,42,"temperatura","centro",122,564,0,10
2022,43,"temperatura","centro",122,564,0,10
2022,44,"temperatura","centro",122,564,0,10
2022,45,"temperatura","centro",122,564,0,10
2022,46,"temperatura","centro",122,564,0,10
2022,47,"temperatura","centro",122,564,0,10
2022,48,"temperatura","centro",122,564,0,10
2022,49,"temperatura","centro",122,564,0,10
2022,50,"temperatura","centro",122,564,0,10
2022,51,"temperatura","centro",122,564,0,10
2022,52,"temperatura","centro",122,564,0,10
2022,1,"temperatura","interseccion",132,657,0,0
2022,2,"temperatura","interseccion",132,657,0,0
2022,3,"temperatura","interseccion",132,657,0,0
2022,4,"temperatura","interseccion",132,657,0,0
2022,5,"temperatura","interseccion",132,657,0,0
2022,6,"temperatura","interseccion",132,657,0,0
2022,7,"temperatura","interseccion",132,657,0,0
2022,8,"temperatura","interseccion",132,657,0,0
2022,9,"temperatura","interseccion",132,657,0,0
2022,10,"temperatura","interseccion",132,657,0,0
2022,11,"temperatura","interseccion",132,657,0,0
2022,12,"temperatura","interseccion",132,657,0,0
2022,13,"temperatura","interseccion",132,657,0,0
2022,14,"temperatura","interseccion",132,657,0,0
2022,15,"temperatura","interseccion",132,657,0,0
2022,16,"temperatura","interseccion",132,657,0,0
2022,17,"temperatura","interseccion",132,657,0,0
2022,18,"temperatura","interseccion",132,657,0,0
2022,19,"temperatura","interseccion",132,657,0,0
2022,20,"temperatura","interseccion",132,657,0,0
2022,21,"temperatura","interseccion",132,657,0,0
2022,22,"temperatura","interseccion",132,657,0,0
2022,23,"temperatura","interseccion",132,657,0,0
2022,24,"temperatura","interseccion",132,657,0,0
2022,25,"temperatura","interseccion",132,657,0,0
2022,26,"temperatura","interseccion",132,657,0,0
2022,27,"temperatura","interseccion",132,657,0,0
2022,28,"temperatura","interseccion",132,657,0,0
2022,29,"temperatura","interseccion",132,657,0,0
2022,30,"temperatura","interseccion",132,657,0,0
2022,31,"temperatura","interseccion",132,657,0,0
2022,32,"temperatura","interseccion",132,657,0,0
2022,33,"temperatura","interseccion",132,657,0,0
2022,34,"temperatura","interseccion",132,657,0,0
2022,35,"temperatura","interseccion",132,657,0,0
2022,36,"temperatura","interseccion",132,657,0,0
2022,37,"temperatura","interseccion",132,657,0,0
2022,38,"temperatura","interseccion",132,657,0,0
2022,39,"temperatura","interseccion",132,657,0,0
2022,40,"temperatura","interseccion",132,657,0,0
2022,41,"temperatura","interseccion",132,657,0,0
2022,42,"temperatura","interseccion",132,657,0,0
2022,43,"temperatura","interseccion",132,657,0,0
2022,44,"temperatura","interseccion",132,657,0,0
2022,45,"temperatura","interseccion",132,657,0,0
2022,46,"temperatura","interseccion",132,657,0,0
2022,47,"temperatura","interseccion",132,657,0,0
2022,48,"temperatura","interseccion",132,657,0,0
2022,49,"temperatura","interseccion",132,657,0,0
2022,50,"temperatura","interseccion",132,657,0,0
2022,51,"temperatura","interseccion",132,657,0,0
2022,52,"temperatura","interseccion",132,657,0,0
2022,1,"radiacion","centro",27,659,0,4
2022,2,"radiacion","centro",27,659,0,4
2022,3,"radiacion","centro",27,659,0,4
2022,4,"radiacion","centro",27,659,0,4
2022,5,"radiacion","centro",27,659,0,4
2022,6,"radiacion","centro",27,659,0,4
2022,7,"radiacion","centro",27,659,0,4
2022,8,"radiacion","centro",27,659,0,4
2022,9,"radiacion","centro",27,659,0,4
2022,10,"radiacion","centro",27,659,0,4
2022,11,"radiacion","centro",27,659,0,4
2022,12,"radiacion","centro",27,659,0,4
2022,13,"radiacion","centro",27,659,0,4
2022,14,"radiacion","centro",27,659,0,4
2022,15,"radiacion","centro",27,659,0,4
2022,16,"radiacion","centro",27,659,0,4
2022,17,"radiacion","centro",27,659,0,4
2022,18,"radiacion","centro",27,659,0,4
2022,19,"radiacion","centro",27,659,0,4
2022,20,"radiacion","centro",27,659,0,4
2022,21,"radiacion","centro",27,659,0,4
2022,22,"radiacion","centro",27,659,0,4
2022,23,"radiacion","centro",27,659,0,4
2022,24,"radiacion","centro",27,659,0,4
2022,25,"radiacion","centro",27,659,0,4
2022,26,"radiacion","centro",27,659,0,4
2022,27,"radiacion","centro",27,659,0,4
2022,28,"radiacion","centro",27,659,0,4
2022,29,"radiacion","centro",27,659,0,4
2022,30,"radiacion","centro",27,659,0,4
2022,31,"radiacion","centro",27,659,0,4
2022,32,"radiacion","centro",27,659,0,4
2022,33,"radiacion","centro",27,659,0,4
2022,34,"radiacion","centro",27,659,0,4
2022,35,"radiacion","centro",27,659,0,4
2022,36,"radiacion","centro",27,659,0,4
2022,37,"radiacion","centro",27,659,0,4
2022,38,"radiacion","centro",27,659,0,4
2022,39,"radiacion","centro",27,659,0,4
2022,40,"radiacion","centro",27,659,0,4
2022,41,"radiacion","centro",27,659,0,4
2022,42,"radiacion","centro",27,659,0,4
2022,43,"radiacion","centro",27,659,0,4
2022,44,"radiacion","centro",27,659,0,4
2022,45,"radiacion","centro",27,659,0,4
2022,46,"radiacion","centro",27,659,0,4
2022,47,"radiacion","centro",27,659,0,4
2022,48,"radiacion","centro",27,659,0,4
2022,49,"radiacion","centro",27,659,0,4
2022,50,"radiacion","centro",27,659,0,4
2022,51,"radiacion","centro",27,659,0,4
2022,52,"radiacion","centro",27,659,0,4
2022,1,"radiacion","interseccion",31,758,0,0
2022,2,"radiacion","interseccion",31,758,0,0
2022,3,"radiacion","interseccion",31,758,0,0
2022,4,"radiacion","interseccion",31,758,0,0
2022,5,"radiacion","interseccion",31,758,0,0
2022,6,"radiacion","interseccion",31,758,0,0
2022,7,"radiacion","interseccion",31,758,0,0
2022,8,"radiacion","interseccion",31,758,0,0
2022,9,"radiacion","interseccion",31,758,0,0
2022,10,"radiacion","interseccion",31,758,0,0
2022,11,"radiacion","interseccion",31,758,0,0
2022,12,"radiacion","interseccion",31,758,0,0
2022,13,"radiacion","interseccion",31,758,0,0
2022,14,"radiacion","interseccion",31,758,0,0
2022,15,"radiacion","interseccion",31,758,0,0
2022,16,"radiacion","interseccion",31,758,0,0
2022,17,"radiacion","interseccion",31,758,0,0
2022,18,"radiacion","interseccion",31,758,0,0
2022,19,"radiacion","interseccion",31,758,0,0
2022,20,"radiacion","interseccion",31,758,0,0
2022,21,"radiacion","interseccion",31,758,0,0
2022,22,"radiacion","interseccion",31,758,0,0
2022,23,"radiacion","interseccion",31,758,0,0
2022,24,"radiacion","interseccion",31,758,0,0
2022,25,"radiacion","interseccion",31,758,0,0
2022,26,"radiacion","interseccion",31,758,0,0
2022,27,"radiacion","interseccion",31,758,0,0
2022,28,"radiacion","interseccion",31,758,0,0
2022,29,"radiacion","interseccion",31,758,0,0
2022,30,"radiacion","interseccion",31,758,0,0
2022,31,"radiacion","interseccion",31,758,0,0
2022,32,"radiacion","interseccion",31,758,0,0
2022,33,"radiacion","interseccion",31,758,0,0
2022,34,"radiacion","interseccion",31,758,0,0
2022,35,"radiacion","interseccion",31,758,0,0
2022,36,"radiacion","interseccion",31,758,0,0
2022,37,"radiacion","interseccion",31,758,0,0
2022,38,"radiacion","interseccion",31,758,0,0
2022,39,"radiacion","interseccion",31,758,0,0
2022,40,"radiacion","interseccion",31,758,0,0
2022,41,"radiacion","interseccion",31,758,0,0
2022,42,"radiacion","interseccion",31,758,0,0
2022,43,"radiacion","interseccion",31,758,0,0
2022,44,"radiacion","interseccion",31,758,0,0
2022,45,"radiacion","interseccion",31,758,0,0
2022,46,"radiacion","interseccion",31,758,0,0
2022,47,"radiacion","interseccion",31,758,0,0
2022,48,"radiacion","interseccion",31,758,0,0
2022,49,"radiacion","interseccion",31,758,0,0
2022,50,"radiacion","interseccion",31,758,0,0
2022,51,"radiacion","interseccion",31,758,0,0
2022,52,"radiacion","interseccion",31,758,0,0
2023,1,"precipitacion","centro",686,0,0,103
2023,2,"precipitacion","centro",686,0,0,103
2023,3,"precipitacion","centro",686,0,0,103
2023,4,"precipitacion","centro",686,0,0,103
2023,5,"precipitacion","centro",686,0,0,103
2023,6,"precipitacion","centro",686,0,0,103
2023,7,"precipitacion","centro",686,0,0,103
2023,8,"precipitacion","centro",686,0,0,103
2023,9,"precipitacion","centro",686,0,0,103
2023,10,"precipitacion","centro",686,0,0,103
2023,11,"precipitacion","centro",686,0,0,103
2023,12,"precipitacion","centro",686,0,0,103
2023,13,"precipitacion","centro",686,0,0,103
2023,14,"precipitacion","centro",686,0,0,103
2023,15,"precipitacion","centro",686,0,0,103
2023,16,"precipitacion","centro",686,0,0,103
2023,17,"precipitacion","centro",686,0,0,103
2023,18,"precipitacion","centro",686,0,0,103
2023,19,"precipitacion","centro",686,0,0,103
2023,20,"precipitacion","centro",686,0,0,103
2023,21,"precipitacion","centro",686,0,0,103
2023,22,"precipitacion","centro",686,0,0,103
2023,23,"precipitacion","centro",686,0,0,103
2023,24,"precipitacion","centro",686,0,0,103
2023,25,"precipitacion","centro",686,0,0,103
2023,26,"precipitacion","centro",686,0,0,103
2023,27,"precipitacion","centro",686,0,0,103
2023,28,"precipitacion","centro",686,0,0,103
2023,29,"precipitacion","centro",686,0,0,103
2023,30,"precipitacion","centro",686,0,0,103
2023,31,"precipitacion","centro",686,0,0,103
2023,32,"precipitacion","centro",686,0,0,103
2023,33,"precipitacion","centro",686,0,0,103
2023,34,"precipitacion","centro",686,0,0,103
2023,35,"precipitacion","centro",686,0,0,103
2023,36,"precipitacion","centro",686,0,0,103
2023,37,"precipitacion","centro",686,0,0,103
2023,38,"precipitacion","centro",686,0,0,103
2023,39,"precipitacion","centro",686,0,0,103
2023,40,"precipitacion","centro",686,0,0,103
2023,41,"precipitacion","centro",686,0,0,103
2023,42,"precipitacion","centro",686,0,0,103
2023,43,"precipitacion","centro",686,0,0,103
2023,44,"precipitacion","centro",686,0,0,103
2023,45,"precipitacion","centro",686,0,0,103
2023,46,"precipitacion","centro",686,0,0,103
2023,47,"precipitacion","centro",686,0,0,103
2023,48,"precipitacion","centro",686,0,0,103
2023,49,"precipitacion","centro",686,0,0,103
2023,50,"precipitacion","centro",686,0,0,103
2023,51,"precipitacion","centro",686,0,0,103
2023,52,"precipitacion","centro",686,0,0,103
2023,1,"precipitacion","interseccion",787,0,2,0
2023,2,"precipitacion","interseccion",787,0,2,0
2023,3,"precipitacion","interseccion",787,0,2,0
2023,4,"precipitacion","interseccion",787,0,2,0
2023,5,"precipitacion","interseccion",787,0,2,0
2023,6,"precipitacion","interseccion",787,0,2,0
2023,7,"precipitacion","interseccion",787,0,2,0
2023,8,"precipitacion","interseccion",787,0,2,0
2023,9,"precipitacion","interseccion",787,0,2,0
2023,10,"precipitacion","interseccion",787,0,2,0
2023,11,"precipitacion","interseccion",787,0,2,0
2023,12,"precipitacion","interseccion",787,0,2,0
2023,13,"precipitacion","interseccion",787,0,2,0
2023,14,"precipitacion","interseccion",787,0,2,0
2023,15,"precipitacion","interseccion",787,0,2,0
2023,16,"precipitacion","interseccion",787,0,2,0
2023,17,"precipitacion","interseccion",787,0,2,0
2023,18,"precipitacion","interseccion",787,0,2,0
2023,19,"precipitacion","interseccion",787,0,2,0
2023,20,"precipitacion","interseccion",787,0,2,0
2023,21,"precipitacion","interseccion",787,0,2,0
2023,22,"precipitacion","interseccion",787,0,2,0
2023,23,"precipitacion","interseccion",787,0,2,0
2023,24,"precipitacion","interseccion",787,0,2,0
2023,25,"precipitacion","interseccion",787,0,2,0
2023,26,"precipitacion","interseccion",787,0,2,0
2023,27,"precipitacion","interseccion",787,0,2,0
2023,28,"precipitacion","interseccion",787,0,2,0
2023,29,"precipitacion","interseccion",787,0,2,0
2023,30,"precipitacion","interseccion",787,0,2,0
2023,31,"precipitacion","interseccion",787,0,2,0
2023,32,"precipitacion","interseccion",787,0,2,0
2023,33,"precipitacion","interseccion",787,0,2,0
2023,34,"precipitacion","interseccion",787,0,2,0
2023,35,"precipitacion","interseccion",787,0,2,0
2023,36,"precipitacion","interseccion",787,0,2,0
2023,37,"precipitacion","interseccion",787,0,2,0
2023,38,"precipitacion","interseccion",787,0,2,0
2023,39,"precipitacion","interseccion",787,0,2,0
2023,40,"precipitacion","interseccion",787,0,2,0
2023,41,"precipitacion","interseccion",787,0,2,0
2023,42,"precipitacion","interseccion",787,0,2,0
2023,43,"precipitacion","interseccion",787,0,2,0
2023,44,"precipitacion","interseccion",787,0,2,0
2023,45,"precipitacion","interseccion",787,0,2,0
2023,46,"precipitacion","interseccion",787,0,2,0
2023,47,"precipitacion","interseccion",787,0,2,0
2023,48,"precipitacion","interseccion",787,0,2,0
2023,49,"precipitacion","interseccion",787,0,2,0
2023,50,"precipitacion","interseccion",787,0,2,0
2023,51,"precipitacion","interseccion",787,0,2,0
2023,52,"precipitacion","interseccion",787,0,2,0
2023,1,"temperatura","centro",122,564,0,10
2023,2,"temperatura","centro",122,564,0,10
2023,3,"temperatura","centro",122,564,0,10
2023,4,"temperatura","centro",122,564,0,10
2023,5,"temperatura","centro",122,564,0,10
2023,6,"temperatura","centro",122,564,0,10
2023,7,"temperatura","centro",122,564,0,10
2023,8,"temperatura","centro",122,564,0,10
2023,9,"temperatura","centro",122,564,0,10
2023,10,"temperatura","centro",122,564,0,10
2023,11,"temperatura","centro",122,564,0,10
2023,12,"temperatura","centro",122,564,0,10
2023,13,"temperatura","centro",122,564,0,10
2023,14,"temperatura","centro",122,564,0,10
2023,15,"temperatura","centro",122,564,0,10
2023,16,"temperatura","centro",122,564,0,10
2023,17,"temperatura","centro",122,564,0,10
2023,18,"temperatura","centro",122,564,0,10
2023,19,"temperatura","centro",122,564,0,10
2023,20,"temperatura","centro",122,564,0,10
2023,21,"temperatura","centro",122,564,0,10
2023,22,"temperatura","centro",122,564,0,10
2023,23,"temperatura","centro",122,564,0,10
2023,24,"temperatura","centro",122,564,0,10
2023,25,"temperatura","centro",122,564,0,10
2023,26,"temperatura","centro",122,564,0,10
2023,27,"temperatura","centro",122,564,0,10
2023,28,"temperatura","centro",122,564,0,10
2023,29,"temperatura","centro",122,564,0,10
2023,30,"temperatura","centro",122,564,0,10
2023,31,"temperatura","centro",122,564,0,10
2023,32,"temperatura","centro",122,564,0,10
2023,33,"temperatura","centro",122,564,0,10
2023,34,"temperatura","centro",122,564,0,10
2023,35,"temperatura","centro",122,564,0,10
2023,36,"temperatura","centro",122,564,0,10
2023,37,"temperatura","centro",122,564,0,10
2023,38,"temperatura","centro",122,564,0,10
2023,39,"temperatura","centro",122,564,0,10
2023,40,"temperatura","centro",122,564,0,10
2023,41,"temperatura","centro",122,564,0,10
2023,42,"temperatura","centro",122,564,0,10
2023,43,"temperatura","centro",122,564,0,10
2023,44,"temperatura","centro",122,564,0,10
2023,45,"temperatura","centro",122,564,0,10
2023,46,"temperatura","centro",122,564,0,10
2023,47,"temperatura","centro",122,564,0,10
2023,48,"temperatura","centro",122,564,0,10
2023,49,"temperatura","centro",122,564,0,10
2023,50,"temperatura","centro",122,564,0,10
2023,51,"temperatura","centro",122,564,0,10
2023,52,"temperatura","centro",122,564,0,10
2023,1,"temperatura","interseccion",132,657,0,0
2023,2,"temperatura","interseccion",132,657,0,0
2023,3,"temperatura","interseccion",132,657,0,0
2023,4,"temperatura","interseccion",132,657,0,0
2023,5,"temperatura","interseccion",132,657,0,0
2023,6,"temperatura","interseccion",132,657,0,0
2023,7,"temperatura","interseccion",132,657,0,0
2023,8,"temperatura","interseccion",132,657,0,0
2023,9,"temperatura","interseccion",132,657,0,0
2023,10,"temperatura","interseccion",132,657,0,0
2023,11,"temperatura","interseccion",132,657,0,0
2023,12,"temperatura","interseccion",132,657,0,0
2023,13,"temperatura","interseccion",132,657,0,0
2023,14,"temperatura","interseccion",132,657,0,0
2023,15,"temperatura","interseccion",132,657,0,0
2023,16,"temperatura","interseccion",132,657,0,0
2023,17,"temperatura","interseccion",132,657,0,0
2023,18,"temperatura","interseccion",132,657,0,0
2023,19,"temperatura","interseccion",132,657,0,0
2023,20,"temperatura","interseccion",132,657,0,0
2023,21,"temperatura","interseccion",132,657,0,0
2023,22,"temperatura","interseccion",132,657,0,0
2023,23,"temperatura","interseccion",132,657,0,0
2023,24,"temperatura","interseccion",132,657,0,0
2023,25,"temperatura","interseccion",132,657,0,0
2023,26,"temperatura","interseccion",132,657,0,0
2023,27,"temperatura","interseccion",132,657,0,0
2023,28,"temperatura","interseccion",132,657,0,0
2023,29,"temperatura","interseccion",132,657,0,0
2023,30,"temperatura","interseccion",132,657,0,0
2023,31,"temperatura","interseccion",132,657,0,0
2023,32,"temperatura","interseccion",132,657,0,0
2023,33,"temperatura","interseccion",132,657,0,0
2023,34,"temperatura","interseccion",132,657,0,0
2023,35,"temperatura","interseccion",132,657,0,0
2023,36,"temperatura","interseccion",132,657,0,0
2023,37,"temperatura","interseccion",132,657,0,0
2023,38,"temperatura","interseccion",132,657,0,0
2023,39,"temperatura","interseccion",132,657,0,0
2023,40,"temperatura","interseccion",132,657,0,0
2023,41,"temperatura","interseccion",132,657,0,0
2023,42,"temperatura","interseccion",132,657,0,0
2023,43,"temperatura","interseccion",132,657,0,0
2023,44,"temperatura","interseccion",132,657,0,0
2023,45,"temperatura","interseccion",132,657,0,0
2023,46,"temperatura","interseccion",132,657,0,0
2023,47,"temperatura","interseccion",132,657,0,0
2023,48,"temperatura","interseccion",132,657,0,0
2023,49,"temperatura","interseccion",132,657,0,0
2023,50,"temperatura","interseccion",132,657,0,0
2023,51,"temperatura","interseccion",132,657,0,0
2023,52,"temperatura","interseccion",132,657,0,0
2023,1,"radiacion","centro",27,659,0,4
2023,2,"radiacion","centro",27,659,0,4
2023,3,"radiacion","centro",27,659,0,4
2023,4,"radiacion","centro",27,659,0,4
2023,5,"radiacion","centro",27,659,0,4
2023,6,"radiacion","centro",27,659,0,4
2023,7,"radiacion","centro",27,659,0,4
2023,8,"radiacion","centro",27,659,0,4
2023,9,"radiacion","centro",27,659,0,4
2023,10,"radiacion","centro",27,659,0,4
2023,11,"radiacion","centro",27,659,0,4
2023,12,"radiacion","centro",27,659,0,4
2023,13,"radiacion","centro",27,659,0,4
2023,14,"radiacion","centro",27,659,0,4
2023,15,"radiacion","centro",27,659,0,4
2023,16,"radiacion","centro",27,659,0,4
2023,17,"radiacion","centro",27,659,0,4
2023,18,"radiacion","centro",27,659,0,4
2023,19,"radiacion","centro",27,659,0,4
2023,20,"radiacion","centro",27,659,0,4
2023,21,"radiacion","centro",27,659,0,4
2023,22,"radiacion","centro",27,659,0,4
2023,23,"radiacion","centro",27,659,0,4
2023,24,"radiacion","centro",27,659,0,4
2023,25,"radiacion","centro",27,659,0,4
2023,26,"radiacion","centro",27,659,0,4
2023,27,"radiacion","centro",27,659,0,4
2023,28,"radiacion","centro",27,659,0,4
2023,29,"radiacion","centro",27,659,0,4
2023,30,"radiacion","centro",27,659,0,4
2023,31,"radiacion","centro",27,659,0,4
2023,32,"radiacion","centro",27,659,0,4
2023,33,"radiacion","centro",27,659,0,4
2023,34,"radiacion","centro",27,659,0,4
2023,35,"radiacion","centro",27,659,0,4
2023,36,"radiacion","centro",27,659,0,4
2023,37,"radiacion","centro",27,659,0,4
2023,38,"radiacion","centro",27,659,0,4
2023,39,"radiacion","centro",27,659,0,4
2023,40,"radiacion","centro",27,659,0,4
2023,41,"radiacion","centro",27,659,0,4
2023,42,"radiacion","centro",27,659,0,4
2023,43,"radiacion","centro",27,659,0,4
2023,44,"radiacion","centro",27,659,0,4
2023,45,"radiacion","centro",27,659,0,4
2023,46,"radiacion","centro",27,659,0,4
2023,47,"radiacion","centro",27,659,0,4
2023,48,"radiacion","centro",27,659,0,4
2023,49,"radiacion","centro",27,659,0,4
2023,50,"radiacion","centro",27,659,0,4
2023,51,"radiacion","centro",27,659,0,4
2023,52,"radiacion","centro",27,659,0,4
2023,1,"radiacion","interseccion",31,758,0,0
2023,2,"radiacion","interseccion",31,758,0,0
2023,3,"radiacion","interseccion",31,758,0,0
2023,4,"radiacion","interseccion",31,758,0,0
2023,5,"radiacion","interseccion",31,758,0,0
2023,6,"radiacion","interseccion",31,758,0,0
2023,7,"radiacion","interseccion",31,758,0,0
2023,8,"radiacion","interseccion",31,758,0,0
2023,9,"radiacion","interseccion",31,758,0,0
2023,10,"radiacion","interseccion",31,758,0,0
2023,11,"radiacion","interseccion",31,758,0,0
2023,12,"radiacion","interseccion",31,758,0,0
2023,13,"radiacion","interseccion",31,758,0,0
2023,14,"radiacion","interseccion",31,758,0,0
2023,15,"radiacion","interseccion",31,758,0,0
2023,16,"radiacion","interseccion",31,758,0,0
2023,17,"radiacion","interseccion",31,758,0,0
2023,18,"radiacion","interseccion",31,758,0,0
2023,19,"radiacion","interseccion",31,758,0,0
2023,20,"radiacion","interseccion",31,758,0,0
2023,21,"radiacion","interseccion",31,758,0,0
2023,22,"radiacion","interseccion",31,758,0,0
2023,23,"radiacion","interseccion",31,758,0,0
2023,24,"radiacion","interseccion",31,758,0,0
2023,25,"radiacion","interseccion",31,758,0,0
2023,26,"radiacion","interseccion",31,758,0,0
2023,27,"radiacion","interseccion",31,758,0,0
2023,28,"radiacion","interseccion",31,758,0,0
2023,29,"radiacion","interseccion",31,758,0,0
2023,30,"radiacion","interseccion",31,758,0,0
2023,31,"radiacion","interseccion",31,758,0,0
2023,32,"radiacion","interseccion",31,758,0,0
2023,33,"radiacion","interseccion",31,758,0,0
2023,34,"radiacion","interseccion",31,758,0,0
2023,35,"radiacion","interseccion",31,758,0,0
2023,36,"radiacion","interseccion",31,758,0,0
2023,37,"radiacion","interseccion",31,758,0,0
2023,38,"radiacion","interseccion",31,758,0,0
2023,39,"radiacion","interseccion",31,758,0,0
2023,40,"radiacion","interseccion",31,758,0,0
2023,41,"radiacion","interseccion",31,758,0,0
2023,42,"radiacion","interseccion",31,758,0,0
2023,43,"radiacion","interseccion",31,758,0,0
2023,44,"radiacion","interseccion",31,758,0,0
2023,45,"radiacion","interseccion",31,758,0,0
2023,46,"radiacion","interseccion",31,758,0,0
2023,47,"radiacion","interseccion",31,758,0,0
2023,48,"radiacion","interseccion",31,758,0,0
2023,49,"radiacion","interseccion",31,758,0,0
2023,50,"radiacion","interseccion",31,758,0,0
2023,51,"radiacion","interseccion",31,758,0,0
2023,52,"radiacion","interseccion",31,758,0,0
2024,1,"precipitacion","centro",686,0,0,103
2024,2,"precipitacion","centro",686,0,0,103
2024,3,"precipitacion","centro",686,0,0,103
2024,4,"precipitacion","centro",686,0,0,103
2024,5,"precipitacion","centro",686,0,0,103
2024,6,"precipitacion","centro",686,0,0,103
2024,7,"precipitacion","centro",686,0,0,103
2024,8,"precipitacion","centro",686,0,0,103
2024,9,"precipitacion","centro",686,0,0,103
2024,10,"precipitacion","centro",686,0,0,103
2024,11,"precipitacion","centro",686,0,0,103
2024,12,"precipitacion","centro",686,0,0,103
2024,13,"precipitacion","centro",686,0,0,103
2024,14,"precipitacion","centro",686,0,0,103
2024,15,"precipitacion","centro",686,0,0,103
2024,16,"precipitacion","centro",686,0,0,103
2024,17,"precipitacion","centro",686,0,0,103
2024,18,"precipitacion","centro",686,0,0,103
2024,19,"precipitacion","centro",686,0,0,103
2024,20,"precipitacion","centro",686,0,0,103
2024,21,"precipitacion","centro",686,0,0,103
2024,22,"precipitacion","centro",686,0,0,103
2024,23,"precipitacion","centro",686,0,0,103
2024,24,"precipitacion","centro",686,0,0,103
2024,25,"precipitacion","centro",686,0,0,103
2024,26,"precipitacion","centro",686,0,0,103
2024,27,"precipitacion","centro",686,0,0,103
2024,28,"precipitacion","centro",686,0,0,103
2024,29,"precipitacion","centro",686,0,0,103
2024,30,"precipitacion","centro",686,0,0,103
2024,31,"precipitacion","centro",686,0,0,103
2024,32,"precipitacion","centro",686,0,0,103
2024,33,"precipitacion","centro",686,0,0,103
2024,34,"precipitacion","centro",686,0,0,103
2024,35,"precipitacion","centro",686,0,0,103
2024,36,"precipitacion","centro",686,0,0,103
2024,37,"precipitacion","centro",686,0,0,103
2024,38,"precipitacion","centro",686,0,0,103
2024,39,"precipitacion","centro",686,0,0,103
2024,40,"precipitacion","centro",686,0,0,103
2024,41,"precipitacion","centro",686,0,0,103
2024,42,"precipitacion","centro",686,0,0,103
2024,43,"precipitacion","centro",686,0,0,103
2024,44,"precipitacion","centro",686,0,0,103
2024,45,"precipitacion","centro",686,0,0,103
2024,46,"precipitacion","centro",686,0,0,103
2024,47,"precipitacion","centro",686,0,0,103
2024,48,"precipitacion","centro",686,0,0,103
2024,49,"precipitacion","centro",686,0,0,103
2024,50,"precipitacion","centro",686,0,0,103
2024,51,"precipitacion","centro",686,0,0,103
2024,52,"precipitacion","centro",686,0,0,103
2024,1,"precipitacion","interseccion",787,0,2,0
2024,2,"precipitacion","interseccion",787,0,2,0
2024,3,"precipitacion","interseccion",787,0,2,0
2024,4,"precipitacion","interseccion",787,0,2,0
2024,5,"precipitacion","interseccion",787,0,2,0
2024,6,"precipitacion","interseccion",787,0,2,0
2024,7,"precipitacion","interseccion",787,0,2,0
2024,8,"precipitacion","interseccion",787,0,2,0
2024,9,"precipitacion","interseccion",787,0,2,0
2024,10,"precipitacion","interseccion",787,0,2,0
2024,11,"precipitacion","interseccion",787,0,2,0
2024,12,"precipitacion","interseccion",787,0,2,0
2024,13,"precipitacion","interseccion",787,0,2,0
2024,14,"precipitacion","interseccion",787,0,2,0
2024,15,"precipitacion","interseccion",787,0,2,0
2024,16,"precipitacion","interseccion",787,0,2,0
2024,17,"precipitacion","interseccion",787,0,2,0
2024,18,"precipitacion","interseccion",787,0,2,0
2024,19,"precipitacion","interseccion",787,0,2,0
2024,20,"precipitacion","interseccion",787,0,2,0
2024,21,"precipitacion","interseccion",787,0,2,0
2024,22,"precipitacion","interseccion",787,0,2,0
2024,23,"precipitacion","interseccion",787,0,2,0
2024,24,"precipitacion","interseccion",787,0,2,0
2024,25,"precipitacion","interseccion",787,0,2,0
2024,26,"precipitacion","interseccion",787,0,2,0
2024,27,"precipitacion","interseccion",787,0,2,0
2024,28,"precipitacion","interseccion",787,0,2,0
2024,29,"precipitacion","interseccion",787,0,2,0
2024,30,"precipitacion","interseccion",787,0,2,0
2024,31,"precipitacion","interseccion",787,0,2,0
2024,32,"precipitacion","interseccion",787,0,2,0
2024,33,"precipitacion","interseccion",787,0,2,0
2024,34,"precipitacion","interseccion",787,0,2,0
2024,35,"precipitacion","interseccion",787,0,2,0
2024,36,"precipitacion","interseccion",787,0,2,0
2024,37,"precipitacion","interseccion",787,0,2,0
2024,38,"precipitacion","interseccion",787,0,2,0
2024,39,"precipitacion","interseccion",787,0,2,0
2024,40,"precipitacion","interseccion",787,0,2,0
2024,41,"precipitacion","interseccion",787,0,2,0
2024,42,"precipitacion","interseccion",787,0,2,0
2024,43,"precipitacion","interseccion",787,0,2,0
2024,44,"precipitacion","interseccion",787,0,2,0
2024,45,"precipitacion","interseccion",787,0,2,0
2024,46,"precipitacion","interseccion",787,0,2,0
2024,47,"precipitacion","interseccion",787,0,2,0
2024,48,"precipitacion","interseccion",787,0,2,0
2024,49,"precipitacion","interseccion",787,0,2,0
2024,50,"precipitacion","interseccion",787,0,2,0
2024,51,"precipitacion","interseccion",787,0,2,0
2024,52,"precipitacion","interseccion",787,0,2,0
2024,1,"temperatura","centro",122,564,0,10
2024,2,"temperatura","centro",122,564,0,10
2024,3,"temperatura","centro",122,564,0,10
2024,4,"temperatura","centro",122,564,0,10
2024,5,"temperatura","centro",122,564,0,10
2024,6,"temperatura","centro",122,564,0,10
2024,7,"temperatura","centro",122,564,0,10
2024,8,"temperatura","centro",122,564,0,10
2024,9,"temperatura","centro",122,564,0,10
2024,10,"temperatura","centro",122,564,0,10
2024,11,"temperatura","centro",122,564,0,10
2024,12,"temperatura","centro",122,564,0,10
2024,13,"temperatura","centro",122,564,0,10
2024,14,"temperatura","centro",122,564,0,10
2024,15,"temperatura","centro",122,564,0,10
2024,16,"temperatura","centro",122,564,0,10
2024,17,"temperatura","centro",122,564,0,10
2024,18,"temperatura","centro",122,564,0,10
2024,19,"temperatura","centro",122,564,0,10
2024,20,"temperatura","centro",122,564,0,10
2024,21,"temperatura","centro",122,564,0,10
2024,22,"temperatura","centro",122,564,0,10
2024,23,"temperatura","centro",122,564,0,10
2024,24,"temperatura","centro",122,564,0,10
2024,25,"temperatura","centro",122,564,0,10
2024,26,"temperatura","centro",122,564,0,10
2024,27,"temperatura","centro",122,564,0,10
2024,28,"temperatura","centro",122,564,0,10
2024,29,"temperatura","centro",122,564,0,10
2024,30,"temperatura","centro",122,564,0,10
2024,31,"temperatura","centro",122,564,0,10
2024,32,"temperatura","centro",122,564,0,10
2024,33,"temperatura","centro",122,564,0,10
2024,34,"temperatura","centro",122,564,0,10
2024,35,"temperatura","centro",122,564,0,10
2024,36,"temperatura","centro",122,564,0,10
2024,37,"temperatura","centro",122,564,0,10
2024,38,"temperatura","centro",122,564,0,10
2024,39,"temperatura","centro",122,564,0,10
2024,40,"temperatura","centro",122,564,0,10
2024,41,"temperatura","centro",122,564,0,10
2024,42,"temperatura","centro",122,564,0,10
2024,43,"temperatura","centro",122,564,0,10
2024,44,"temperatura","centro",122,564,0,10
2024,45,"temperatura","centro",122,564,0,10
2024,46,"temperatura","centro",122,564,0,10
2024,47,"temperatura","centro",122,564,0,10
2024,48,"temperatura","centro",122,564,0,10
2024,49,"temperatura","centro",122,564,0,10
2024,50,"temperatura","centro",122,564,0,10
2024,51,"temperatura","centro",122,564,0,10
2024,52,"temperatura","centro",122,564,0,10
2024,1,"temperatura","interseccion",132,657,0,0
2024,2,"temperatura","interseccion",132,657,0,0
2024,3,"temperatura","interseccion",132,657,0,0
2024,4,"temperatura","interseccion",132,657,0,0
2024,5,"temperatura","interseccion",132,657,0,0
2024,6,"temperatura","interseccion",132,657,0,0
2024,7,"temperatura","interseccion",132,657,0,0
2024,8,"temperatura","interseccion",132,657,0,0
2024,9,"temperatura","interseccion",132,657,0,0
2024,10,"temperatura","interseccion",132,657,0,0
2024,11,"temperatura","interseccion",132,657,0,0
2024,12,"temperatura","interseccion",132,657,0,0
2024,13,"temperatura","interseccion",132,657,0,0
2024,14,"temperatura","interseccion",132,657,0,0
2024,15,"temperatura","interseccion",132,657,0,0
2024,16,"temperatura","interseccion",132,657,0,0
2024,17,"temperatura","interseccion",132,657,0,0
2024,18,"temperatura","interseccion",132,657,0,0
2024,19,"temperatura","interseccion",132,657,0,0
2024,20,"temperatura","interseccion",132,657,0,0
2024,21,"temperatura","interseccion",132,657,0,0
2024,22,"temperatura","interseccion",132,657,0,0
2024,23,"temperatura","interseccion",132,657,0,0
2024,24,"temperatura","interseccion",132,657,0,0
2024,25,"temperatura","interseccion",132,657,0,0
2024,26,"temperatura","interseccion",132,657,0,0
2024,27,"temperatura","interseccion",132,657,0,0
2024,28,"temperatura","interseccion",132,657,0,0
2024,29,"temperatura","interseccion",132,657,0,0
2024,30,"temperatura","interseccion",132,657,0,0
2024,31,"temperatura","interseccion",132,657,0,0
2024,32,"temperatura","interseccion",132,657,0,0
2024,33,"temperatura","interseccion",132,657,0,0
2024,34,"temperatura","interseccion",132,657,0,0
2024,35,"temperatura","interseccion",132,657,0,0
2024,36,"temperatura","interseccion",132,657,0,0
2024,37,"temperatura","interseccion",132,657,0,0
2024,38,"temperatura","interseccion",132,657,0,0
2024,39,"temperatura","interseccion",132,657,0,0
2024,40,"temperatura","interseccion",132,657,0,0
2024,41,"temperatura","interseccion",132,657,0,0
2024,42,"temperatura","interseccion",132,657,0,0
2024,43,"temperatura","interseccion",132,657,0,0
2024,44,"temperatura","interseccion",132,657,0,0
2024,45,"temperatura","interseccion",132,657,0,0
2024,46,"temperatura","interseccion",132,657,0,0
2024,47,"temperatura","interseccion",132,657,0,0
2024,48,"temperatura","interseccion",132,657,0,0
2024,49,"temperatura","interseccion",132,657,0,0
2024,50,"temperatura","interseccion",132,657,0,0
2024,51,"temperatura","interseccion",132,657,0,0
2024,52,"temperatura","interseccion",132,657,0,0
2024,1,"radiacion","centro",27,659,0,4
2024,2,"radiacion","centro",27,659,0,4
2024,3,"radiacion","centro",27,659,0,4
2024,4,"radiacion","centro",27,659,0,4
2024,5,"radiacion","centro",27,659,0,4
2024,6,"radiacion","centro",27,659,0,4
2024,7,"radiacion","centro",27,659,0,4
2024,8,"radiacion","centro",27,659,0,4
2024,9,"radiacion","centro",27,659,0,4
2024,10,"radiacion","centro",27,659,0,4
2024,11,"radiacion","centro",27,659,0,4
2024,12,"radiacion","centro",27,659,0,4
2024,13,"radiacion","centro",27,659,0,4
2024,14,"radiacion","centro",27,659,0,4
2024,15,"radiacion","centro",27,659,0,4
2024,16,"radiacion","centro",27,659,0,4
2024,17,"radiacion","centro",27,659,0,4
2024,18,"radiacion","centro",27,659,0,4
2024,19,"radiacion","centro",27,659,0,4
2024,20,"radiacion","centro",27,659,0,4
2024,21,"radiacion","centro",27,659,0,4
2024,22,"radiacion","centro",27,659,0,4
2024,23,"radiacion","centro",27,659,0,4
2024,24,"radiacion","centro",27,659,0,4
2024,25,"radiacion","centro",27,659,0,4
2024,26,"radiacion","centro",27,659,0,4
2024,27,"radiacion","centro",27,659,0,4
2024,28,"radiacion","centro",27,659,0,4
2024,29,"radiacion","centro",27,659,0,4
2024,30,"radiacion","centro",27,659,0,4
2024,31,"radiacion","centro",27,659,0,4
2024,32,"radiacion","centro",27,659,0,4
2024,33,"radiacion","centro",27,659,0,4
2024,34,"radiacion","centro",27,659,0,4
2024,35,"radiacion","centro",27,659,0,4
2024,36,"radiacion","centro",27,659,0,4
2024,37,"radiacion","centro",27,659,0,4
2024,38,"radiacion","centro",27,659,0,4
2024,39,"radiacion","centro",27,659,0,4
2024,40,"radiacion","centro",27,659,0,4
2024,41,"radiacion","centro",27,659,0,4
2024,42,"radiacion","centro",27,659,0,4
2024,43,"radiacion","centro",27,659,0,4
2024,44,"radiacion","centro",27,659,0,4
2024,45,"radiacion","centro",27,659,0,4
2024,46,"radiacion","centro",27,659,0,4
2024,47,"radiacion","centro",27,659,0,4
2024,48,"radiacion","centro",27,659,0,4
2024,49,"radiacion","centro",27,659,0,4
2024,50,"radiacion","centro",27,659,0,4
2024,51,"radiacion","centro",27,659,0,4
2024,52,"radiacion","centro",27,659,0,4
2024,1,"radiacion","interseccion",31,758,0,0
2024,2,"radiacion","interseccion",31,758,0,0
2024,3,"radiacion","interseccion",31,758,0,0
2024,4,"radiacion","interseccion",31,758,0,0
2024,5,"radiacion","interseccion",31,758,0,0
2024,6,"radiacion","interseccion",31,758,0,0
2024,7,"radiacion","interseccion",31,758,0,0
2024,8,"radiacion","interseccion",31,758,0,0
2024,9,"radiacion","interseccion",31,758,0,0
2024,10,"radiacion","interseccion",31,758,0,0
2024,11,"radiacion","interseccion",31,758,0,0
2024,12,"radiacion","interseccion",31,758,0,0
2024,13,"radiacion","interseccion",31,758,0,0
2024,14,"radiacion","interseccion",31,758,0,0
2024,15,"radiacion","interseccion",31,758,0,0
2024,16,"radiacion","interseccion",31,758,0,0
2024,17,"radiacion","interseccion",31,758,0,0
2024,18,"radiacion","interseccion",31,758,0,0
2024,19,"radiacion","interseccion",31,758,0,0
2024,20,"radiacion","interseccion",31,758,0,0
2024,21,"radiacion","interseccion",31,758,0,0
2024,22,"radiacion","interseccion",31,758,0,0
2024,23,"radiacion","interseccion",31,758,0,0
2024,24,"radiacion","interseccion",31,758,0,0
2024,25,"radiacion","interseccion",31,758,0,0
2024,26,"radiacion","interseccion",31,758,0,0
2024,27,"radiacion","interseccion",31,758,0,0
2024,28,"radiacion","interseccion",31,758,0,0
2024,29,"radiacion","interseccion",31,758,0,0
2024,30,"radiacion","interseccion",31,758,0,0
2024,31,"radiacion","interseccion",31,758,0,0
2024,32,"radiacion","interseccion",31,758,0,0
2024,33,"radiacion","interseccion",31,758,0,0
2024,34,"radiacion","interseccion",31,758,0,0
2024,35,"radiacion","interseccion",31,758,0,0
2024,36,"radiacion","interseccion",31,758,0,0
2024,37,"radiacion","interseccion",31,758,0,0
2024,38,"radiacion","interseccion",31,758,0,0
2024,39,"radiacion","interseccion",31,758,0,0
2024,40,"radiacion","interseccion",31,758,0,0
2024,41,"radiacion","interseccion",31,758,0,0
2024,42,"radiacion","interseccion",31,758,0,0
2024,43,"radiacion","interseccion",31,758,0,0
2024,44,"radiacion","interseccion",31,758,0,0
2024,45,"radiacion","interseccion",31,758,0,0
2024,46,"radiacion","interseccion",31,758,0,0
2024,47,"radiacion","interseccion",31,758,0,0
2024,48,"radiacion","interseccion",31,758,0,0
2024,49,"radiacion","interseccion",31,758,0,0
2024,50,"radiacion","interseccion",31,758,0,0
2024,51,"radiacion","interseccion",31,758,0,0
2024,52,"radiacion","interseccion",31,758,0,0
2025,1,"precipitacion","centro",686,0,0,103
2025,2,"precipitacion","centro",686,0,0,103
2025,3,"precipitacion","centro",686,0,0,103
2025,4,"precipitacion","centro",686,0,0,103
2025,5,"precipitacion","centro",686,0,0,103
2025,6,"precipitacion","centro",686,0,0,103
2025,7,"precipitacion","centro",686,0,0,103
2025,8,"precipitacion","centro",686,0,0,103
2025,9,"precipitacion","centro",686,0,0,103
2025,10,"precipitacion","centro",686,0,0,103
2025,11,"precipitacion","centro",686,0,0,103
2025,12,"precipitacion","centro",686,0,0,103
2025,13,"precipitacion","centro",686,0,0,103
2025,14,"precipitacion","centro",686,0,0,103
2025,15,"precipitacion","centro",686,0,0,103
2025,16,"precipitacion","centro",686,0,0,103
2025,17,"precipitacion","centro",686,0,0,103
2025,18,"precipitacion","centro",686,0,0,103
2025,19,"precipitacion","centro",686,0,0,103
2025,20,"precipitacion","centro",686,0,0,103
2025,21,"precipitacion","centro",686,0,0,103
2025,22,"precipitacion","centro",686,0,0,103
2025,23,"precipitacion","centro",686,0,0,103
2025,24,"precipitacion","centro",686,0,0,103
2025,25,"precipitacion","centro",686,0,0,103
2025,26,"precipitacion","centro",686,0,0,103
2025,27,"precipitacion","centro",686,0,0,103
2025,28,"precipitacion","centro",686,0,0,103
2025,29,"precipitacion","centro",686,0,0,103
2025,30,"precipitacion","centro",686,0,0,103
2025,31,"precipitacion","centro",686,0,0,103
2025,32,"precipitacion","centro",686,0,0,103
2025,33,"precipitacion","centro",686,0,0,103
2025,34,"precipitacion","centro",686,0,0,103
2025,35,"precipitacion","centro",686,0,0,103
2025,36,"precipitacion","centro",686,0,0,103
2025,37,"precipitacion","centro",686,0,0,103
2025,38,"precipitacion","centro",686,0,0,103
2025,39,"precipitacion","centro",686,0,0,103
2025,40,"precipitacion","centro",686,0,0,103
2025,41,"precipitacion","centro",686,0,0,103
2025,42,"precipitacion","centro",686,0,0,103
2025,43,"precipitacion","centro",686,0,0,103
2025,44,"precipitacion","centro",686,0,0,103
2025,45,"precipitacion","centro",686,0,0,103
2025,46,"precipitacion","centro",686,0,0,103
2025,47,"precipitacion","centro",686,0,0,103
2025,48,"precipitacion","centro",686,0,0,103
2025,49,"precipitacion","centro",686,0,0,103
2025,50,"precipitacion","centro",686,0,0,103
2025,51,"precipitacion","centro",686,0,0,103
2025,52,"precipitacion","centro",686,0,0,103
2025,1,"precipitacion","interseccion",787,0,2,0
2025,2,"precipitacion","interseccion",787,0,2,0
2025,3,"precipitacion","interseccion",787,0,2,0
2025,4,"precipitacion","interseccion",787,0,2,0
2025,5,"precipitacion","interseccion",787,0,2,0
2025,6,"precipitacion","interseccion",787,0,2,0
2025,7,"precipitacion","interseccion",787,0,2,0
2025,8,"precipitacion","interseccion",787,0,2,0
2025,9,"precipitacion","interseccion",787,0,2,0
2025,10,"precipitacion","interseccion",787,0,2,0
2025,11,"precipitacion","interseccion",787,0,2,0
2025,12,"precipitacion","interseccion",787,0,2,0
2025,13,"precipitacion","interseccion",787,0,2,0
2025,14,"precipitacion","interseccion",787,0,2,0
2025,15,"precipitacion","interseccion",787,0,2,0
2025,16,"precipitacion","interseccion",787,0,2,0
2025,17,"precipitacion","interseccion",787,0,2,0
2025,18,"precipitacion","interseccion",787,0,2,0
2025,19,"precipitacion","interseccion",787,0,2,0
2025,20,"precipitacion","interseccion",787,0,2,0
2025,21,"precipitacion","interseccion",787,0,2,0
2025,22,"precipitacion","interseccion",787,0,2,0
2025,23,"precipitacion","interseccion",787,0,2,0
2025,24,"precipitacion","interseccion",787,0,2,0
2025,25,"precipitacion","interseccion",787,0,2,0
2025,26,"precipitacion","interseccion",787,0,2,0
2025,27,"precipitacion","interseccion",787,0,2,0
2025,28,"precipitacion","interseccion",787,0,2,0
2025,29,"precipitacion","interseccion",787,0,2,0
2025,30,"precipitacion","interseccion",787,0,2,0
2025,31,"precipitacion","interseccion",787,0,2,0
2025,32,"precipitacion","interseccion",787,0,2,0
2025,33,"precipitacion","interseccion",787,0,2,0
2025,34,"precipitacion","interseccion",787,0,2,0
2025,35,"precipitacion","interseccion",787,0,2,0
2025,36,"precipitacion","interseccion",787,0,2,0
2025,37,"precipitacion","interseccion",787,0,2,0
2025,38,"precipitacion","interseccion",787,0,2,0
2025,39,"precipitacion","interseccion",787,0,2,0
2025,40,"precipitacion","interseccion",787,0,2,0
2025,41,"precipitacion","interseccion",787,0,2,0
2025,42,"precipitacion","interseccion",787,0,2,0
2025,43,"precipitacion","interseccion",787,0,2,0
2025,44,"precipitacion","interseccion",787,0,2,0
2025,45,"precipitacion","interseccion",787,0,2,0
2025,46,"precipitacion","interseccion",787,0,2,0
2025,47,"precipitacion","interseccion",787,0,2,0
2025,48,"precipitacion","interseccion",787,0,2,0
2025,49,"precipitacion","interseccion",787,0,2,0
2025,50,"precipitacion","interseccion",787,0,2,0
2025,51,"precipitacion","interseccion",787,0,2,0
2025,52,"precipitacion","interseccion",787,0,2,0
2025,1,"temperatura","centro",122,564,0,10
2025,2,"temperatura","centro",122,564,0,10
2025,3,"temperatura","centro",122,564,0,10
2025,4,"temperatura","centro",122,564,0,10
2025,5,"temperatura","centro",122,564,0,10
2025,6,"temperatura","centro",122,564,0,10
2025,7,"temperatura","centro",122,564,0,10
2025,8,"temperatura","centro",122,564,0,10
2025,9,"temperatura","centro",122,564,0,10
2025,10,"temperatura","centro",122,564,0,10
2025,11,"temperatura","centro",122,564,0,10
2025,12,"temperatura","centro",122,564,0,10
2025,13,"temperatura","centro",122,564,0,10
2025,14,"temperatura","centro",122,564,0,10
2025,15,"temperatura","centro",122,564,0,10
2025,16,"temperatura","centro",122,564,0,10
2025,17,"temperatura","centro",122,564,0,10
2025,18,"temperatura","centro",122,564,0,10
2025,19,"temperatura","centro",122,564,0,10
2025,20,"temperatura","centro",122,564,0,10
2025,21,"temperatura","centro",122,564,0,10
2025,22,"temperatura","centro",122,564,0,10
2025,23,"temperatura","centro",122,564,0,10
2025,24,"temperatura","centro",122,564,0,10
2025,25,"temperatura","centro",122,564,0,10
2025,26,"temperatura","centro",122,564,0,10
2025,27,"temperatura","centro",122,564,0,10
2025,28,"temperatura","centro",122,564,0,10
2025,29,"temperatura","centro",122,564,0,10
2025,30,"temperatura","centro",122,564,0,10
2025,31,"temperatura","centro",122,564,0,10
2025,32,"temperatura","centro",122,564,0,10
2025,33,"temperatura","centro",122,564,0,10
2025,34,"temperatura","centro",122,564,0,10
2025,35,"temperatura","centro",122,564,0,10
2025,36,"temperatura","centro",122,564,0,10
2025,37,"temperatura","centro",122,564,0,10
2025,38,"temperatura","centro",122,564,0,10
2025,39,"temperatura","centro",122,564,0,10
2025,40,"temperatura","centro",122,564,0,10
2025,41,"temperatura","centro",122,564,0,10
2025,42,"temperatura","centro",122,564,0,10
2025,43,"temperatura","centro",122,564,0,10
2025,44,"temperatura","centro",122,564,0,10
2025,45,"temperatura","centro",122,564,0,10
2025,46,"temperatura","centro",122,564,0,10
2025,47,"temperatura","centro",122,564,0,10
2025,48,"temperatura","centro",122,564,0,10
2025,49,"temperatura","centro",122,564,0,10
2025,50,"temperatura","centro",122,564,0,10
2025,51,"temperatura","centro",122,564,0,10
2025,52,"temperatura","centro",122,564,0,10
2025,1,"temperatura","interseccion",132,657,0,0
2025,2,"temperatura","interseccion",132,657,0,0
2025,3,"temperatura","interseccion",132,657,0,0
2025,4,"temperatura","interseccion",132,657,0,0
2025,5,"temperatura","interseccion",132,657,0,0
2025,6,"temperatura","interseccion",132,657,0,0
2025,7,"temperatura","interseccion",132,657,0,0
2025,8,"temperatura","interseccion",132,657,0,0
2025,9,"temperatura","interseccion",132,657,0,0
2025,10,"temperatura","interseccion",132,657,0,0
2025,11,"temperatura","interseccion",132,657,0,0
2025,12,"temperatura","interseccion",132,657,0,0
2025,13,"temperatura","interseccion",132,657,0,0
2025,14,"temperatura","interseccion",132,657,0,0
2025,15,"temperatura","interseccion",132,657,0,0
2025,16,"temperatura","interseccion",132,657,0,0
2025,17,"temperatura","interseccion",132,657,0,0
2025,18,"temperatura","interseccion",132,657,0,0
2025,19,"temperatura","interseccion",132,657,0,0
2025,20,"temperatura","interseccion",132,657,0,0
2025,21,"temperatura","interseccion",132,657,0,0
2025,22,"temperatura","interseccion",132,657,0,0
2025,23,"temperatura","interseccion",132,657,0,0
2025,24,"temperatura","interseccion",132,657,0,0
2025,25,"temperatura","interseccion",132,657,0,0
2025,26,"temperatura","interseccion",132,657,0,0
2025,27,"temperatura","interseccion",132,657,0,0
2025,28,"temperatura","interseccion",132,657,0,0
2025,29,"temperatura","interseccion",132,657,0,0
2025,30,"temperatura","interseccion",132,657,0,0
2025,31,"temperatura","interseccion",132,657,0,0
2025,32,"temperatura","interseccion",132,657,0,0
2025,33,"temperatura","interseccion",132,657,0,0
2025,34,"temperatura","interseccion",132,657,0,0
2025,35,"temperatura","interseccion",132,657,0,0
2025,36,"temperatura","interseccion",132,657,0,0
2025,37,"temperatura","interseccion",132,657,0,0
2025,38,"temperatura","interseccion",132,657,0,0
2025,39,"temperatura","interseccion",132,657,0,0
2025,40,"temperatura","interseccion",132,657,0,0
2025,41,"temperatura","interseccion",132,657,0,0
2025,42,"temperatura","interseccion",132,657,0,0
2025,43,"temperatura","interseccion",132,657,0,0
2025,44,"temperatura","interseccion",132,657,0,0
2025,45,"temperatura","interseccion",132,657,0,0
2025,46,"temperatura","interseccion",132,657,0,0
2025,47,"temperatura","interseccion",132,657,0,0
2025,48,"temperatura","interseccion",132,657,0,0
2025,49,"temperatura","interseccion",132,657,0,0
2025,50,"temperatura","interseccion",132,657,0,0
2025,51,"temperatura","interseccion",132,657,0,0
2025,52,"temperatura","interseccion",132,657,0,0
2025,1,"radiacion","centro",27,659,0,4
2025,2,"radiacion","centro",27,659,0,4
2025,3,"radiacion","centro",27,659,0,4
2025,4,"radiacion","centro",27,659,0,4
2025,5,"radiacion","centro",27,659,0,4
2025,6,"radiacion","centro",27,659,0,4
2025,7,"radiacion","centro",27,659,0,4
2025,8,"radiacion","centro",27,659,0,4
2025,9,"radiacion","centro",27,659,0,4
2025,10,"radiacion","centro",27,659,0,4
2025,11,"radiacion","centro",27,659,0,4
2025,12,"radiacion","centro",27,659,0,4
2025,13,"radiacion","centro",27,659,0,4
2025,14,"radiacion","centro",27,659,0,4
2025,15,"radiacion","centro",27,659,0,4
2025,16,"radiacion","centro",27,659,0,4
2025,17,"radiacion","centro",27,659,0,4
2025,18,"radiacion","centro",27,659,0,4
2025,19,"radiacion","centro",27,659,0,4
2025,20,"radiacion","centro",27,659,0,4
2025,21,"radiacion","centro",27,659,0,4
2025,22,"radiacion","centro",27,659,0,4
2025,23,"radiacion","centro",27,659,0,4
2025,24,"radiacion","centro",27,659,0,4
2025,25,"radiacion","centro",27,659,0,4
2025,26,"radiacion","centro",27,659,0,4
2025,27,"radiacion","centro",27,659,0,4
2025,28,"radiacion","centro",27,659,0,4
2025,29,"radiacion","centro",27,659,0,4
2025,30,"radiacion","centro",27,659,0,4
2025,31,"radiacion","centro",27,659,0,4
2025,32,"radiacion","centro",27,659,0,4
2025,33,"radiacion","centro",27,659,0,4
2025,34,"radiacion","centro",27,659,0,4
2025,35,"radiacion","centro",27,659,0,4
2025,36,"radiacion","centro",27,659,0,4
2025,37,"radiacion","centro",27,659,0,4
2025,38,"radiacion","centro",27,659,0,4
2025,39,"radiacion","centro",27,659,0,4
2025,40,"radiacion","centro",27,659,0,4
2025,41,"radiacion","centro",27,659,0,4
2025,42,"radiacion","centro",27,659,0,4
2025,43,"radiacion","centro",27,659,0,4
2025,44,"radiacion","centro",27,659,0,4
2025,45,"radiacion","centro",27,659,0,4
2025,46,"radiacion","centro",27,659,0,4
2025,47,"radiacion","centro",27,659,0,4
2025,48,"radiacion","centro",27,659,0,4
2025,49,"radiacion","centro",27,659,0,4
2025,50,"radiacion","centro",27,659,0,4
2025,51,"radiacion","centro",27,659,0,4
2025,52,"radiacion","centro",27,659,0,4
2025,1,"radiacion","interseccion",31,758,0,0
2025,2,"radiacion","interseccion",31,758,0,0
2025,3,"radiacion","interseccion",31,758,0,0
2025,4,"radiacion","interseccion",31,758,0,0
2025,5,"radiacion","interseccion",31,758,0,0
2025,6,"radiacion","interseccion",31,758,0,0
2025,7,"radiacion","interseccion",31,758,0,0
2025,8,"radiacion","interseccion",31,758,0,0
2025,9,"radiacion","interseccion",31,758,0,0
2025,10,"radiacion","interseccion",31,758,0,0
2025,11,"radiacion","interseccion",31,758,0,0
2025,12,"radiacion","interseccion",31,758,0,0
2025,13,"radiacion","interseccion",31,758,0,0
2025,14,"radiacion","interseccion",31,758,0,0
2025,15,"radiacion","interseccion",31,758,0,0
2025,16,"radiacion","interseccion",31,758,0,0
2025,17,"radiacion","interseccion",31,758,0,0
2025,18,"radiacion","interseccion",31,758,0,0
2025,19,"radiacion","interseccion",31,758,0,0
2025,20,"radiacion","interseccion",31,758,0,0
2025,21,"radiacion","interseccion",31,758,0,0
2025,22,"radiacion","interseccion",31,758,0,0
2025,23,"radiacion","interseccion",31,758,0,0
2025,24,"radiacion","interseccion",31,758,0,0
2025,25,"radiacion","interseccion",31,758,0,0
2025,26,"radiacion","interseccion",31,758,0,0
2025,27,"radiacion","interseccion",31,758,0,0
2025,28,"radiacion","interseccion",31,758,0,0
2025,29,"radiacion","interseccion",31,758,0,0
2025,30,"radiacion","interseccion",31,758,0,0
2025,31,"radiacion","interseccion",31,758,0,0
2025,32,"radiacion","interseccion",31,758,0,0
2025,33,"radiacion","interseccion",31,758,0,0
2025,34,"radiacion","interseccion",31,758,0,0
2025,35,"radiacion","interseccion",31,758,0,0
2025,36,"radiacion","interseccion",31,758,0,0
2025,37,"radiacion","interseccion",31,758,0,0
2025,38,"radiacion","interseccion",31,758,0,0
2025,39,"radiacion","interseccion",31,758,0,0
2025,40,"radiacion","interseccion",31,758,0,0
2025,41,"radiacion","interseccion",31,758,0,0
2025,42,"radiacion","interseccion",31,758,0,0
2025,43,"radiacion","interseccion",31,758,0,0
2025,44,"radiacion","interseccion",31,758,0,0
2025,45,"radiacion","interseccion",31,758,0,0
2025,46,"radiacion","interseccion",31,758,0,0
2025,47,"radiacion","interseccion",31,758,0,0
2025,48,"radiacion","interseccion",31,758,0,0
2025,49,"radiacion","interseccion",31,758,0,0
2025,50,"radiacion","interseccion",31,758,0,0
2025,51,"radiacion","interseccion",31,758,0,0
2025,52,"radiacion","interseccion",31,758,0,0
