"id_celda","semana","celda_raster","x","y","altitud_m","anio","precipitacion_mm","temperatura_vecino_c","temperatura_bilineal_c","radiacion_vecino_mj_m2_dia","radiacion_bilineal_mj_m2_dia","clim_precipitacion_mm","clim_temperatura_bilineal_c","clim_radiacion_bilineal_mj_m2_dia"
1,1,30,-76.0749984513968,4.97499932907522,2018.1494140625,2010,19.3961524963379,22.3685722351074,20.4753723144531,16.4028568267822,18.322301864624,45.6016323566437,19.8855127096176,15.4961982965469
1,2,30,-76.0749984513968,4.97499932907522,2018.1494140625,2010,0,22.997142791748,21.3057613372803,13.7985715866089,16.3514842987061,29.711416721344,19.9382344484329,15.1229518055916
1,3,30,-76.0749984513968,4.97499932907522,2018.1494140625,2010,0,23.5214290618896,21.7700443267822,15.1514282226562,16.804370880127,18.8031306266785,20.2528569698334,15.2749602198601
1,4,30,-76.0749984513968,4.97499932907522,2018.1494140625,2010,21.2504825592041,21.8371429443359,20.3744640350342,10.8814287185669,12.4418201446533,29.3617245554924,20.1895332336426,15.0005701184273
1,5,30,-76.0749984513968,4.97499932907522,2018.1494140625,2010,32.7412986755371,23.747142791748,22.0972061157227,14.6314287185669,16.7836856842041,19.2476449608803,20.5079395771027,15.0909743309021
1,6,30,-76.0749984513968,4.97499932907522,2018.1494140625,2010,25.002161026001,21.9271430969238,20.618091583252,11.8957147598267,13.4409980773926,34.3958901166916,20.2421184778214,14.3032941222191
1,7,30,-76.0749984513968,4.97499932907522,2018.1494140625,2010,13.7958288192749,22.5300006866455,21.1059093475342,13.8699998855591,15.238377571106,29.3135819733143,20.3472081422806,15.0956937670708
1,8,30,-76.0749984513968,4.97499932907522,2018.1494140625,2010,7.97791862487793,22.3228569030762,20.9356307983398,14.0314283370972,14.4334888458252,44.0292512178421,20.158071398735,15.0571259856224
1,9,30,-76.0749984513968,4.97499932907522,2018.1494140625,2010,51.3901176452637,22.081428527832,20.6925048828125,15.0485715866089,15.767071723938,32.6153460741043,20.0702034235001,14.9074032902718
1,10,30,-76.0749984513968,4.97499932907522,2018.1494140625,2010,33.3563842773438,23.0314292907715,21.5360813140869,14.7128572463989,15.6228561401367,38.4069938361645,20.2576022148132,14.8122250437737
1,11,30,-76.0749984513968,4.97499932907522,2018.1494140625,2010,39.0196533203125,21.9114284515381,20.6251850128174,14.8400001525879,15.3994741439819,52.1801781654358,20.1087149381638,14.6920722126961
1,12,30,-76.0749984513968,4.97499932907522,2018.1494140625,2010,55.1404914855957,23.0685710906982,21.5242462158203,17.167142868042,18.5000019073486,47.3240595459938,20.1952403783798,15.3942396640778
1,13,30,-76.0749984513968,4.97499932907522,2018.1494140625,2010,7.66476678848267,22.4742851257324,21.0084953308105,14.2842855453491,14.564923286438,42.8455221951008,20.3510047197342,14.7637159824371
1,14,30,-76.0749984513968,4.97499932907522,2018.1494140625,2010,71.793586730957,21.9357147216797,20.562520980835,14.2957143783569,14.3985404968262,60.4381417632103,20.3063060045242,15.1753107905388
1,15,30,-76.0749984513968,4.97499932907522,2018.1494140625,2010,80.5982666015625,21.5785713195801,20.127254486084,13.9614286422729,15.1153516769409,62.4478907585144,20.3778116703033,15.2418571710587
1,16,30,-76.0749984513968,4.97499932907522,2018.1494140625,2010,19.2945175170898,22.6414279937744,21.0835742950439,17.502857208252,17.8962821960449,67.3373994827271,20.0893360376358,15.2092761397362
1,17,30,-76.0749984513968,4.97499932907522,2018.1494140625,2010,48.4965057373047,22.2099990844727,20.7809677124023,14.0100002288818,14.6254119873047,46.4867705106735,20.2868798971176,15.4730315208435
1,18,30,-76.0749984513968,4.97499932907522,2018.1494140625,2010,106.143615722656,20.8700008392334,19.5346641540527,16.7714290618896,16.0856761932373,64.120792388916,20.2704430818558,15.7383885979652
1,19,30,-76.0749984513968,4.97499932907522,2018.1494140625,2010,74.8054351806641,23.08571434021,21.4005298614502,16.8114280700684,17.5434608459473,52.3638003468513,20.4845542907715,15.498810172081
1,20,30,-76.0749984513968,4.97499932907522,2018.1494140625,2010,77.3227386474609,22.6299991607666,21.1533432006836,15.4099998474121,16.8074703216553,61.7264062166214,20.3855907917023,15.6353744864464
1,21,30,-76.0749984513968,4.97499932907522,2018.1494140625,2010,76.0764389038086,21.0699996948242,19.6775074005127,13.5514287948608,13.8452939987183,52.1347076892853,20.472295165062,15.6325343847275
1,22,30,-76.0749984513968,4.97499932907522,2018.1494140625,2010,20.3814888000488,21.2371425628662,19.9053497314453,14.9385709762573,15.8058195114136,51.0238163471222,20.2558267116547,15.3847026824951
1,23,30,-76.0749984513968,4.97499932907522,2018.1494140625,2010,75.4587173461914,21.83571434021,20.085506439209,14.9414281845093,15.96901512146,43.4775471687317,20.2660709619522,15.4483272433281
1,24,30,-76.0749984513968,4.97499932907522,2018.1494140625,2010,55.4216117858887,21.4114284515381,19.883903503418,15.667142868042,16.3095207214355,46.5444331169128,20.2009725570679,15.8851457834244
1,25,30,-76.0749984513968,4.97499932907522,2018.1494140625,2010,72.5296859741211,21.1785717010498,19.6587810516357,14.2885713577271,15.2349033355713,42.0921430587769,20.2546433210373,16.1289049386978
1,26,30,-76.0749984513968,4.97499932907522,2018.1494140625,2010,63.142692565918,21.3985710144043,19.9025096893311,14.7314281463623,15.1154184341431,45.9009152650833,20.1810915470123,15.9634855389595
1,27,30,-76.0749984513968,4.97499932907522,2018.1494140625,2010,52.8625526428223,20.4542865753174,19.0610103607178,15.1114282608032,15.0646238327026,39.9349805414677,20.2088931798935,16.25379383564
1,28,30,-76.0749984513968,4.97499932907522,2018.1494140625,2010,94.8517150878906,20.5942859649658,19.1674289703369,14.747142791748,15.1134443283081,30.7556793391705,20.2057747840881,16.3663103580475
1,29,30,-76.0749984513968,4.97499932907522,2018.1494140625,2010,72.751350402832,21.081428527832,19.5868148803711,15.5057144165039,16.0256767272949,30.0625002086163,20.3982560634613,16.5786144733429
1,30,30,-76.0749984513968,4.97499932907522,2018.1494140625,2010,22.8162612915039,21.3985710144043,19.7647190093994,14.9814281463623,15.9049367904663,35.9676353931427,20.3400897979736,16.2981750965118
1,31,30,-76.0749984513968,4.97499932907522,2018.1494140625,2010,90.4140853881836,20.7985706329346,19.2642688751221,15.6342859268188,15.7672815322876,42.6264445781708,20.3335649967194,16.6810331940651
1,32,30,-76.0749984513968,4.97499932907522,2018.1494140625,2010,55.4914207458496,21.248571395874,19.647705078125,14.6728572845459,15.4720544815063,28.7104142904282,20.2970482110977,16.6106044650078
1,33,30,-76.0749984513968,4.97499932907522,2018.1494140625,2010,31.3717803955078,20.7957134246826,19.3002071380615,16.0742855072021,16.3162097930908,28.6547525823116,20.1569555997849,16.3577809929848
1,34,30,-76.0749984513968,4.97499932907522,2018.1494140625,2010,43.4575042724609,20.7285709381104,19.3797397613525,14.9771432876587,15.3993539810181,39.7575368285179,20.0731267929077,16.6163672208786
1,35,30,-76.0749984513968,4.97499932907522,2018.1494140625,2010,42.2292175292969,20.831428527832,19.3511238098145,15.4828567504883,15.6553907394409,36.5553165078163,20.2303355932236,17.3684469461441
1,36,30,-76.0749984513968,4.97499932907522,2018.1494140625,2010,84.7994613647461,20.7785720825195,19.2796611785889,15.1700000762939,15.8039484024048,34.2409336566925,20.1243885755539,16.9336822032928
1,37,30,-76.0749984513968,4.97499932907522,2018.1494140625,2010,36.7790908813477,21.0571422576904,19.4847946166992,15.7257146835327,16.6058654785156,30.2134095132351,20.1873437166214,16.9985661506653
1,38,30,-76.0749984513968,4.97499932907522,2018.1494140625,2010,25.4100914001465,20.3442859649658,18.8991413116455,14.4200000762939,14.6883735656738,34.0399713516235,20.042271733284,16.747719168663
1,39,30,-76.0749984513968,4.97499932907522,2018.1494140625,2010,60.5112991333008,20.3014278411865,18.9271297454834,16.7199993133545,16.5725650787354,42.0338650941849,19.9925260543823,16.6955045461655
1,40,30,-76.0749984513968,4.97499932907522,2018.1494140625,2010,47.3247604370117,20.4042854309082,19.0154895782471,15.5142860412598,15.897970199585,45.3967967033386,19.8315147161484,16.4085055589676
1,41,30,-76.0749984513968,4.97499932907522,2018.1494140625,2010,69.361457824707,21.8857135772705,20.2406196594238,16.1042861938477,17.7295665740967,61.8537441492081,19.6854709386826,15.5976331830025
1,42,30,-76.0749984513968,4.97499932907522,2018.1494140625,2010,39.0763549804688,20.2871437072754,18.9632987976074,15.1371431350708,14.3855018615723,63.4424860477448,19.5836037397385,15.5266975164413
1,43,30,-76.0749984513968,4.97499932907522,2018.1494140625,2010,114.791717529297,19.5871429443359,18.39208984375,14.831428527832,15.529203414917,60.8517305850983,19.488692522049,15.1990384459496
1,44,30,-76.0749984513968,4.97499932907522,2018.1494140625,2010,82.1590423583984,19.8871421813965,18.5569190979004,12.1899995803833,13.4145860671997,74.9983587265015,19.3881682157516,15.4018232226372
1,45,30,-76.0749984513968,4.97499932907522,2018.1494140625,2010,119.894485473633,19.9885711669922,18.6960544586182,14.1771430969238,14.0936708450317,57.0185409784317,19.5346992015839,14.846103310585
1,46,30,-76.0749984513968,4.97499932907522,2018.1494140625,2010,109.191215515137,19.2228565216064,17.9509963989258,13.497142791748,13.4121341705322,56.228043794632,19.2558467388153,14.1563239097595
1,47,30,-76.0749984513968,4.97499932907522,2018.1494140625,2010,69.8944396972656,19.5671424865723,18.3218307495117,13.789999961853,14.2706823348999,61.5653967857361,19.3181784152985,14.7461495995522
1,48,30,-76.0749984513968,4.97499932907522,2018.1494140625,2010,70.3788909912109,19.5557136535645,18.2966022491455,13.4642858505249,13.868182182312,39.191605091095,19.5373266935349,14.2662331461906
1,49,30,-76.0749984513968,4.97499932907522,2018.1494140625,2010,127.710556030273,20.2414283752441,18.8947563171387,13.584285736084,13.4089431762695,58.1892551183701,19.5292439460754,14.3134743571281
1,50,30,-76.0749984513968,4.97499932907522,2018.1494140625,2010,36.321647644043,19.8028564453125,18.6012840270996,14.0371427536011,14.0959444046021,52.9755203723907,19.664452791214,14.204076230526
1,51,30,-76.0749984513968,4.97499932907522,2018.1494140625,2010,164.039047241211,19.5542850494385,18.1737041473389,12.8057146072388,13.1609706878662,47.7141726016998,19.7734894752502,14.0812121033669
1,52,30,-76.0749984513968,4.97499932907522,2018.1494140625,2010,38.7923049926758,20.417142868042,19.0599098205566,13.8571424484253,14.8218336105347,31.3560007810593,19.9252654314041,14.439926981926
1,1,30,-76.0749984513968,4.97499932907522,2018.1494140625,2011,119.045402526855,19.7114276885986,18.3778533935547,14.0642852783203,14.7801723480225,45.6016323566437,19.8855127096176,15.4961982965469
1,2,30,-76.0749984513968,4.97499932907522,2018.1494140625,2011,19.5658168792725,21.1071434020996,19.560245513916,13.8900003433228,14.8349981307983,29.711416721344,19.9382344484329,15.1229518055916
1,3,30,-76.0749984513968,4.97499932907522,2018.1494140625,2011,61.1759910583496,20.4957141876221,19.2616348266602,14.4528570175171,15.7456007003784,18.8031306266785,20.2528569698334,15.2749602198601
1,4,30,-76.0749984513968,4.97499932907522,2018.1494140625,2011,22.8386478424072,20.6399993896484,19.2392387390137,14.5928573608398,16.142261505127,29.3617245554924,20.1895332336426,15.0005701184273
1,5,30,-76.0749984513968,4.97499932907522,2018.1494140625,2011,42.8127937316895,21.252857208252,19.6719875335693,14.584285736084,15.2485523223877,19.2476449608803,20.5079395771027,15.0909743309021
1,6,30,-76.0749984513968,4.97499932907522,2018.1494140625,2011,23.6741905212402,20.418571472168,18.9987697601318,12.6414289474487,13.1152820587158,34.3958901166916,20.2421184778214,14.3032941222191
1,7,30,-76.0749984513968,4.97499932907522,2018.1494140625,2011,34.8827743530273,20.4014282226562,18.8738746643066,13.998571395874,13.8965044021606,29.3135819733143,20.3472081422806,15.0956937670708
1,8,30,-76.0749984513968,4.97499932907522,2018.1494140625,2011,67.9670791625977,20.5128574371338,19.0419006347656,15.0542860031128,15.1276245117188,44.0292512178421,20.158071398735,15.0571259856224
1,9,30,-76.0749984513968,4.97499932907522,2018.1494140625,2011,60.3861808776855,20.4128570556641,18.9886474609375,16.3285713195801,15.7290048599243,32.6153460741043,20.0702034235001,14.9074032902718
1,10,30,-76.0749984513968,4.97499932907522,2018.1494140625,2011,36.5562438964844,20.0599994659424,18.5643634796143,16.4571437835693,15.7553081512451,38.4069938361645,20.2576022148132,14.8122250437737
1,11,30,-76.0749984513968,4.97499932907522,2018.1494140625,2011,41.8607902526855,20.4057140350342,19.1548137664795,17.3571434020996,17.2970314025879,52.1801781654358,20.1087149381638,14.6920722126961
1,12,30,-76.0749984513968,4.97499932907522,2018.1494140625,2011,60.2383155822754,20.6200008392334,19.1905860900879,14.7714281082153,14.7982063293457,47.3240595459938,20.1952403783798,15.3942396640778
1,13,30,-76.0749984513968,4.97499932907522,2018.1494140625,2011,63.9950332641602,21.4871425628662,20.0718841552734,15.6528568267822,16.7577114105225,42.8455221951008,20.3510047197342,14.7637159824371
1,14,30,-76.0749984513968,4.97499932907522,2018.1494140625,2011,77.8585052490234,20.7214279174805,19.3676471710205,15.9514284133911,15.9806776046753,60.4381417632103,20.3063060045242,15.1753107905388
1,15,30,-76.0749984513968,4.97499932907522,2018.1494140625,2011,113.593360900879,20.3671436309814,18.9571552276611,15.1757144927979,14.7386245727539,62.4478907585144,20.3778116703033,15.2418571710587
1,16,30,-76.0749984513968,4.97499932907522,2018.1494140625,2011,138.467498779297,19.9200000762939,18.5822677612305,15.4899997711182,14.9868831634521,67.3373994827271,20.0893360376358,15.2092761397362
1,17,30,-76.0749984513968,4.97499932907522,2018.1494140625,2011,20.7954368591309,20.9328575134277,19.4984035491943,16.7942848205566,16.289119720459,46.4867705106735,20.2868798971176,15.4730315208435
1,18,30,-76.0749984513968,4.97499932907522,2018.1494140625,2011,82.0720367431641,21.8614292144775,20.2841053009033,13.0557146072388,13.7300567626953,64.120792388916,20.2704430818558,15.7383885979652
1,19,30,-76.0749984513968,4.97499932907522,2018.1494140625,2011,41.2894058227539,21.9357147216797,20.4891414642334,14.0171432495117,14.6485977172852,52.3638003468513,20.4845542907715,15.498810172081
1,20,30,-76.0749984513968,4.97499932907522,2018.1494140625,2011,74.0067291259766,20.9400005340576,19.4834957122803,15.957142829895,15.6632213592529,61.7264062166214,20.3855907917023,15.6353744864464
1,21,30,-76.0749984513968,4.97499932907522,2018.1494140625,2011,61.2660446166992,20.9757137298584,19.5232372283936,14.9099998474121,15.5041847229004,52.1347076892853,20.472295165062,15.6325343847275
1,22,30,-76.0749984513968,4.97499932907522,2018.1494140625,2011,26.858024597168,21.5171432495117,19.9361248016357,14.2328567504883,14.4371299743652,51.0238163471222,20.2558267116547,15.3847026824951
1,23,30,-76.0749984513968,4.97499932907522,2018.1494140625,2011,79.1196594238281,21.4657135009766,19.9827556610107,16.3814277648926,16.8395366668701,43.4775471687317,20.2660709619522,15.4483272433281
1,24,30,-76.0749984513968,4.97499932907522,2018.1494140625,2011,27.8173561096191,22.3628578186035,20.4974689483643,14.9428567886353,16.3363361358643,46.5444331169128,20.2009725570679,15.8851457834244
1,25,30,-76.0749984513968,4.97499932907522,2018.1494140625,2011,46.8390655517578,21.1914291381836,19.697093963623,15.294285774231,16.0639915466309,42.0921430587769,20.2546433210373,16.1289049386978
1,26,30,-76.0749984513968,4.97499932907522,2018.1494140625,2011,71.1950149536133,21.4371433258057,19.8188400268555,15.1314287185669,15.8801956176758,45.9009152650833,20.1810915470123,15.9634855389595
1,27,30,-76.0749984513968,4.97499932907522,2018.1494140625,2011,52.5620803833008,21.9428577423096,20.1700458526611,15.7228574752808,16.5891914367676,39.9349805414677,20.2088931798935,16.25379383564
1,28,30,-76.0749984513968,4.97499932907522,2018.1494140625,2011,28.8954925537109,20.9699993133545,19.3393821716309,14.0528573989868,15.4002552032471,30.7556793391705,20.2057747840881,16.3663103580475
1,29,30,-76.0749984513968,4.97499932907522,2018.1494140625,2011,74.7757949829102,21.6771430969238,19.9123439788818,16.0571422576904,17.2915363311768,30.0625002086163,20.3982560634613,16.5786144733429
1,30,30,-76.0749984513968,4.97499932907522,2018.1494140625,2011,22.6510429382324,21.5957145690918,19.7872924804688,14.2228574752808,14.8326768875122,35.9676353931427,20.3400897979736,16.2981750965118
1,31,30,-76.0749984513968,4.97499932907522,2018.1494140625,2011,102.79931640625,21.2328567504883,19.6809406280518,16.1185722351074,16.9068641662598,42.6264445781708,20.3335649967194,16.6810331940651
1,32,30,-76.0749984513968,4.97499932907522,2018.1494140625,2011,21.2743759155273,22.0371437072754,20.1854286193848,16.8242855072021,17.9119033813477,28.7104142904282,20.2970482110977,16.6106044650078
1,33,30,-76.0749984513968,4.97499932907522,2018.1494140625,2011,9.13012027740479,21.0200004577637,19.4908008575439,15.9799995422363,16.6626377105713,28.6547525823116,20.1569555997849,16.3577809929848
1,34,30,-76.0749984513968,4.97499932907522,2018.1494140625,2011,44.8293571472168,21.4471435546875,19.7027950286865,16.0042858123779,16.0624904632568,39.7575368285179,20.0731267929077,16.6163672208786
1,35,30,-76.0749984513968,4.97499932907522,2018.1494140625,2011,44.8258895874023,21.9457149505615,20.2319221496582,17.5428562164307,19.06764793396,36.5553165078163,20.2303355932236,17.3684469461441
1,36,30,-76.0749984513968,4.97499932907522,2018.1494140625,2011,0,21.1428565979004,19.5547046661377,15.624285697937,16.2068748474121,34.2409336566925,20.1243885755539,16.9336822032928
1,37,30,-76.0749984513968,4.97499932907522,2018.1494140625,2011,13.0983095169067,21.6385707855225,19.8338356018066,17.6828575134277,18.1538562774658,30.2134095132351,20.1873437166214,16.9985661506653
1,38,30,-76.0749984513968,4.97499932907522,2018.1494140625,2011,42.6120948791504,21.331428527832,19.7743797302246,16.4857139587402,17.0478515625,34.0399713516235,20.042271733284,16.747719168663
1,39,30,-76.0749984513968,4.97499932907522,2018.1494140625,2011,79.0011367797852,21.6200008392334,20.0346145629883,16.1428565979004,17.0247993469238,42.0338650941849,19.9925260543823,16.6955045461655
1,40,30,-76.0749984513968,4.97499932907522,2018.1494140625,2011,63.203239440918,20.7242851257324,19.2604064941406,15.8800001144409,16.1884155273438,45.3967967033386,19.8315147161484,16.4085055589676
1,41,30,-76.0749984513968,4.97499932907522,2018.1494140625,2011,103.955017089844,20.2257137298584,18.8637447357178,13.4942855834961,13.9738368988037,61.8537441492081,19.6854709386826,15.5976331830025
1,42,30,-76.0749984513968,4.97499932907522,2018.1494140625,2011,132.696823120117,18.9728565216064,17.5802555084229,15.2414283752441,14.9441080093384,63.4424860477448,19.5836037397385,15.5266975164413
1,43,30,-76.0749984513968,4.97499932907522,2018.1494140625,2011,32.8488464355469,19.7099990844727,18.3903884887695,14.7200002670288,15.5838584899902,60.8517305850983,19.488692522049,15.1990384459496
1,44,30,-76.0749984513968,4.97499932907522,2018.1494140625,2011,101.629508972168,20.582857131958,19.1551647186279,13.5385713577271,14.6347093582153,74.9983587265015,19.3881682157516,15.4018232226372
1,45,30,-76.0749984513968,4.97499932907522,2018.1494140625,2011,40.6132278442383,20.2399997711182,18.9356479644775,14.457142829895,14.634015083313,57.0185409784317,19.5346992015839,14.846103310585
1,46,30,-76.0749984513968,4.97499932907522,2018.1494140625,2011,147.672149658203,19.8199996948242,18.4577541351318,14.8371429443359,15.129563331604,56.228043794632,19.2558467388153,14.1563239097595
1,47,30,-76.0749984513968,4.97499932907522,2018.1494140625,2011,91.6567306518555,19.9542865753174,18.5844211578369,15.8042860031128,15.7472982406616,61.5653967857361,19.3181784152985,14.7461495995522
1,48,30,-76.0749984513968,4.97499932907522,2018.1494140625,2011,0,19.7814292907715,18.508731842041,13.5042858123779,13.7641973495483,39.191605091095,19.5373266935349,14.2662331461906
1,49,30,-76.0749984513968,4.97499932907522,2018.1494140625,2011,46.8590965270996,19.7614288330078,18.4124221801758,13.4471426010132,13.3814897537231,58.1892551183701,19.5292439460754,14.3134743571281
1,50,30,-76.0749984513968,4.97499932907522,2018.1494140625,2011,204.778579711914,19.5371437072754,18.2816772460938,12.3057146072388,13.1112079620361,52.9755203723907,19.664452791214,14.204076230526
1,51,30,-76.0749984513968,4.97499932907522,2018.1494140625,2011,0,20.4928569793701,19.1762161254883,13.1971426010132,14.3899354934692,47.7141726016998,19.7734894752502,14.0812121033669
1,52,30,-76.0749984513968,4.97499932907522,2018.1494140625,2011,0,21.4742851257324,19.9637470245361,13.1599998474121,13.5856781005859,31.3560007810593,19.9252654314041,14.439926981926
1,1,30,-76.0749984513968,4.97499932907522,2018.1494140625,2012,50.9395484924316,20.5871429443359,19.2039928436279,12.7714281082153,12.8402128219604,45.6016323566437,19.8855127096176,15.4961982965469
1,2,30,-76.0749984513968,4.97499932907522,2018.1494140625,2012,60.5059471130371,20.8885707855225,19.5227699279785,14.9642858505249,15.2157764434814,29.711416721344,19.9382344484329,15.1229518055916
1,3,30,-76.0749984513968,4.97499932907522,2018.1494140625,2012,0,20.4471435546875,18.9595642089844,14.289999961853,14.3429183959961,18.8031306266785,20.2528569698334,15.2749602198601
1,4,30,-76.0749984513968,4.97499932907522,2018.1494140625,2012,107.050170898438,19.9414291381836,18.6063480377197,14.125714302063,13.861927986145,29.3617245554924,20.1895332336426,15.0005701184273
1,5,30,-76.0749984513968,4.97499932907522,2018.1494140625,2012,22.4354305267334,20.58571434021,19.235668182373,14.0100002288818,14.6600923538208,19.2476449608803,20.5079395771027,15.0909743309021
1,6,30,-76.0749984513968,4.97499932907522,2018.1494140625,2012,0,20.6771430969238,19.2872676849365,13.8599996566772,14.1475191116333,34.3958901166916,20.2421184778214,14.3032941222191
1,7,30,-76.0749984513968,4.97499932907522,2018.1494140625,2012,73.2947235107422,20.3485717773438,19.0226440429688,16.3771419525146,17.3414897918701,29.3135819733143,20.3472081422806,15.0956937670708
1,8,30,-76.0749984513968,4.97499932907522,2018.1494140625,2012,0,20.7542858123779,19.3637733459473,15.082857131958,16.5692291259766,44.0292512178421,20.158071398735,15.0571259856224
1,9,30,-76.0749984513968,4.97499932907522,2018.1494140625,2012,0,20.9471435546875,19.4741439819336,15.458571434021,15.869384765625,32.6153460741043,20.0702034235001,14.9074032902718
1,10,30,-76.0749984513968,4.97499932907522,2018.1494140625,2012,69.1981735229492,21.3414287567139,19.6480922698975,14.1771430969238,14.7139177322388,38.4069938361645,20.2576022148132,14.8122250437737
1,11,30,-76.0749984513968,4.97499932907522,2018.1494140625,2012,33.5517501831055,22.4314289093018,20.5567512512207,14.4657144546509,15.0198860168457,52.1801781654358,20.1087149381638,14.6920722126961
1,12,30,-76.0749984513968,4.97499932907522,2018.1494140625,2012,77.8874359130859,20.8257141113281,19.3874931335449,13.3871431350708,13.9576349258423,47.3240595459938,20.1952403783798,15.3942396640778
1,13,30,-76.0749984513968,4.97499932907522,2018.1494140625,2012,61.2931060791016,21.8928565979004,20.2436275482178,14.6700000762939,15.2252559661865,42.8455221951008,20.3510047197342,14.7637159824371
1,14,30,-76.0749984513968,4.97499932907522,2018.1494140625,2012,52.9722061157227,21.167142868042,19.7476100921631,14.5942859649658,14.4563989639282,60.4381417632103,20.3063060045242,15.1753107905388
1,15,30,-76.0749984513968,4.97499932907522,2018.1494140625,2012,73.0003967285156,20.5142860412598,18.9808349609375,15.541428565979,14.827862739563,62.4478907585144,20.3778116703033,15.2418571710587
1,16,30,-76.0749984513968,4.97499932907522,2018.1494140625,2012,36.2699584960938,20.5442848205566,19.1135520935059,15.9471426010132,15.3545160293579,67.3373994827271,20.0893360376358,15.2092761397362
1,17,30,-76.0749984513968,4.97499932907522,2018.1494140625,2012,59.5652465820312,21.2071437835693,19.7037372589111,14.539999961853,15.2783718109131,46.4867705106735,20.2868798971176,15.4730315208435
1,18,30,-76.0749984513968,4.97499932907522,2018.1494140625,2012,79.2695159912109,21.1771430969238,19.7290382385254,16.1628570556641,15.6929836273193,64.120792388916,20.2704430818558,15.7383885979652
1,19,30,-76.0749984513968,4.97499932907522,2018.1494140625,2012,73.7255249023438,20.8628578186035,19.5179100036621,15.4128570556641,15.736686706543,52.3638003468513,20.4845542907715,15.498810172081
1,20,30,-76.0749984513968,4.97499932907522,2018.1494140625,2012,57.0605316162109,21.1171436309814,19.614294052124,14.418571472168,15.4342947006226,61.7264062166214,20.3855907917023,15.6353744864464
1,21,30,-76.0749984513968,4.97499932907522,2018.1494140625,2012,49.8153457641602,21.3385715484619,19.834566116333,15.4528570175171,16.4127712249756,52.1347076892853,20.472295165062,15.6325343847275
1,22,30,-76.0749984513968,4.97499932907522,2018.1494140625,2012,35.4911727905273,22.5914287567139,20.73073387146,16.2814292907715,16.9966316223145,51.0238163471222,20.2558267116547,15.3847026824951
1,23,30,-76.0749984513968,4.97499932907522,2018.1494140625,2012,17.2910118103027,22.1171436309814,20.4162101745605,15.7714281082153,17.274341583252,43.4775471687317,20.2660709619522,15.4483272433281
1,24,30,-76.0749984513968,4.97499932907522,2018.1494140625,2012,18.6588439941406,21.3828563690186,19.7916259765625,14.0728569030762,14.4938631057739,46.5444331169128,20.2009725570679,15.8851457834244
1,25,30,-76.0749984513968,4.97499932907522,2018.1494140625,2012,39.4584121704102,21.9028568267822,20.204496383667,17.4842853546143,18.2938652038574,42.0921430587769,20.2546433210373,16.1289049386978
1,26,30,-76.0749984513968,4.97499932907522,2018.1494140625,2012,32.9705238342285,21.1399993896484,19.3646869659424,15.5200004577637,15.9760999679565,45.9009152650833,20.1810915470123,15.9634855389595
1,27,30,-76.0749984513968,4.97499932907522,2018.1494140625,2012,17.418270111084,21.5357151031494,19.7961730957031,16.3657150268555,16.7642669677734,39.9349805414677,20.2088931798935,16.25379383564
1,28,30,-76.0749984513968,4.97499932907522,2018.1494140625,2012,24.6637134552002,21.7585716247559,20.0780982971191,14.4642858505249,15.6262674331665,30.7556793391705,20.2057747840881,16.3663103580475
1,29,30,-76.0749984513968,4.97499932907522,2018.1494140625,2012,22.9205150604248,22.1085720062256,20.294942855835,17.7099990844727,17.8931541442871,30.0625002086163,20.3982560634613,16.5786144733429
1,30,30,-76.0749984513968,4.97499932907522,2018.1494140625,2012,24.6314029693604,22.5400009155273,20.7238998413086,16.1042861938477,16.9055252075195,35.9676353931427,20.3400897979736,16.2981750965118
1,31,30,-76.0749984513968,4.97499932907522,2018.1494140625,2012,24.9618225097656,21.2628574371338,19.7440948486328,15.3285713195801,15.8929386138916,42.6264445781708,20.3335649967194,16.6810331940651
1,32,30,-76.0749984513968,4.97499932907522,2018.1494140625,2012,38.7516059875488,21.7971420288086,20.1224136352539,15.9314289093018,16.9471855163574,28.7104142904282,20.2970482110977,16.6106044650078
1,33,30,-76.0749984513968,4.97499932907522,2018.1494140625,2012,21.4969329833984,21.0442848205566,19.4915027618408,15.291428565979,15.6327352523804,28.6547525823116,20.1569555997849,16.3577809929848
1,34,30,-76.0749984513968,4.97499932907522,2018.1494140625,2012,64.0992584228516,21.0542850494385,19.5020294189453,16.7900009155273,16.9550876617432,39.7575368285179,20.0731267929077,16.6163672208786
1,35,30,-76.0749984513968,4.97499932907522,2018.1494140625,2012,32.8039054870605,22.3728580474854,20.3462047576904,16.6014289855957,17.5170021057129,36.5553165078163,20.2303355932236,17.3684469461441
1,36,30,-76.0749984513968,4.97499932907522,2018.1494140625,2012,19.8636322021484,21.7657146453857,19.9619922637939,16.3842849731445,17.6482410430908,34.2409336566925,20.1243885755539,16.9336822032928
1,37,30,-76.0749984513968,4.97499932907522,2018.1494140625,2012,5.58784246444702,21.8285713195801,20.0473747253418,15.1214284896851,16.7731952667236,30.2134095132351,20.1873437166214,16.9985661506653
1,38,30,-76.0749984513968,4.97499932907522,2018.1494140625,2012,16.0503311157227,21.2157135009766,19.6336936950684,15.3885717391968,16.3983287811279,34.0399713516235,20.042271733284,16.747719168663
1,39,30,-76.0749984513968,4.97499932907522,2018.1494140625,2012,29.8467636108398,21.3471431732178,19.7035255432129,15.498571395874,15.4943227767944,42.0338650941849,19.9925260543823,16.6955045461655
1,40,30,-76.0749984513968,4.97499932907522,2018.1494140625,2012,53.0212097167969,21.3185710906982,19.7659912109375,15.83571434021,16.1230545043945,45.3967967033386,19.8315147161484,16.4085055589676
1,41,30,-76.0749984513968,4.97499932907522,2018.1494140625,2012,60.0747604370117,20.9642848968506,19.5268001556396,14.8814287185669,15.670934677124,61.8537441492081,19.6854709386826,15.5976331830025
1,42,30,-76.0749984513968,4.97499932907522,2018.1494140625,2012,63.1224555969238,20.1014289855957,18.7438125610352,14.081428527832,14.2486524581909,63.4424860477448,19.5836037397385,15.5266975164413
1,43,30,-76.0749984513968,4.97499932907522,2018.1494140625,2012,92.8450775146484,20.4471435546875,19.0456275939941,15.2714281082153,16.676176071167,60.8517305850983,19.488692522049,15.1990384459496
1,44,30,-76.0749984513968,4.97499932907522,2018.1494140625,2012,33.2062377929688,20.7328567504883,19.2576293945312,15.9342861175537,16.4323406219482,74.9983587265015,19.3881682157516,15.4018232226372
1,45,30,-76.0749984513968,4.97499932907522,2018.1494140625,2012,70.0939178466797,20.8999996185303,19.6259765625,14.9385709762573,16.0604419708252,57.0185409784317,19.5346992015839,14.846103310585
1,46,30,-76.0749984513968,4.97499932907522,2018.1494140625,2012,109.862007141113,20.7985706329346,19.3312816619873,12.6942853927612,13.2613554000854,56.228043794632,19.2558467388153,14.1563239097595
1,47,30,-76.0749984513968,4.97499932907522,2018.1494140625,2012,31.124605178833,20.5200004577637,19.3220195770264,13.3057146072388,14.1826143264771,61.5653967857361,19.3181784152985,14.7461495995522
1,48,30,-76.0749984513968,4.97499932907522,2018.1494140625,2012,0,20.1828575134277,18.8681678771973,14.5457143783569,15.1900777816772,39.191605091095,19.5373266935349,14.2662331461906
1,49,30,-76.0749984513968,4.97499932907522,2018.1494140625,2012,64.7629470825195,20.1071434020996,18.8871574401855,14.6828575134277,14.9873323440552,58.1892551183701,19.5292439460754,14.3134743571281
1,50,30,-76.0749984513968,4.97499932907522,2018.1494140625,2012,40.5684013366699,20.7742862701416,19.4102096557617,13.2571430206299,14.2287836074829,52.9755203723907,19.664452791214,14.204076230526
1,51,30,-76.0749984513968,4.97499932907522,2018.1494140625,2012,91.8791275024414,20.1828575134277,18.8237438201904,13.624285697937,14.39475440979,47.7141726016998,19.7734894752502,14.0812121033669
1,52,30,-76.0749984513968,4.97499932907522,2018.1494140625,2012,0,21.247142791748,19.7599754333496,12.4642858505249,13.6198425292969,31.3560007810593,19.9252654314041,14.439926981926
1,1,30,-76.0749984513968,4.97499932907522,2018.1494140625,2013,0,21.8899993896484,20.2121562957764,15.1700000762939,17.4868965148926,45.6016323566437,19.8855127096176,15.4961982965469
1,2,30,-76.0749984513968,4.97499932907522,2018.1494140625,2013,24.837043762207,22.0599994659424,20.3559818267822,13.9842853546143,15.6824560165405,29.711416721344,19.9382344484329,15.1229518055916
1,3,30,-76.0749984513968,4.97499932907522,2018.1494140625,2013,0,21.1557140350342,19.8031158447266,12.1042852401733,13.2298622131348,18.8031306266785,20.2528569698334,15.2749602198601
1,4,30,-76.0749984513968,4.97499932907522,2018.1494140625,2013,25.4640960693359,21.9385719299316,20.5417785644531,11.8985710144043,13.1443223953247,29.3617245554924,20.1895332336426,15.0005701184273
1,5,30,-76.0749984513968,4.97499932907522,2018.1494140625,2013,0,21.4814281463623,20.1052265167236,12.6214284896851,12.9126834869385,19.2476449608803,20.5079395771027,15.0909743309021
1,6,30,-76.0749984513968,4.97499932907522,2018.1494140625,2013,99.3923645019531,20.2685718536377,18.9450130462646,11.9628572463989,12.3237495422363,34.3958901166916,20.2421184778214,14.3032941222191
1,7,30,-76.0749984513968,4.97499932907522,2018.1494140625,2013,0,20.5085716247559,19.0534744262695,13.2600002288818,13.2783174514771,29.3135819733143,20.3472081422806,15.0956937670708
1,8,30,-76.0749984513968,4.97499932907522,2018.1494140625,2013,64.9610214233398,21.7871437072754,20.4370307922363,13.8685712814331,14.9965915679932,44.0292512178421,20.158071398735,15.0571259856224
1,9,30,-76.0749984513968,4.97499932907522,2018.1494140625,2013,22.6142921447754,21.6842861175537,20.3043479919434,13.0642852783203,13.4408483505249,32.6153460741043,20.0702034235001,14.9074032902718
1,10,30,-76.0749984513968,4.97499932907522,2018.1494140625,2013,25.6202259063721,22.5,21.0079116821289,14.3500003814697,15.3639087677002,38.4069938361645,20.2576022148132,14.8122250437737
1,11,30,-76.0749984513968,4.97499932907522,2018.1494140625,2013,100.324256896973,21.3899993896484,20.0004978179932,13.2314281463623,13.6507091522217,52.1801781654358,20.1087149381638,14.6920722126961
1,12,30,-76.0749984513968,4.97499932907522,2018.1494140625,2013,62.1897315979004,20.9400005340576,19.5137577056885,14.4714288711548,14.602162361145,47.3240595459938,20.1952403783798,15.3942396640778
1,13,30,-76.0749984513968,4.97499932907522,2018.1494140625,2013,17.3210105895996,22.1957149505615,20.7528820037842,15.6071424484253,16.6275291442871,42.8455221951008,20.3510047197342,14.7637159824371
1,14,30,-76.0749984513968,4.97499932907522,2018.1494140625,2013,22.5160140991211,21.7714290618896,20.4360427856445,13.7571430206299,15.0068321228027,60.4381417632103,20.3063060045242,15.1753107905388
1,15,30,-76.0749984513968,4.97499932907522,2018.1494140625,2013,45.6177215576172,21.7957134246826,20.5007991790771,16.1299991607666,15.9846286773682,62.4478907585144,20.3778116703033,15.2418571710587
1,16,30,-76.0749984513968,4.97499932907522,2018.1494140625,2013,78.6206512451172,21.0257148742676,19.6038188934326,13.9414281845093,14.7970504760742,67.3373994827271,20.0893360376358,15.2092761397362
1,17,30,-76.0749984513968,4.97499932907522,2018.1494140625,2013,63.5765838623047,20.8971424102783,19.5588397979736,15.291428565979,16.1217498779297,46.4867705106735,20.2868798971176,15.4730315208435
1,18,30,-76.0749984513968,4.97499932907522,2018.1494140625,2013,81.0144119262695,21.0328578948975,19.58567237854,15.705714225769,15.759955406189,64.120792388916,20.2704430818558,15.7383885979652
1,19,30,-76.0749984513968,4.97499932907522,2018.1494140625,2013,35.4659957885742,21.2399997711182,19.8348217010498,14.1842861175537,14.7925863265991,52.3638003468513,20.4845542907715,15.498810172081
1,20,30,-76.0749984513968,4.97499932907522,2018.1494140625,2013,94.8032989501953,20.9771423339844,19.6344413757324,13.2385711669922,14.1249847412109,61.7264062166214,20.3855907917023,15.6353744864464
1,21,30,-76.0749984513968,4.97499932907522,2018.1494140625,2013,103.66096496582,20.9357147216797,19.5067920684814,15.5457143783569,16.0426387786865,52.1347076892853,20.472295165062,15.6325343847275
1,22,30,-76.0749984513968,4.97499932907522,2018.1494140625,2013,85.095329284668,21.0314292907715,19.580961227417,15.5699996948242,15.8237791061401,51.0238163471222,20.2558267116547,15.3847026824951
1,23,30,-76.0749984513968,4.97499932907522,2018.1494140625,2013,37.4188194274902,22.0157146453857,20.1161556243896,15.6828575134277,16.7257881164551,43.4775471687317,20.2660709619522,15.4483272433281
1,24,30,-76.0749984513968,4.97499932907522,2018.1494140625,2013,41.838306427002,22.1157150268555,20.431884765625,14.5957145690918,15.5725803375244,46.5444331169128,20.2009725570679,15.8851457834244
1,25,30,-76.0749984513968,4.97499932907522,2018.1494140625,2013,26.0735092163086,21.9885711669922,20.3648128509521,14.8371429443359,15.993631362915,42.0921430587769,20.2546433210373,16.1289049386978
1,26,30,-76.0749984513968,4.97499932907522,2018.1494140625,2013,60.0320281982422,21.1471424102783,19.5976543426514,13.5571432113647,14.5631151199341,45.9009152650833,20.1810915470123,15.9634855389595
1,27,30,-76.0749984513968,4.97499932907522,2018.1494140625,2013,27.443775177002,21.4699993133545,19.7911987304688,15.6514282226562,17.2032833099365,39.9349805414677,20.2088931798935,16.25379383564
1,28,30,-76.0749984513968,4.97499932907522,2018.1494140625,2013,19.0215511322021,21.6285705566406,19.9235706329346,14.752857208252,15.9587373733521,30.7556793391705,20.2057747840881,16.3663103580475
1,29,30,-76.0749984513968,4.97499932907522,2018.1494140625,2013,43.6205062866211,21.4471435546875,19.8052082061768,14.1428575515747,15.6357431411743,30.0625002086163,20.3982560634613,16.5786144733429
1,30,30,-76.0749984513968,4.97499932907522,2018.1494140625,2013,53.1427421569824,22.3471431732178,20.4166736602783,16.6514282226562,17.9505424499512,35.9676353931427,20.3400897979736,16.2981750965118
1,31,30,-76.0749984513968,4.97499932907522,2018.1494140625,2013,15.0405263900757,21.7628574371338,20.0572128295898,15.0585718154907,16.3385677337646,42.6264445781708,20.3335649967194,16.6810331940651
1,32,30,-76.0749984513968,4.97499932907522,2018.1494140625,2013,56.8804740905762,20.5942859649658,19.1921844482422,14.2657146453857,14.8943614959717,28.7104142904282,20.2970482110977,16.6106044650078
1,33,30,-76.0749984513968,4.97499932907522,2018.1494140625,2013,58.2581939697266,21.4400005340576,19.8217430114746,15.208571434021,15.6629686355591,28.6547525823116,20.1569555997849,16.3577809929848
1,34,30,-76.0749984513968,4.97499932907522,2018.1494140625,2013,39.8803863525391,21.3742866516113,19.8130950927734,15.455714225769,16.1411762237549,39.7575368285179,20.0731267929077,16.6163672208786
1,35,30,-76.0749984513968,4.97499932907522,2018.1494140625,2013,12.8537302017212,21.4642848968506,19.7353591918945,16.2314281463623,17.3328418731689,36.5553165078163,20.2303355932236,17.3684469461441
1,36,30,-76.0749984513968,4.97499932907522,2018.1494140625,2013,56.0149917602539,20.9414291381836,19.3677806854248,16.6599998474121,16.3661060333252,34.2409336566925,20.1243885755539,16.9336822032928
1,37,30,-76.0749984513968,4.97499932907522,2018.1494140625,2013,35.3071212768555,20.7657146453857,19.3608093261719,15.8457145690918,16.3048572540283,30.2134095132351,20.1873437166214,16.9985661506653
1,38,30,-76.0749984513968,4.97499932907522,2018.1494140625,2013,45.0163841247559,22.0614280700684,20.4124698638916,14.997142791748,16.1812343597412,34.0399713516235,20.042271733284,16.747719168663
1,39,30,-76.0749984513968,4.97499932907522,2018.1494140625,2013,69.9138793945312,21.2257137298584,19.6001644134521,15.5514287948608,16.1004123687744,42.0338650941849,19.9925260543823,16.6955045461655
1,40,30,-76.0749984513968,4.97499932907522,2018.1494140625,2013,26.2551155090332,21.5871429443359,20.0369682312012,16.5671424865723,17.4122180938721,45.3967967033386,19.8315147161484,16.4085055589676
1,41,30,-76.0749984513968,4.97499932907522,2018.1494140625,2013,47.3901824951172,20.8999996185303,19.3495922088623,13.9242858886719,14.9066858291626,61.8537441492081,19.6854709386826,15.5976331830025
1,42,30,-76.0749984513968,4.97499932907522,2018.1494140625,2013,62.7936630249023,20.6971435546875,19.2782878875732,14.9071426391602,15.9685888290405,63.4424860477448,19.5836037397385,15.5266975164413
1,43,30,-76.0749984513968,4.97499932907522,2018.1494140625,2013,34.4883728027344,21.1700000762939,19.6944751739502,16.1800003051758,16.7194843292236,60.8517305850983,19.488692522049,15.1990384459496
1,44,30,-76.0749984513968,4.97499932907522,2018.1494140625,2013,58.929817199707,20.0671424865723,18.6940822601318,14.7457141876221,15.0486087799072,74.9983587265015,19.3881682157516,15.4018232226372
1,45,30,-76.0749984513968,4.97499932907522,2018.1494140625,2013,49.441032409668,20.2242851257324,18.8850212097168,15.5900001525879,15.5037622451782,57.0185409784317,19.5346992015839,14.846103310585
1,46,30,-76.0749984513968,4.97499932907522,2018.1494140625,2013,34.2368202209473,20.5699996948242,19.3210830688477,14.1857147216797,15.1872262954712,56.228043794632,19.2558467388153,14.1563239097595
1,47,30,-76.0749984513968,4.97499932907522,2018.1494140625,2013,68.6158599853516,20.3442859649658,18.9015064239502,13.5671424865723,13.7875070571899,61.5653967857361,19.3181784152985,14.7461495995522
1,48,30,-76.0749984513968,4.97499932907522,2018.1494140625,2013,49.6192588806152,20.1414279937744,18.7480354309082,15.168571472168,14.4689741134644,39.191605091095,19.5373266935349,14.2662331461906
1,49,30,-76.0749984513968,4.97499932907522,2018.1494140625,2013,110.416839599609,20.4257144927979,19.0114879608154,13.0571432113647,13.9521350860596,58.1892551183701,19.5292439460754,14.3134743571281
1,50,30,-76.0749984513968,4.97499932907522,2018.1494140625,2013,41.8172798156738,20.9728565216064,19.5755023956299,12.9785718917847,14.0562648773193,52.9755203723907,19.664452791214,14.204076230526
1,51,30,-76.0749984513968,4.97499932907522,2018.1494140625,2013,26.0974426269531,20.2171421051025,18.9831809997559,11.7299995422363,12.0091800689697,47.7141726016998,19.7734894752502,14.0812121033669
1,52,30,-76.0749984513968,4.97499932907522,2018.1494140625,2013,46.0984573364258,21.8028564453125,20.1737270355225,15.0900001525879,16.433521270752,31.3560007810593,19.9252654314041,14.439926981926
1,1,30,-76.0749984513968,4.97499932907522,2018.1494140625,2014,0,21.1228580474854,19.6585063934326,12.5228567123413,12.9623222351074,45.6016323566437,19.8855127096176,15.4961982965469
1,2,30,-76.0749984513968,4.97499932907522,2018.1494140625,2014,83.9705276489258,21.2771434783936,19.6822509765625,13.2799997329712,14.1164588928223,29.711416721344,19.9382344484329,15.1229518055916
1,3,30,-76.0749984513968,4.97499932907522,2018.1494140625,2014,22.0912418365479,21.9028568267822,20.3076686859131,12.6400003433228,13.7446327209473,18.8031306266785,20.2528569698334,15.2749602198601
1,4,30,-76.0749984513968,4.97499932907522,2018.1494140625,2014,49.4066047668457,21.1857147216797,19.8032379150391,12.5742855072021,13.9240579605103,29.3617245554924,20.1895332336426,15.0005701184273
1,5,30,-76.0749984513968,4.97499932907522,2018.1494140625,2014,0,20.7185707092285,19.42453956604,12.6571426391602,13.5545625686646,19.2476449608803,20.5079395771027,15.0909743309021
1,6,30,-76.0749984513968,4.97499932907522,2018.1494140625,2014,41.5759887695312,21.0342864990234,19.6373386383057,13.7671432495117,14.4929037094116,34.3958901166916,20.2421184778214,14.3032941222191
1,7,30,-76.0749984513968,4.97499932907522,2018.1494140625,2014,33.9779891967773,21.0128574371338,19.70823097229,14.3585710525513,15.212721824646,29.3135819733143,20.3472081422806,15.0956937670708
1,8,30,-76.0749984513968,4.97499932907522,2018.1494140625,2014,42.0433044433594,20.9099998474121,19.5627956390381,11.8285713195801,12.426833152771,44.0292512178421,20.158071398735,15.0571259856224
1,9,30,-76.0749984513968,4.97499932907522,2018.1494140625,2014,48.4359664916992,20.7700004577637,19.3672180175781,13.415714263916,13.5547456741333,32.6153460741043,20.0702034235001,14.9074032902718
1,10,30,-76.0749984513968,4.97499932907522,2018.1494140625,2014,66.5542297363281,20.2757148742676,18.9956283569336,13.2142858505249,13.5939464569092,38.4069938361645,20.2576022148132,14.8122250437737
1,11,30,-76.0749984513968,4.97499932907522,2018.1494140625,2014,56.3179740905762,20.4400005340576,19.2007541656494,13.1599998474121,13.0730085372925,52.1801781654358,20.1087149381638,14.6920722126961
1,12,30,-76.0749984513968,4.97499932907522,2018.1494140625,2014,34.2355499267578,21.5071430206299,20.1312561035156,15.8042860031128,16.019100189209,47.3240595459938,20.1952403783798,15.3942396640778
1,13,30,-76.0749984513968,4.97499932907522,2018.1494140625,2014,26.0933666229248,22.2342853546143,20.6524505615234,15.5457143783569,17.2481079101562,42.8455221951008,20.3510047197342,14.7637159824371
1,14,30,-76.0749984513968,4.97499932907522,2018.1494140625,2014,28.231954574585,22.3414287567139,20.7129669189453,14.6771430969238,15.9731168746948,60.4381417632103,20.3063060045242,15.1753107905388
1,15,30,-76.0749984513968,4.97499932907522,2018.1494140625,2014,18.8072338104248,22.3257141113281,20.7560806274414,14.3100004196167,15.5962972640991,62.4478907585144,20.3778116703033,15.2418571710587
1,16,30,-76.0749984513968,4.97499932907522,2018.1494140625,2014,81.0576782226562,21.752857208252,20.2164058685303,14.9814281463623,15.1950721740723,67.3373994827271,20.0893360376358,15.2092761397362
1,17,30,-76.0749984513968,4.97499932907522,2018.1494140625,2014,100.822479248047,22.082857131958,20.5504169464111,14.8142852783203,15.650465965271,46.4867705106735,20.2868798971176,15.4730315208435
1,18,30,-76.0749984513968,4.97499932907522,2018.1494140625,2014,58.7826614379883,21.5228576660156,20.0894813537598,15.8171424865723,15.8680620193481,64.120792388916,20.2704430818558,15.7383885979652
1,19,30,-76.0749984513968,4.97499932907522,2018.1494140625,2014,60.0354690551758,20.6614284515381,19.258321762085,15.7171430587769,15.4787368774414,52.3638003468513,20.4845542907715,15.498810172081
1,20,30,-76.0749984513968,4.97499932907522,2018.1494140625,2014,27.7879505157471,21.7028579711914,20.1757431030273,14.7371425628662,15.4114408493042,61.7264062166214,20.3855907917023,15.6353744864464
1,21,30,-76.0749984513968,4.97499932907522,2018.1494140625,2014,39.5149765014648,22.0200004577637,20.4126586914062,15.1471424102783,16.8790168762207,52.1347076892853,20.472295165062,15.6325343847275
1,22,30,-76.0749984513968,4.97499932907522,2018.1494140625,2014,79.8734359741211,21.7071437835693,20.2707557678223,14.0885715484619,14.9661378860474,51.0238163471222,20.2558267116547,15.3847026824951
1,23,30,-76.0749984513968,4.97499932907522,2018.1494140625,2014,70.5260925292969,22.0771427154541,20.5074710845947,14.6885709762573,15.7694730758667,43.4775471687317,20.2660709619522,15.4483272433281
1,24,30,-76.0749984513968,4.97499932907522,2018.1494140625,2014,25.8379573822021,22.8899993896484,20.8967418670654,16.3271427154541,17.4016799926758,46.5444331169128,20.2009725570679,15.8851457834244
1,25,30,-76.0749984513968,4.97499932907522,2018.1494140625,2014,26.1325302124023,22.3700008392334,20.4913444519043,15.1571426391602,15.6214447021484,42.0921430587769,20.2546433210373,16.1289049386978
1,26,30,-76.0749984513968,4.97499932907522,2018.1494140625,2014,47.635871887207,22.2728576660156,20.514835357666,15.7757139205933,16.3301792144775,45.9009152650833,20.1810915470123,15.9634855389595
1,27,30,-76.0749984513968,4.97499932907522,2018.1494140625,2014,51.0185928344727,22.4528579711914,20.6823806762695,16.1371421813965,17.0614032745361,39.9349805414677,20.2088931798935,16.25379383564
1,28,30,-76.0749984513968,4.97499932907522,2018.1494140625,2014,22.3800868988037,22.7785720825195,20.7350387573242,17.0085716247559,17.8032493591309,30.7556793391705,20.2057747840881,16.3663103580475
1,29,30,-76.0749984513968,4.97499932907522,2018.1494140625,2014,5.01491594314575,22.9014282226562,20.9222297668457,16.0599994659424,17.482946395874,30.0625002086163,20.3982560634613,16.5786144733429
1,30,30,-76.0749984513968,4.97499932907522,2018.1494140625,2014,12.7829217910767,22.7785720825195,20.8641624450684,17.0585708618164,18.1606521606445,35.9676353931427,20.3400897979736,16.2981750965118
1,31,30,-76.0749984513968,4.97499932907522,2018.1494140625,2014,13.2029848098755,22.1614284515381,20.4108066558838,15.3385715484619,16.686206817627,42.6264445781708,20.3335649967194,16.6810331940651
1,32,30,-76.0749984513968,4.97499932907522,2018.1494140625,2014,27.5405101776123,21.501428604126,19.7897415161133,16.6185722351074,16.6910762786865,28.7104142904282,20.2970482110977,16.6106044650078
1,33,30,-76.0749984513968,4.97499932907522,2018.1494140625,2014,14.5121593475342,22.5571422576904,20.6225280761719,17.1557140350342,17.3497848510742,28.6547525823116,20.1569555997849,16.3577809929848
1,34,30,-76.0749984513968,4.97499932907522,2018.1494140625,2014,29.8926296234131,21.1242866516113,19.6355495452881,14.4414281845093,15.3550310134888,39.7575368285179,20.0731267929077,16.6163672208786
1,35,30,-76.0749984513968,4.97499932907522,2018.1494140625,2014,24.813533782959,21.8985710144043,20.144811630249,17.2314281463623,17.9366817474365,36.5553165078163,20.2303355932236,17.3684469461441
1,36,30,-76.0749984513968,4.97499932907522,2018.1494140625,2014,27.0681934356689,21.8085708618164,20.2146663665771,16.4957141876221,17.6683750152588,34.2409336566925,20.1243885755539,16.9336822032928
1,37,30,-76.0749984513968,4.97499932907522,2018.1494140625,2014,24.4530220031738,20.8528575897217,19.4620552062988,14.8057146072388,15.2780818939209,30.2134095132351,20.1873437166214,16.9985661506653
1,38,30,-76.0749984513968,4.97499932907522,2018.1494140625,2014,36.6411552429199,20.8685722351074,19.442533493042,15.6342859268188,16.1224937438965,34.0399713516235,20.042271733284,16.747719168663
1,39,30,-76.0749984513968,4.97499932907522,2018.1494140625,2014,42.7966270446777,21.6814289093018,20.1252479553223,17.2728576660156,18.4348793029785,42.0338650941849,19.9925260543823,16.6955045461655
1,40,30,-76.0749984513968,4.97499932907522,2018.1494140625,2014,16.296932220459,21.6371421813965,20.0376052856445,15.25,16.2345371246338,45.3967967033386,19.8315147161484,16.4085055589676
1,41,30,-76.0749984513968,4.97499932907522,2018.1494140625,2014,79.0468673706055,20.6428565979004,19.2034530639648,14.8299999237061,14.5022001266479,61.8537441492081,19.6854709386826,15.5976331830025
1,42,30,-76.0749984513968,4.97499932907522,2018.1494140625,2014,60.1708984375,20.8942852020264,19.4112319946289,15.6499996185303,15.4535884857178,63.4424860477448,19.5836037397385,15.5266975164413
1,43,30,-76.0749984513968,4.97499932907522,2018.1494140625,2014,45.0082321166992,20.5414295196533,19.149341583252,14.5371427536011,15.22287940979,60.8517305850983,19.488692522049,15.1990384459496
1,44,30,-76.0749984513968,4.97499932907522,2018.1494140625,2014,60.0364761352539,20.6985721588135,19.4159679412842,15.2799997329712,15.5041790008545,74.9983587265015,19.3881682157516,15.4018232226372
1,45,30,-76.0749984513968,4.97499932907522,2018.1494140625,2014,78.8501586914062,20.5228576660156,19.1820259094238,14.6142854690552,14.6751289367676,57.0185409784317,19.5346992015839,14.846103310585
1,46,30,-76.0749984513968,4.97499932907522,2018.1494140625,2014,21.0103740692139,20.1828575134277,18.7335300445557,15.1728572845459,14.9797840118408,56.228043794632,19.2558467388153,14.1563239097595
1,47,30,-76.0749984513968,4.97499932907522,2018.1494140625,2014,20.2548999786377,20.3442859649658,19.0240306854248,13.7657146453857,14.1220216751099,61.5653967857361,19.3181784152985,14.7461495995522
1,48,30,-76.0749984513968,4.97499932907522,2018.1494140625,2014,31.2022151947021,21.5757141113281,20.0904998779297,14.6999998092651,15.260274887085,39.191605091095,19.5373266935349,14.2662331461906
1,49,30,-76.0749984513968,4.97499932907522,2018.1494140625,2014,58.0847358703613,20.9699993133545,19.4409942626953,12.4814281463623,13.0987558364868,58.1892551183701,19.5292439460754,14.3134743571281
1,50,30,-76.0749984513968,4.97499932907522,2018.1494140625,2014,62.1071662902832,20.3585720062256,18.8098773956299,14.8042860031128,14.8859949111938,52.9755203723907,19.664452791214,14.204076230526
1,51,30,-76.0749984513968,4.97499932907522,2018.1494140625,2014,0,21.0071430206299,19.629264831543,13.5299997329712,14.8440837860107,47.7141726016998,19.7734894752502,14.0812121033669
1,52,30,-76.0749984513968,4.97499932907522,2018.1494140625,2014,0,22.0042858123779,20.5338897705078,14.7428569793701,16.4467315673828,31.3560007810593,19.9252654314041,14.439926981926
1,1,30,-76.0749984513968,4.97499932907522,2018.1494140625,2015,0,22.5957145690918,20.4620323181152,17.5571422576904,19.7847595214844,45.6016323566437,19.8855127096176,15.4961982965469
1,2,30,-76.0749984513968,4.97499932907522,2018.1494140625,2015,8.70981788635254,22.3614292144775,20.6159839630127,13.8514289855957,15.1347007751465,29.711416721344,19.9382344484329,15.1229518055916
1,3,30,-76.0749984513968,4.97499932907522,2018.1494140625,2015,42.6686248779297,20.3014278411865,18.9787044525146,13.582857131958,13.7950077056885,18.8031306266785,20.2528569698334,15.2749602198601
1,4,30,-76.0749984513968,4.97499932907522,2018.1494140625,2015,27.1199645996094,20.4500007629395,19.1503715515137,14.3971424102783,14.421573638916,29.3617245554924,20.1895332336426,15.0005701184273
1,5,30,-76.0749984513968,4.97499932907522,2018.1494140625,2015,0,22.1857147216797,20.4703960418701,14.1142854690552,14.7498321533203,19.2476449608803,20.5079395771027,15.0909743309021
1,6,30,-76.0749984513968,4.97499932907522,2018.1494140625,2015,77.342414855957,20.8057136535645,19.3319091796875,12.1114282608032,12.0540399551392,34.3958901166916,20.2421184778214,14.3032941222191
1,7,30,-76.0749984513968,4.97499932907522,2018.1494140625,2015,5.51624441146851,22.3214282989502,20.7483882904053,13.8828573226929,15.3885917663574,29.3135819733143,20.3472081422806,15.0956937670708
1,8,30,-76.0749984513968,4.97499932907522,2018.1494140625,2015,28.2188701629639,21.7214279174805,20.2911529541016,15.3814287185669,16.3495311737061,44.0292512178421,20.158071398735,15.0571259856224
1,9,30,-76.0749984513968,4.97499932907522,2018.1494140625,2015,8.43648147583008,21.2042865753174,19.8903770446777,13.7757139205933,15.1009321212769,32.6153460741043,20.0702034235001,14.9074032902718
1,10,30,-76.0749984513968,4.97499932907522,2018.1494140625,2015,12.6547222137451,22.832857131958,21.2004909515381,13.9757146835327,15.7450380325317,38.4069938361645,20.2576022148132,14.8122250437737
1,11,30,-76.0749984513968,4.97499932907522,2018.1494140625,2015,18.4674949645996,21.4571437835693,19.9608669281006,11.4328575134277,12.6264410018921,52.1801781654358,20.1087149381638,14.6920722126961
1,12,30,-76.0749984513968,4.97499932907522,2018.1494140625,2015,63.450813293457,20.6728572845459,19.2614860534668,15.8100004196167,15.8761653900146,47.3240595459938,20.1952403783798,15.3942396640778
1,13,30,-76.0749984513968,4.97499932907522,2018.1494140625,2015,69.9111633300781,20.7614288330078,19.5078163146973,13.4842853546143,14.2658786773682,42.8455221951008,20.3510047197342,14.7637159824371
1,14,30,-76.0749984513968,4.97499932907522,2018.1494140625,2015,57.3413772583008,21.5685710906982,20.0796813964844,13.582857131958,13.9019317626953,60.4381417632103,20.3063060045242,15.1753107905388
1,15,30,-76.0749984513968,4.97499932907522,2018.1494140625,2015,61.2853469848633,22.3042850494385,20.6602230072021,16.5442848205566,16.4312896728516,62.4478907585144,20.3778116703033,15.2418571710587
1,16,30,-76.0749984513968,4.97499932907522,2018.1494140625,2015,90.1882934570312,21.1971435546875,19.7664375305176,17.2228565216064,16.9418430328369,67.3373994827271,20.0893360376358,15.2092761397362
1,17,30,-76.0749984513968,4.97499932907522,2018.1494140625,2015,25.8381080627441,22.5499992370605,20.9329013824463,16.1342849731445,17.4375247955322,46.4867705106735,20.2868798971176,15.4730315208435
1,18,30,-76.0749984513968,4.97499932907522,2018.1494140625,2015,85.1918258666992,22.0257148742676,20.4009227752686,15.6942853927612,16.3957118988037,64.120792388916,20.2704430818558,15.7383885979652
1,19,30,-76.0749984513968,4.97499932907522,2018.1494140625,2015,44.4570236206055,23.1771430969238,21.483455657959,15.3914289474487,16.8224830627441,52.3638003468513,20.4845542907715,15.498810172081
1,20,30,-76.0749984513968,4.97499932907522,2018.1494140625,2015,32.9454078674316,22.1442852020264,20.5556545257568,15.4799995422363,16.0135555267334,61.7264062166214,20.3855907917023,15.6353744864464
1,21,30,-76.0749984513968,4.97499932907522,2018.1494140625,2015,28.9553279876709,22.0728569030762,20.4907817840576,14.9285717010498,15.8603630065918,52.1347076892853,20.472295165062,15.6325343847275
1,22,30,-76.0749984513968,4.97499932907522,2018.1494140625,2015,29.2764129638672,22.0514278411865,20.3842124938965,14.7342853546143,15.426079750061,51.0238163471222,20.2558267116547,15.3847026824951
1,23,30,-76.0749984513968,4.97499932907522,2018.1494140625,2015,16.5303535461426,21.5771427154541,20.0230178833008,14.125714302063,14.6367969512939,43.4775471687317,20.2660709619522,15.4483272433281
1,24,30,-76.0749984513968,4.97499932907522,2018.1494140625,2015,26.7101287841797,22.8514289855957,21.0001792907715,16.3485717773438,16.3480911254883,46.5444331169128,20.2009725570679,15.8851457834244
1,25,30,-76.0749984513968,4.97499932907522,2018.1494140625,2015,20.6250953674316,23.1957149505615,21.1696586608887,17.8585720062256,18.3257923126221,42.0921430587769,20.2546433210373,16.1289049386978
1,26,30,-76.0749984513968,4.97499932907522,2018.1494140625,2015,16.6681613922119,22.8514289855957,20.9440364837646,16.4485721588135,16.6683444976807,45.9009152650833,20.1810915470123,15.9634855389595
1,27,30,-76.0749984513968,4.97499932907522,2018.1494140625,2015,45.365909576416,22.4899997711182,20.7414894104004,13.6328573226929,15.3849954605103,39.9349805414677,20.2088931798935,16.25379383564
1,28,30,-76.0749984513968,4.97499932907522,2018.1494140625,2015,19.9663734436035,21.7242851257324,20.122802734375,14.5514287948608,14.9157075881958,30.7556793391705,20.2057747840881,16.3663103580475
1,29,30,-76.0749984513968,4.97499932907522,2018.1494140625,2015,7.21673583984375,21.4342861175537,19.8559494018555,15.5771427154541,16.0137710571289,30.0625002086163,20.3982560634613,16.5786144733429
1,30,30,-76.0749984513968,4.97499932907522,2018.1494140625,2015,82.1172714233398,22.6571426391602,20.7456073760986,16.4814281463623,17.3398303985596,35.9676353931427,20.3400897979736,16.2981750965118
1,31,30,-76.0749984513968,4.97499932907522,2018.1494140625,2015,18.581413269043,22.7700004577637,21.013256072998,16.7800006866455,17.4388961791992,42.6264445781708,20.3335649967194,16.6810331940651
1,32,30,-76.0749984513968,4.97499932907522,2018.1494140625,2015,21.8642082214355,22.0557136535645,20.4137954711914,13.9314289093018,15.1902151107788,28.7104142904282,20.2970482110977,16.6106044650078
1,33,30,-76.0749984513968,4.97499932907522,2018.1494140625,2015,24.0349807739258,22.0928573608398,20.6298694610596,15.8557138442993,15.9324655532837,28.6547525823116,20.1569555997849,16.3577809929848
1,34,30,-76.0749984513968,4.97499932907522,2018.1494140625,2015,34.7593116760254,21.8857135772705,20.4855422973633,15.1128568649292,15.6085186004639,39.7575368285179,20.0731267929077,16.6163672208786
1,35,30,-76.0749984513968,4.97499932907522,2018.1494140625,2015,90.5984497070312,22.6000003814697,20.7832183837891,15.9442853927612,17.1816425323486,36.5553165078163,20.2303355932236,17.3684469461441
1,36,30,-76.0749984513968,4.97499932907522,2018.1494140625,2015,25.8504180908203,22.251428604126,20.8991584777832,16.1571426391602,17.1498641967773,34.2409336566925,20.1243885755539,16.9336822032928
1,37,30,-76.0749984513968,4.97499932907522,2018.1494140625,2015,17.5974311828613,22.3385715484619,20.7261371612549,16.8914279937744,17.7858791351318,30.2134095132351,20.1873437166214,16.9985661506653
1,38,30,-76.0749984513968,4.97499932907522,2018.1494140625,2015,21.2701663970947,22.0657138824463,20.4793491363525,15.705714225769,16.4095325469971,34.0399713516235,20.042271733284,16.747719168663
1,39,30,-76.0749984513968,4.97499932907522,2018.1494140625,2015,27.78005027771,22.4557151794434,20.8761749267578,17.3414287567139,18.8326358795166,42.0338650941849,19.9925260543823,16.6955045461655
1,40,30,-76.0749984513968,4.97499932907522,2018.1494140625,2015,49.6870765686035,22.1914291381836,20.7259731292725,15.6414289474487,17.0543365478516,45.3967967033386,19.8315147161484,16.4085055589676
1,41,30,-76.0749984513968,4.97499932907522,2018.1494140625,2015,33.7112922668457,21.2928562164307,19.8956966400146,14.544285774231,14.8797311782837,61.8537441492081,19.6854709386826,15.5976331830025
1,42,30,-76.0749984513968,4.97499932907522,2018.1494140625,2015,109.589477539062,21.8628578186035,20.2303676605225,16.5142860412598,16.5548076629639,63.4424860477448,19.5836037397385,15.5266975164413
1,43,30,-76.0749984513968,4.97499932907522,2018.1494140625,2015,79.7001266479492,21.4128570556641,19.8528861999512,13.1300001144409,13.7142295837402,60.8517305850983,19.488692522049,15.1990384459496
1,44,30,-76.0749984513968,4.97499932907522,2018.1494140625,2015,97.3044891357422,20.4457149505615,19.0677871704102,15.0157146453857,15.6374521255493,74.9983587265015,19.3881682157516,15.4018232226372
1,45,30,-76.0749984513968,4.97499932907522,2018.1494140625,2015,50.8462600708008,21.1485710144043,19.6351699829102,15.4342861175537,14.9699745178223,57.0185409784317,19.5346992015839,14.846103310585
1,46,30,-76.0749984513968,4.97499932907522,2018.1494140625,2015,58.9766998291016,21.6628570556641,20.0038738250732,12.6471424102783,13.1942529678345,56.228043794632,19.2558467388153,14.1563239097595
1,47,30,-76.0749984513968,4.97499932907522,2018.1494140625,2015,105.592727661133,21.0528564453125,19.7275619506836,16.2985706329346,16.1537208557129,61.5653967857361,19.3181784152985,14.7461495995522
1,48,30,-76.0749984513968,4.97499932907522,2018.1494140625,2015,55.974006652832,22.4042854309082,20.7803649902344,13.6985712051392,14.4604616165161,39.191605091095,19.5373266935349,14.2662331461906
1,49,30,-76.0749984513968,4.97499932907522,2018.1494140625,2015,103.80046081543,21.8171424865723,20.2176818847656,13.6542854309082,14.572075843811,58.1892551183701,19.5292439460754,14.3134743571281
1,50,30,-76.0749984513968,4.97499932907522,2018.1494140625,2015,81.1224365234375,22.1085720062256,20.3972549438477,15.2114286422729,15.7285709381104,52.9755203723907,19.664452791214,14.204076230526
1,51,30,-76.0749984513968,4.97499932907522,2018.1494140625,2015,104.73168182373,22.8957138061523,21.1561317443848,14.6885709762573,15.8541088104248,47.7141726016998,19.7734894752502,14.0812121033669
1,52,30,-76.0749984513968,4.97499932907522,2018.1494140625,2015,36.682861328125,23.415714263916,21.6165142059326,15.960000038147,17.7641429901123,31.3560007810593,19.9252654314041,14.439926981926
1,1,30,-76.0749984513968,4.97499932907522,2018.1494140625,2016,94.3970260620117,22.5628566741943,20.8855400085449,13.2328567504883,14.096715927124,45.6016323566437,19.8855127096176,15.4961982965469
1,2,30,-76.0749984513968,4.97499932907522,2018.1494140625,2016,37.0130577087402,21.2785720825195,20.1087894439697,12.4842853546143,14.1015024185181,29.711416721344,19.9382344484329,15.1229518055916
1,3,30,-76.0749984513968,4.97499932907522,2018.1494140625,2016,0,22.8814277648926,21.5100898742676,14.6157140731812,17.2341442108154,18.8031306266785,20.2528569698334,15.2749602198601
1,4,30,-76.0749984513968,4.97499932907522,2018.1494140625,2016,0,22.7542858123779,21.4058818817139,13.6542854309082,15.7792072296143,29.3617245554924,20.1895332336426,15.0005701184273
1,5,30,-76.0749984513968,4.97499932907522,2018.1494140625,2016,0,22.1628570556641,20.881742477417,13.6128568649292,15.7003059387207,19.2476449608803,20.5079395771027,15.0909743309021
1,6,30,-76.0749984513968,4.97499932907522,2018.1494140625,2016,21.1854934692383,23.1800003051758,21.6595287322998,13.039999961853,14.405403137207,34.3958901166916,20.2421184778214,14.3032941222191
1,7,30,-76.0749984513968,4.97499932907522,2018.1494140625,2016,29.2334156036377,23.3571434020996,21.9487552642822,13.2814283370972,15.0995206832886,29.3135819733143,20.3472081422806,15.0956937670708
1,8,30,-76.0749984513968,4.97499932907522,2018.1494140625,2016,34.0990562438965,22.3771419525146,21.0553684234619,12.1457147598267,12.638689994812,44.0292512178421,20.158071398735,15.0571259856224
1,9,30,-76.0749984513968,4.97499932907522,2018.1494140625,2016,20.1711139678955,22.2228565216064,21.2591190338135,12.4300003051758,14.2557716369629,32.6153460741043,20.0702034235001,14.9074032902718
1,10,30,-76.0749984513968,4.97499932907522,2018.1494140625,2016,23.6756324768066,21.501428604126,20.2103042602539,13.1528568267822,14.0404386520386,38.4069938361645,20.2576022148132,14.8122250437737
1,11,30,-76.0749984513968,4.97499932907522,2018.1494140625,2016,50.9131011962891,22.2914295196533,20.9096279144287,13.4528570175171,13.8632755279541,52.1801781654358,20.1087149381638,14.6920722126961
1,12,30,-76.0749984513968,4.97499932907522,2018.1494140625,2016,8.42190933227539,22.7857151031494,21.5538578033447,13.374285697937,15.2202167510986,47.3240595459938,20.1952403783798,15.3942396640778
1,13,30,-76.0749984513968,4.97499932907522,2018.1494140625,2016,11.9052581787109,23.0614280700684,21.7064208984375,13.1885709762573,15.0945615768433,42.8455221951008,20.3510047197342,14.7637159824371
1,14,30,-76.0749984513968,4.97499932907522,2018.1494140625,2016,62.7361679077148,21.8885707855225,20.5186557769775,13.2171430587769,13.4980821609497,60.4381417632103,20.3063060045242,15.1753107905388
1,15,30,-76.0749984513968,4.97499932907522,2018.1494140625,2016,67.5801849365234,22.0485706329346,20.6379108428955,12.6728572845459,12.9975204467773,62.4478907585144,20.3778116703033,15.2418571710587
1,16,30,-76.0749984513968,4.97499932907522,2018.1494140625,2016,80.1773147583008,22.7700004577637,21.3480663299561,13.3128566741943,15.4194936752319,67.3373994827271,20.0893360376358,15.2092761397362
1,17,30,-76.0749984513968,4.97499932907522,2018.1494140625,2016,19.4180793762207,21.7428569793701,20.4256191253662,13.0157146453857,13.6418437957764,46.4867705106735,20.2868798971176,15.4730315208435
1,18,30,-76.0749984513968,4.97499932907522,2018.1494140625,2016,69.4168319702148,21.6271419525146,20.2448673248291,14.6171426773071,14.7894954681396,64.120792388916,20.2704430818558,15.7383885979652
1,19,30,-76.0749984513968,4.97499932907522,2018.1494140625,2016,69.9235229492188,21.7042865753174,20.1630153656006,14.1714286804199,14.6124181747437,52.3638003468513,20.4845542907715,15.498810172081
1,20,30,-76.0749984513968,4.97499932907522,2018.1494140625,2016,46.3932838439941,22.9814281463623,21.3459167480469,15.710000038147,16.2765731811523,61.7264062166214,20.3855907917023,15.6353744864464
1,21,30,-76.0749984513968,4.97499932907522,2018.1494140625,2016,42.8647842407227,23.1942863464355,21.4957294464111,13.875714302063,15.5565910339355,52.1347076892853,20.472295165062,15.6325343847275
1,22,30,-76.0749984513968,4.97499932907522,2018.1494140625,2016,50.1826667785645,21.5200004577637,20.0804100036621,12.8900003433228,13.3496446609497,51.0238163471222,20.2558267116547,15.3847026824951
1,23,30,-76.0749984513968,4.97499932907522,2018.1494140625,2016,20.3468074798584,21.5728569030762,20.0185890197754,15.7128572463989,16.5445899963379,43.4775471687317,20.2660709619522,15.4483272433281
1,24,30,-76.0749984513968,4.97499932907522,2018.1494140625,2016,24.3469715118408,21.9014282226562,20.168924331665,16.167142868042,16.8881893157959,46.5444331169128,20.2009725570679,15.8851457834244
1,25,30,-76.0749984513968,4.97499932907522,2018.1494140625,2016,69.475959777832,21.832857131958,20.037281036377,15.4542856216431,16.2474060058594,42.0921430587769,20.2546433210373,16.1289049386978
1,26,30,-76.0749984513968,4.97499932907522,2018.1494140625,2016,31.1455345153809,22.0657138824463,20.3184471130371,15.1742858886719,16.383228302002,45.9009152650833,20.1810915470123,15.9634855389595
1,27,30,-76.0749984513968,4.97499932907522,2018.1494140625,2016,83.3796463012695,21.7342853546143,20.1449203491211,14.5,14.842381477356,39.9349805414677,20.2088931798935,16.25379383564
1,28,30,-76.0749984513968,4.97499932907522,2018.1494140625,2016,11.1592988967896,22.1000003814697,20.3247776031494,16.0285720825195,17.1196556091309,30.7556793391705,20.2057747840881,16.3663103580475
1,29,30,-76.0749984513968,4.97499932907522,2018.1494140625,2016,64.2532577514648,21.4385719299316,19.819616317749,14.9285717010498,15.1959438323975,30.0625002086163,20.3982560634613,16.5786144733429
1,30,30,-76.0749984513968,4.97499932907522,2018.1494140625,2016,32.4157791137695,21.8485717773438,20.1680183410645,16.5985717773438,17.0143508911133,35.9676353931427,20.3400897979736,16.2981750965118
1,31,30,-76.0749984513968,4.97499932907522,2018.1494140625,2016,10.6774768829346,21.6100006103516,20.0481224060059,14.4528570175171,15.3624706268311,42.6264445781708,20.3335649967194,16.6810331940651
1,32,30,-76.0749984513968,4.97499932907522,2018.1494140625,2016,16.2185077667236,22.4728565216064,20.7872447967529,15.6085710525513,17.108757019043,28.7104142904282,20.2970482110977,16.6106044650078
1,33,30,-76.0749984513968,4.97499932907522,2018.1494140625,2016,26.7140655517578,22.0185718536377,20.3439846038818,15.9285717010498,16.6616363525391,28.6547525823116,20.1569555997849,16.3577809929848
1,34,30,-76.0749984513968,4.97499932907522,2018.1494140625,2016,27.0497360229492,22.4585704803467,20.7159671783447,17.5642852783203,18.4849109649658,39.7575368285179,20.0731267929077,16.6163672208786
1,35,30,-76.0749984513968,4.97499932907522,2018.1494140625,2016,13.7712841033936,21.2671432495117,19.7244911193848,15.7885713577271,15.9848070144653,36.5553165078163,20.2303355932236,17.3684469461441
1,36,30,-76.0749984513968,4.97499932907522,2018.1494140625,2016,54.1535415649414,21.5200004577637,20.0016613006592,15.624285697937,16.3439636230469,34.2409336566925,20.1243885755539,16.9336822032928
1,37,30,-76.0749984513968,4.97499932907522,2018.1494140625,2016,55.7550773620605,20.9857139587402,19.6092338562012,15.9714288711548,16.4927272796631,30.2134095132351,20.1873437166214,16.9985661506653
1,38,30,-76.0749984513968,4.97499932907522,2018.1494140625,2016,73.3482513427734,21.8199996948242,20.128833770752,17.1614284515381,18.0252857208252,34.0399713516235,20.042271733284,16.747719168663
1,39,30,-76.0749984513968,4.97499932907522,2018.1494140625,2016,32.1437530517578,21.5285720825195,20.0183372497559,15.6700000762939,16.7746047973633,42.0338650941849,19.9925260543823,16.6955045461655
1,40,30,-76.0749984513968,4.97499932907522,2018.1494140625,2016,34.5465431213379,20.8742866516113,19.561336517334,14.6371431350708,15.6653499603271,45.3967967033386,19.8315147161484,16.4085055589676
1,41,30,-76.0749984513968,4.97499932907522,2018.1494140625,2016,93.0639495849609,20.3685722351074,19.1172027587891,15.1442861557007,15.3247499465942,61.8537441492081,19.6854709386826,15.5976331830025
1,42,30,-76.0749984513968,4.97499932907522,2018.1494140625,2016,72.2094573974609,21.3042850494385,19.8720359802246,15.498571395874,16.0241260528564,63.4424860477448,19.5836037397385,15.5266975164413
1,43,30,-76.0749984513968,4.97499932907522,2018.1494140625,2016,60.2055053710938,20.7771434783936,19.3914356231689,14.3914289474487,15.3149404525757,60.8517305850983,19.488692522049,15.1990384459496
1,44,30,-76.0749984513968,4.97499932907522,2018.1494140625,2016,96.3235015869141,20.5714282989502,19.2683506011963,14.5985717773438,15.4996109008789,74.9983587265015,19.3881682157516,15.4018232226372
1,45,30,-76.0749984513968,4.97499932907522,2018.1494140625,2016,67.7859039306641,21.0942859649658,19.7716846466064,13.1057138442993,14.1601390838623,57.0185409784317,19.5346992015839,14.846103310585
1,46,30,-76.0749984513968,4.97499932907522,2018.1494140625,2016,59.0152130126953,20.5,19.2221603393555,12.832857131958,13.6896839141846,56.228043794632,19.2558467388153,14.1563239097595
1,47,30,-76.0749984513968,4.97499932907522,2018.1494140625,2016,60.4153213500977,20.5,19.1695671081543,15.8228569030762,15.6775026321411,61.5653967857361,19.3181784152985,14.7461495995522
1,48,30,-76.0749984513968,4.97499932907522,2018.1494140625,2016,32.430004119873,20.4899997711182,19.181303024292,11.2842855453491,11.8414716720581,39.191605091095,19.5373266935349,14.2662331461906
1,49,30,-76.0749984513968,4.97499932907522,2018.1494140625,2016,82.9495239257812,20.3071422576904,18.8517875671387,12.4285717010498,13.2610626220703,58.1892551183701,19.5292439460754,14.3134743571281
1,50,30,-76.0749984513968,4.97499932907522,2018.1494140625,2016,37.1733360290527,20.7571430206299,19.4112739562988,14.4271430969238,15.4490814208984,52.9755203723907,19.664452791214,14.204076230526
1,51,30,-76.0749984513968,4.97499932907522,2018.1494140625,2016,0,20.8957138061523,19.399974822998,12.7357139587402,14.003514289856,47.7141726016998,19.7734894752502,14.0812121033669
1,52,30,-76.0749984513968,4.97499932907522,2018.1494140625,2016,57.3020858764648,20.7771434783936,19.4151763916016,12.625714302063,13.5180225372314,31.3560007810593,19.9252654314041,14.439926981926
1,1,30,-76.0749984513968,4.97499932907522,2018.1494140625,2017,94.5418548583984,21.3242855072021,19.8665752410889,13.8957147598267,14.4627552032471,45.6016323566437,19.8855127096176,15.4961982965469
1,2,30,-76.0749984513968,4.97499932907522,2018.1494140625,2017,70.0972671508789,21.0799999237061,19.5129852294922,11.8428573608398,12.2387351989746,29.711416721344,19.9382344484329,15.1229518055916
1,3,30,-76.0749984513968,4.97499932907522,2018.1494140625,2017,38.4960098266602,20.3557147979736,18.9447727203369,14.7357139587402,14.4975738525391,18.8031306266785,20.2528569698334,15.2749602198601
1,4,30,-76.0749984513968,4.97499932907522,2018.1494140625,2017,11.5315074920654,20.7271423339844,19.3772468566895,17.2385711669922,17.2202587127686,29.3617245554924,20.1895332336426,15.0005701184273
1,5,30,-76.0749984513968,4.97499932907522,2018.1494140625,2017,0,21.6499996185303,20.1849098205566,14.584285736084,15.1846532821655,19.2476449608803,20.5079395771027,15.0909743309021
1,6,30,-76.0749984513968,4.97499932907522,2018.1494140625,2017,78.7494201660156,22.6357135772705,20.9751472473145,15.1942853927612,17.3213577270508,34.3958901166916,20.2421184778214,14.3032941222191
1,7,30,-76.0749984513968,4.97499932907522,2018.1494140625,2017,32.1226081848145,21.7328567504883,20.1132678985596,19.3085708618164,19.1652164459229,29.3135819733143,20.3472081422806,15.0956937670708
1,8,30,-76.0749984513968,4.97499932907522,2018.1494140625,2017,0,21.0428562164307,19.5328464508057,16.9671421051025,17.1817378997803,44.0292512178421,20.158071398735,15.0571259856224
1,9,30,-76.0749984513968,4.97499932907522,2018.1494140625,2017,39.1719818115234,21.0400009155273,19.5731601715088,14.6400003433228,15.1512260437012,32.6153460741043,20.0702034235001,14.9074032902718
1,10,30,-76.0749984513968,4.97499932907522,2018.1494140625,2017,41.8548202514648,21.0528564453125,19.6681709289551,13.5657138824463,13.6190872192383,38.4069938361645,20.2576022148132,14.8122250437737
1,11,30,-76.0749984513968,4.97499932907522,2018.1494140625,2017,113.809967041016,20.7742862701416,19.3602046966553,15.3157138824463,14.6458654403687,52.1801781654358,20.1087149381638,14.6920722126961
1,12,30,-76.0749984513968,4.97499932907522,2018.1494140625,2017,13.3759145736694,20.6428565979004,19.2892990112305,15.4942855834961,14.5334997177124,47.3240595459938,20.1952403783798,15.3942396640778
1,13,30,-76.0749984513968,4.97499932907522,2018.1494140625,2017,31.1518096923828,20.4714279174805,19.2254791259766,15.0285711288452,15.141749382019,42.8455221951008,20.3510047197342,14.7637159824371
1,14,30,-76.0749984513968,4.97499932907522,2018.1494140625,2017,122.158599853516,22.252857208252,20.7955989837646,17.3714294433594,18.5763206481934,60.4381417632103,20.3063060045242,15.1753107905388
1,15,30,-76.0749984513968,4.97499932907522,2018.1494140625,2017,50.4395751953125,21.9228572845459,20.324291229248,14.9785718917847,14.8679084777832,62.4478907585144,20.3778116703033,15.2418571710587
1,16,30,-76.0749984513968,4.97499932907522,2018.1494140625,2017,60.3420562744141,21.6157150268555,20.0908260345459,15.3471431732178,15.0027465820312,67.3373994827271,20.0893360376358,15.2092761397362
1,17,30,-76.0749984513968,4.97499932907522,2018.1494140625,2017,47.2862548828125,22.2114276885986,20.6213474273682,14.1142854690552,15.3774261474609,46.4867705106735,20.2868798971176,15.4730315208435
1,18,30,-76.0749984513968,4.97499932907522,2018.1494140625,2017,70.8068618774414,20.8871421813965,19.5331039428711,14.8628568649292,14.7567758560181,64.120792388916,20.2704430818558,15.7383885979652
1,19,30,-76.0749984513968,4.97499932907522,2018.1494140625,2017,132.214538574219,20.7442855834961,19.4216022491455,15.622857093811,15.0989875793457,52.3638003468513,20.4845542907715,15.498810172081
1,20,30,-76.0749984513968,4.97499932907522,2018.1494140625,2017,94.6447830200195,21.7742862701416,20.313720703125,15.205714225769,16.4194984436035,61.7264062166214,20.3855907917023,15.6353744864464
1,21,30,-76.0749984513968,4.97499932907522,2018.1494140625,2017,86.3109130859375,22.1728572845459,20.665018081665,15.5514287948608,16.6817493438721,52.1347076892853,20.472295165062,15.6325343847275
1,22,30,-76.0749984513968,4.97499932907522,2018.1494140625,2017,27.5214729309082,22.3071422576904,20.6720600128174,14.8457145690918,16.4054851531982,51.0238163471222,20.2558267116547,15.3847026824951
1,23,30,-76.0749984513968,4.97499932907522,2018.1494140625,2017,39.1148567199707,21.7185707092285,20.2721347808838,13.8528575897217,14.5088567733765,43.4775471687317,20.2660709619522,15.4483272433281
1,24,30,-76.0749984513968,4.97499932907522,2018.1494140625,2017,83.5730590820312,21.3014278411865,19.7859573364258,14.6342859268188,15.1703472137451,46.5444331169128,20.2009725570679,15.8851457834244
1,25,30,-76.0749984513968,4.97499932907522,2018.1494140625,2017,46.2560119628906,21.3928565979004,19.8185806274414,15.205714225769,15.5897655487061,42.0921430587769,20.2546433210373,16.1289049386978
1,26,30,-76.0749984513968,4.97499932907522,2018.1494140625,2017,55.4396553039551,21.6857147216797,20.0766429901123,16.9871425628662,17.0029926300049,45.9009152650833,20.1810915470123,15.9634855389595
1,27,30,-76.0749984513968,4.97499932907522,2018.1494140625,2017,19.7285614013672,22.1885719299316,20.3356704711914,16.0085716247559,17.0478496551514,39.9349805414677,20.2088931798935,16.25379383564
1,28,30,-76.0749984513968,4.97499932907522,2018.1494140625,2017,33.8650245666504,21.3671436309814,19.8427982330322,16.0671424865723,16.314868927002,30.7556793391705,20.2057747840881,16.3663103580475
1,29,30,-76.0749984513968,4.97499932907522,2018.1494140625,2017,15.9690113067627,21.6271419525146,20.050365447998,16.3128566741943,16.9908313751221,30.0625002086163,20.3982560634613,16.5786144733429
1,30,30,-76.0749984513968,4.97499932907522,2018.1494140625,2017,16.1258583068848,22.1828575134277,20.5134925842285,16.2157135009766,17.113977432251,35.9676353931427,20.3400897979736,16.2981750965118
1,31,30,-76.0749984513968,4.97499932907522,2018.1494140625,2017,3.79141998291016,21.7214279174805,20.1283054351807,16.0942859649658,16.5915794372559,42.6264445781708,20.3335649967194,16.6810331940651
1,32,30,-76.0749984513968,4.97499932907522,2018.1494140625,2017,11.8462982177734,21.5571422576904,20.1062412261963,15.1114282608032,16.3773059844971,28.7104142904282,20.2970482110977,16.6106044650078
1,33,30,-76.0749984513968,4.97499932907522,2018.1494140625,2017,35.8596725463867,21.4128570556641,20.0654964447021,17.3028564453125,18.0718727111816,28.6547525823116,20.1569555997849,16.3577809929848
1,34,30,-76.0749984513968,4.97499932907522,2018.1494140625,2017,116.074104309082,21.5542850494385,19.9691257476807,16.7757148742676,17.3601932525635,39.7575368285179,20.0731267929077,16.6163672208786
1,35,30,-76.0749984513968,4.97499932907522,2018.1494140625,2017,21.1112060546875,21.7099990844727,20.1359348297119,17.0271434783936,17.6638259887695,36.5553165078163,20.2303355932236,17.3684469461441
1,36,30,-76.0749984513968,4.97499932907522,2018.1494140625,2017,13.578161239624,21.3828563690186,19.8677291870117,17.58571434021,17.3860244750977,34.2409336566925,20.1243885755539,16.9336822032928
1,37,30,-76.0749984513968,4.97499932907522,2018.1494140625,2017,59.6113929748535,21.6142864227295,20.2258682250977,16.8371429443359,17.6334629058838,30.2134095132351,20.1873437166214,16.9985661506653
1,38,30,-76.0749984513968,4.97499932907522,2018.1494140625,2017,51.221923828125,21.3099994659424,19.8725605010986,16.5900001525879,17.0591793060303,34.0399713516235,20.042271733284,16.747719168663
1,39,30,-76.0749984513968,4.97499932907522,2018.1494140625,2017,43.2052230834961,21.0671424865723,19.5925979614258,15.9399995803833,16.2729053497314,42.0338650941849,19.9925260543823,16.6955045461655
1,40,30,-76.0749984513968,4.97499932907522,2018.1494140625,2017,64.9896697998047,20.3728580474854,18.9882621765137,13.9828567504883,14.6226215362549,45.3967967033386,19.8315147161484,16.4085055589676
1,41,30,-76.0749984513968,4.97499932907522,2018.1494140625,2017,48.5879669189453,21.7071437835693,20.1980381011963,13.997142791748,15.1785650253296,61.8537441492081,19.6854709386826,15.5976331830025
1,42,30,-76.0749984513968,4.97499932907522,2018.1494140625,2017,48.2896614074707,22.3985710144043,20.8526248931885,14.4099998474121,15.9114112854004,63.4424860477448,19.5836037397385,15.5266975164413
1,43,30,-76.0749984513968,4.97499932907522,2018.1494140625,2017,51.9879684448242,21.1728572845459,19.5816459655762,12.0271425247192,12.3011159896851,60.8517305850983,19.488692522049,15.1990384459496
1,44,30,-76.0749984513968,4.97499932907522,2018.1494140625,2017,91.9486083984375,20.3914279937744,19.0650444030762,15.2285718917847,15.767822265625,74.9983587265015,19.3881682157516,15.4018232226372
1,45,30,-76.0749984513968,4.97499932907522,2018.1494140625,2017,53.1730041503906,20.6885719299316,19.3849658966064,14.4385709762573,15.1162004470825,57.0185409784317,19.5346992015839,14.846103310585
1,46,30,-76.0749984513968,4.97499932907522,2018.1494140625,2017,17.0488109588623,20.1414279937744,18.7554035186768,13.2642860412598,14.0061569213867,56.228043794632,19.2558467388153,14.1563239097595
1,47,30,-76.0749984513968,4.97499932907522,2018.1494140625,2017,84.7898635864258,20.332857131958,19.1212024688721,14.5,15.2103004455566,61.5653967857361,19.3181784152985,14.7461495995522
1,48,30,-76.0749984513968,4.97499932907522,2018.1494140625,2017,38.7958374023438,20.5457134246826,19.2434387207031,12.4542856216431,13.5632476806641,39.191605091095,19.5373266935349,14.2662331461906
1,49,30,-76.0749984513968,4.97499932907522,2018.1494140625,2017,20.0860748291016,21.3371429443359,19.9910354614258,14.331428527832,15.4342355728149,58.1892551183701,19.5292439460754,14.3134743571281
1,50,30,-76.0749984513968,4.97499932907522,2018.1494140625,2017,31.9765739440918,21.252857208252,19.8453960418701,14.334285736084,15.2294626235962,52.9755203723907,19.664452791214,14.204076230526
1,51,30,-76.0749984513968,4.97499932907522,2018.1494140625,2017,0,22.0357151031494,20.4203510284424,14.455714225769,16.0269336700439,47.7141726016998,19.7734894752502,14.0812121033669
1,52,30,-76.0749984513968,4.97499932907522,2018.1494140625,2017,31.721565246582,20.4257144927979,18.872350692749,12.039999961853,12.3275394439697,31.3560007810593,19.9252654314041,14.439926981926
1,1,30,-76.0749984513968,4.97499932907522,2018.1494140625,2018,53.2442398071289,20.3042850494385,18.9172534942627,15.2457141876221,16.1627979278564,45.6016323566437,19.8855127096176,15.4961982965469
1,2,30,-76.0749984513968,4.97499932907522,2018.1494140625,2018,39.2141876220703,19.9057140350342,18.5274562835693,14.5542860031128,14.6856307983398,29.711416721344,19.9382344484329,15.1229518055916
1,3,30,-76.0749984513968,4.97499932907522,2018.1494140625,2018,32.218090057373,20.4671421051025,19.0230293273926,14.1714286804199,14.5475721359253,18.8031306266785,20.2528569698334,15.2749602198601
1,4,30,-76.0749984513968,4.97499932907522,2018.1494140625,2018,29.512939453125,21.8700008392334,20.2073650360107,13.9214286804199,15.2590856552124,29.3617245554924,20.1895332336426,15.0005701184273
1,5,30,-76.0749984513968,4.97499932907522,2018.1494140625,2018,39.3559455871582,22.4457149505615,20.891902923584,12.7414283752441,13.7415628433228,19.2476449608803,20.5079395771027,15.0909743309021
1,6,30,-76.0749984513968,4.97499932907522,2018.1494140625,2018,9.21882057189941,21.6599998474121,20.3563213348389,12.7771425247192,14.1617650985718,34.3958901166916,20.2421184778214,14.3032941222191
1,7,30,-76.0749984513968,4.97499932907522,2018.1494140625,2018,25.5326976776123,21.3542861938477,19.9419422149658,12.6114282608032,13.2148275375366,29.3135819733143,20.3472081422806,15.0956937670708
1,8,30,-76.0749984513968,4.97499932907522,2018.1494140625,2018,33.2118225097656,20.7800006866455,19.2485580444336,15.877142906189,15.2306175231934,44.0292512178421,20.158071398735,15.0571259856224
1,9,30,-76.0749984513968,4.97499932907522,2018.1494140625,2018,0,21.5342864990234,20.002758026123,17.3700008392334,17.5844650268555,32.6153460741043,20.0702034235001,14.9074032902718
1,10,30,-76.0749984513968,4.97499932907522,2018.1494140625,2018,5.23029088973999,22.581428527832,20.9758987426758,15.1042852401733,16.6387233734131,38.4069938361645,20.2576022148132,14.8122250437737
1,11,30,-76.0749984513968,4.97499932907522,2018.1494140625,2018,14.1623420715332,21.7585716247559,20.4064712524414,14.122857093811,16.2998332977295,52.1801781654358,20.1087149381638,14.6920722126961
1,12,30,-76.0749984513968,4.97499932907522,2018.1494140625,2018,75.625114440918,21.5142860412598,20.0339527130127,13.9842853546143,15.0064535140991,47.3240595459938,20.1952403783798,15.3942396640778
1,13,30,-76.0749984513968,4.97499932907522,2018.1494140625,2018,101.759735107422,21.5614280700684,19.9922103881836,12.2299995422363,13.3008155822754,42.8455221951008,20.3510047197342,14.7637159824371
1,14,30,-76.0749984513968,4.97499932907522,2018.1494140625,2018,27.8738708496094,20.3228569030762,18.9169158935547,15.8042860031128,15.7196865081787,60.4381417632103,20.3063060045242,15.1753107905388
1,15,30,-76.0749984513968,4.97499932907522,2018.1494140625,2018,75.2455520629883,20.5171432495117,19.0893096923828,15.792857170105,15.8044214248657,62.4478907585144,20.3778116703033,15.2418571710587
1,16,30,-76.0749984513968,4.97499932907522,2018.1494140625,2018,47.5874557495117,22.0428562164307,20.4212341308594,12.5771427154541,13.4090032577515,67.3373994827271,20.0893360376358,15.2092761397362
1,17,30,-76.0749984513968,4.97499932907522,2018.1494140625,2018,55.2381591796875,21.6142864227295,20.1224517822266,13.9799995422363,14.2175464630127,46.4867705106735,20.2868798971176,15.4730315208435
1,18,30,-76.0749984513968,4.97499932907522,2018.1494140625,2018,39.3100738525391,21.7114276885986,20.1862545013428,15.9214286804199,16.0013103485107,64.120792388916,20.2704430818558,15.7383885979652
1,19,30,-76.0749984513968,4.97499932907522,2018.1494140625,2018,51.771053314209,20.6928577423096,19.3790283203125,15.3128566741943,15.1340675354004,52.3638003468513,20.4845542907715,15.498810172081
1,20,30,-76.0749984513968,4.97499932907522,2018.1494140625,2018,46.4773216247559,21.0957145690918,19.6684722900391,16.0485706329346,16.3143272399902,61.7264062166214,20.3855907917023,15.6353744864464
1,21,30,-76.0749984513968,4.97499932907522,2018.1494140625,2018,37.0042686462402,21.6514282226562,20.0800647735596,14.1957139968872,14.990364074707,52.1347076892853,20.472295165062,15.6325343847275
1,22,30,-76.0749984513968,4.97499932907522,2018.1494140625,2018,70.6837768554688,21.75,20.1926860809326,15.0542860031128,15.6825542449951,51.0238163471222,20.2558267116547,15.3847026824951
1,23,30,-76.0749984513968,4.97499932907522,2018.1494140625,2018,30.3144187927246,22.4371433258057,20.6884860992432,13.5642852783203,14.7748756408691,43.4775471687317,20.2660709619522,15.4483272433281
1,24,30,-76.0749984513968,4.97499932907522,2018.1494140625,2018,59.1845169067383,21.9657135009766,20.2472019195557,15.6871433258057,16.5317554473877,46.5444331169128,20.2009725570679,15.8851457834244
1,25,30,-76.0749984513968,4.97499932907522,2018.1494140625,2018,32.8206901550293,21.6942863464355,19.9559230804443,15.7285718917847,16.345531463623,42.0921430587769,20.2546433210373,16.1289049386978
1,26,30,-76.0749984513968,4.97499932907522,2018.1494140625,2018,54.9068412780762,21.2199993133545,19.5665473937988,15.0628566741943,15.9400234222412,45.9009152650833,20.1810915470123,15.9634855389595
1,27,30,-76.0749984513968,4.97499932907522,2018.1494140625,2018,15.1891689300537,21.7628574371338,20.1244106292725,17.1171436309814,17.2705230712891,39.9349805414677,20.2088931798935,16.25379383564
1,28,30,-76.0749984513968,4.97499932907522,2018.1494140625,2018,20.2430038452148,22.498571395874,20.6157989501953,15.6328573226929,16.6804122924805,30.7556793391705,20.2057747840881,16.3663103580475
1,29,30,-76.0749984513968,4.97499932907522,2018.1494140625,2018,44.2990646362305,22.2700004577637,20.4884548187256,14.0357141494751,15.2767534255981,30.0625002086163,20.3982560634613,16.5786144733429
1,30,30,-76.0749984513968,4.97499932907522,2018.1494140625,2018,42.2685966491699,21.8942852020264,20.2037410736084,15.2314281463623,15.6361303329468,35.9676353931427,20.3400897979736,16.2981750965118
1,31,30,-76.0749984513968,4.97499932907522,2018.1494140625,2018,80.7758560180664,21.5357151031494,19.7942237854004,16.9914283752441,16.664192199707,42.6264445781708,20.3335649967194,16.6810331940651
1,32,30,-76.0749984513968,4.97499932907522,2018.1494140625,2018,9.14018440246582,22.5228576660156,20.4680099487305,18.3885707855225,19.7564163208008,28.7104142904282,20.2970482110977,16.6106044650078
1,33,30,-76.0749984513968,4.97499932907522,2018.1494140625,2018,19.748254776001,21.6385707855225,19.8631439208984,16.3428573608398,16.95166015625,28.6547525823116,20.1569555997849,16.3577809929848
1,34,30,-76.0749984513968,4.97499932907522,2018.1494140625,2018,11.6157054901123,22.1928577423096,20.297664642334,16.8171424865723,18.3591823577881,39.7575368285179,20.0731267929077,16.6163672208786
1,35,30,-76.0749984513968,4.97499932907522,2018.1494140625,2018,12.5114479064941,21.6771430969238,20.0792827606201,16.1800003051758,17.2793560028076,36.5553165078163,20.2303355932236,17.3684469461441
1,36,30,-76.0749984513968,4.97499932907522,2018.1494140625,2018,45.9670791625977,21.4028568267822,19.7677402496338,16.167142868042,16.5545997619629,34.2409336566925,20.1243885755539,16.9336822032928
1,37,30,-76.0749984513968,4.97499932907522,2018.1494140625,2018,61.0616836547852,20.8085708618164,19.3823089599609,15.3857145309448,15.5259733200073,30.2134095132351,20.1873437166214,16.9985661506653
1,38,30,-76.0749984513968,4.97499932907522,2018.1494140625,2018,13.8673648834229,22.3128566741943,20.5824699401855,17.4657135009766,19.0688495635986,34.0399713516235,20.042271733284,16.747719168663
1,39,30,-76.0749984513968,4.97499932907522,2018.1494140625,2018,38.052131652832,21.9114284515381,20.1965236663818,16.002857208252,16.6458492279053,42.0338650941849,19.9925260543823,16.6955045461655
1,40,30,-76.0749984513968,4.97499932907522,2018.1494140625,2018,57.250789642334,20.8085708618164,19.3678302764893,17.084285736084,17.0615615844727,45.3967967033386,19.8315147161484,16.4085055589676
1,41,30,-76.0749984513968,4.97499932907522,2018.1494140625,2018,31.0083999633789,20.1314277648926,18.7965908050537,16.8528575897217,16.4247856140137,61.8537441492081,19.6854709386826,15.5976331830025
1,42,30,-76.0749984513968,4.97499932907522,2018.1494140625,2018,62.1472396850586,20.4099998474121,19.1752376556396,14.1142854690552,15.050196647644,63.4424860477448,19.5836037397385,15.5266975164413
1,43,30,-76.0749984513968,4.97499932907522,2018.1494140625,2018,50.8013916015625,21.1385707855225,19.8094654083252,15.3414287567139,15.5690279006958,60.8517305850983,19.488692522049,15.1990384459496
1,44,30,-76.0749984513968,4.97499932907522,2018.1494140625,2018,93.6303863525391,20.8442859649658,19.2863597869873,14.3785715103149,14.6799736022949,74.9983587265015,19.3881682157516,15.4018232226372
1,45,30,-76.0749984513968,4.97499932907522,2018.1494140625,2018,57.138557434082,21.0900001525879,19.7002277374268,15.1528568267822,15.5430355072021,57.0185409784317,19.5346992015839,14.846103310585
1,46,30,-76.0749984513968,4.97499932907522,2018.1494140625,2018,39.3518333435059,21.2214279174805,19.819673538208,12.8971424102783,14.0276937484741,56.228043794632,19.2558467388153,14.1563239097595
1,47,30,-76.0749984513968,4.97499932907522,2018.1494140625,2018,62.6828994750977,21.2057151794434,19.8519153594971,14.2285718917847,15.1355838775635,61.5653967857361,19.3181784152985,14.7461495995522
1,48,30,-76.0749984513968,4.97499932907522,2018.1494140625,2018,61.7378921508789,20.5628566741943,19.2862644195557,13.6728572845459,14.1657762527466,39.191605091095,19.5373266935349,14.2662331461906
1,49,30,-76.0749984513968,4.97499932907522,2018.1494140625,2018,0,20.8371429443359,19.280179977417,15.4014282226562,15.6922378540039,58.1892551183701,19.5292439460754,14.3134743571281
1,50,30,-76.0749984513968,4.97499932907522,2018.1494140625,2018,75.9430770874023,21.9699993133545,20.2671699523926,13.3485717773438,14.8060827255249,52.9755203723907,19.664452791214,14.204076230526
1,51,30,-76.0749984513968,4.97499932907522,2018.1494140625,2018,16.3006362915039,21.8242855072021,20.1208648681641,13.8557138442993,15.1986722946167,47.7141726016998,19.7734894752502,14.0812121033669
1,52,30,-76.0749984513968,4.97499932907522,2018.1494140625,2018,26.9638023376465,22.7671432495117,20.82444190979,14.8957147598267,16.7325878143311,31.3560007810593,19.9252654314041,14.439926981926
1,1,30,-76.0749984513968,4.97499932907522,2018.1494140625,2019,42.6552963256836,22.8028564453125,20.9105949401855,15.6214284896851,17.3039226531982,45.6016323566437,19.8855127096176,15.4961982965469
1,2,30,-76.0749984513968,4.97499932907522,2018.1494140625,2019,37.459545135498,20.4842853546143,18.9845066070557,14.9871425628662,14.6029472351074,29.711416721344,19.9382344484329,15.1229518055916
1,3,30,-76.0749984513968,4.97499932907522,2018.1494140625,2019,13.4295520782471,22.8171424865723,21.057243347168,12.3857145309448,14.042013168335,18.8031306266785,20.2528569698334,15.2749602198601
1,4,30,-76.0749984513968,4.97499932907522,2018.1494140625,2019,0,22.9657135009766,21.3787250518799,12.4071426391602,14.9910860061646,29.3617245554924,20.1895332336426,15.0005701184273
1,5,30,-76.0749984513968,4.97499932907522,2018.1494140625,2019,39.6120872497559,21.7242851257324,20.4040851593018,12.8971424102783,14.3491563796997,19.2476449608803,20.5079395771027,15.0909743309021
1,6,30,-76.0749984513968,4.97499932907522,2018.1494140625,2019,24.1204662322998,22.2057151794434,20.6049633026123,10.8614282608032,12.6749172210693,34.3958901166916,20.2421184778214,14.3032941222191
1,7,30,-76.0749984513968,4.97499932907522,2018.1494140625,2019,0,22.3728580474854,20.9641704559326,13.252857208252,14.8984594345093,29.3135819733143,20.3472081422806,15.0956937670708
1,8,30,-76.0749984513968,4.97499932907522,2018.1494140625,2019,76.4795150756836,21.7971420288086,20.3166255950928,13.9014282226562,14.7062406539917,44.0292512178421,20.158071398735,15.0571259856224
1,9,30,-76.0749984513968,4.97499932907522,2018.1494140625,2019,18.1357917785645,21.8985710144043,20.3940010070801,14.9528570175171,14.4886302947998,32.6153460741043,20.0702034235001,14.9074032902718
1,10,30,-76.0749984513968,4.97499932907522,2018.1494140625,2019,38.069995880127,22.5328578948975,20.9919719696045,13.9957141876221,14.324070930481,38.4069938361645,20.2576022148132,14.8122250437737
1,11,30,-76.0749984513968,4.97499932907522,2018.1494140625,2019,22.2271327972412,22.1428565979004,20.6036033630371,12.7442855834961,13.7892637252808,52.1801781654358,20.1087149381638,14.6920722126961
1,12,30,-76.0749984513968,4.97499932907522,2018.1494140625,2019,79.0338516235352,21.748571395874,20.1757049560547,12.1214284896851,12.4551753997803,47.3240595459938,20.1952403783798,15.3942396640778
1,13,30,-76.0749984513968,4.97499932907522,2018.1494140625,2019,48.7816162109375,22.0071430206299,20.541109085083,11.4771432876587,12.3963823318481,42.8455221951008,20.3510047197342,14.7637159824371
1,14,30,-76.0749984513968,4.97499932907522,2018.1494140625,2019,69.2874069213867,21.417142868042,20.099250793457,14.2242860794067,14.1117057800293,60.4381417632103,20.3063060045242,15.1753107905388
1,15,30,-76.0749984513968,4.97499932907522,2018.1494140625,2019,62.3180046081543,21.6457138061523,20.2989673614502,14.5585718154907,15.0194358825684,62.4478907585144,20.3778116703033,15.2418571710587
1,16,30,-76.0749984513968,4.97499932907522,2018.1494140625,2019,63.9098930358887,21.4785709381104,20.0598011016846,13.7171430587769,13.6018180847168,67.3373994827271,20.0893360376358,15.2092761397362
1,17,30,-76.0749984513968,4.97499932907522,2018.1494140625,2019,44.9429664611816,22.5485706329346,21.0307750701904,15.1971426010132,15.8172225952148,46.4867705106735,20.2868798971176,15.4730315208435
1,18,30,-76.0749984513968,4.97499932907522,2018.1494140625,2019,20.6640167236328,22.747142791748,21.1438426971436,15.8414287567139,17.3736209869385,64.120792388916,20.2704430818558,15.7383885979652
1,19,30,-76.0749984513968,4.97499932907522,2018.1494140625,2019,38.188304901123,21.8485717773438,20.449878692627,13.2299995422363,13.7831134796143,52.3638003468513,20.4845542907715,15.498810172081
1,20,30,-76.0749984513968,4.97499932907522,2018.1494140625,2019,71.6263122558594,21.5642852783203,20.116626739502,15.9899997711182,16.1808185577393,61.7264062166214,20.3855907917023,15.6353744864464
1,21,30,-76.0749984513968,4.97499932907522,2018.1494140625,2019,45.6711387634277,21.6614284515381,20.1948070526123,15.1599998474121,15.4338722229004,52.1347076892853,20.472295165062,15.6325343847275
1,22,30,-76.0749984513968,4.97499932907522,2018.1494140625,2019,62.0909538269043,21.2971420288086,19.8411560058594,13.7314281463623,14.4053726196289,51.0238163471222,20.2558267116547,15.3847026824951
1,23,30,-76.0749984513968,4.97499932907522,2018.1494140625,2019,38.6803283691406,22.167142868042,20.4741554260254,14.4714288711548,15.7263202667236,43.4775471687317,20.2660709619522,15.4483272433281
1,24,30,-76.0749984513968,4.97499932907522,2018.1494140625,2019,77.7112731933594,22.0642852783203,20.5122337341309,15.5371427536011,16.5252552032471,46.5444331169128,20.2009725570679,15.8851457834244
1,25,30,-76.0749984513968,4.97499932907522,2018.1494140625,2019,52.8488159179688,22.5614280700684,20.6327629089355,13.1914281845093,14.4544858932495,42.0921430587769,20.2546433210373,16.1289049386978
1,26,30,-76.0749984513968,4.97499932907522,2018.1494140625,2019,29.7025108337402,22.3585720062256,20.7314167022705,14.1328573226929,15.5151739120483,45.9009152650833,20.1810915470123,15.9634855389595
1,27,30,-76.0749984513968,4.97499932907522,2018.1494140625,2019,47.9580116271973,22.3157138824463,20.5254459381104,16.7414283752441,17.8819694519043,39.9349805414677,20.2088931798935,16.25379383564
1,28,30,-76.0749984513968,4.97499932907522,2018.1494140625,2019,32.1014099121094,21.6528568267822,19.9887294769287,15.4642858505249,16.0699653625488,30.7556793391705,20.2057747840881,16.3663103580475
1,29,30,-76.0749984513968,4.97499932907522,2018.1494140625,2019,10.6995754241943,22.7071437835693,20.7748622894287,16.5128574371338,17.4875411987305,30.0625002086163,20.3982560634613,16.5786144733429
1,30,30,-76.0749984513968,4.97499932907522,2018.1494140625,2019,54.6273078918457,21.8728580474854,20.1883010864258,15.3371429443359,16.1663131713867,35.9676353931427,20.3400897979736,16.2981750965118
1,31,30,-76.0749984513968,4.97499932907522,2018.1494140625,2019,22.6066398620605,22.4599990844727,20.6777858734131,16.2257137298584,17.0875835418701,42.6264445781708,20.3335649967194,16.6810331940651
1,32,30,-76.0749984513968,4.97499932907522,2018.1494140625,2019,11.614917755127,22.8828563690186,21.0613880157471,16.5557136535645,17.8237075805664,28.7104142904282,20.2970482110977,16.6106044650078
1,33,30,-76.0749984513968,4.97499932907522,2018.1494140625,2019,11.036808013916,22.0442848205566,20.276798248291,14.9328575134277,14.9742860794067,28.6547525823116,20.1569555997849,16.3577809929848
1,34,30,-76.0749984513968,4.97499932907522,2018.1494140625,2019,10.3918857574463,22.5242862701416,20.6981754302979,18.5785713195801,19.3042831420898,39.7575368285179,20.0731267929077,16.6163672208786
1,35,30,-76.0749984513968,4.97499932907522,2018.1494140625,2019,14.4718322753906,22.2557144165039,20.5953044891357,14.6499996185303,16.5204620361328,36.5553165078163,20.2303355932236,17.3684469461441
1,36,30,-76.0749984513968,4.97499932907522,2018.1494140625,2019,34.6620178222656,22.3457145690918,20.7439479827881,16.252857208252,17.7421989440918,34.2409336566925,20.1243885755539,16.9336822032928
1,37,30,-76.0749984513968,4.97499932907522,2018.1494140625,2019,24.9827919006348,22.2057151794434,20.6838092803955,15.455714225769,17.0747623443604,30.2134095132351,20.1873437166214,16.9985661506653
1,38,30,-76.0749984513968,4.97499932907522,2018.1494140625,2019,36.308162689209,20.8828563690186,19.5210037231445,14.4714288711548,14.8206176757812,34.0399713516235,20.042271733284,16.747719168663
1,39,30,-76.0749984513968,4.97499932907522,2018.1494140625,2019,79.1496124267578,21.1371421813965,19.7115650177002,16.2142848968506,16.8427619934082,42.0338650941849,19.9925260543823,16.6955045461655
1,40,30,-76.0749984513968,4.97499932907522,2018.1494140625,2019,30.5947513580322,20.9071426391602,19.5656871795654,16.4757137298584,16.7798004150391,45.3967967033386,19.8315147161484,16.4085055589676
1,41,30,-76.0749984513968,4.97499932907522,2018.1494140625,2019,106.974464416504,21.1000003814697,19.6161785125732,16.3999996185303,16.2854290008545,61.8537441492081,19.6854709386826,15.5976331830025
1,42,30,-76.0749984513968,4.97499932907522,2018.1494140625,2019,49.09521484375,20.3471431732178,18.9850044250488,15.5385713577271,15.9791860580444,63.4424860477448,19.5836037397385,15.5266975164413
1,43,30,-76.0749984513968,4.97499932907522,2018.1494140625,2019,67.4159622192383,20.7185707092285,19.3283557891846,15.5685710906982,15.9655227661133,60.8517305850983,19.488692522049,15.1990384459496
1,44,30,-76.0749984513968,4.97499932907522,2018.1494140625,2019,46.4303359985352,21.1814289093018,19.803035736084,14.3885717391968,15.8770227432251,74.9983587265015,19.3881682157516,15.4018232226372
1,45,30,-76.0749984513968,4.97499932907522,2018.1494140625,2019,95.8603363037109,21.3271427154541,19.8617553710938,14.2271432876587,14.9816045761108,57.0185409784317,19.5346992015839,14.846103310585
1,46,30,-76.0749984513968,4.97499932907522,2018.1494140625,2019,47.8789558410645,20.5599994659424,19.1852607727051,13.0528573989868,13.5497102737427,56.228043794632,19.2558467388153,14.1563239097595
1,47,30,-76.0749984513968,4.97499932907522,2018.1494140625,2019,25.8799152374268,21.0285720825195,19.6381492614746,15.622857093811,15.5868673324585,61.5653967857361,19.3181784152985,14.7461495995522
1,48,30,-76.0749984513968,4.97499932907522,2018.1494140625,2019,21.9144725799561,21.7385711669922,20.2769145965576,12.6085710525513,13.8621702194214,39.191605091095,19.5373266935349,14.2662331461906
1,49,30,-76.0749984513968,4.97499932907522,2018.1494140625,2019,78.0470199584961,21.2385711669922,19.8042106628418,14.1371431350708,15.0419979095459,58.1892551183701,19.5292439460754,14.3134743571281
1,50,30,-76.0749984513968,4.97499932907522,2018.1494140625,2019,0,20.8914279937744,19.4978408813477,13.8385715484619,13.985372543335,52.9755203723907,19.664452791214,14.204076230526
1,51,30,-76.0749984513968,4.97499932907522,2018.1494140625,2019,50.6686019897461,21.8371429443359,20.3970928192139,13.2842855453491,14.1324892044067,47.7141726016998,19.7734894752502,14.0812121033669
1,52,30,-76.0749984513968,4.97499932907522,2018.1494140625,2019,25.7658557891846,22.3842849731445,20.8946628570557,12.7414283752441,14.0485439300537,31.3560007810593,19.9252654314041,14.439926981926
1,1,30,-76.0749984513968,4.97499932907522,2018.1494140625,2020,0,21.7014293670654,20.291166305542,16.5714282989502,17.8466320037842,45.6016323566437,19.8855127096176,15.4961982965469
1,2,30,-76.0749984513968,4.97499932907522,2018.1494140625,2020,0,23.3571434020996,21.2189693450928,17.6271419525146,19.3655948638916,29.711416721344,19.9382344484329,15.1229518055916
1,3,30,-76.0749984513968,4.97499932907522,2018.1494140625,2020,8.81366634368896,23.4342861175537,21.5561027526855,13.7985715866089,14.6495914459229,18.8031306266785,20.2528569698334,15.2749602198601
1,4,30,-76.0749984513968,4.97499932907522,2018.1494140625,2020,82.9936981201172,21.1142864227295,19.6855602264404,14.7757139205933,14.5571775436401,29.3617245554924,20.1895332336426,15.0005701184273
1,5,30,-76.0749984513968,4.97499932907522,2018.1494140625,2020,7.41091346740723,22.4028568267822,20.8484630584717,15.8114290237427,17.048210144043,19.2476449608803,20.5079395771027,15.0909743309021
1,6,30,-76.0749984513968,4.97499932907522,2018.1494140625,2020,0,23.3128566741943,21.4315719604492,17.0628566741943,18.9800453186035,34.3958901166916,20.2421184778214,14.3032941222191
1,7,30,-76.0749984513968,4.97499932907522,2018.1494140625,2020,0,23.8214282989502,21.9021511077881,14.917142868042,17.1836948394775,29.3135819733143,20.3472081422806,15.0956937670708
1,8,30,-76.0749984513968,4.97499932907522,2018.1494140625,2020,19.738618850708,22.5385723114014,21.0402431488037,14.0042858123779,14.5795450210571,44.0292512178421,20.158071398735,15.0571259856224
1,9,30,-76.0749984513968,4.97499932907522,2018.1494140625,2020,42.2304916381836,22.1157150268555,20.6649265289307,14.5671424865723,15.3696126937866,32.6153460741043,20.0702034235001,14.9074032902718
1,10,30,-76.0749984513968,4.97499932907522,2018.1494140625,2020,25.2573261260986,23.3042850494385,21.6433525085449,13.9542856216431,15.3906984329224,38.4069938361645,20.2576022148132,14.8122250437737
1,11,30,-76.0749984513968,4.97499932907522,2018.1494140625,2020,59.5998802185059,22.1914291381836,20.7696666717529,12.375714302063,13.3401250839233,52.1801781654358,20.1087149381638,14.6920722126961
1,12,30,-76.0749984513968,4.97499932907522,2018.1494140625,2020,0,22.1171436309814,20.4462566375732,17.6571426391602,17.3401546478271,47.3240595459938,20.1952403783798,15.3942396640778
1,13,30,-76.0749984513968,4.97499932907522,2018.1494140625,2020,39.5906372070312,22.0400009155273,20.5853462219238,12.6000003814697,14.0163888931274,42.8455221951008,20.3510047197342,14.7637159824371
1,14,30,-76.0749984513968,4.97499932907522,2018.1494140625,2020,13.8732309341431,22.8614292144775,21.3993759155273,14.2385711669922,14.6721687316895,60.4381417632103,20.3063060045242,15.1753107905388
1,15,30,-76.0749984513968,4.97499932907522,2018.1494140625,2020,124.678375244141,22.4942855834961,21.037712097168,12.7885713577271,13.0979251861572,62.4478907585144,20.3778116703033,15.2418571710587
1,16,30,-76.0749984513968,4.97499932907522,2018.1494140625,2020,43.8068618774414,21.4214286804199,20.0662212371826,15.4914283752441,15.2793807983398,67.3373994827271,20.0893360376358,15.2092761397362
1,17,30,-76.0749984513968,4.97499932907522,2018.1494140625,2020,27.4671077728271,21.7628574371338,20.3267955780029,15.3628568649292,16.1265544891357,46.4867705106735,20.2868798971176,15.4730315208435
1,18,30,-76.0749984513968,4.97499932907522,2018.1494140625,2020,36.7362403869629,22.9214286804199,21.360725402832,15.3085718154907,15.7540855407715,64.120792388916,20.2704430818558,15.7383885979652
1,19,30,-76.0749984513968,4.97499932907522,2018.1494140625,2020,19.3682651519775,23.1014289855957,21.4809856414795,14.5071430206299,15.704610824585,52.3638003468513,20.4845542907715,15.498810172081
1,20,30,-76.0749984513968,4.97499932907522,2018.1494140625,2020,41.6857070922852,22.3614292144775,20.8035545349121,15.4342861175537,16.0868663787842,61.7264062166214,20.3855907917023,15.6353744864464
1,21,30,-76.0749984513968,4.97499932907522,2018.1494140625,2020,29.3529644012451,23.2014293670654,21.4908962249756,14.5128574371338,16.4647693634033,52.1347076892853,20.472295165062,15.6325343847275
1,22,30,-76.0749984513968,4.97499932907522,2018.1494140625,2020,60.0092926025391,20.9571437835693,19.5427436828613,13.497142791748,13.7414484024048,51.0238163471222,20.2558267116547,15.3847026824951
1,23,30,-76.0749984513968,4.97499932907522,2018.1494140625,2020,37.8675727844238,22.0314292907715,20.3001270294189,14.7600002288818,15.5285739898682,43.4775471687317,20.2660709619522,15.4483272433281
1,24,30,-76.0749984513968,4.97499932907522,2018.1494140625,2020,20.5420722961426,21.2314281463623,19.7726669311523,15.457142829895,15.760910987854,46.5444331169128,20.2009725570679,15.8851457834244
1,25,30,-76.0749984513968,4.97499932907522,2018.1494140625,2020,29.4065551757812,22.2399997711182,20.5127334594727,15.4728574752808,16.0089778900146,42.0921430587769,20.2546433210373,16.1289049386978
1,26,30,-76.0749984513968,4.97499932907522,2018.1494140625,2020,39.544864654541,22.3199996948242,20.5564117431641,14.667142868042,15.4090566635132,45.9009152650833,20.1810915470123,15.9634855389595
1,27,30,-76.0749984513968,4.97499932907522,2018.1494140625,2020,68.5192794799805,21.5257148742676,19.9466533660889,13.6142854690552,14.5881147384644,39.9349805414677,20.2088931798935,16.25379383564
1,28,30,-76.0749984513968,4.97499932907522,2018.1494140625,2020,83.6435852050781,21.6485710144043,19.9899501800537,16.7628574371338,17.0675296783447,30.7556793391705,20.2057747840881,16.3663103580475
1,29,30,-76.0749984513968,4.97499932907522,2018.1494140625,2020,26.387882232666,22.2185707092285,20.3628921508789,16.9371433258057,17.4052906036377,30.0625002086163,20.3982560634613,16.5786144733429
1,30,30,-76.0749984513968,4.97499932907522,2018.1494140625,2020,58.536506652832,21.2957134246826,19.7066459655762,15.1957139968872,15.344539642334,35.9676353931427,20.3400897979736,16.2981750965118
1,31,30,-76.0749984513968,4.97499932907522,2018.1494140625,2020,39.2995796203613,22.9314289093018,21.0353088378906,17.6914291381836,18.6430969238281,42.6264445781708,20.3335649967194,16.6810331940651
1,32,30,-76.0749984513968,4.97499932907522,2018.1494140625,2020,8.44483757019043,22.5900001525879,20.7876167297363,13.4342861175537,15.0248937606812,28.7104142904282,20.2970482110977,16.6106044650078
1,33,30,-76.0749984513968,4.97499932907522,2018.1494140625,2020,50.7428894042969,21.7728576660156,20.326229095459,13.3800001144409,14.564338684082,28.6547525823116,20.1569555997849,16.3577809929848
1,34,30,-76.0749984513968,4.97499932907522,2018.1494140625,2020,51.0976943969727,20.7057151794434,19.3151302337646,13.9014282226562,14.6315040588379,39.7575368285179,20.0731267929077,16.6163672208786
1,35,30,-76.0749984513968,4.97499932907522,2018.1494140625,2020,53.5364456176758,21.0428562164307,19.6097984313965,14.957142829895,16.2250576019287,36.5553165078163,20.2303355932236,17.3684469461441
1,36,30,-76.0749984513968,4.97499932907522,2018.1494140625,2020,41.9846076965332,21.3371429443359,19.8819179534912,15.458571434021,16.6017055511475,34.2409336566925,20.1243885755539,16.9336822032928
1,37,30,-76.0749984513968,4.97499932907522,2018.1494140625,2020,43.8272705078125,21.9314289093018,20.4177436828613,16.9357147216797,17.9197006225586,30.2134095132351,20.1873437166214,16.9985661506653
1,38,30,-76.0749984513968,4.97499932907522,2018.1494140625,2020,24.9306926727295,21.2657146453857,19.8400726318359,17.0114288330078,17.2955913543701,34.0399713516235,20.042271733284,16.747719168663
1,39,30,-76.0749984513968,4.97499932907522,2018.1494140625,2020,8.03516960144043,21.5057144165039,19.9517230987549,14.998571395874,16.3024425506592,42.0338650941849,19.9925260543823,16.6955045461655
1,40,30,-76.0749984513968,4.97499932907522,2018.1494140625,2020,24.1055088043213,21.418571472168,19.9062690734863,15.6928567886353,16.596321105957,45.3967967033386,19.8315147161484,16.4085055589676
1,41,30,-76.0749984513968,4.97499932907522,2018.1494140625,2020,41.7959289550781,21.9014282226562,20.2319564819336,16.3257141113281,17.0542068481445,61.8537441492081,19.6854709386826,15.5976331830025
1,42,30,-76.0749984513968,4.97499932907522,2018.1494140625,2020,46.7362594604492,21.8157138824463,20.1996231079102,14.1428575515747,15.5152530670166,63.4424860477448,19.5836037397385,15.5266975164413
1,43,30,-76.0749984513968,4.97499932907522,2018.1494140625,2020,73.4741897583008,21.3428573608398,19.9546966552734,14.6842861175537,15.3895063400269,60.8517305850983,19.488692522049,15.1990384459496
1,44,30,-76.0749984513968,4.97499932907522,2018.1494140625,2020,80.0148773193359,21.165714263916,19.8249645233154,16.5785713195801,16.4306983947754,74.9983587265015,19.3881682157516,15.4018232226372
1,45,30,-76.0749984513968,4.97499932907522,2018.1494140625,2020,20.0981025695801,20.5671424865723,19.3144683837891,13.1442861557007,13.6135625839233,57.0185409784317,19.5346992015839,14.846103310585
1,46,30,-76.0749984513968,4.97499932907522,2018.1494140625,2020,52.8749160766602,20.5285720825195,19.1645393371582,14.2399997711182,14.0912256240845,56.228043794632,19.2558467388153,14.1563239097595
1,47,30,-76.0749984513968,4.97499932907522,2018.1494140625,2020,60.8694534301758,20.9042854309082,19.5578708648682,13.6785717010498,14.9082746505737,61.5653967857361,19.3181784152985,14.7461495995522
1,48,30,-76.0749984513968,4.97499932907522,2018.1494140625,2020,44.0237350463867,21.3914279937744,19.9456577301025,13.6042852401733,14.2432088851929,39.191605091095,19.5373266935349,14.2662331461906
1,49,30,-76.0749984513968,4.97499932907522,2018.1494140625,2020,40.1211242675781,21.3257141113281,19.9929962158203,14.1099996566772,15.3198556900024,58.1892551183701,19.5292439460754,14.3134743571281
1,50,30,-76.0749984513968,4.97499932907522,2018.1494140625,2020,35.7402610778809,21.3714294433594,19.9941482543945,14.9128570556641,15.7966432571411,52.9755203723907,19.664452791214,14.204076230526
1,51,30,-76.0749984513968,4.97499932907522,2018.1494140625,2020,38.9959716796875,21.3514289855957,19.9264945983887,13.9928569793701,14.6860437393188,47.7141726016998,19.7734894752502,14.0812121033669
1,52,30,-76.0749984513968,4.97499932907522,2018.1494140625,2020,53.6672706604004,20.3828563690186,19.0037155151367,13.8542852401733,14.3863048553467,31.3560007810593,19.9252654314041,14.439926981926
1,1,30,-76.0749984513968,4.97499932907522,2018.1494140625,2021,34.7497673034668,20.6485710144043,19.3391532897949,13.4799995422363,14.45383644104,45.6016323566437,19.8855127096176,15.4961982965469
1,2,30,-76.0749984513968,4.97499932907522,2018.1494140625,2021,56.1455192565918,21.5514278411865,20.0242519378662,14.6842861175537,15.7607498168945,29.711416721344,19.9382344484329,15.1229518055916
1,3,30,-76.0749984513968,4.97499932907522,2018.1494140625,2021,0,22.3842849731445,20.831937789917,14.6885709762573,16.6976356506348,18.8031306266785,20.2528569698334,15.2749602198601
1,4,30,-76.0749984513968,4.97499932907522,2018.1494140625,2021,13.7077608108521,22.3400001525879,20.7375774383545,14.5714282989502,14.9816951751709,29.3617245554924,20.1895332336426,15.0005701184273
1,5,30,-76.0749984513968,4.97499932907522,2018.1494140625,2021,34.9502639770508,23.2600002288818,21.4773006439209,14.8557138442993,16.7179145812988,19.2476449608803,20.5079395771027,15.0909743309021
1,6,30,-76.0749984513968,4.97499932907522,2018.1494140625,2021,26.2922019958496,22.3028564453125,20.7314720153809,14.1285715103149,15.2845325469971,34.3958901166916,20.2421184778214,14.3032941222191
1,7,30,-76.0749984513968,4.97499932907522,2018.1494140625,2021,31.6713333129883,21.6771430969238,20.2441501617432,14.4657144546509,14.1764736175537,29.3135819733143,20.3472081422806,15.0956937670708
1,8,30,-76.0749984513968,4.97499932907522,2018.1494140625,2021,70.9598770141602,22.0242862701416,20.5372409820557,16.5114288330078,15.7463750839233,44.0292512178421,20.158071398735,15.0571259856224
1,9,30,-76.0749984513968,4.97499932907522,2018.1494140625,2021,49.1798973083496,21.2914295196533,19.9156665802002,14.8814287185669,14.8478889465332,32.6153460741043,20.0702034235001,14.9074032902718
1,10,30,-76.0749984513968,4.97499932907522,2018.1494140625,2021,33.7903747558594,21.3728580474854,19.8833484649658,13.3157138824463,13.6559028625488,38.4069938361645,20.2576022148132,14.8122250437737
1,11,30,-76.0749984513968,4.97499932907522,2018.1494140625,2021,55.1841354370117,21.0271434783936,19.486988067627,15.1357145309448,15.2789716720581,52.1801781654358,20.1087149381638,14.6920722126961
1,12,30,-76.0749984513968,4.97499932907522,2018.1494140625,2021,25.4788970947266,21.3157138824463,19.7822551727295,15.794285774231,15.7003984451294,47.3240595459938,20.1952403783798,15.3942396640778
1,13,30,-76.0749984513968,4.97499932907522,2018.1494140625,2021,51.9205436706543,22.1399993896484,20.588773727417,12.8228569030762,14.0775117874146,42.8455221951008,20.3510047197342,14.7637159824371
1,14,30,-76.0749984513968,4.97499932907522,2018.1494140625,2021,77.3334655761719,21.9871425628662,20.4465885162354,14.3100004196167,15.2298698425293,60.4381417632103,20.3063060045242,15.1753107905388
1,15,30,-76.0749984513968,4.97499932907522,2018.1494140625,2021,35.1201133728027,22.3071422576904,20.6940650939941,14.8857145309448,15.1128015518188,62.4478907585144,20.3778116703033,15.2418571710587
1,16,30,-76.0749984513968,4.97499932907522,2018.1494140625,2021,117.614013671875,21.3857135772705,19.9979820251465,16.5957145690918,17.3223304748535,67.3373994827271,20.0893360376358,15.2092761397362
1,17,30,-76.0749984513968,4.97499932907522,2018.1494140625,2021,51.6031150817871,21.3971424102783,20.0423107147217,14.2571430206299,14.3697538375854,46.4867705106735,20.2868798971176,15.4730315208435
1,18,30,-76.0749984513968,4.97499932907522,2018.1494140625,2021,53.3225746154785,20.8285713195801,19.3702545166016,16.8814277648926,16.4762630462646,64.120792388916,20.2704430818558,15.7383885979652
1,19,30,-76.0749984513968,4.97499932907522,2018.1494140625,2021,57.4148712158203,22.5685710906982,20.879373550415,16.4771423339844,17.607027053833,52.3638003468513,20.4845542907715,15.498810172081
1,20,30,-76.0749984513968,4.97499932907522,2018.1494140625,2021,45.6360511779785,22.4085712432861,20.8927822113037,15.66428565979,16.9112014770508,61.7264062166214,20.3855907917023,15.6353744864464
1,21,30,-76.0749984513968,4.97499932907522,2018.1494140625,2021,56.4638214111328,22.8799991607666,21.2336025238037,14.210000038147,14.9622287750244,52.1347076892853,20.472295165062,15.6325343847275
1,22,30,-76.0749984513968,4.97499932907522,2018.1494140625,2021,33.8312721252441,21.66428565979,20.187671661377,15.9085712432861,16.045955657959,51.0238163471222,20.2558267116547,15.3847026824951
1,23,30,-76.0749984513968,4.97499932907522,2018.1494140625,2021,64.8085632324219,21.3700008392334,19.87965965271,11.8685712814331,12.8695507049561,43.4775471687317,20.2660709619522,15.4483272433281
1,24,30,-76.0749984513968,4.97499932907522,2018.1494140625,2021,50.8245086669922,21.2357139587402,19.6681690216064,15.4685716629028,15.7658700942993,46.5444331169128,20.2009725570679,15.8851457834244
1,25,30,-76.0749984513968,4.97499932907522,2018.1494140625,2021,30.9012222290039,21.8600006103516,20.0134792327881,15.752857208252,16.2887687683105,42.0921430587769,20.2546433210373,16.1289049386978
1,26,30,-76.0749984513968,4.97499932907522,2018.1494140625,2021,32.4629898071289,21.4757137298584,19.7898406982422,15.8800001144409,16.284029006958,45.9009152650833,20.1810915470123,15.9634855389595
1,27,30,-76.0749984513968,4.97499932907522,2018.1494140625,2021,7.35414266586304,22.3242855072021,20.3973159790039,16.9400005340576,17.7586460113525,39.9349805414677,20.2088931798935,16.25379383564
1,28,30,-76.0749984513968,4.97499932907522,2018.1494140625,2021,17.1027164459229,22.4814281463623,20.7212657928467,15.2557144165039,15.833324432373,30.7556793391705,20.2057747840881,16.3663103580475
1,29,30,-76.0749984513968,4.97499932907522,2018.1494140625,2021,19.4389209747314,22.7157135009766,20.8692626953125,15.667142868042,16.5169429779053,30.0625002086163,20.3982560634613,16.5786144733429
1,30,30,-76.0749984513968,4.97499932907522,2018.1494140625,2021,29.5530090332031,21.4528579711914,19.9351749420166,12.957142829895,13.730037689209,35.9676353931427,20.3400897979736,16.2981750965118
1,31,30,-76.0749984513968,4.97499932907522,2018.1494140625,2021,34.1068687438965,22.8028564453125,20.911979675293,16.8257141113281,17.3810920715332,42.6264445781708,20.3335649967194,16.6810331940651
1,32,30,-76.0749984513968,4.97499932907522,2018.1494140625,2021,22.609167098999,21.8528575897217,20.2818336486816,15.2871427536011,16.6375694274902,28.7104142904282,20.2970482110977,16.6106044650078
1,33,30,-76.0749984513968,4.97499932907522,2018.1494140625,2021,66.2711944580078,21.3299999237061,19.9365291595459,15.7414283752441,15.5513505935669,28.6547525823116,20.1569555997849,16.3577809929848
1,34,30,-76.0749984513968,4.97499932907522,2018.1494140625,2021,36.5795211791992,20.9728565216064,19.7252883911133,15.8114290237427,16.2464504241943,39.7575368285179,20.0731267929077,16.6163672208786
1,35,30,-76.0749984513968,4.97499932907522,2018.1494140625,2021,56.3810081481934,21.4557151794434,20.1090221405029,16.5228576660156,16.7636432647705,36.5553165078163,20.2303355932236,17.3684469461441
1,36,30,-76.0749984513968,4.97499932907522,2018.1494140625,2021,51.7706680297852,21.4842853546143,20.1880588531494,17.1385707855225,17.216459274292,34.2409336566925,20.1243885755539,16.9336822032928
1,37,30,-76.0749984513968,4.97499932907522,2018.1494140625,2021,33.4976425170898,22.0928573608398,20.5063400268555,16.9057140350342,17.7420883178711,30.2134095132351,20.1873437166214,16.9985661506653
1,38,30,-76.0749984513968,4.97499932907522,2018.1494140625,2021,20.5790195465088,21.9599990844727,20.3955879211426,17.1571426391602,17.4027976989746,34.0399713516235,20.042271733284,16.747719168663
1,39,30,-76.0749984513968,4.97499932907522,2018.1494140625,2021,28.0772132873535,21.7814292907715,20.1366024017334,17.4228572845459,17.7377738952637,42.0338650941849,19.9925260543823,16.6955045461655
1,40,30,-76.0749984513968,4.97499932907522,2018.1494140625,2021,59.5044021606445,21.8857135772705,20.6019477844238,15.8171424865723,16.9047584533691,45.3967967033386,19.8315147161484,16.4085055589676
1,41,30,-76.0749984513968,4.97499932907522,2018.1494140625,2021,50.4520301818848,21.7385711669922,20.3738956451416,14.6071424484253,15.305835723877,61.8537441492081,19.6854709386826,15.5976331830025
1,42,30,-76.0749984513968,4.97499932907522,2018.1494140625,2021,36.0695419311523,21.3099994659424,19.9786930084229,16.497142791748,16.8281116485596,63.4424860477448,19.5836037397385,15.5266975164413
1,43,30,-76.0749984513968,4.97499932907522,2018.1494140625,2021,54.8058853149414,20.9571437835693,19.7166862487793,16.0942859649658,16.2481784820557,60.8517305850983,19.488692522049,15.1990384459496
1,44,30,-76.0749984513968,4.97499932907522,2018.1494140625,2021,47.5554237365723,21.0699996948242,19.7459926605225,16.9257144927979,16.5068206787109,74.9983587265015,19.3881682157516,15.4018232226372
1,45,30,-76.0749984513968,4.97499932907522,2018.1494140625,2021,0,21.0057144165039,19.7602348327637,15.1871433258057,15.7265462875366,57.0185409784317,19.5346992015839,14.846103310585
1,46,30,-76.0749984513968,4.97499932907522,2018.1494140625,2021,53.2804489135742,21.1299991607666,19.814510345459,14.041428565979,15.0361833572388,56.228043794632,19.2558467388153,14.1563239097595
1,47,30,-76.0749984513968,4.97499932907522,2018.1494140625,2021,24.8805408477783,20.5157146453857,19.1870250701904,12.9128570556641,13.3585004806519,61.5653967857361,19.3181784152985,14.7461495995522
1,48,30,-76.0749984513968,4.97499932907522,2018.1494140625,2021,101.291290283203,21.1385707855225,19.7358379364014,14.3914289474487,15.0884981155396,39.191605091095,19.5373266935349,14.2662331461906
1,49,30,-76.0749984513968,4.97499932907522,2018.1494140625,2021,77.0751876831055,22.0928573608398,20.6425189971924,12.1128568649292,13.5115604400635,58.1892551183701,19.5292439460754,14.3134743571281
1,50,30,-76.0749984513968,4.97499932907522,2018.1494140625,2021,62.2728576660156,20.9485721588135,19.5949783325195,10.9085712432861,12.4319477081299,52.9755203723907,19.664452791214,14.204076230526
1,51,30,-76.0749984513968,4.97499932907522,2018.1494140625,2021,59.3149642944336,20.8614292144775,19.5029697418213,11.6585712432861,12.515570640564,47.7141726016998,19.7734894752502,14.0812121033669
1,52,30,-76.0749984513968,4.97499932907522,2018.1494140625,2021,17.3748836517334,21.1571426391602,19.8004283905029,12.582857131958,13.4973649978638,31.3560007810593,19.9252654314041,14.439926981926
1,1,30,-76.0749984513968,4.97499932907522,2018.1494140625,2022,79.3630676269531,21.2628574371338,19.6775932312012,11.7557144165039,12.7151317596436,45.6016323566437,19.8855127096176,15.4961982965469
1,2,30,-76.0749984513968,4.97499932907522,2018.1494140625,2022,37.8639373779297,20.5371437072754,19.1360015869141,14.5228567123413,14.3037919998169,29.711416721344,19.9382344484329,15.1229518055916
1,3,30,-76.0749984513968,4.97499932907522,2018.1494140625,2022,0,22.1442852020264,20.5878448486328,14.1171426773071,15.3062057495117,18.8031306266785,20.2528569698334,15.2749602198601
1,4,30,-76.0749984513968,4.97499932907522,2018.1494140625,2022,6.42586040496826,21.0471420288086,19.7387771606445,11.998571395874,12.8112306594849,29.3617245554924,20.1895332336426,15.0005701184273
1,5,30,-76.0749984513968,4.97499932907522,2018.1494140625,2022,6.42586040496826,21.25,19.8244075775146,14.3842859268188,16.2169494628906,19.2476449608803,20.5079395771027,15.0909743309021
1,6,30,-76.0749984513968,4.97499932907522,2018.1494140625,2022,0,20.9357147216797,19.467981338501,13.6871433258057,13.52952003479,34.3958901166916,20.2421184778214,14.3032941222191
1,7,30,-76.0749984513968,4.97499932907522,2018.1494140625,2022,67.0028305053711,21.0528564453125,19.7041568756104,13.1428575515747,13.2656383514404,29.3135819733143,20.3472081422806,15.0956937670708
1,8,30,-76.0749984513968,4.97499932907522,2018.1494140625,2022,101.273086547852,21.4128570556641,19.9574298858643,14.9471426010132,15.6576881408691,44.0292512178421,20.158071398735,15.0571259856224
1,9,30,-76.0749984513968,4.97499932907522,2018.1494140625,2022,36.5078506469727,20.6428565979004,19.2768821716309,13.3100004196167,12.8581962585449,32.6153460741043,20.0702034235001,14.9074032902718
1,10,30,-76.0749984513968,4.97499932907522,2018.1494140625,2022,99.8941345214844,20.9071426391602,19.410795211792,18.2571430206299,17.266414642334,38.4069938361645,20.2576022148132,14.8122250437737
1,11,30,-76.0749984513968,4.97499932907522,2018.1494140625,2022,0,21.3957138061523,19.9547958374023,17.2785720825195,17.5246696472168,52.1801781654358,20.1087149381638,14.6920722126961
1,12,30,-76.0749984513968,4.97499932907522,2018.1494140625,2022,75.5605239868164,21.3514289855957,20.1054649353027,14.9514284133911,14.9059753417969,47.3240595459938,20.1952403783798,15.3942396640778
1,13,30,-76.0749984513968,4.97499932907522,2018.1494140625,2022,48.4139251708984,21.1242866516113,19.7992706298828,14.1728572845459,14.2716226577759,42.8455221951008,20.3510047197342,14.7637159824371
1,14,30,-76.0749984513968,4.97499932907522,2018.1494140625,2022,69.8479690551758,21.8057136535645,20.3443088531494,15.2228574752808,15.63063621521,60.4381417632103,20.3063060045242,15.1753107905388
1,15,30,-76.0749984513968,4.97499932907522,2018.1494140625,2022,52.9778747558594,22.168571472168,20.6795539855957,15.4285717010498,15.697286605835,62.4478907585144,20.3778116703033,15.2418571710587
1,16,30,-76.0749984513968,4.97499932907522,2018.1494140625,2022,64.1919937133789,20.7128562927246,19.175666809082,14.2414283752441,13.9785299301147,67.3373994827271,20.0893360376358,15.2092761397362
1,17,30,-76.0749984513968,4.97499932907522,2018.1494140625,2022,30.6079330444336,21.3614292144775,19.9064331054688,15.3685712814331,15.1343822479248,46.4867705106735,20.2868798971176,15.4730315208435
1,18,30,-76.0749984513968,4.97499932907522,2018.1494140625,2022,46.8128662109375,22.2057151794434,20.5905513763428,14.25,15.518196105957,64.120792388916,20.2704430818558,15.7383885979652
1,19,30,-76.0749984513968,4.97499932907522,2018.1494140625,2022,15.2389030456543,21.998571395874,20.4255561828613,14.4028568267822,15.0856046676636,52.3638003468513,20.4845542907715,15.498810172081
1,20,30,-76.0749984513968,4.97499932907522,2018.1494140625,2022,81.6205978393555,21.6242866516113,20.2142333984375,13.8614282608032,14.1687574386597,61.7264062166214,20.3855907917023,15.6353744864464
1,21,30,-76.0749984513968,4.97499932907522,2018.1494140625,2022,51.0933036804199,21.9342861175537,20.2160148620605,15.0557146072388,15.6676254272461,52.1347076892853,20.472295165062,15.6325343847275
1,22,30,-76.0749984513968,4.97499932907522,2018.1494140625,2022,63.9433708190918,21.081428527832,19.5328140258789,14.0342855453491,14.252628326416,51.0238163471222,20.2558267116547,15.3847026824951
1,23,30,-76.0749984513968,4.97499932907522,2018.1494140625,2022,25.526403427124,20.6014289855957,19.1929149627686,14.5385713577271,14.5926551818848,43.4775471687317,20.2660709619522,15.4483272433281
1,24,30,-76.0749984513968,4.97499932907522,2018.1494140625,2022,63.8671340942383,20.6399993896484,19.1556377410889,13.6628570556641,13.8364486694336,46.5444331169128,20.2009725570679,15.8851457834244
1,25,30,-76.0749984513968,4.97499932907522,2018.1494140625,2022,42.7893486022949,21.3299999237061,19.7268486022949,14.4614286422729,14.9160299301147,42.0921430587769,20.2546433210373,16.1289049386978
1,26,30,-76.0749984513968,4.97499932907522,2018.1494140625,2022,42.003231048584,21.1271419525146,19.5490341186523,16.3785705566406,15.9096078872681,45.9009152650833,20.1810915470123,15.9634855389595
1,27,30,-76.0749984513968,4.97499932907522,2018.1494140625,2022,35.6945266723633,22.2342853546143,20.4750957489014,15.0157146453857,15.3292646408081,39.9349805414677,20.2088931798935,16.25379383564
1,28,30,-76.0749984513968,4.97499932907522,2018.1494140625,2022,0,21.4828567504883,19.9790229797363,14.705714225769,15.7008495330811,30.7556793391705,20.2057747840881,16.3663103580475
1,29,30,-76.0749984513968,4.97499932907522,2018.1494140625,2022,32.9465827941895,21.9414291381836,20.0932292938232,14.6585712432861,15.332968711853,30.0625002086163,20.3982560634613,16.5786144733429
1,30,30,-76.0749984513968,4.97499932907522,2018.1494140625,2022,40.0291023254395,20.918571472168,19.4322376251221,14.0314283370972,14.5471811294556,35.9676353931427,20.3400897979736,16.2981750965118
1,31,30,-76.0749984513968,4.97499932907522,2018.1494140625,2022,86.4795303344727,21.4300003051758,19.8113193511963,14.1542854309082,15.1219806671143,42.6264445781708,20.3335649967194,16.6810331940651
1,32,30,-76.0749984513968,4.97499932907522,2018.1494140625,2022,54.0729827880859,21.9300003051758,20.1931209564209,15.831428527832,16.605167388916,28.7104142904282,20.2970482110977,16.6106044650078
1,33,30,-76.0749984513968,4.97499932907522,2018.1494140625,2022,8.66207408905029,21.8642864227295,20.2484512329102,16.2142848968506,17.3365001678467,28.6547525823116,20.1569555997849,16.3577809929848
1,34,30,-76.0749984513968,4.97499932907522,2018.1494140625,2022,38.0110740661621,21.5757141113281,19.846471786499,15.6014289855957,16.1548881530762,39.7575368285179,20.0731267929077,16.6163672208786
1,35,30,-76.0749984513968,4.97499932907522,2018.1494140625,2022,17.2237949371338,21.2785720825195,19.684268951416,16.4071426391602,16.3310394287109,36.5553165078163,20.2303355932236,17.3684469461441
1,36,30,-76.0749984513968,4.97499932907522,2018.1494140625,2022,19.0858726501465,21.7914295196533,20.2042655944824,17.1499996185303,17.4104785919189,34.2409336566925,20.1243885755539,16.9336822032928
1,37,30,-76.0749984513968,4.97499932907522,2018.1494140625,2022,9.06902885437012,21.3828563690186,19.9183959960938,15.0128574371338,15.9970426559448,30.2134095132351,20.1873437166214,16.9985661506653
1,38,30,-76.0749984513968,4.97499932907522,2018.1494140625,2022,67.5371170043945,20.8814277648926,19.3761177062988,15.7357139587402,16.349723815918,34.0399713516235,20.042271733284,16.747719168663
1,39,30,-76.0749984513968,4.97499932907522,2018.1494140625,2022,51.4818420410156,21.2314281463623,19.730131149292,15.3157138824463,15.6651382446289,42.0338650941849,19.9925260543823,16.6955045461655
1,40,30,-76.0749984513968,4.97499932907522,2018.1494140625,2022,27.7136173248291,21.2385711669922,19.6207447052002,15.6828575134277,16.7337265014648,45.3967967033386,19.8315147161484,16.4085055589676
1,41,30,-76.0749984513968,4.97499932907522,2018.1494140625,2022,56.2092819213867,20.7714290618896,19.3111610412598,13.1357145309448,14.7137928009033,61.8537441492081,19.6854709386826,15.5976331830025
1,42,30,-76.0749984513968,4.97499932907522,2018.1494140625,2022,94.1600494384766,20.5400009155273,19.2777709960938,13.2442855834961,13.9088726043701,63.4424860477448,19.5836037397385,15.5266975164413
1,43,30,-76.0749984513968,4.97499932907522,2018.1494140625,2022,107.199203491211,20.7114276885986,19.3613128662109,12.3671426773071,13.3161020278931,60.8517305850983,19.488692522049,15.1990384459496
1,44,30,-76.0749984513968,4.97499932907522,2018.1494140625,2022,91.2434692382812,21.1871433258057,19.7166519165039,16.0242862701416,16.4125556945801,74.9983587265015,19.3881682157516,15.4018232226372
1,45,30,-76.0749984513968,4.97499932907522,2018.1494140625,2022,68.7679138183594,20.417142868042,19.0599193572998,13.8457145690918,14.4226408004761,57.0185409784317,19.5346992015839,14.846103310585
1,46,30,-76.0749984513968,4.97499932907522,2018.1494140625,2022,57.662296295166,20.4542865753174,19.1263561248779,12.7185716629028,13.3092031478882,56.228043794632,19.2558467388153,14.1563239097595
1,47,30,-76.0749984513968,4.97499932907522,2018.1494140625,2022,101.290679931641,20.7785720825195,19.4100894927979,13.2742853164673,14.0183305740356,61.5653967857361,19.3181784152985,14.7461495995522
1,48,30,-76.0749984513968,4.97499932907522,2018.1494140625,2022,38.7626113891602,19.9028568267822,18.6445789337158,13.8214282989502,14.1455917358398,39.191605091095,19.5373266935349,14.2662331461906
1,49,30,-76.0749984513968,4.97499932907522,2018.1494140625,2022,54.8147964477539,20.0300006866455,18.6944770812988,13.0257139205933,12.9354305267334,58.1892551183701,19.5292439460754,14.3134743571281
1,50,30,-76.0749984513968,4.97499932907522,2018.1494140625,2022,32.2883529663086,20.9314289093018,19.4303798675537,13.3999996185303,14.2081880569458,52.9755203723907,19.664452791214,14.204076230526
1,51,30,-76.0749984513968,4.97499932907522,2018.1494140625,2022,0,21.3614292144775,19.7518844604492,13.1599998474121,14.6245412826538,47.7141726016998,19.7734894752502,14.0812121033669
1,52,30,-76.0749984513968,4.97499932907522,2018.1494140625,2022,30.3729610443115,20.8528575897217,19.3744411468506,13.248571395874,14.1156692504883,31.3560007810593,19.9252654314041,14.439926981926
1,1,30,-76.0749984513968,4.97499932907522,2018.1494140625,2023,36.3750038146973,20.4699993133545,18.9793758392334,14.08571434021,13.4456386566162,45.6016323566437,19.8855127096176,15.4961982965469
1,2,30,-76.0749984513968,4.97499932907522,2018.1494140625,2023,0,20.247142791748,18.771017074585,13.9271430969238,14.0153799057007,29.711416721344,19.9382344484329,15.1229518055916
1,3,30,-76.0749984513968,4.97499932907522,2018.1494140625,2023,69.2737197875977,20.5242862701416,18.990743637085,14.1800003051758,14.5568399429321,18.8031306266785,20.2528569698334,15.2749602198601
1,4,30,-76.0749984513968,4.97499932907522,2018.1494140625,2023,65.6139373779297,21.7014293670654,19.917911529541,15.1442861557007,16.7894477844238,29.3617245554924,20.1895332336426,15.0005701184273
1,5,30,-76.0749984513968,4.97499932907522,2018.1494140625,2023,5.57964515686035,22.2399997711182,20.272575378418,13.7542858123779,16.3485622406006,19.2476449608803,20.5079395771027,15.0909743309021
1,6,30,-76.0749984513968,4.97499932907522,2018.1494140625,2023,11.1592903137207,22.3814277648926,20.5892543792725,13.955714225769,15.6176023483276,34.3958901166916,20.2421184778214,14.3032941222191
1,7,30,-76.0749984513968,4.97499932907522,2018.1494140625,2023,39.6275787353516,22.0971431732178,20.4047927856445,11.7757139205933,12.9269304275513,29.3135819733143,20.3472081422806,15.0956937670708
1,8,30,-76.0749984513968,4.97499932907522,2018.1494140625,2023,51.1037216186523,21.9799995422363,20.219331741333,11.9271430969238,13.8114309310913,44.0292512178421,20.158071398735,15.0571259856224
1,9,30,-76.0749984513968,4.97499932907522,2018.1494140625,2023,17.2143783569336,22.3057136535645,20.7634773254395,13.2857141494751,14.9251098632812,32.6153460741043,20.0702034235001,14.9074032902718
1,10,30,-76.0749984513968,4.97499932907522,2018.1494140625,2023,27.6516647338867,20.8299999237061,19.4569072723389,12.4357147216797,12.1742143630981,38.4069938361645,20.2576022148132,14.8122250437737
1,11,30,-76.0749984513968,4.97499932907522,2018.1494140625,2023,146.139144897461,19.9128570556641,18.6448802947998,14.7542858123779,14.1910820007324,52.1801781654358,20.1087149381638,14.6920722126961
1,12,30,-76.0749984513968,4.97499932907522,2018.1494140625,2023,75.0048828125,21.2628574371338,19.8679504394531,15.2728567123413,15.3788547515869,47.3240595459938,20.1952403783798,15.3942396640778
1,13,30,-76.0749984513968,4.97499932907522,2018.1494140625,2023,34.3911781311035,21.7442855834961,20.1228103637695,13.8214282989502,14.0306816101074,42.8455221951008,20.3510047197342,14.7637159824371
1,14,30,-76.0749984513968,4.97499932907522,2018.1494140625,2023,72.5804061889648,21.8742866516113,20.3002662658691,14.6628570556641,14.7298727035522,60.4381417632103,20.3063060045242,15.1753107905388
1,15,30,-76.0749984513968,4.97499932907522,2018.1494140625,2023,61.6407318115234,22.1242866516113,20.5034332275391,13.2714281082153,14.3161344528198,62.4478907585144,20.3778116703033,15.2418571710587
1,16,30,-76.0749984513968,4.97499932907522,2018.1494140625,2023,71.6067581176758,21.4071426391602,19.9616298675537,15.0785713195801,14.3132801055908,67.3373994827271,20.0893360376358,15.2092761397362
1,17,30,-76.0749984513968,4.97499932907522,2018.1494140625,2023,52.8767433166504,22.0271434783936,20.4678173065186,17.7714290618896,17.0627956390381,46.4867705106735,20.2868798971176,15.4730315208435
1,18,30,-76.0749984513968,4.97499932907522,2018.1494140625,2023,21.9035339355469,23.7571430206299,21.9179573059082,17.2028579711914,18.4011764526367,64.120792388916,20.2704430818558,15.7383885979652
1,19,30,-76.0749984513968,4.97499932907522,2018.1494140625,2023,13.3582983016968,23.6442852020264,21.7077102661133,15.332857131958,16.1475734710693,52.3638003468513,20.4845542907715,15.498810172081
1,20,30,-76.0749984513968,4.97499932907522,2018.1494140625,2023,35.3858757019043,22.7757148742676,21.1127166748047,13.2299995422363,13.9312171936035,61.7264062166214,20.3855907917023,15.6353744864464
1,21,30,-76.0749984513968,4.97499932907522,2018.1494140625,2023,62.9060897827148,21.7057151794434,20.3220767974854,14.5585718154907,15.0184593200684,52.1347076892853,20.472295165062,15.6325343847275
1,22,30,-76.0749984513968,4.97499932907522,2018.1494140625,2023,44.1390266418457,22.4871425628662,20.7741413116455,15.6385717391968,16.6855812072754,51.0238163471222,20.2558267116547,15.3847026824951
1,23,30,-76.0749984513968,4.97499932907522,2018.1494140625,2023,24.2228393554688,22.3542861938477,20.6440677642822,15.0657138824463,15.8996782302856,43.4775471687317,20.2660709619522,15.4483272433281
1,24,30,-76.0749984513968,4.97499932907522,2018.1494140625,2023,27.0907669067383,22.8600006103516,20.9865589141846,16.1814289093018,17.0356101989746,46.5444331169128,20.2009725570679,15.8851457834244
1,25,30,-76.0749984513968,4.97499932907522,2018.1494140625,2023,22.6786994934082,22.8799991607666,21.0412120819092,15.8242855072021,17.3292789459229,42.0921430587769,20.2546433210373,16.1289049386978
1,26,30,-76.0749984513968,4.97499932907522,2018.1494140625,2023,49.9944686889648,22.9528579711914,21.0740146636963,15.8071432113647,16.329273223877,45.9009152650833,20.1810915470123,15.9634855389595
1,27,30,-76.0749984513968,4.97499932907522,2018.1494140625,2023,16.9976463317871,22.0142860412598,20.4496803283691,14.627142906189,15.1199064254761,39.9349805414677,20.2088931798935,16.25379383564
1,28,30,-76.0749984513968,4.97499932907522,2018.1494140625,2023,61.0578269958496,23.0657138824463,21.2522201538086,16.7614288330078,17.5827598571777,30.7556793391705,20.2057747840881,16.3663103580475
1,29,30,-76.0749984513968,4.97499932907522,2018.1494140625,2023,22.9853286743164,23.415714263916,21.3741836547852,17.4099998474121,17.9589538574219,30.0625002086163,20.3982560634613,16.5786144733429
1,30,30,-76.0749984513968,4.97499932907522,2018.1494140625,2023,40.8715019226074,22.8685722351074,21.1594676971436,16.6057147979736,17.0489978790283,35.9676353931427,20.3400897979736,16.2981750965118
1,31,30,-76.0749984513968,4.97499932907522,2018.1494140625,2023,26.6539669036865,23.1000003814697,21.0321846008301,16.7142848968506,17.699649810791,42.6264445781708,20.3335649967194,16.6810331940651
1,32,30,-76.0749984513968,4.97499932907522,2018.1494140625,2023,19.9879264831543,23.0171432495117,21.2257690429688,15.8585710525513,16.5209693908691,28.7104142904282,20.2970482110977,16.6106044650078
1,33,30,-76.0749984513968,4.97499932907522,2018.1494140625,2023,31.5707607269287,22.2714290618896,20.6842880249023,14.8000001907349,16.176685333252,28.6547525823116,20.1569555997849,16.3577809929848
1,34,30,-76.0749984513968,4.97499932907522,2018.1494140625,2023,45.0847625732422,21.7685718536377,20.3963584899902,16.2228565216064,16.3019943237305,39.7575368285179,20.0731267929077,16.6163672208786
1,35,30,-76.0749984513968,4.97499932907522,2018.1494140625,2023,40.461856842041,23.4342861175537,21.5005683898926,18.6371421813965,19.8297214508057,36.5553165078163,20.2303355932236,17.3684469461441
1,36,30,-76.0749984513968,4.97499932907522,2018.1494140625,2023,31.977123260498,22.4071426391602,20.8619060516357,16.7342853546143,17.8419666290283,34.2409336566925,20.1243885755539,16.9336822032928
1,37,30,-76.0749984513968,4.97499932907522,2018.1494140625,2023,22.933141708374,22.7542858123779,21.1206169128418,17.5885715484619,18.1355819702148,30.2134095132351,20.1873437166214,16.9985661506653
1,38,30,-76.0749984513968,4.97499932907522,2018.1494140625,2023,8.32445526123047,22.9214286804199,21.254810333252,16.9085712432861,17.969409942627,34.0399713516235,20.042271733284,16.747719168663
1,39,30,-76.0749984513968,4.97499932907522,2018.1494140625,2023,15.8053722381592,22.6157150268555,21.1481742858887,16.8299999237061,17.1476345062256,42.0338650941849,19.9925260543823,16.6955045461655
1,40,30,-76.0749984513968,4.97499932907522,2018.1494140625,2023,24.5465183258057,22.0057144165039,20.6324710845947,15.4371433258057,16.0823707580566,45.3967967033386,19.8315147161484,16.4085055589676
1,41,30,-76.0749984513968,4.97499932907522,2018.1494140625,2023,60.6662559509277,22.3671436309814,20.7270603179932,16.2600002288818,16.3485431671143,61.8537441492081,19.6854709386826,15.5976331830025
1,42,30,-76.0749984513968,4.97499932907522,2018.1494140625,2023,40.4110832214355,22.002857208252,20.4973201751709,14.2371425628662,14.7627439498901,63.4424860477448,19.5836037397385,15.5266975164413
1,43,30,-76.0749984513968,4.97499932907522,2018.1494140625,2023,17.3716316223145,21.1342849731445,19.756326675415,13.9528570175171,13.9276237487793,60.8517305850983,19.488692522049,15.1990384459496
1,44,30,-76.0749984513968,4.97499932907522,2018.1494140625,2023,49.5281410217285,20.9085712432861,19.436149597168,16.1800003051758,15.6752252578735,74.9983587265015,19.3881682157516,15.4018232226372
1,45,30,-76.0749984513968,4.97499932907522,2018.1494140625,2023,54.701286315918,22.1942863464355,20.6759910583496,14.331428527832,15.2751560211182,57.0185409784317,19.5346992015839,14.846103310585
1,46,30,-76.0749984513968,4.97499932907522,2018.1494140625,2023,21.440673828125,22.3471431732178,20.7389831542969,13.4200000762939,14.8271636962891,56.228043794632,19.2558467388153,14.1563239097595
1,47,30,-76.0749984513968,4.97499932907522,2018.1494140625,2023,43.7286987304688,21.5157146453857,20.0569896697998,16.5285720825195,16.5306243896484,61.5653967857361,19.3181784152985,14.7461495995522
1,48,30,-76.0749984513968,4.97499932907522,2018.1494140625,2023,34.1520195007324,22.9514293670654,21.2943897247314,14.6814289093018,16.5254993438721,39.191605091095,19.5373266935349,14.2662331461906
1,49,30,-76.0749984513968,4.97499932907522,2018.1494140625,2023,0,22.8814277648926,21.1705665588379,14.1614284515381,14.9328489303589,58.1892551183701,19.5292439460754,14.3134743571281
1,50,30,-76.0749984513968,4.97499932907522,2018.1494140625,2023,25.297981262207,22.8500003814697,21.2005214691162,12.1471424102783,13.1242027282715,52.9755203723907,19.664452791214,14.204076230526
1,51,30,-76.0749984513968,4.97499932907522,2018.1494140625,2023,60.5349807739258,22.5571422576904,21.0276393890381,12.3942861557007,13.6106042861938,47.7141726016998,19.7734894752502,14.0812121033669
1,52,30,-76.0749984513968,4.97499932907522,2018.1494140625,2023,31.9244728088379,21.4257144927979,20.096284866333,13.2585716247559,13.4766931533813,31.3560007810593,19.9252654314041,14.439926981926
1,1,30,-76.0749984513968,4.97499932907522,2018.1494140625,2024,47.0480842590332,23.0699996948242,21.3959846496582,15.9885711669922,17.3372993469238,45.6016323566437,19.8855127096176,15.4961982965469
1,2,30,-76.0749984513968,4.97499932907522,2018.1494140625,2024,0,22.8700008392334,21.2651844024658,14.3685712814331,16.0741691589355,29.711416721344,19.9382344484329,15.1229518055916
1,3,30,-76.0749984513968,4.97499932907522,2018.1494140625,2024,12.6831941604614,24.1157150268555,22.199951171875,14.6999998092651,17.0686550140381,18.8031306266785,20.2528569698334,15.2749602198601
1,4,30,-76.0749984513968,4.97499932907522,2018.1494140625,2024,0,24.2942848205566,22.4474430084229,15.6957139968872,18.200382232666,29.3617245554924,20.1895332336426,15.0005701184273
1,5,30,-76.0749984513968,4.97499932907522,2018.1494140625,2024,48.9532089233398,23.2128562927246,21.5640926361084,13.872857093811,14.0757646560669,19.2476449608803,20.5079395771027,15.0909743309021
1,6,30,-76.0749984513968,4.97499932907522,2018.1494140625,2024,43.6921081542969,23.2914295196533,21.6880359649658,14.5785713195801,15.2890911102295,34.3958901166916,20.2421184778214,14.3032941222191
1,7,30,-76.0749984513968,4.97499932907522,2018.1494140625,2024,17.6657600402832,24.0357151031494,22.4292678833008,15.2571430206299,16.7663192749023,29.3135819733143,20.3472081422806,15.0956937670708
1,8,30,-76.0749984513968,4.97499932907522,2018.1494140625,2024,0,22.4885711669922,21.1109066009521,16.1557140350342,16.7804851531982,44.0292512178421,20.158071398735,15.0571259856224
1,9,30,-76.0749984513968,4.97499932907522,2018.1494140625,2024,0,22.2757148742676,20.9360523223877,14.1742858886719,14.9463195800781,32.6153460741043,20.0702034235001,14.9074032902718
1,10,30,-76.0749984513968,4.97499932907522,2018.1494140625,2024,21.1551742553711,23.2800006866455,21.8676013946533,13.8928575515747,14.7067108154297,38.4069938361645,20.2576022148132,14.8122250437737
1,11,30,-76.0749984513968,4.97499932907522,2018.1494140625,2024,15.6215496063232,24.1385707855225,22.6525268554688,13.7557144165039,14.2813291549683,52.1801781654358,20.1087149381638,14.6920722126961
1,12,30,-76.0749984513968,4.97499932907522,2018.1494140625,2024,16.29465675354,22.7171421051025,21.4952049255371,14.9785718917847,15.6861181259155,47.3240595459938,20.1952403783798,15.3942396640778
1,13,30,-76.0749984513968,4.97499932907522,2018.1494140625,2024,22.9071655273438,22.1071434020996,20.8053398132324,14.7271432876587,14.4225206375122,42.8455221951008,20.3510047197342,14.7637159824371
1,14,30,-76.0749984513968,4.97499932907522,2018.1494140625,2024,75.2841339111328,22.2942848205566,20.8865985870361,14.2828569412231,14.5666007995605,60.4381417632103,20.3063060045242,15.1753107905388
1,15,30,-76.0749984513968,4.97499932907522,2018.1494140625,2024,17.8954677581787,23.9657135009766,22.4021968841553,15.6614284515381,17.2164134979248,62.4478907585144,20.3778116703033,15.2418571710587
1,16,30,-76.0749984513968,4.97499932907522,2018.1494140625,2024,54.2825546264648,22.2957134246826,20.869556427002,13.4899997711182,14.4302558898926,67.3373994827271,20.0893360376358,15.2092761397362
1,17,30,-76.0749984513968,4.97499932907522,2018.1494140625,2024,48.267707824707,21.8228569030762,20.4641532897949,14.8614282608032,14.9321613311768,46.4867705106735,20.2868798971176,15.4730315208435
1,18,30,-76.0749984513968,4.97499932907522,2018.1494140625,2024,68.2867736816406,21.8814277648926,20.5124187469482,14.4442853927612,14.4738883972168,64.120792388916,20.2704430818558,15.7383885979652
1,19,30,-76.0749984513968,4.97499932907522,2018.1494140625,2024,69.4189376831055,22.5185718536377,21.094690322876,13.4200000762939,14.2278757095337,52.3638003468513,20.4845542907715,15.498810172081
1,20,30,-76.0749984513968,4.97499932907522,2018.1494140625,2024,59.3800468444824,22.7014293670654,21.2726802825928,14.4742860794067,15.2470645904541,61.7264062166214,20.3855907917023,15.6353744864464
1,21,30,-76.0749984513968,4.97499932907522,2018.1494140625,2024,34.5872268676758,22.9557151794434,21.3765907287598,13.9314289093018,14.7725667953491,52.1347076892853,20.472295165062,15.6325343847275
1,22,30,-76.0749984513968,4.97499932907522,2018.1494140625,2024,69.3214416503906,23.3771419525146,21.627534866333,17.1000003814697,17.0687313079834,51.0238163471222,20.2558267116547,15.3847026824951
1,23,30,-76.0749984513968,4.97499932907522,2018.1494140625,2024,56.0251770019531,22.5471420288086,20.9619140625,13.9742860794067,14.5995712280273,43.4775471687317,20.2660709619522,15.4483272433281
1,24,30,-76.0749984513968,4.97499932907522,2018.1494140625,2024,79.603889465332,22.1857147216797,20.6355648040771,14.1057138442993,14.4400844573975,46.5444331169128,20.2009725570679,15.8851457834244
1,25,30,-76.0749984513968,4.97499932907522,2018.1494140625,2024,67.2011260986328,22.0142860412598,20.4208717346191,14.5128574371338,15.5868625640869,42.0921430587769,20.2546433210373,16.1289049386978
1,26,30,-76.0749984513968,4.97499932907522,2018.1494140625,2024,59.1735076904297,21.9357147216797,20.3446998596191,14.5114288330078,15.2148275375366,45.9009152650833,20.1810915470123,15.9634855389595
1,27,30,-76.0749984513968,4.97499932907522,2018.1494140625,2024,92.54052734375,21.9542865753174,20.3427085876465,14.7285718917847,15.3671283721924,39.9349805414677,20.2088931798935,16.25379383564
1,28,30,-76.0749984513968,4.97499932907522,2018.1494140625,2024,7.29132699966431,22.5771427154541,20.7949714660645,17.3228569030762,18.1774311065674,30.7556793391705,20.2057747840881,16.3663103580475
1,29,30,-76.0749984513968,4.97499932907522,2018.1494140625,2024,11.7675161361694,23.2085704803467,21.2632865905762,15.9042854309082,17.0573654174805,30.0625002086163,20.3982560634613,16.5786144733429
1,30,30,-76.0749984513968,4.97499932907522,2018.1494140625,2024,12.6401262283325,22.9500007629395,21.2660350799561,14.9700002670288,16.0723438262939,35.9676353931427,20.3400897979736,16.2981750965118
1,31,30,-76.0749984513968,4.97499932907522,2018.1494140625,2024,76.9614105224609,22.8542861938477,21.0117511749268,15.6457147598267,17.0175800323486,42.6264445781708,20.3335649967194,16.6810331940651
1,32,30,-76.0749984513968,4.97499932907522,2018.1494140625,2024,33.1165885925293,22.0971431732178,20.4796848297119,15.4442853927612,16.0773429870605,28.7104142904282,20.2970482110977,16.6106044650078
1,33,30,-76.0749984513968,4.97499932907522,2018.1494140625,2024,7.64303541183472,23.2757148742676,21.3407649993896,17.4042854309082,18.4952449798584,28.6547525823116,20.1569555997849,16.3577809929848
1,34,30,-76.0749984513968,4.97499932907522,2018.1494140625,2024,10.0276002883911,22.4585704803467,20.8738079071045,14.7042856216431,16.1335544586182,39.7575368285179,20.0731267929077,16.6163672208786
1,35,30,-76.0749984513968,4.97499932907522,2018.1494140625,2024,63.9086799621582,22.8928565979004,20.9901256561279,18.4671421051025,19.0516090393066,36.5553165078163,20.2303355932236,17.3684469461441
1,36,30,-76.0749984513968,4.97499932907522,2018.1494140625,2024,13.9349384307861,22.7585716247559,21.0916023254395,15.9728574752808,17.0045051574707,34.2409336566925,20.1243885755539,16.9336822032928
1,37,30,-76.0749984513968,4.97499932907522,2018.1494140625,2024,12.4730787277222,23.1271419525146,21.5201644897461,16.2857151031494,17.8589420318604,30.2134095132351,20.1873437166214,16.9985661506653
1,38,30,-76.0749984513968,4.97499932907522,2018.1494140625,2024,25.5679168701172,22.7000007629395,21.1381893157959,15.6614284515381,17.1244258880615,34.0399713516235,20.042271733284,16.747719168663
1,39,30,-76.0749984513968,4.97499932907522,2018.1494140625,2024,24.5545196533203,21.4828567504883,19.9495029449463,15.2200002670288,15.755708694458,42.0338650941849,19.9925260543823,16.6955045461655
1,40,30,-76.0749984513968,4.97499932907522,2018.1494140625,2024,96.5409698486328,21.7728576660156,20.2616996765137,16.3285713195801,16.9094581604004,45.3967967033386,19.8315147161484,16.4085055589676
1,41,30,-76.0749984513968,4.97499932907522,2018.1494140625,2024,28.9351406097412,21.5900001525879,20.1320247650146,15.9700002670288,16.4543266296387,61.8537441492081,19.6854709386826,15.5976331830025
1,42,30,-76.0749984513968,4.97499932907522,2018.1494140625,2024,45.8062629699707,22.0957145690918,20.5145893096924,16.4257144927979,17.2156524658203,63.4424860477448,19.5836037397385,15.5266975164413
1,43,30,-76.0749984513968,4.97499932907522,2018.1494140625,2024,52.5804786682129,22.1142864227295,20.6849956512451,15.4671430587769,16.220100402832,60.8517305850983,19.488692522049,15.1990384459496
1,44,30,-76.0749984513968,4.97499932907522,2018.1494140625,2024,83.2854309082031,21.8428573608398,20.3242206573486,13.1285715103149,14.0699768066406,74.9983587265015,19.3881682157516,15.4018232226372
1,45,30,-76.0749984513968,4.97499932907522,2018.1494140625,2024,68.889892578125,21.2271423339844,19.8137874603271,13.6014289855957,13.9893074035645,57.0185409784317,19.5346992015839,14.846103310585
1,46,30,-76.0749984513968,4.97499932907522,2018.1494140625,2024,29.3981590270996,20.0457134246826,18.8642654418945,15.4371433258057,14.775821685791,56.228043794632,19.2558467388153,14.1563239097595
1,47,30,-76.0749984513968,4.97499932907522,2018.1494140625,2024,55.1825637817383,21.0257148742676,19.550048828125,13.1499996185303,13.5309295654297,61.5653967857361,19.3181784152985,14.7461495995522
1,48,30,-76.0749984513968,4.97499932907522,2018.1494140625,2024,0,21.7742862701416,20.2944374084473,14.4014282226562,15.5457792282104,39.191605091095,19.5373266935349,14.2662331461906
1,49,30,-76.0749984513968,4.97499932907522,2018.1494140625,2024,36.2292251586914,21.2228565216064,19.8871898651123,12.7414283752441,13.6701011657715,58.1892551183701,19.5292439460754,14.3134743571281
1,50,30,-76.0749984513968,4.97499932907522,2018.1494140625,2024,28.1278800964355,21.917142868042,20.4250316619873,11.252857208252,12.9044427871704,52.9755203723907,19.664452791214,14.204076230526
1,51,30,-76.0749984513968,4.97499932907522,2018.1494140625,2024,88.5379104614258,21.9314289093018,20.33616065979,12.5328569412231,12.7154865264893,47.7141726016998,19.7734894752502,14.0812121033669
1,52,30,-76.0749984513968,4.97499932907522,2018.1494140625,2024,90.131462097168,20.7357139587402,19.4688949584961,12.2028570175171,12.5062608718872,31.3560007810593,19.9252654314041,14.439926981926
1,1,30,-76.0749984513968,4.97499932907522,2018.1494140625,2025,57.8706741333008,20.8528575897217,19.5150527954102,13.1842861175537,13.9377775192261,45.6016323566437,19.8855127096176,15.4961982965469
1,2,30,-76.0749984513968,4.97499932907522,2018.1494140625,2025,0,21.8457145690918,20.4195957183838,13.9099998474121,15.482852935791,29.711416721344,19.9382344484329,15.1229518055916
1,3,30,-76.0749984513968,4.97499932907522,2018.1494140625,2025,0,21.9799995422363,20.2632637023926,16.2214279174805,18.136739730835,18.8031306266785,20.2528569698334,15.2749602198601
1,4,30,-76.0749984513968,4.97499932907522,2018.1494140625,2025,6.87192249298096,22.0642852783203,20.4206047058105,14.0914287567139,15.4835872650146,29.3617245554924,20.1895332336426,15.0005701184273
1,5,30,-76.0749984513968,4.97499932907522,2018.1494140625,2025,27.684871673584,22.2185707092285,20.7725296020508,13.4642858505249,14.1631011962891,19.2476449608803,20.5079395771027,15.0909743309021
1,6,30,-76.0749984513968,4.97499932907522,2018.1494140625,2025,68.9293212890625,21.002857208252,19.5512294769287,12.7714281082153,12.0139789581299,34.3958901166916,20.2421184778214,14.3032941222191
1,7,30,-76.0749984513968,4.97499932907522,2018.1494140625,2025,64.6935272216797,20.6471424102783,19.3901538848877,14.8371429443359,14.4780168533325,29.3135819733143,20.3472081422806,15.0956937670708
1,8,30,-76.0749984513968,4.97499932907522,2018.1494140625,2025,106.434127807617,21.1585712432861,19.8783073425293,14.6999998092651,14.6779069900513,44.0292512178421,20.158071398735,15.0571259856224
1,9,30,-76.0749984513968,4.97499932907522,2018.1494140625,2025,107.970993041992,20.8614292144775,19.6199722290039,15.251428604126,14.6292448043823,32.6153460741043,20.0702034235001,14.9074032902718
1,10,30,-76.0749984513968,4.97499932907522,2018.1494140625,2025,53.9925079345703,20.3728580474854,19.0607166290283,14.7299995422363,14.3843641281128,38.4069938361645,20.2576022148132,14.8122250437737
1,11,30,-76.0749984513968,4.97499932907522,2018.1494140625,2025,67.6836776733398,20.7628574371338,19.4518051147461,14.915714263916,14.7921895980835,52.1801781654358,20.1087149381638,14.6920722126961
1,12,30,-76.0749984513968,4.97499932907522,2018.1494140625,2025,35.2468643188477,22.9128570556641,21.3650741577148,15.2542858123779,16.3277168273926,47.3240595459938,20.1952403783798,15.3942396640778
1,13,30,-76.0749984513968,4.97499932907522,2018.1494140625,2025,48.4280395507812,21.3428573608398,20.0121593475342,14.7128572463989,14.7778148651123,42.8455221951008,20.3510047197342,14.7637159824371
1,14,30,-76.0749984513968,4.97499932907522,2018.1494140625,2025,65.3213729858398,21.6700000762939,20.2868671417236,16.9485721588135,16.3525314331055,60.4381417632103,20.3063060045242,15.1753107905388
1,15,30,-76.0749984513968,4.97499932907522,2018.1494140625,2025,58.3680458068848,21.7999992370605,20.3951988220215,16.6700000762939,17.0458126068115,62.4478907585144,20.3778116703033,15.2418571710587
1,16,30,-76.0749984513968,4.97499932907522,2018.1494140625,2025,29.9808921813965,22.6785717010498,21.0723361968994,14.5,15.4199323654175,67.3373994827271,20.0893360376358,15.2092761397362
1,17,30,-76.0749984513968,4.97499932907522,2018.1494140625,2025,46.9859008789062,21.4942855834961,20.1571083068848,15.25,15.4861736297607,46.4867705106735,20.2868798971176,15.4730315208435
1,18,30,-76.0749984513968,4.97499932907522,2018.1494140625,2025,106.198837280273,21.252857208252,19.8432292938232,15.2428569793701,14.7369594573975,64.120792388916,20.2704430818558,15.7383885979652
1,19,30,-76.0749984513968,4.97499932907522,2018.1494140625,2025,41.1452560424805,22.5085716247559,20.7668476104736,14.7571430206299,15.5571327209473,52.3638003468513,20.4845542907715,15.498810172081
1,20,30,-76.0749984513968,4.97499932907522,2018.1494140625,2025,100.845863342285,21.1371421813965,19.8117771148682,15.4042854309082,15.1746997833252,61.7264062166214,20.3855907917023,15.6353744864464
1,21,30,-76.0749984513968,4.97499932907522,2018.1494140625,2025,28.6117134094238,22.7357139587402,21.0363788604736,15.5100002288818,16.02805519104,52.1347076892853,20.472295165062,15.6325343847275
1,22,30,-76.0749984513968,4.97499932907522,2018.1494140625,2025,57.6819229125977,22.4200000762939,20.8338718414307,14.0299997329712,15.0622634887695,51.0238163471222,20.2558267116547,15.3847026824951
1,23,30,-76.0749984513968,4.97499932907522,2018.1494140625,2025,62.3891334533691,22.3700008392334,20.6939697265625,13.7414283752441,14.9136123657227,43.4775471687317,20.2660709619522,15.4483272433281
1,24,30,-76.0749984513968,4.97499932907522,2018.1494140625,2025,61.6825332641602,21.2028579711914,19.7808418273926,15.8371429443359,15.7457895278931,46.5444331169128,20.2009725570679,15.8851457834244
1,25,30,-76.0749984513968,4.97499932907522,2018.1494140625,2025,47.4375610351562,21.9285717010498,20.3284130096436,15.1142854690552,15.7617435455322,42.0921430587769,20.2546433210373,16.1289049386978
1,26,30,-76.0749984513968,4.97499932907522,2018.1494140625,2025,48.3967475891113,22.5414295196533,20.7478466033936,15.5057144165039,16.8942031860352,45.9009152650833,20.1810915470123,15.9634855389595
1,27,30,-76.0749984513968,4.97499932907522,2018.1494140625,2025,4.92699718475342,22.1457138061523,20.3580913543701,15.8257141113281,16.7871532440186,39.9349805414677,20.2088931798935,16.25379383564
1,28,30,-76.0749984513968,4.97499932907522,2018.1494140625,2025,15.8477439880371,22.1442852020264,20.416540145874,16.1499996185303,16.4965076446533,30.7556793391705,20.2057747840881,16.3663103580475
1,29,30,-76.0749984513968,4.97499932907522,2018.1494140625,2025,5.95304489135742,22.6385707855225,20.8984546661377,14.6585712432861,15.6924123764038,30.0625002086163,20.3982560634613,16.5786144733429
1,30,30,-76.0749984513968,4.97499932907522,2018.1494140625,2025,30.2727355957031,22.1442852020264,20.5659675598145,16.2585716247559,17.0027656555176,35.9676353931427,20.3400897979736,16.2981750965118
1,31,30,-76.0749984513968,4.97499932907522,2018.1494140625,2025,35.6702156066895,22.4371433258057,20.7154788970947,14.4685716629028,16.2965507507324,42.6264445781708,20.3335649967194,16.6810331940651
1,32,30,-76.0749984513968,4.97499932907522,2018.1494140625,2025,50.512622833252,21.6385707855225,20.0105934143066,16.0985717773438,16.7307453155518,28.7104142904282,20.2970482110977,16.6106044650078
1,33,30,-76.0749984513968,4.97499932907522,2018.1494140625,2025,41.4231185913086,21.5885715484619,20.0689525604248,14.8714284896851,15.3841190338135,28.6547525823116,20.1569555997849,16.3577809929848
1,34,30,-76.0749984513968,4.97499932907522,2018.1494140625,2025,33.2700576782227,22.4328575134277,20.8132877349854,16.1285705566406,17.3632564544678,39.7575368285179,20.0731267929077,16.6163672208786
1,35,30,-76.0749984513968,4.97499932907522,2018.1494140625,2025,43.3827819824219,22.3671436309814,20.663932800293,16.5614280700684,17.55442237854,36.5553165078163,20.2303355932236,17.3684469461441
1,36,30,-76.0749984513968,4.97499932907522,2018.1494140625,2025,27.1442317962646,21.6128578186035,20.1034240722656,15.6771430969238,15.9936037063599,34.2409336566925,20.1243885755539,16.9336822032928
1,37,30,-76.0749984513968,4.97499932907522,2018.1494140625,2025,27.3806266784668,22.3271427154541,20.6980113983154,15.289999961853,16.6950416564941,30.2134095132351,20.1873437166214,16.9985661506653
1,38,30,-76.0749984513968,4.97499932907522,2018.1494140625,2025,35.9544143676758,21.3971424102783,19.9251346588135,15.0742855072021,15.9998111724854,34.0399713516235,20.042271733284,16.747719168663
1,39,30,-76.0749984513968,4.97499932907522,2018.1494140625,2025,42.1872482299805,21.748571395874,20.1784019470215,14.3942861557007,15.5236387252808,42.0338650941849,19.9925260543823,16.6955045461655
1,40,30,-76.0749984513968,4.97499932907522,2018.1494140625,2025,50.7676429748535,21.3714294433594,19.9555530548096,16.0414295196533,16.269588470459,45.3967967033386,19.8315147161484,16.4085055589676
1,41,30,-76.0749984513968,4.97499932907522,2018.1494140625,2025,78.4269104003906,20.8785705566406,19.3835201263428,14.7657146453857,14.8089408874512,61.8537441492081,19.6854709386826,15.5976331830025
1,42,30,-76.0749984513968,4.97499932907522,2018.1494140625,2025,52.7053337097168,21.2271423339844,19.7775058746338,15.4714288711548,15.6763591766357,63.4424860477448,19.5836037397385,15.5266975164413
1,43,30,-76.0749984513968,4.97499932907522,2018.1494140625,2025,38.103099822998,21.0457134246826,19.7093505859375,15.5614290237427,15.486665725708,60.8517305850983,19.488692522049,15.1990384459496
1,44,30,-76.0749984513968,4.97499932907522,2018.1494140625,2025,86.7479934692383,20.9085712432861,19.5923709869385,14.0185718536377,14.837589263916,74.9983587265015,19.3881682157516,15.4018232226372
1,45,30,-76.0749984513968,4.97499932907522,2018.1494140625,2025,16.1425762176514,21.6142864227295,20.2522563934326,14.1028575897217,14.7724666595459,57.0185409784317,19.5346992015839,14.846103310585
1,46,30,-76.0749984513968,4.97499932907522,2018.1494140625,2025,40.7481269836426,20.9442863464355,19.6038761138916,13.8528575897217,14.0240240097046,56.228043794632,19.2558467388153,14.1563239097595
1,47,30,-76.0749984513968,4.97499932907522,2018.1494140625,2025,78.1871490478516,21.2828578948975,19.6666259765625,13.4628572463989,13.7176351547241,61.5653967857361,19.3181784152985,14.7461495995522
1,48,30,-76.0749984513968,4.97499932907522,2018.1494140625,2025,46.783447265625,20.9414291381836,19.4020023345947,11.41428565979,12.2663192749023,39.191605091095,19.5373266935349,14.2662331461906
1,49,30,-76.0749984513968,4.97499932907522,2018.1494140625,2025,30.0704936981201,20.7542858123779,19.2884407043457,15.3028573989868,15.8155269622803,58.1892551183701,19.5292439460754,14.3134743571281
1,50,30,-76.0749984513968,4.97499932907522,2018.1494140625,2025,52.0724945068359,21.2014293670654,19.8886985778809,11.5685710906982,13.2230291366577,52.9755203723907,19.664452791214,14.204076230526
1,51,30,-76.0749984513968,4.97499932907522,2018.1494140625,2025,62.3263969421387,20.8257141113281,19.5501575469971,11.9957141876221,13.1325044631958,47.7141726016998,19.7734894752502,14.0812121033669
1,52,30,-76.0749984513968,4.97499932907522,2018.1494140625,2025,14.8980293273926,21.4114284515381,19.9460868835449,12.2200002670288,13.7580947875977,31.3560007810593,19.9252654314041,14.439926981926
2,1,67,-76.0749984513968,4.92499932833016,1929.56372070312,2010,24.3898372650146,22.3685722351074,20.4634056091309,16.4028568267822,18.3778114318848,37.8215134143829,19.8403522968292,15.5095639824867
2,2,67,-76.0749984513968,4.92499932833016,1929.56372070312,2010,0,22.997142791748,21.2854309082031,13.7985715866089,16.3167953491211,31.3553552031517,19.8886603116989,15.1258135437965
2,3,67,-76.0749984513968,4.92499932833016,1929.56372070312,2010,0,23.5214290618896,21.7721061706543,15.1514282226562,16.790599822998,20.215067088604,20.2088779211044,15.279205083847
2,4,67,-76.0749984513968,4.92499932833016,1929.56372070312,2010,15.8194761276245,21.8371429443359,20.3555316925049,10.8814287185669,12.4422006607056,29.2895128726959,20.1431485414505,15.0240023136139
2,5,67,-76.0749984513968,4.92499932833016,1929.56372070312,2010,41.952392578125,23.747142791748,22.1093597412109,14.6314287185669,16.851245880127,20.067116856575,20.4638251066208,15.1261095404625
2,6,67,-76.0749984513968,4.92499932833016,1929.56372070312,2010,28.807991027832,21.9271430969238,20.6008110046387,11.8957147598267,13.4841909408569,33.9481126666069,20.1948329210281,14.3104354143143
2,7,67,-76.0749984513968,4.92499932833016,1929.56372070312,2010,14.4782238006592,22.5300006866455,21.0937557220459,13.8699998855591,15.2698354721069,32.8640556931496,20.3001229763031,15.1109766960144
2,8,67,-76.0749984513968,4.92499932833016,1929.56372070312,2010,9.03003978729248,22.3228569030762,20.9284019470215,14.0314283370972,14.4694566726685,43.7871481776237,20.1122188568115,15.047575712204
2,9,67,-76.0749984513968,4.92499932833016,1929.56372070312,2010,53.317756652832,22.081428527832,20.6842823028564,15.0485715866089,15.7456350326538,38.7977415621281,20.0252641439438,14.9044454097748
2,10,67,-76.0749984513968,4.92499932833016,1929.56372070312,2010,18.8497447967529,23.0314292907715,21.5430126190186,14.7128572463989,15.6321983337402,38.3204025030136,20.2115911245346,14.8174049258232
2,11,67,-76.0749984513968,4.92499932833016,1929.56372070312,2010,46.9227561950684,21.9114284515381,20.6231231689453,14.8400001525879,15.4130554199219,55.5875186920166,20.0634917020798,14.7060156464577
2,12,67,-76.0749984513968,4.92499932833016,1929.56372070312,2010,65.0252227783203,23.0685710906982,21.5140228271484,17.167142868042,18.5068855285645,48.810219168663,20.1532399654388,15.3864760398865
2,13,67,-76.0749984513968,4.92499932833016,1929.56372070312,2010,11.8626766204834,22.4742851257324,20.991340637207,14.2842855453491,14.6035099029541,49.3682237863541,20.307727098465,14.7573659420013
2,14,67,-76.0749984513968,4.92499932833016,1929.56372070312,2010,72.7023086547852,21.9357147216797,20.5385608673096,14.2957143783569,14.4462585449219,57.4027976989746,20.2653439044952,15.1829913854599
2,15,67,-76.0749984513968,4.92499932833016,1929.56372070312,2010,82.2404708862305,21.5785713195801,20.0902500152588,13.9614286422729,15.0431604385376,61.0633234977722,20.3321123123169,15.2439101934433
2,16,67,-76.0749984513968,4.92499932833016,1929.56372070312,2010,15.3615560531616,22.6414279937744,21.0414943695068,17.502857208252,17.881519317627,67.5350369811058,20.0465847253799,15.2098987698555
2,17,67,-76.0749984513968,4.92499932833016,1929.56372070312,2010,55.0862007141113,22.2099990844727,20.7501258850098,14.0100002288818,14.6068391799927,48.5609309673309,20.2472089529037,15.465117752552
2,18,67,-76.0749984513968,4.92499932833016,1929.56372070312,2010,108.109893798828,20.8700008392334,19.512020111084,16.7714290618896,16.0911388397217,63.6876521110535,20.2292069196701,15.7431755661964
2,19,67,-76.0749984513968,4.92499932833016,1929.56372070312,2010,75.4303665161133,23.08571434021,21.3613929748535,16.8114280700684,17.5039825439453,53.9544937610626,20.4387331008911,15.4875288009644
2,20,67,-76.0749984513968,4.92499932833016,1929.56372070312,2010,72.327018737793,22.6299991607666,21.1280574798584,15.4099998474121,16.7845458984375,60.6507966518402,20.3445349931717,15.6176410317421
2,21,67,-76.0749984513968,4.92499932833016,1929.56372070312,2010,84.2532119750977,21.0699996948242,19.6389465332031,13.5514287948608,13.8351316452026,52.8694043159485,20.4251999855042,15.6067296266556
2,22,67,-76.0749984513968,4.92499932833016,1929.56372070312,2010,18.6438064575195,21.2371425628662,19.8681907653809,14.9385709762573,15.7609930038452,49.6720970869064,20.2021160125732,15.3667039871216
2,23,67,-76.0749984513968,4.92499932833016,1929.56372070312,2010,65.9350509643555,21.83571434021,20.0267238616943,14.9414281845093,15.9548597335815,38.8525668382645,20.2078214883804,15.4299286603928
2,24,67,-76.0749984513968,4.92499932833016,1929.56372070312,2010,46.2475624084473,21.4114284515381,19.8496799468994,15.667142868042,16.2785224914551,43.482750415802,20.1436905860901,15.872209250927
2,25,67,-76.0749984513968,4.92499932833016,1929.56372070312,2010,72.4676513671875,21.1785717010498,19.6200256347656,14.2885713577271,15.1979217529297,38.3680404424667,20.1947326660156,16.1033096313477
2,26,67,-76.0749984513968,4.92499932833016,1929.56372070312,2010,55.4343490600586,21.3985710144043,19.8744125366211,14.7314281463623,15.108678817749,42.9521758556366,20.1217050552368,15.9406327605247
2,27,67,-76.0749984513968,4.92499932833016,1929.56372070312,2010,39.4025268554688,20.4542865753174,19.0304851531982,15.1114282608032,15.0352306365967,36.787643879652,20.1484966278076,16.2239761352539
2,28,67,-76.0749984513968,4.92499932833016,1929.56372070312,2010,95.4256286621094,20.5942859649658,19.1297435760498,14.747142791748,15.1099729537964,27.0539867281914,20.1441991329193,16.3372083902359
2,29,67,-76.0749984513968,4.92499932833016,1929.56372070312,2010,61.8480072021484,21.081428527832,19.5536155700684,15.5057144165039,16.0112075805664,26.0050020515919,20.3316723108292,16.5516287088394
2,30,67,-76.0749984513968,4.92499932833016,1929.56372070312,2010,21.6570110321045,21.3985710144043,19.7170448303223,14.9814281463623,15.8768758773804,30.9391958415508,20.2803369760513,16.2713267207146
2,31,67,-76.0749984513968,4.92499932833016,1929.56372070312,2010,94.2839813232422,20.7985706329346,19.2332916259766,15.6342859268188,15.7624845504761,40.6823887974024,20.2793974876404,16.6551331281662
2,32,67,-76.0749984513968,4.92499932833016,1929.56372070312,2010,40.4034042358398,21.248571395874,19.5844020843506,14.6728572845459,15.4767637252808,25.8794076740742,20.244611620903,16.5803499817848
2,33,67,-76.0749984513968,4.92499932833016,1929.56372070312,2010,28.1938819885254,20.7957134246826,19.2548179626465,16.0742855072021,16.2774505615234,26.0605923831463,20.1136025190353,16.3376008868217
2,34,67,-76.0749984513968,4.92499932833016,1929.56372070312,2010,39.4000625610352,20.7285709381104,19.3700981140137,14.9771432876587,15.3520984649658,36.8501608371735,20.0405871868134,16.5986201167107
2,35,67,-76.0749984513968,4.92499932833016,1929.56372070312,2010,26.5085105895996,20.831428527832,19.3361415863037,15.4828567504883,15.6559553146362,34.2560681700706,20.1858509778976,17.340464413166
2,36,67,-76.0749984513968,4.92499932833016,1929.56372070312,2010,83.4954223632812,20.7785720825195,19.2538661956787,15.1700000762939,15.7510213851929,33.4444524049759,20.0928647518158,16.9119984507561
2,37,67,-76.0749984513968,4.92499932833016,1929.56372070312,2010,34.8974647521973,21.0571422576904,19.4377250671387,15.7257146835327,16.5929145812988,30.4400677084923,20.1525301933289,16.9814229011536
2,38,67,-76.0749984513968,4.92499932833016,1929.56372070312,2010,19.9327201843262,20.3442859649658,18.8664779663086,14.4200000762939,14.6704769134521,31.0522949695587,20.0085221529007,16.7431455850601
2,39,67,-76.0749984513968,4.92499932833016,1929.56372070312,2010,60.8383178710938,20.3014278411865,18.8913593292236,16.7199993133545,16.5813751220703,42.182168841362,19.9579782485962,16.7024263739586
2,40,67,-76.0749984513968,4.92499932833016,1929.56372070312,2010,32.0676193237305,20.4042854309082,18.9715251922607,15.5142860412598,15.8845520019531,42.8507987260818,19.7979493141174,16.3928956389427
2,41,67,-76.0749984513968,4.92499932833016,1929.56372070312,2010,81.5427856445312,21.8857135772705,20.1992588043213,16.1042861938477,17.6915435791016,66.4108219146729,19.6477242708206,15.594318985939
2,42,67,-76.0749984513968,4.92499932833016,1929.56372070312,2010,35.6490821838379,20.2871437072754,18.9276371002197,15.1371431350708,14.4097232818604,64.2424921989441,19.5468951463699,15.5237838625908
2,43,67,-76.0749984513968,4.92499932833016,1929.56372070312,2010,118.430297851562,19.5871429443359,18.358003616333,14.831428527832,15.4928207397461,61.4629871845245,19.4482234716415,15.1936875581741
2,44,67,-76.0749984513968,4.92499932833016,1929.56372070312,2010,88.3494567871094,19.8871421813965,18.5172958374023,12.1899995803833,13.3633966445923,68.0946063995361,19.3459661006927,15.3937776684761
2,45,67,-76.0749984513968,4.92499932833016,1929.56372070312,2010,163.976425170898,19.9885711669922,18.6478424072266,14.1771430969238,14.0697994232178,63.933984875679,19.4959217309952,14.8450576663017
2,46,67,-76.0749984513968,4.92499932833016,1929.56372070312,2010,102.398864746094,19.2228565216064,17.912899017334,13.497142791748,13.4165449142456,57.0863278508186,19.2161654233932,14.1554318070412
2,47,67,-76.0749984513968,4.92499932833016,1929.56372070312,2010,58.9769859313965,19.5671424865723,18.2768306732178,13.789999961853,14.2829723358154,61.2729245424271,19.2743539810181,14.7450561523438
2,48,67,-76.0749984513968,4.92499932833016,1929.56372070312,2010,81.2890853881836,19.5557136535645,18.2392024993896,13.4642858505249,13.8822908401489,39.417445898056,19.4951856136322,14.2702730298042
2,49,67,-76.0749984513968,4.92499932833016,1929.56372070312,2010,126.239868164062,20.2414283752441,18.8542366027832,13.584285736084,13.3946142196655,54.8747626543045,19.4866075515747,14.3177394866943
2,50,67,-76.0749984513968,4.92499932833016,1929.56372070312,2010,34.1081085205078,19.8028564453125,18.5613574981689,14.0371427536011,14.1052207946777,36.0109887123108,19.6213207244873,14.2090789079666
2,51,67,-76.0749984513968,4.92499932833016,1929.56372070312,2010,167.677154541016,19.5542850494385,18.1213665008545,12.8057146072388,13.1802635192871,51.339712023735,19.7269669771194,14.0888075232506
2,52,67,-76.0749984513968,4.92499932833016,1929.56372070312,2010,24.3898372650146,20.417142868042,19.0214710235596,13.8571424484253,14.8080997467041,41.3227099180222,19.8809950351715,14.4481211900711
2,1,67,-76.0749984513968,4.92499932833016,1929.56372070312,2011,73.6240386962891,19.7114276885986,18.3419284820557,14.0642852783203,14.7799739837646,37.8215134143829,19.8403522968292,15.5095639824867
2,2,67,-76.0749984513968,4.92499932833016,1929.56372070312,2011,18.574914932251,21.1071434020996,19.5272808074951,13.8900003433228,14.8345212936401,31.3553552031517,19.8886603116989,15.1258135437965
2,3,67,-76.0749984513968,4.92499932833016,1929.56372070312,2011,52.3078117370605,20.4957141876221,19.2214965820312,14.4528570175171,15.7878952026367,20.215067088604,20.2088779211044,15.279205083847
2,4,67,-76.0749984513968,4.92499932833016,1929.56372070312,2011,32.9269866943359,20.6399993896484,19.1993408203125,14.5928573608398,16.1522350311279,29.2895128726959,20.1431485414505,15.0240023136139
2,5,67,-76.0749984513968,4.92499932833016,1929.56372070312,2011,44.5668182373047,21.252857208252,19.6254806518555,14.584285736084,15.2780742645264,20.067116856575,20.4638251066208,15.1261095404625
2,6,67,-76.0749984513968,4.92499932833016,1929.56372070312,2011,11.6309099197388,20.418571472168,18.9527931213379,12.6414289474487,13.0874519348145,33.9481126666069,20.1948329210281,14.3104354143143
2,7,67,-76.0749984513968,4.92499932833016,1929.56372070312,2011,21.5316848754883,20.4014282226562,18.8283939361572,13.998571395874,13.9171543121338,32.8640556931496,20.3001229763031,15.1109766960144
2,8,67,-76.0749984513968,4.92499932833016,1929.56372070312,2011,86.3663177490234,20.5128574371338,18.9888153076172,15.0542860031128,15.1168375015259,43.7871481776237,20.1122188568115,15.047575712204
2,9,67,-76.0749984513968,4.92499932833016,1929.56372070312,2011,79.9645080566406,20.4128570556641,18.9402523040771,16.3285713195801,15.7459106445312,38.7977415621281,20.0252641439438,14.9044454097748
2,10,67,-76.0749984513968,4.92499932833016,1929.56372070312,2011,36.8313140869141,20.0599994659424,18.5123176574707,16.4571437835693,15.7293577194214,38.3204025030136,20.2115911245346,14.8174049258232
2,11,67,-76.0749984513968,4.92499932833016,1929.56372070312,2011,46.6838760375977,20.4057140350342,19.1058368682861,17.3571434020996,17.3147354125977,55.5875186920166,20.0634917020798,14.7060156464577
2,12,67,-76.0749984513968,4.92499932833016,1929.56372070312,2011,56.3921127319336,20.6200008392334,19.1573867797852,14.7714281082153,14.7746162414551,48.810219168663,20.1532399654388,15.3864760398865
2,13,67,-76.0749984513968,4.92499932833016,1929.56372070312,2011,64.1099166870117,21.4871425628662,20.0405921936035,15.6528568267822,16.7434120178223,49.3682237863541,20.307727098465,14.7573659420013
2,14,67,-76.0749984513968,4.92499932833016,1929.56372070312,2011,62.9712982177734,20.7214279174805,19.314510345459,15.9514284133911,15.9608545303345,57.4027976989746,20.2653439044952,15.1829913854599
2,15,67,-76.0749984513968,4.92499932833016,1929.56372070312,2011,131.294815063477,20.3671436309814,18.9108066558838,15.1757144927979,14.7200212478638,61.0633234977722,20.3321123123169,15.2439101934433
2,16,67,-76.0749984513968,4.92499932833016,1929.56372070312,2011,128.449905395508,19.9200000762939,18.554027557373,15.4899997711182,14.9922933578491,67.5350369811058,20.0465847253799,15.2098987698555
2,17,67,-76.0749984513968,4.92499932833016,1929.56372070312,2011,37.6106567382812,20.9328575134277,19.467924118042,16.7942848205566,16.2861824035645,48.5609309673309,20.2472089529037,15.465117752552
2,18,67,-76.0749984513968,4.92499932833016,1929.56372070312,2011,76.0586853027344,21.8614292144775,20.2358875274658,13.0557146072388,13.7263059616089,63.6876521110535,20.2292069196701,15.7431755661964
2,19,67,-76.0749984513968,4.92499932833016,1929.56372070312,2011,38.0031242370605,21.9357147216797,20.4520206451416,14.0171432495117,14.6314668655396,53.9544937610626,20.4387331008911,15.4875288009644
2,20,67,-76.0749984513968,4.92499932833016,1929.56372070312,2011,78.0603637695312,20.9400005340576,19.4393119812012,15.957142829895,15.6555585861206,60.6507966518402,20.3445349931717,15.6176410317421
2,21,67,-76.0749984513968,4.92499932833016,1929.56372070312,2011,66.1591033935547,20.9757137298584,19.4759120941162,14.9099998474121,15.4700145721436,52.8694043159485,20.4251999855042,15.6067296266556
2,22,67,-76.0749984513968,4.92499932833016,1929.56372070312,2011,20.7579650878906,21.5171432495117,19.8661193847656,14.2328567504883,14.4024620056152,49.6720970869064,20.2021160125732,15.3667039871216
2,23,67,-76.0749984513968,4.92499932833016,1929.56372070312,2011,71.021110534668,21.4657135009766,19.9280624389648,16.3814277648926,16.8082504272461,38.8525668382645,20.2078214883804,15.4299286603928
2,24,67,-76.0749984513968,4.92499932833016,1929.56372070312,2011,23.098237991333,22.3628578186035,20.4203262329102,14.9428567886353,16.3112106323242,43.482750415802,20.1436905860901,15.872209250927
2,25,67,-76.0749984513968,4.92499932833016,1929.56372070312,2011,41.4515151977539,21.1914291381836,19.6628551483154,15.294285774231,16.0278987884521,38.3680404424667,20.1947326660156,16.1033096313477
2,26,67,-76.0749984513968,4.92499932833016,1929.56372070312,2011,64.8873138427734,21.4371433258057,19.7710628509521,15.1314287185669,15.8737239837646,42.9521758556366,20.1217050552368,15.9406327605247
2,27,67,-76.0749984513968,4.92499932833016,1929.56372070312,2011,47.3535842895508,21.9428577423096,20.1044578552246,15.7228574752808,16.5784606933594,36.787643879652,20.1484966278076,16.2239761352539
2,28,67,-76.0749984513968,4.92499932833016,1929.56372070312,2011,24.251127243042,20.9699993133545,19.2837753295898,14.0528573989868,15.3533296585083,27.0539867281914,20.1441991329193,16.3372083902359
2,29,67,-76.0749984513968,4.92499932833016,1929.56372070312,2011,65.3773803710938,21.6771430969238,19.843578338623,16.0571422576904,17.2554187774658,26.0050020515919,20.3316723108292,16.5516287088394
2,30,67,-76.0749984513968,4.92499932833016,1929.56372070312,2011,20.7384147644043,21.5957145690918,19.7168807983398,14.2228574752808,14.7982034683228,30.9391958415508,20.2803369760513,16.2713267207146
2,31,67,-76.0749984513968,4.92499932833016,1929.56372070312,2011,84.9188842773438,21.2328567504883,19.6403350830078,16.1185722351074,16.8965511322021,40.6823887974024,20.2793974876404,16.6551331281662
2,32,67,-76.0749984513968,4.92499932833016,1929.56372070312,2011,18.5520763397217,22.0371437072754,20.1148338317871,16.8242855072021,17.8690605163574,25.8794076740742,20.244611620903,16.5803499817848
2,33,67,-76.0749984513968,4.92499932833016,1929.56372070312,2011,19.1419239044189,21.0200004577637,19.4572277069092,15.9799995422363,16.6124458312988,26.0605923831463,20.1136025190353,16.3376008868217
2,34,67,-76.0749984513968,4.92499932833016,1929.56372070312,2011,27.1634159088135,21.4471435546875,19.6477317810059,16.0042858123779,16.0636501312256,36.8501608371735,20.0405871868134,16.5986201167107
2,35,67,-76.0749984513968,4.92499932833016,1929.56372070312,2011,39.597412109375,21.9457149505615,20.1835670471191,17.5428562164307,19.0303611755371,34.2560681700706,20.1858509778976,17.340464413166
2,36,67,-76.0749984513968,4.92499932833016,1929.56372070312,2011,0,21.1428565979004,19.5160312652588,15.624285697937,16.1871547698975,33.4444524049759,20.0928647518158,16.9119984507561
2,37,67,-76.0749984513968,4.92499932833016,1929.56372070312,2011,40.1185989379883,21.6385707855225,19.7715950012207,17.6828575134277,18.1355304718018,30.4400677084923,20.1525301933289,16.9814229011536
2,38,67,-76.0749984513968,4.92499932833016,1929.56372070312,2011,33.7573127746582,21.331428527832,19.7227115631104,16.4857139587402,17.0055522918701,31.0522949695587,20.0085221529007,16.7431455850601
2,39,67,-76.0749984513968,4.92499932833016,1929.56372070312,2011,61.7622985839844,21.6200008392334,19.990270614624,16.1428565979004,16.9929962158203,42.182168841362,19.9579782485962,16.7024263739586
2,40,67,-76.0749984513968,4.92499932833016,1929.56372070312,2011,57.5459213256836,20.7242851257324,19.2158756256104,15.8800001144409,16.150390625,42.8507987260818,19.7979493141174,16.3928956389427
2,41,67,-76.0749984513968,4.92499932833016,1929.56372070312,2011,114.911071777344,20.2257137298584,18.8198299407959,13.4942855834961,13.9992189407349,66.4108219146729,19.6477242708206,15.594318985939
2,42,67,-76.0749984513968,4.92499932833016,1929.56372070312,2011,132.312469482422,18.9728565216064,17.531078338623,15.2414283752441,14.9353971481323,64.2424921989441,19.5468951463699,15.5237838625908
2,43,67,-76.0749984513968,4.92499932833016,1929.56372070312,2011,40.2119750976562,19.7099990844727,18.3447875976562,14.7200002670288,15.5669975280762,61.4629871845245,19.4482234716415,15.1936875581741
2,44,67,-76.0749984513968,4.92499932833016,1929.56372070312,2011,75.8660125732422,20.582857131958,19.1166038513184,13.5385713577271,14.6616544723511,68.0946063995361,19.3459661006927,15.3937776684761
2,45,67,-76.0749984513968,4.92499932833016,1929.56372070312,2011,75.4233779907227,20.2399997711182,18.8885688781738,14.457142829895,14.6439008712769,63.933984875679,19.4959217309952,14.8450576663017
2,46,67,-76.0749984513968,4.92499932833016,1929.56372070312,2011,158.215805053711,19.8199996948242,18.4140853881836,14.8371429443359,15.150294303894,57.0863278508186,19.2161654233932,14.1554318070412
2,47,67,-76.0749984513968,4.92499932833016,1929.56372070312,2011,113.700057983398,19.9542865753174,18.5327186584473,15.8042860031128,15.7387895584106,61.2729245424271,19.2743539810181,14.7450561523438
2,48,67,-76.0749984513968,4.92499932833016,1929.56372070312,2011,0,19.7814292907715,18.4681587219238,13.5042858123779,13.7860488891602,39.417445898056,19.4951856136322,14.2702730298042
2,49,67,-76.0749984513968,4.92499932833016,1929.56372070312,2011,23.8929710388184,19.7614288330078,18.3680324554443,13.4471426010132,13.3978595733643,54.8747626543045,19.4866075515747,14.3177394866943
2,50,67,-76.0749984513968,4.92499932833016,1929.56372070312,2011,49.9054641723633,19.5371437072754,18.2403678894043,12.3057146072388,13.1170434951782,36.0109887123108,19.6213207244873,14.2090789079666
2,51,67,-76.0749984513968,4.92499932833016,1929.56372070312,2011,105.512252807617,20.4928569793701,19.1269588470459,13.1971426010132,14.3792247772217,51.339712023735,19.7269669771194,14.0888075232506
2,52,67,-76.0749984513968,4.92499932833016,1929.56372070312,2011,42.275032043457,21.4742851257324,19.9274940490723,13.1599998474121,13.6582727432251,41.3227099180222,19.8809950351715,14.4481211900711
2,1,67,-76.0749984513968,4.92499932833016,1929.56372070312,2012,49.7470245361328,20.5871429443359,19.1489181518555,12.7714281082153,12.8923454284668,37.8215134143829,19.8403522968292,15.5095639824867
2,2,67,-76.0749984513968,4.92499932833016,1929.56372070312,2012,56.2086944580078,20.8885707855225,19.4831924438477,14.9642858505249,15.2471418380737,31.3553552031517,19.8886603116989,15.1258135437965
2,3,67,-76.0749984513968,4.92499932833016,1929.56372070312,2012,23.1315784454346,20.4471435546875,18.90283203125,14.289999961853,14.3290395736694,20.215067088604,20.2088779211044,15.279205083847
2,4,67,-76.0749984513968,4.92499932833016,1929.56372070312,2012,103.92992401123,19.9414291381836,18.5434112548828,14.125714302063,13.9011344909668,29.2895128726959,20.1431485414505,15.0240023136139
2,5,67,-76.0749984513968,4.92499932833016,1929.56372070312,2012,22.2455253601074,20.58571434021,19.185998916626,14.0100002288818,14.7164783477783,20.067116856575,20.4638251066208,15.1261095404625
2,6,67,-76.0749984513968,4.92499932833016,1929.56372070312,2012,0,20.6771430969238,19.2403411865234,13.8599996566772,14.163013458252,33.9481126666069,20.1948329210281,14.3104354143143
2,7,67,-76.0749984513968,4.92499932833016,1929.56372070312,2012,50.1426887512207,20.3485717773438,18.9556159973145,16.3771419525146,17.3704204559326,32.8640556931496,20.3001229763031,15.1109766960144
2,8,67,-76.0749984513968,4.92499932833016,1929.56372070312,2012,0,20.7542858123779,19.3059730529785,15.082857131958,16.5395660400391,43.7871481776237,20.1122188568115,15.047575712204
2,9,67,-76.0749984513968,4.92499932833016,1929.56372070312,2012,37.6543960571289,20.9471435546875,19.410572052002,15.458571434021,15.8540058135986,38.7977415621281,20.0252641439438,14.9044454097748
2,10,67,-76.0749984513968,4.92499932833016,1929.56372070312,2012,48.9727897644043,21.3414287567139,19.5990524291992,14.1771430969238,14.7408180236816,38.3204025030136,20.2115911245346,14.8174049258232
2,11,67,-76.0749984513968,4.92499932833016,1929.56372070312,2012,37.6047210693359,22.4314289093018,20.4914302825928,14.4657144546509,15.0864324569702,55.5875186920166,20.0634917020798,14.7060156464577
2,12,67,-76.0749984513968,4.92499932833016,1929.56372070312,2012,82.7402877807617,20.8257141113281,19.347074508667,13.3871431350708,13.9255123138428,48.810219168663,20.1532399654388,15.3864760398865
2,13,67,-76.0749984513968,4.92499932833016,1929.56372070312,2012,68.9586181640625,21.8928565979004,20.1891994476318,14.6700000762939,15.2419023513794,49.3682237863541,20.307727098465,14.7573659420013
2,14,67,-76.0749984513968,4.92499932833016,1929.56372070312,2012,40.9733276367188,21.167142868042,19.710168838501,14.5942859649658,14.4843339920044,57.4027976989746,20.2653439044952,15.1829913854599
2,15,67,-76.0749984513968,4.92499932833016,1929.56372070312,2012,79.232292175293,20.5142860412598,18.9227600097656,15.541428565979,14.8023805618286,61.0633234977722,20.3321123123169,15.2439101934433
2,16,67,-76.0749984513968,4.92499932833016,1929.56372070312,2012,35.7253456115723,20.5442848205566,19.0657119750977,15.9471426010132,15.3059501647949,67.5350369811058,20.0465847253799,15.2098987698555
2,17,67,-76.0749984513968,4.92499932833016,1929.56372070312,2012,65.9626007080078,21.2071437835693,19.6529541015625,14.539999961853,15.2841787338257,48.5609309673309,20.2472089529037,15.465117752552
2,18,67,-76.0749984513968,4.92499932833016,1929.56372070312,2012,81.3772506713867,21.1771430969238,19.6792545318604,16.1628570556641,15.7503051757812,63.6876521110535,20.2292069196701,15.7431755661964
2,19,67,-76.0749984513968,4.92499932833016,1929.56372070312,2012,70.4491729736328,20.8628578186035,19.486442565918,15.4128570556641,15.7451629638672,53.9544937610626,20.4387331008911,15.4875288009644
2,20,67,-76.0749984513968,4.92499932833016,1929.56372070312,2012,58.4053840637207,21.1171436309814,19.5718250274658,14.418571472168,15.4026622772217,60.6507966518402,20.3445349931717,15.6176410317421
2,21,67,-76.0749984513968,4.92499932833016,1929.56372070312,2012,46.4344711303711,21.3385715484619,19.8073825836182,15.4528570175171,16.3902740478516,52.8694043159485,20.4251999855042,15.6067296266556
2,22,67,-76.0749984513968,4.92499932833016,1929.56372070312,2012,32.6835823059082,22.5914287567139,20.6389789581299,16.2814292907715,16.9814224243164,49.6720970869064,20.2021160125732,15.3667039871216
2,23,67,-76.0749984513968,4.92499932833016,1929.56372070312,2012,12.872766494751,22.1171436309814,20.3431758880615,15.7714281082153,17.2577648162842,38.8525668382645,20.2078214883804,15.4299286603928
2,24,67,-76.0749984513968,4.92499932833016,1929.56372070312,2012,18.4442386627197,21.3828563690186,19.7483901977539,14.0728569030762,14.4953699111938,43.482750415802,20.1436905860901,15.872209250927
2,25,67,-76.0749984513968,4.92499932833016,1929.56372070312,2012,37.737850189209,21.9028568267822,20.150203704834,17.4842853546143,18.291410446167,38.3680404424667,20.1947326660156,16.1033096313477
2,26,67,-76.0749984513968,4.92499932833016,1929.56372070312,2012,30.1467170715332,21.1399993896484,19.2988910675049,15.5200004577637,15.936653137207,42.9521758556366,20.1217050552368,15.9406327605247
2,27,67,-76.0749984513968,4.92499932833016,1929.56372070312,2012,16.6564636230469,21.5357151031494,19.7379207611084,16.3657150268555,16.7327938079834,36.787643879652,20.1484966278076,16.2239761352539
2,28,67,-76.0749984513968,4.92499932833016,1929.56372070312,2012,23.3029956817627,21.7585716247559,20.0179843902588,14.4642858505249,15.6112585067749,27.0539867281914,20.1441991329193,16.3372083902359
2,29,67,-76.0749984513968,4.92499932833016,1929.56372070312,2012,23.1569480895996,22.1085720062256,20.2245197296143,17.7099990844727,17.90749168396,26.0050020515919,20.3316723108292,16.5516287088394
2,30,67,-76.0749984513968,4.92499932833016,1929.56372070312,2012,21.1463737487793,22.5400009155273,20.6429347991943,16.1042861938477,16.8907814025879,30.9391958415508,20.2803369760513,16.2713267207146
2,31,67,-76.0749984513968,4.92499932833016,1929.56372070312,2012,14.8264579772949,21.2628574371338,19.7009963989258,15.3285713195801,15.8794183731079,40.6823887974024,20.2793974876404,16.6551331281662
2,32,67,-76.0749984513968,4.92499932833016,1929.56372070312,2012,33.9220275878906,21.7971420288086,20.0617847442627,15.9314289093018,16.9334449768066,25.8794076740742,20.244611620903,16.5803499817848
2,33,67,-76.0749984513968,4.92499932833016,1929.56372070312,2012,16.8927021026611,21.0442848205566,19.4571647644043,15.291428565979,15.5913114547729,26.0605923831463,20.1136025190353,16.3376008868217
2,34,67,-76.0749984513968,4.92499932833016,1929.56372070312,2012,56.3056488037109,21.0542850494385,19.4743423461914,16.7900009155273,16.9561157226562,36.8501608371735,20.0405871868134,16.5986201167107
2,35,67,-76.0749984513968,4.92499932833016,1929.56372070312,2012,31.5345401763916,22.3728580474854,20.2657356262207,16.6014289855957,17.4550743103027,34.2560681700706,20.1858509778976,17.340464413166
2,36,67,-76.0749984513968,4.92499932833016,1929.56372070312,2012,16.7319984436035,21.7657146453857,19.9113807678223,16.3842849731445,17.5681095123291,33.4444524049759,20.0928647518158,16.9119984507561
2,37,67,-76.0749984513968,4.92499932833016,1929.56372070312,2012,6.41980648040771,21.8285713195801,20.0026149749756,15.1214284896851,16.7235012054443,30.4400677084923,20.1525301933289,16.9814229011536
2,38,67,-76.0749984513968,4.92499932833016,1929.56372070312,2012,12.4719924926758,21.2157135009766,19.5976829528809,15.3885717391968,16.376335144043,31.0522949695587,20.0085221529007,16.7431455850601
2,39,67,-76.0749984513968,4.92499932833016,1929.56372070312,2012,38.1219711303711,21.3471431732178,19.6427192687988,15.498571395874,15.5617475509644,42.182168841362,19.9579782485962,16.7024263739586
2,40,67,-76.0749984513968,4.92499932833016,1929.56372070312,2012,46.0265808105469,21.3185710906982,19.7264595031738,15.83571434021,16.1262340545654,42.8507987260818,19.7979493141174,16.3928956389427
2,41,67,-76.0749984513968,4.92499932833016,1929.56372070312,2012,58.3643455505371,20.9642848968506,19.4806575775146,14.8814287185669,15.6636905670166,66.4108219146729,19.6477242708206,15.594318985939
2,42,67,-76.0749984513968,4.92499932833016,1929.56372070312,2012,58.5223579406738,20.1014289855957,18.6998081207275,14.081428527832,14.2154550552368,64.2424921989441,19.5468951463699,15.5237838625908
2,43,67,-76.0749984513968,4.92499932833016,1929.56372070312,2012,91.3646011352539,20.4471435546875,19.0010204315186,15.2714281082153,16.6676940917969,61.4629871845245,19.4482234716415,15.1936875581741
2,44,67,-76.0749984513968,4.92499932833016,1929.56372070312,2012,47.1862449645996,20.7328567504883,19.2047996520996,15.9342861175537,16.5023651123047,68.0946063995361,19.3459661006927,15.3937776684761
2,45,67,-76.0749984513968,4.92499932833016,1929.56372070312,2012,50.2154579162598,20.8999996185303,19.5899543762207,14.9385709762573,16.0166778564453,63.933984875679,19.4959217309952,14.8450576663017
2,46,67,-76.0749984513968,4.92499932833016,1929.56372070312,2012,114.106185913086,20.7985706329346,19.2887268066406,12.6942853927612,13.2851305007935,57.0863278508186,19.2161654233932,14.1554318070412
2,47,67,-76.0749984513968,4.92499932833016,1929.56372070312,2012,31.3692092895508,20.5200004577637,19.2884826660156,13.3057146072388,14.2188320159912,61.2729245424271,19.2743539810181,14.7450561523438
2,48,67,-76.0749984513968,4.92499932833016,1929.56372070312,2012,0,20.1828575134277,18.8252143859863,14.5457143783569,15.1646223068237,39.417445898056,19.4951856136322,14.2702730298042
2,49,67,-76.0749984513968,4.92499932833016,1929.56372070312,2012,99.1814346313477,20.1071434020996,18.8488082885742,14.6828575134277,14.9704933166504,54.8747626543045,19.4866075515747,14.3177394866943
2,50,67,-76.0749984513968,4.92499932833016,1929.56372070312,2012,0,20.7742862701416,19.3596839904785,13.2571430206299,14.2214117050171,36.0109887123108,19.6213207244873,14.2090789079666
2,51,67,-76.0749984513968,4.92499932833016,1929.56372070312,2012,73.9863204956055,20.1828575134277,18.7775440216064,13.624285697937,14.3856153488159,51.339712023735,19.7269669771194,14.0888075232506
2,52,67,-76.0749984513968,4.92499932833016,1929.56372070312,2012,0,21.247142791748,19.7152652740479,12.4642858505249,13.6239795684814,41.3227099180222,19.8809950351715,14.4481211900711
2,1,67,-76.0749984513968,4.92499932833016,1929.56372070312,2013,10.8274459838867,21.8899993896484,20.1740989685059,15.1700000762939,17.4623508453369,37.8215134143829,19.8403522968292,15.5095639824867
2,2,67,-76.0749984513968,4.92499932833016,1929.56372070312,2013,26.7143135070801,22.0599994659424,20.294376373291,13.9842853546143,15.6608552932739,31.3553552031517,19.8886603116989,15.1258135437965
2,3,67,-76.0749984513968,4.92499932833016,1929.56372070312,2013,0,21.1557140350342,19.7635440826416,12.1042852401733,13.2159366607666,20.215067088604,20.2088779211044,15.279205083847
2,4,67,-76.0749984513968,4.92499932833016,1929.56372070312,2013,21.6610260009766,21.9385719299316,20.4978179931641,11.8985710144043,13.1785259246826,29.2895128726959,20.1431485414505,15.0240023136139
2,5,67,-76.0749984513968,4.92499932833016,1929.56372070312,2013,0,21.4814281463623,20.0664501190186,12.6214284896851,13.011251449585,20.067116856575,20.4638251066208,15.1261095404625
2,6,67,-76.0749984513968,4.92499932833016,1929.56372070312,2013,90.7830123901367,20.2685718536377,18.9019222259521,11.9628572463989,12.3077459335327,33.9481126666069,20.1948329210281,14.3104354143143
2,7,67,-76.0749984513968,4.92499932833016,1929.56372070312,2013,29.470724105835,20.5085716247559,19.0137100219727,13.2600002288818,13.2956266403198,32.8640556931496,20.3001229763031,15.1109766960144
2,8,67,-76.0749984513968,4.92499932833016,1929.56372070312,2013,50.9592437744141,21.7871437072754,20.4152297973633,13.8685712814331,15.0040111541748,43.7871481776237,20.1122188568115,15.047575712204
2,9,67,-76.0749984513968,4.92499932833016,1929.56372070312,2013,19.8670482635498,21.6842861175537,20.2764949798584,13.0642852783203,13.4439659118652,38.7977415621281,20.0252641439438,14.9044454097748
2,10,67,-76.0749984513968,4.92499932833016,1929.56372070312,2013,26.2000598907471,22.5,20.9493637084961,14.3500003814697,15.3622493743896,38.3204025030136,20.2115911245346,14.8174049258232
2,11,67,-76.0749984513968,4.92499932833016,1929.56372070312,2013,104.902000427246,21.3899993896484,19.9575214385986,13.2314281463623,13.6596193313599,55.5875186920166,20.0634917020798,14.7060156464577
2,12,67,-76.0749984513968,4.92499932833016,1929.56372070312,2013,55.3894233703613,20.9400005340576,19.4669017791748,14.4714288711548,14.6144123077393,48.810219168663,20.1532399654388,15.3864760398865
2,13,67,-76.0749984513968,4.92499932833016,1929.56372070312,2013,16.7845554351807,22.1957149505615,20.7240409851074,15.6071424484253,16.6200752258301,49.3682237863541,20.307727098465,14.7573659420013
2,14,67,-76.0749984513968,4.92499932833016,1929.56372070312,2013,24.7440032958984,21.7714290618896,20.4004936218262,13.7571430206299,14.9992713928223,57.4027976989746,20.2653439044952,15.1829913854599
2,15,67,-76.0749984513968,4.92499932833016,1929.56372070312,2013,51.6465225219727,21.7957134246826,20.4749946594238,16.1299991607666,16.0058097839355,61.0633234977722,20.3321123123169,15.2439101934433
2,16,67,-76.0749984513968,4.92499932833016,1929.56372070312,2013,76.5908889770508,21.0257148742676,19.5720520019531,13.9414281845093,14.7775421142578,67.5350369811058,20.0465847253799,15.2098987698555
2,17,67,-76.0749984513968,4.92499932833016,1929.56372070312,2013,63.5707969665527,20.8971424102783,19.5150566101074,15.291428565979,16.1287422180176,48.5609309673309,20.2472089529037,15.465117752552
2,18,67,-76.0749984513968,4.92499932833016,1929.56372070312,2013,78.967414855957,21.0328578948975,19.5401287078857,15.705714225769,15.7790431976318,63.6876521110535,20.2292069196701,15.7431755661964
2,19,67,-76.0749984513968,4.92499932833016,1929.56372070312,2013,31.8259124755859,21.2399997711182,19.7924900054932,14.1842861175537,14.7481107711792,53.9544937610626,20.4387331008911,15.4875288009644
2,20,67,-76.0749984513968,4.92499932833016,1929.56372070312,2013,86.7831573486328,20.9771423339844,19.6106643676758,13.2385711669922,14.1095209121704,60.6507966518402,20.3445349931717,15.6176410317421
2,21,67,-76.0749984513968,4.92499932833016,1929.56372070312,2013,109.835342407227,20.9357147216797,19.4793758392334,15.5457143783569,16.0199851989746,52.8694043159485,20.4251999855042,15.6067296266556
2,22,67,-76.0749984513968,4.92499932833016,1929.56372070312,2013,94.2595062255859,21.0314292907715,19.5192527770996,15.5699996948242,15.8141937255859,49.6720970869064,20.2021160125732,15.3667039871216
2,23,67,-76.0749984513968,4.92499932833016,1929.56372070312,2013,35.6631088256836,22.0157146453857,20.0186767578125,15.6828575134277,16.7071418762207,38.8525668382645,20.2078214883804,15.4299286603928
2,24,67,-76.0749984513968,4.92499932833016,1929.56372070312,2013,28.9656352996826,22.1157150268555,20.3706550598145,14.5957145690918,15.5804443359375,43.482750415802,20.1436905860901,15.872209250927
2,25,67,-76.0749984513968,4.92499932833016,1929.56372070312,2013,22.0014019012451,21.9885711669922,20.3205280303955,14.8371429443359,15.990704536438,38.3680404424667,20.1947326660156,16.1033096313477
2,26,67,-76.0749984513968,4.92499932833016,1929.56372070312,2013,51.2808799743652,21.1471424102783,19.5571060180664,13.5571432113647,14.5816564559937,42.9521758556366,20.1217050552368,15.9406327605247
2,27,67,-76.0749984513968,4.92499932833016,1929.56372070312,2013,26.9988975524902,21.4699993133545,19.7344264984131,15.6514282226562,17.1919078826904,36.787643879652,20.1484966278076,16.2239761352539
2,28,67,-76.0749984513968,4.92499932833016,1929.56372070312,2013,12.5684795379639,21.6285705566406,19.8591976165771,14.752857208252,15.896671295166,27.0539867281914,20.1441991329193,16.3372083902359
2,29,67,-76.0749984513968,4.92499932833016,1929.56372070312,2013,39.8290710449219,21.4471435546875,19.7493667602539,14.1428575515747,15.5877561569214,26.0050020515919,20.3316723108292,16.5516287088394
2,30,67,-76.0749984513968,4.92499932833016,1929.56372070312,2013,41.4196434020996,22.3471431732178,20.334171295166,16.6514282226562,17.930046081543,30.9391958415508,20.2803369760513,16.2713267207146
2,31,67,-76.0749984513968,4.92499932833016,1929.56372070312,2013,13.9898338317871,21.7628574371338,20.0067558288574,15.0585718154907,16.2963733673096,40.6823887974024,20.2793974876404,16.6551331281662
2,32,67,-76.0749984513968,4.92499932833016,1929.56372070312,2013,51.6350021362305,20.5942859649658,19.1616077423096,14.2657146453857,14.8731174468994,25.8794076740742,20.244611620903,16.5803499817848
2,33,67,-76.0749984513968,4.92499932833016,1929.56372070312,2013,61.3805351257324,21.4400005340576,19.771656036377,15.208571434021,15.6693964004517,26.0605923831463,20.1136025190353,16.3376008868217
2,34,67,-76.0749984513968,4.92499932833016,1929.56372070312,2013,37.1078186035156,21.3742866516113,19.7683391571045,15.455714225769,16.0893459320068,36.8501608371735,20.0405871868134,16.5986201167107
2,35,67,-76.0749984513968,4.92499932833016,1929.56372070312,2013,13.9623489379883,21.4642848968506,19.6783351898193,16.2314281463623,17.2805595397949,34.2560681700706,20.1858509778976,17.340464413166
2,36,67,-76.0749984513968,4.92499932833016,1929.56372070312,2013,51.9325637817383,20.9414291381836,19.3181114196777,16.6599998474121,16.3995971679688,33.4444524049759,20.0928647518158,16.9119984507561
2,37,67,-76.0749984513968,4.92499932833016,1929.56372070312,2013,36.8211669921875,20.7657146453857,19.3238277435303,15.8457145690918,16.32177734375,30.4400677084923,20.1525301933289,16.9814229011536
2,38,67,-76.0749984513968,4.92499932833016,1929.56372070312,2013,39.093132019043,22.0614280700684,20.3713855743408,14.997142791748,16.2106170654297,31.0522949695587,20.0085221529007,16.7431455850601
2,39,67,-76.0749984513968,4.92499932833016,1929.56372070312,2013,71.7319107055664,21.2257137298584,19.565896987915,15.5514287948608,16.1565132141113,42.182168841362,19.9579782485962,16.7024263739586
2,40,67,-76.0749984513968,4.92499932833016,1929.56372070312,2013,25.5235023498535,21.5871429443359,19.9982490539551,16.5671424865723,17.4323577880859,42.8507987260818,19.7979493141174,16.3928956389427
2,41,67,-76.0749984513968,4.92499932833016,1929.56372070312,2013,53.4655380249023,20.8999996185303,19.3056030273438,13.9242858886719,14.8692302703857,66.4108219146729,19.6477242708206,15.594318985939
2,42,67,-76.0749984513968,4.92499932833016,1929.56372070312,2013,56.3169021606445,20.6971435546875,19.2366008758545,14.9071426391602,15.9785423278809,64.2424921989441,19.5468951463699,15.5237838625908
2,43,67,-76.0749984513968,4.92499932833016,1929.56372070312,2013,34.9065055847168,21.1700000762939,19.6570510864258,16.1800003051758,16.7571544647217,61.4629871845245,19.4482234716415,15.1936875581741
2,44,67,-76.0749984513968,4.92499932833016,1929.56372070312,2013,57.2961311340332,20.0671424865723,18.6407852172852,14.7457141876221,15.0043258666992,68.0946063995361,19.3459661006927,15.3937776684761
2,45,67,-76.0749984513968,4.92499932833016,1929.56372070312,2013,52.3068389892578,20.2242851257324,18.8385181427002,15.5900001525879,15.5078544616699,63.933984875679,19.4959217309952,14.8450576663017
2,46,67,-76.0749984513968,4.92499932833016,1929.56372070312,2013,35.726619720459,20.5699996948242,19.278470993042,14.1857147216797,15.1576013565063,57.0863278508186,19.2161654233932,14.1554318070412
2,47,67,-76.0749984513968,4.92499932833016,1929.56372070312,2013,66.9015350341797,20.3442859649658,18.8495750427246,13.5671424865723,13.776198387146,61.2729245424271,19.2743539810181,14.7450561523438
2,48,67,-76.0749984513968,4.92499932833016,1929.56372070312,2013,49.0133361816406,20.1414279937744,18.7076759338379,15.168571472168,14.4668188095093,39.417445898056,19.4951856136322,14.2702730298042
2,49,67,-76.0749984513968,4.92499932833016,1929.56372070312,2013,94.5023498535156,20.4257144927979,18.9710578918457,13.0571432113647,13.9279699325562,54.8747626543045,19.4866075515747,14.3177394866943
2,50,67,-76.0749984513968,4.92499932833016,1929.56372070312,2013,38.0601692199707,20.9728565216064,19.5368156433105,12.9785718917847,14.0837450027466,36.0109887123108,19.6213207244873,14.2090789079666
2,51,67,-76.0749984513968,4.92499932833016,1929.56372070312,2013,23.32839012146,20.2171421051025,18.9456768035889,11.7299995422363,12.0132179260254,51.339712023735,19.7269669771194,14.0888075232506
2,52,67,-76.0749984513968,4.92499932833016,1929.56372070312,2013,41.9621391296387,21.8028564453125,20.1162986755371,15.0900001525879,16.4296970367432,41.3227099180222,19.8809950351715,14.4481211900711
2,1,67,-76.0749984513968,4.92499932833016,1929.56372070312,2014,0,21.1228580474854,19.6210327148438,12.5228567123413,13.0192775726318,37.8215134143829,19.8403522968292,15.5095639824867
2,2,67,-76.0749984513968,4.92499932833016,1929.56372070312,2014,94.383544921875,21.2771434783936,19.6140956878662,13.2799997329712,14.1107263565063,31.3553552031517,19.8886603116989,15.1258135437965
2,3,67,-76.0749984513968,4.92499932833016,1929.56372070312,2014,23.8952655792236,21.9028568267822,20.2557201385498,12.6400003433228,13.7826347351074,20.215067088604,20.2088779211044,15.279205083847
2,4,67,-76.0749984513968,4.92499932833016,1929.56372070312,2014,40.1891212463379,21.1857147216797,19.7503128051758,12.5742855072021,13.924880027771,29.2895128726959,20.1431485414505,15.0240023136139
2,5,67,-76.0749984513968,4.92499932833016,1929.56372070312,2014,0,20.7185707092285,19.3796997070312,12.6571426391602,13.6218538284302,20.067116856575,20.4638251066208,15.1261095404625
2,6,67,-76.0749984513968,4.92499932833016,1929.56372070312,2014,44.4535598754883,21.0342864990234,19.600269317627,13.7671432495117,14.5047035217285,33.9481126666069,20.1948329210281,14.3104354143143
2,7,67,-76.0749984513968,4.92499932833016,1929.56372070312,2014,53.0873146057129,21.0128574371338,19.670202255249,14.3585710525513,15.2343339920044,32.8640556931496,20.3001229763031,15.1109766960144
2,8,67,-76.0749984513968,4.92499932833016,1929.56372070312,2014,0,20.9099998474121,19.5204124450684,11.8285713195801,12.4404230117798,43.7871481776237,20.1122188568115,15.047575712204
2,9,67,-76.0749984513968,4.92499932833016,1929.56372070312,2014,69.5662002563477,20.7700004577637,19.3048820495605,13.415714263916,13.5110960006714,38.7977415621281,20.0252641439438,14.9044454097748
2,10,67,-76.0749984513968,4.92499932833016,1929.56372070312,2014,75.426155090332,20.2757148742676,18.9458789825439,13.2142858505249,13.5761594772339,38.3204025030136,20.2115911245346,14.8174049258232
2,11,67,-76.0749984513968,4.92499932833016,1929.56372070312,2014,59.289493560791,20.4400005340576,19.1454849243164,13.1599998474121,13.115909576416,55.5875186920166,20.0634917020798,14.7060156464577
2,12,67,-76.0749984513968,4.92499932833016,1929.56372070312,2014,24.4771499633789,21.5071430206299,20.0963077545166,15.8042860031128,16.0655746459961,48.810219168663,20.1532399654388,15.3864760398865
2,13,67,-76.0749984513968,4.92499932833016,1929.56372070312,2014,38.4656372070312,22.2342853546143,20.5960102081299,15.5457143783569,17.2513084411621,49.3682237863541,20.307727098465,14.7573659420013
2,14,67,-76.0749984513968,4.92499932833016,1929.56372070312,2014,27.5804767608643,22.3414287567139,20.6592769622803,14.6771430969238,15.9721240997314,57.4027976989746,20.2653439044952,15.1829913854599
2,15,67,-76.0749984513968,4.92499932833016,1929.56372070312,2014,18.269775390625,22.3257141113281,20.7088394165039,14.3100004196167,15.6000938415527,61.0633234977722,20.3321123123169,15.2439101934433
2,16,67,-76.0749984513968,4.92499932833016,1929.56372070312,2014,75.9417724609375,21.752857208252,20.1707305908203,14.9814281463623,15.1963577270508,67.5350369811058,20.0465847253799,15.2098987698555
2,17,67,-76.0749984513968,4.92499932833016,1929.56372070312,2014,103.310386657715,22.082857131958,20.5047664642334,14.8142852783203,15.6533908843994,48.5609309673309,20.2472089529037,15.465117752552
2,18,67,-76.0749984513968,4.92499932833016,1929.56372070312,2014,49.9727554321289,21.5228576660156,20.061954498291,15.8171424865723,15.8832178115845,63.6876521110535,20.2292069196701,15.7431755661964
2,19,67,-76.0749984513968,4.92499932833016,1929.56372070312,2014,57.2959899902344,20.6614284515381,19.2161331176758,15.7171430587769,15.4890689849854,53.9544937610626,20.4387331008911,15.4875288009644
2,20,67,-76.0749984513968,4.92499932833016,1929.56372070312,2014,32.2028427124023,21.7028579711914,20.1271419525146,14.7371425628662,15.3696050643921,60.6507966518402,20.3445349931717,15.6176410317421
2,21,67,-76.0749984513968,4.92499932833016,1929.56372070312,2014,36.374397277832,22.0200004577637,20.3628082275391,15.1471424102783,16.8438987731934,52.8694043159485,20.4251999855042,15.6067296266556
2,22,67,-76.0749984513968,4.92499932833016,1929.56372070312,2014,74.293342590332,21.7071437835693,20.2340068817139,14.0885715484619,14.9253377914429,49.6720970869064,20.2021160125732,15.3667039871216
2,23,67,-76.0749984513968,4.92499932833016,1929.56372070312,2014,66.3988800048828,22.0771427154541,20.4713573455811,14.6885709762573,15.7218399047852,38.8525668382645,20.2078214883804,15.4299286603928
2,24,67,-76.0749984513968,4.92499932833016,1929.56372070312,2014,24.353385925293,22.8899993896484,20.8070621490479,16.3271427154541,17.3903160095215,43.482750415802,20.1436905860901,15.872209250927
2,25,67,-76.0749984513968,4.92499932833016,1929.56372070312,2014,21.8587760925293,22.3700008392334,20.4052715301514,15.1571426391602,15.6101493835449,38.3680404424667,20.1947326660156,16.1033096313477
2,26,67,-76.0749984513968,4.92499932833016,1929.56372070312,2014,41.2356758117676,22.2728576660156,20.4284229278564,15.7757139205933,16.3081798553467,42.9521758556366,20.1217050552368,15.9406327605247
2,27,67,-76.0749984513968,4.92499932833016,1929.56372070312,2014,47.0045700073242,22.4528579711914,20.6142597198486,16.1371421813965,17.0216312408447,36.787643879652,20.1484966278076,16.2239761352539
2,28,67,-76.0749984513968,4.92499932833016,1929.56372070312,2014,19.8308773040771,22.7785720825195,20.6304092407227,17.0085716247559,17.752384185791,27.0539867281914,20.1441991329193,16.3372083902359
2,29,67,-76.0749984513968,4.92499932833016,1929.56372070312,2014,3.50285196304321,22.9014282226562,20.8470706939697,16.0599994659424,17.447114944458,26.0050020515919,20.3316723108292,16.5516287088394
2,30,67,-76.0749984513968,4.92499932833016,1929.56372070312,2014,11.1179323196411,22.7785720825195,20.7905788421631,17.0585708618164,18.1030578613281,30.9391958415508,20.2803369760513,16.2713267207146
2,31,67,-76.0749984513968,4.92499932833016,1929.56372070312,2014,12.6238584518433,22.1614284515381,20.3463954925537,15.3385715484619,16.6310768127441,40.6823887974024,20.2793974876404,16.6551331281662
2,32,67,-76.0749984513968,4.92499932833016,1929.56372070312,2014,23.0247459411621,21.501428604126,19.7375984191895,16.6185722351074,16.659797668457,25.8794076740742,20.244611620903,16.5803499817848
2,33,67,-76.0749984513968,4.92499932833016,1929.56372070312,2014,11.2667560577393,22.5571422576904,20.5501327514648,17.1557140350342,17.3330631256104,26.0605923831463,20.1136025190353,16.3376008868217
2,34,67,-76.0749984513968,4.92499932833016,1929.56372070312,2014,26.9715576171875,21.1242866516113,19.6141033172607,14.4414281845093,15.3191928863525,36.8501608371735,20.0405871868134,16.5986201167107
2,35,67,-76.0749984513968,4.92499932833016,1929.56372070312,2014,23.7512969970703,21.8985710144043,20.0925273895264,17.2314281463623,17.937858581543,34.2560681700706,20.1858509778976,17.340464413166
2,36,67,-76.0749984513968,4.92499932833016,1929.56372070312,2014,27.0415706634521,21.8085708618164,20.1804828643799,16.4957141876221,17.6211166381836,33.4444524049759,20.0928647518158,16.9119984507561
2,37,67,-76.0749984513968,4.92499932833016,1929.56372070312,2014,19.7004203796387,20.8528575897217,19.4308776855469,14.8057146072388,15.3025588989258,30.4400677084923,20.1525301933289,16.9814229011536
2,38,67,-76.0749984513968,4.92499932833016,1929.56372070312,2014,35.1811752319336,20.8685722351074,19.4072818756104,15.6342859268188,16.1307945251465,31.0522949695587,20.0085221529007,16.7431455850601
2,39,67,-76.0749984513968,4.92499932833016,1929.56372070312,2014,44.702392578125,21.6814289093018,20.0841178894043,17.2728576660156,18.4704837799072,42.182168841362,19.9579782485962,16.7024263739586
2,40,67,-76.0749984513968,4.92499932833016,1929.56372070312,2014,16.1569328308105,21.6371421813965,19.9985599517822,15.25,16.2181377410889,42.8507987260818,19.7979493141174,16.3928956389427
2,41,67,-76.0749984513968,4.92499932833016,1929.56372070312,2014,81.4774703979492,20.6428565979004,19.1678695678711,14.8299999237061,14.5081377029419,66.4108219146729,19.6477242708206,15.594318985939
2,42,67,-76.0749984513968,4.92499932833016,1929.56372070312,2014,64.3142013549805,20.8942852020264,19.3851528167725,15.6499996185303,15.4855117797852,64.2424921989441,19.5468951463699,15.5237838625908
2,43,67,-76.0749984513968,4.92499932833016,1929.56372070312,2014,33.5940322875977,20.5414295196533,19.1091938018799,14.5371427536011,15.2064895629883,61.4629871845245,19.4482234716415,15.1936875581741
2,44,67,-76.0749984513968,4.92499932833016,1929.56372070312,2014,53.2732238769531,20.6985721588135,19.3619842529297,15.2799997329712,15.5046758651733,68.0946063995361,19.3459661006927,15.3937776684761
2,45,67,-76.0749984513968,4.92499932833016,1929.56372070312,2014,90.998649597168,20.5228576660156,19.1555843353271,14.6142854690552,14.6703863143921,63.933984875679,19.4959217309952,14.8450576663017
2,46,67,-76.0749984513968,4.92499932833016,1929.56372070312,2014,25.7748947143555,20.1828575134277,18.6965007781982,15.1728572845459,14.9521751403809,57.0863278508186,19.2161654233932,14.1554318070412
2,47,67,-76.0749984513968,4.92499932833016,1929.56372070312,2014,22.8261203765869,20.3442859649658,18.9755439758301,13.7657146453857,14.0859212875366,61.2729245424271,19.2743539810181,14.7450561523438
2,48,67,-76.0749984513968,4.92499932833016,1929.56372070312,2014,20.1044178009033,21.5757141113281,20.0657005310059,14.6999998092651,15.2773513793945,39.417445898056,19.4951856136322,14.2702730298042
2,49,67,-76.0749984513968,4.92499932833016,1929.56372070312,2014,60.2343788146973,20.9699993133545,19.3998107910156,12.4814281463623,13.1371164321899,54.8747626543045,19.4866075515747,14.3177394866943
2,50,67,-76.0749984513968,4.92499932833016,1929.56372070312,2014,51.6581153869629,20.3585720062256,18.772518157959,14.8042860031128,14.8911991119385,36.0109887123108,19.6213207244873,14.2090789079666
2,51,67,-76.0749984513968,4.92499932833016,1929.56372070312,2014,0,21.0071430206299,19.5815334320068,13.5299997329712,14.8586320877075,51.339712023735,19.7269669771194,14.0888075232506
2,52,67,-76.0749984513968,4.92499932833016,1929.56372070312,2014,0,22.0042858123779,20.4987239837646,14.7428569793701,16.453929901123,41.3227099180222,19.8809950351715,14.4481211900711
2,1,67,-76.0749984513968,4.92499932833016,1929.56372070312,2015,0,22.5957145690918,20.3891067504883,17.5571422576904,19.7993297576904,37.8215134143829,19.8403522968292,15.5095639824867
2,2,67,-76.0749984513968,4.92499932833016,1929.56372070312,2015,9.13002490997314,22.3614292144775,20.5539264678955,13.8514289855957,15.1875152587891,31.3553552031517,19.8886603116989,15.1258135437965
2,3,67,-76.0749984513968,4.92499932833016,1929.56372070312,2015,46.1997833251953,20.3014278411865,18.938081741333,13.582857131958,13.8144092559814,20.215067088604,20.2088779211044,15.279205083847
2,4,67,-76.0749984513968,4.92499932833016,1929.56372070312,2015,26.5994911193848,20.4500007629395,19.0975360870361,14.3971424102783,14.4445018768311,29.2895128726959,20.1431485414505,15.0240023136139
2,5,67,-76.0749984513968,4.92499932833016,1929.56372070312,2015,0,22.1857147216797,20.4077892303467,14.1142854690552,14.8097295761108,20.067116856575,20.4638251066208,15.1261095404625
2,6,67,-76.0749984513968,4.92499932833016,1929.56372070312,2015,75.0248870849609,20.8057136535645,19.277925491333,12.1114282608032,12.0880098342896,33.9481126666069,20.1948329210281,14.3104354143143
2,7,67,-76.0749984513968,4.92499932833016,1929.56372070312,2015,6.45717620849609,22.3214282989502,20.7039375305176,13.8828573226929,15.4169025421143,32.8640556931496,20.3001229763031,15.1109766960144
2,8,67,-76.0749984513968,4.92499932833016,1929.56372070312,2015,34.2832183837891,21.7214279174805,20.2338256835938,15.3814287185669,16.3554420471191,43.7871481776237,20.1122188568115,15.047575712204
2,9,67,-76.0749984513968,4.92499932833016,1929.56372070312,2015,6.95466756820679,21.2042865753174,19.8553829193115,13.7757139205933,15.1051054000854,38.7977415621281,20.0252641439438,14.9044454097748
2,10,67,-76.0749984513968,4.92499932833016,1929.56372070312,2015,13.9093351364136,22.832857131958,21.1413879394531,13.9757146835327,15.756275177002,38.3204025030136,20.2115911245346,14.8174049258232
2,11,67,-76.0749984513968,4.92499932833016,1929.56372070312,2015,20.4087696075439,21.4571437835693,19.9067401885986,11.4328575134277,12.675594329834,55.5875186920166,20.0634917020798,14.7060156464577
2,12,67,-76.0749984513968,4.92499932833016,1929.56372070312,2015,71.576545715332,20.6728572845459,19.2027721405029,15.8100004196167,15.8466396331787,48.810219168663,20.1532399654388,15.3864760398865
2,13,67,-76.0749984513968,4.92499932833016,1929.56372070312,2015,85.5277404785156,20.7614288330078,19.4606170654297,13.4842853546143,14.2599143981934,49.3682237863541,20.307727098465,14.7573659420013
2,14,67,-76.0749984513968,4.92499932833016,1929.56372070312,2015,42.4040756225586,21.5685710906982,20.0507259368896,13.582857131958,13.9401798248291,57.4027976989746,20.2653439044952,15.1829913854599
2,15,67,-76.0749984513968,4.92499932833016,1929.56372070312,2015,62.8561096191406,22.3042850494385,20.6185245513916,16.5442848205566,16.4501495361328,61.0633234977722,20.3321123123169,15.2439101934433
2,16,67,-76.0749984513968,4.92499932833016,1929.56372070312,2015,92.4121017456055,21.1971435546875,19.7330551147461,17.2228565216064,16.9289226531982,67.5350369811058,20.0465847253799,15.2098987698555
2,17,67,-76.0749984513968,4.92499932833016,1929.56372070312,2015,27.6263542175293,22.5499992370605,20.8883361816406,16.1342849731445,17.4213886260986,48.5609309673309,20.2472089529037,15.465117752552
2,18,67,-76.0749984513968,4.92499932833016,1929.56372070312,2015,77.3141784667969,22.0257148742676,20.3513679504395,15.6942853927612,16.3980579376221,63.6876521110535,20.2292069196701,15.7431755661964
2,19,67,-76.0749984513968,4.92499932833016,1929.56372070312,2015,49.4643745422363,23.1771430969238,21.4105129241943,15.3914289474487,16.7870121002197,53.9544937610626,20.4387331008911,15.4875288009644
2,20,67,-76.0749984513968,4.92499932833016,1929.56372070312,2015,34.1728401184082,22.1442852020264,20.5096187591553,15.4799995422363,15.996696472168,60.6507966518402,20.3445349931717,15.6176410317421
2,21,67,-76.0749984513968,4.92499932833016,1929.56372070312,2015,28.3340072631836,22.0728569030762,20.4450626373291,14.9285717010498,15.8125133514404,52.8694043159485,20.4251999855042,15.6067296266556
2,22,67,-76.0749984513968,4.92499932833016,1929.56372070312,2015,28.6414184570312,22.0514278411865,20.323413848877,14.7342853546143,15.3853416442871,49.6720970869064,20.2021160125732,15.3667039871216
2,23,67,-76.0749984513968,4.92499932833016,1929.56372070312,2015,20.0104198455811,21.5771427154541,19.9723930358887,14.125714302063,14.6373863220215,38.8525668382645,20.2078214883804,15.4299286603928
2,24,67,-76.0749984513968,4.92499932833016,1929.56372070312,2015,17.4776630401611,22.8514289855957,20.9249172210693,16.3485717773438,16.335807800293,43.482750415802,20.1436905860901,15.872209250927
2,25,67,-76.0749984513968,4.92499932833016,1929.56372070312,2015,25.0712623596191,23.1957149505615,21.0935840606689,17.8585720062256,18.3014087677002,38.3680404424667,20.1947326660156,16.1033096313477
2,26,67,-76.0749984513968,4.92499932833016,1929.56372070312,2015,17.0934734344482,22.8514289855957,20.8852882385254,16.4485721588135,16.5996437072754,42.9521758556366,20.1217050552368,15.9406327605247
2,27,67,-76.0749984513968,4.92499932833016,1929.56372070312,2015,45.8785400390625,22.4899997711182,20.6685009002686,13.6328573226929,15.3557968139648,36.787643879652,20.1484966278076,16.2239761352539
2,28,67,-76.0749984513968,4.92499932833016,1929.56372070312,2015,19.9425430297852,21.7242851257324,20.077465057373,14.5514287948608,14.9131517410278,27.0539867281914,20.1441991329193,16.3372083902359
2,29,67,-76.0749984513968,4.92499932833016,1929.56372070312,2015,7.10927677154541,21.4342861175537,19.8273029327393,15.5771427154541,15.9735622406006,26.0050020515919,20.3316723108292,16.5516287088394
2,30,67,-76.0749984513968,4.92499932833016,1929.56372070312,2015,74.7134628295898,22.6571426391602,20.6785736083984,16.4814281463623,17.3158740997314,30.9391958415508,20.2803369760513,16.2713267207146
2,31,67,-76.0749984513968,4.92499932833016,1929.56372070312,2015,16.2880020141602,22.7700004577637,20.9597969055176,16.7800006866455,17.412935256958,40.6823887974024,20.2793974876404,16.6551331281662
2,32,67,-76.0749984513968,4.92499932833016,1929.56372070312,2015,17.1037635803223,22.0557136535645,20.3691902160645,13.9314289093018,15.1946697235107,25.8794076740742,20.244611620903,16.5803499817848
2,33,67,-76.0749984513968,4.92499932833016,1929.56372070312,2015,25.1144123077393,22.0928573608398,20.6183204650879,15.8557138442993,15.9279661178589,26.0605923831463,20.1136025190353,16.3376008868217
2,34,67,-76.0749984513968,4.92499932833016,1929.56372070312,2015,46.6482810974121,21.8857135772705,20.4860210418701,15.1128568649292,15.5891933441162,36.8501608371735,20.0405871868134,16.5986201167107
2,35,67,-76.0749984513968,4.92499932833016,1929.56372070312,2015,76.8627471923828,22.6000003814697,20.7568855285645,15.9442853927612,17.1012439727783,34.2560681700706,20.1858509778976,17.340464413166
2,36,67,-76.0749984513968,4.92499932833016,1929.56372070312,2015,26.2924861907959,22.251428604126,20.893045425415,16.1571426391602,17.1160526275635,33.4444524049759,20.0928647518158,16.9119984507561
2,37,67,-76.0749984513968,4.92499932833016,1929.56372070312,2015,15.2971477508545,22.3385715484619,20.7100963592529,16.8914279937744,17.8125152587891,30.4400677084923,20.1525301933289,16.9814229011536
2,38,67,-76.0749984513968,4.92499932833016,1929.56372070312,2015,20.8595180511475,22.0657138824463,20.4586448669434,15.705714225769,16.4459476470947,31.0522949695587,20.0085221529007,16.7431455850601
2,39,67,-76.0749984513968,4.92499932833016,1929.56372070312,2015,29.9585876464844,22.4557151794434,20.8563232421875,17.3414287567139,18.8139686584473,42.182168841362,19.9579782485962,16.7024263739586
2,40,67,-76.0749984513968,4.92499932833016,1929.56372070312,2015,50.9556770324707,22.1914291381836,20.7094860076904,15.6414289474487,17.0136814117432,42.8507987260818,19.7979493141174,16.3928956389427
2,41,67,-76.0749984513968,4.92499932833016,1929.56372070312,2015,28.0873870849609,21.2928562164307,19.8757991790771,14.544285774231,14.8715829849243,66.4108219146729,19.6477242708206,15.594318985939
2,42,67,-76.0749984513968,4.92499932833016,1929.56372070312,2015,111.530197143555,21.8628578186035,20.1958198547363,16.5142860412598,16.591381072998,64.2424921989441,19.5468951463699,15.5237838625908
2,43,67,-76.0749984513968,4.92499932833016,1929.56372070312,2015,79.4598541259766,21.4128570556641,19.8113708496094,13.1300001144409,13.7484693527222,61.4629871845245,19.4482234716415,15.1936875581741
2,44,67,-76.0749984513968,4.92499932833016,1929.56372070312,2015,95.54541015625,20.4457149505615,19.0431594848633,15.0157146453857,15.6148891448975,68.0946063995361,19.3459661006927,15.3937776684761
2,45,67,-76.0749984513968,4.92499932833016,1929.56372070312,2015,54.6477928161621,21.1485710144043,19.5995922088623,15.4342861175537,15.0076017379761,63.933984875679,19.4959217309952,14.8450576663017
2,46,67,-76.0749984513968,4.92499932833016,1929.56372070312,2015,62.6862106323242,21.6628570556641,19.9587364196777,12.6471424102783,13.2260723114014,57.0863278508186,19.2161654233932,14.1554318070412
2,47,67,-76.0749984513968,4.92499932833016,1929.56372070312,2015,113.176765441895,21.0528564453125,19.6977958679199,16.2985706329346,16.1643028259277,61.2729245424271,19.2743539810181,14.7450561523438
2,48,67,-76.0749984513968,4.92499932833016,1929.56372070312,2015,58.9256629943848,22.4042854309082,20.7373542785645,13.6985712051392,14.5107669830322,39.417445898056,19.4951856136322,14.2702730298042
2,49,67,-76.0749984513968,4.92499932833016,1929.56372070312,2015,107.835777282715,21.8171424865723,20.1867904663086,13.6542854309082,14.5908241271973,54.8747626543045,19.4866075515747,14.3177394866943
2,50,67,-76.0749984513968,4.92499932833016,1929.56372070312,2015,66.4770812988281,22.1085720062256,20.3626556396484,15.2114286422729,15.7816314697266,36.0109887123108,19.6213207244873,14.2090789079666
2,51,67,-76.0749984513968,4.92499932833016,1929.56372070312,2015,102.311294555664,22.8957138061523,21.1162014007568,14.6885709762573,15.8634586334229,51.339712023735,19.7269669771194,14.0888075232506
2,52,67,-76.0749984513968,4.92499932833016,1929.56372070312,2015,38.21875,23.415714263916,21.5917491912842,15.960000038147,17.7931251525879,41.3227099180222,19.8809950351715,14.4481211900711
2,1,67,-76.0749984513968,4.92499932833016,1929.56372070312,2016,88.7693939208984,22.5628566741943,20.8605327606201,13.2328567504883,14.1314945220947,37.8215134143829,19.8403522968292,15.5095639824867
2,2,67,-76.0749984513968,4.92499932833016,1929.56372070312,2016,37.496509552002,21.2785720825195,20.0676460266113,12.4842853546143,14.1057434082031,31.3553552031517,19.8886603116989,15.1258135437965
2,3,67,-76.0749984513968,4.92499932833016,1929.56372070312,2016,0,22.8814277648926,21.4762382507324,14.6157140731812,17.2381267547607,20.215067088604,20.2088779211044,15.279205083847
2,4,67,-76.0749984513968,4.92499932833016,1929.56372070312,2016,0,22.7542858123779,21.3810997009277,13.6542854309082,15.8314952850342,29.2895128726959,20.1431485414505,15.0240023136139
2,5,67,-76.0749984513968,4.92499932833016,1929.56372070312,2016,0,22.1628570556641,20.83713722229,13.6128568649292,15.7264366149902,20.067116856575,20.4638251066208,15.1261095404625
2,6,67,-76.0749984513968,4.92499932833016,1929.56372070312,2016,30.3844146728516,23.1800003051758,21.6394138336182,13.039999961853,14.388090133667,33.9481126666069,20.1948329210281,14.3104354143143
2,7,67,-76.0749984513968,4.92499932833016,1929.56372070312,2016,42.6629295349121,23.3571434020996,21.9112071990967,13.2814283370972,15.0859403610229,32.8640556931496,20.3001229763031,15.1109766960144
2,8,67,-76.0749984513968,4.92499932833016,1929.56372070312,2016,48.3415603637695,22.3771419525146,21.0294418334961,12.1457147598267,12.694167137146,43.7871481776237,20.1122188568115,15.047575712204
2,9,67,-76.0749984513968,4.92499932833016,1929.56372070312,2016,27.5896072387695,22.2228565216064,21.2204627990723,12.4300003051758,14.2472629547119,38.7977415621281,20.0252641439438,14.9044454097748
2,10,67,-76.0749984513968,4.92499932833016,1929.56372070312,2016,11.576153755188,21.501428604126,20.1576824188232,13.1528568267822,14.078088760376,38.3204025030136,20.2115911245346,14.8174049258232
2,11,67,-76.0749984513968,4.92499932833016,1929.56372070312,2016,71.3256378173828,22.2914295196533,20.8652496337891,13.4528570175171,13.9236717224121,55.5875186920166,20.0634917020798,14.7060156464577
2,12,67,-76.0749984513968,4.92499932833016,1929.56372070312,2016,10.3582811355591,22.7857151031494,21.5405654907227,13.374285697937,15.2262020111084,48.810219168663,20.1532399654388,15.3864760398865
2,13,67,-76.0749984513968,4.92499932833016,1929.56372070312,2016,23.740270614624,23.0614280700684,21.6692333221436,13.1885709762573,15.0776720046997,49.3682237863541,20.307727098465,14.7573659420013
2,14,67,-76.0749984513968,4.92499932833016,1929.56372070312,2016,67.0910491943359,21.8885707855225,20.4796504974365,13.2171430587769,13.5142049789429,57.4027976989746,20.2653439044952,15.1829913854599
2,15,67,-76.0749984513968,4.92499932833016,1929.56372070312,2016,67.9882507324219,22.0485706329346,20.601411819458,12.6728572845459,13.0225896835327,61.0633234977722,20.3321123123169,15.2439101934433
2,16,67,-76.0749984513968,4.92499932833016,1929.56372070312,2016,81.1278839111328,22.7700004577637,21.3226261138916,13.3128566741943,15.4390659332275,67.5350369811058,20.0465847253799,15.2098987698555
2,17,67,-76.0749984513968,4.92499932833016,1929.56372070312,2016,19.3335189819336,21.7428569793701,20.3887672424316,13.0157146453857,13.6495599746704,48.5609309673309,20.2472089529037,15.465117752552
2,18,67,-76.0749984513968,4.92499932833016,1929.56372070312,2016,72.7344665527344,21.6271419525146,20.2315406799316,14.6171426773071,14.8060569763184,63.6876521110535,20.2292069196701,15.7431755661964
2,19,67,-76.0749984513968,4.92499932833016,1929.56372070312,2016,78.7661361694336,21.7042865753174,20.1236991882324,14.1714286804199,14.6658897399902,53.9544937610626,20.4387331008911,15.4875288009644
2,20,67,-76.0749984513968,4.92499932833016,1929.56372070312,2016,42.4624481201172,22.9814281463623,21.2925224304199,15.710000038147,16.2917079925537,60.6507966518402,20.3445349931717,15.6176410317421
2,21,67,-76.0749984513968,4.92499932833016,1929.56372070312,2016,41.5732536315918,23.1942863464355,21.4426498413086,13.875714302063,15.533296585083,52.8694043159485,20.4251999855042,15.6067296266556
2,22,67,-76.0749984513968,4.92499932833016,1929.56372070312,2016,45.1064376831055,21.5200004577637,20.048454284668,12.8900003433228,13.3553924560547,49.6720970869064,20.2021160125732,15.3667039871216
2,23,67,-76.0749984513968,4.92499932833016,1929.56372070312,2016,24.1363258361816,21.5728569030762,19.9772796630859,15.7128572463989,16.5170516967773,38.8525668382645,20.2078214883804,15.4299286603928
2,24,67,-76.0749984513968,4.92499932833016,1929.56372070312,2016,24.1072578430176,21.9014282226562,20.1183471679688,16.167142868042,16.8828468322754,43.482750415802,20.1436905860901,15.872209250927
2,25,67,-76.0749984513968,4.92499932833016,1929.56372070312,2016,69.1066131591797,21.832857131958,19.9821605682373,15.4542856216431,16.2078895568848,38.3680404424667,20.1947326660156,16.1033096313477
2,26,67,-76.0749984513968,4.92499932833016,1929.56372070312,2016,25.6595344543457,22.0657138824463,20.2671432495117,15.1742858886719,16.3623161315918,42.9521758556366,20.1217050552368,15.9406327605247
2,27,67,-76.0749984513968,4.92499932833016,1929.56372070312,2016,72.9562072753906,21.7342853546143,20.1094169616699,14.5,14.8484573364258,36.787643879652,20.1484966278076,16.2239761352539
2,28,67,-76.0749984513968,4.92499932833016,1929.56372070312,2016,15.6089706420898,22.1000003814697,20.2879657745361,16.0285720825195,17.1152400970459,27.0539867281914,20.1441991329193,16.3372083902359
2,29,67,-76.0749984513968,4.92499932833016,1929.56372070312,2016,58.5404739379883,21.4385719299316,19.7817363739014,14.9285717010498,15.1690769195557,26.0050020515919,20.3316723108292,16.5516287088394
2,30,67,-76.0749984513968,4.92499932833016,1929.56372070312,2016,21.510232925415,21.8485717773438,20.1373443603516,16.5985717773438,16.9818325042725,30.9391958415508,20.2803369760513,16.2713267207146
2,31,67,-76.0749984513968,4.92499932833016,1929.56372070312,2016,19.027271270752,21.6100006103516,20.0419979095459,14.4528570175171,15.3228349685669,40.6823887974024,20.2793974876404,16.6551331281662
2,32,67,-76.0749984513968,4.92499932833016,1929.56372070312,2016,17.7155418395996,22.4728565216064,20.7680492401123,15.6085710525513,17.0629405975342,25.8794076740742,20.244611620903,16.5803499817848
2,33,67,-76.0749984513968,4.92499932833016,1929.56372070312,2016,20.851526260376,22.0185718536377,20.3444423675537,15.9285717010498,16.6658306121826,26.0605923831463,20.1136025190353,16.3376008868217
2,34,67,-76.0749984513968,4.92499932833016,1929.56372070312,2016,16.545711517334,22.4585704803467,20.7211894989014,17.5642852783203,18.4559383392334,36.8501608371735,20.0405871868134,16.5986201167107
2,35,67,-76.0749984513968,4.92499932833016,1929.56372070312,2016,29.4860897064209,21.2671432495117,19.711217880249,15.7885713577271,16.0040950775146,34.2560681700706,20.1858509778976,17.340464413166
2,36,67,-76.0749984513968,4.92499932833016,1929.56372070312,2016,40.6385192871094,21.5200004577637,20.0066089630127,15.624285697937,16.3462429046631,33.4444524049759,20.0928647518158,16.9119984507561
2,37,67,-76.0749984513968,4.92499932833016,1929.56372070312,2016,55.6779479980469,20.9857139587402,19.5938968658447,15.9714288711548,16.4353618621826,30.4400677084923,20.1525301933289,16.9814229011536
2,38,67,-76.0749984513968,4.92499932833016,1929.56372070312,2016,65.7492828369141,21.8199996948242,20.1113300323486,17.1614284515381,18.007848739624,31.0522949695587,20.0085221529007,16.7431455850601
2,39,67,-76.0749984513968,4.92499932833016,1929.56372070312,2016,31.6043968200684,21.5285720825195,19.9970970153809,15.6700000762939,16.7280559539795,42.182168841362,19.9579782485962,16.7024263739586
2,40,67,-76.0749984513968,4.92499932833016,1929.56372070312,2016,33.0956192016602,20.8742866516113,19.5330619812012,14.6371431350708,15.6169366836548,42.8507987260818,19.7979493141174,16.3928956389427
2,41,67,-76.0749984513968,4.92499932833016,1929.56372070312,2016,84.2136154174805,20.3685722351074,19.083288192749,15.1442861557007,15.2915019989014,66.4108219146729,19.6477242708206,15.594318985939
2,42,67,-76.0749984513968,4.92499932833016,1929.56372070312,2016,83.8108520507812,21.3042850494385,19.8579616546631,15.498571395874,16.0608348846436,64.2424921989441,19.5468951463699,15.5237838625908
2,43,67,-76.0749984513968,4.92499932833016,1929.56372070312,2016,59.7285423278809,20.7771434783936,19.3496475219727,14.3914289474487,15.3138494491577,61.4629871845245,19.4482234716415,15.1936875581741
2,44,67,-76.0749984513968,4.92499932833016,1929.56372070312,2016,83.0986633300781,20.5714282989502,19.2310199737549,14.5985717773438,15.4937915802002,68.0946063995361,19.3459661006927,15.3937776684761
2,45,67,-76.0749984513968,4.92499932833016,1929.56372070312,2016,83.5825424194336,21.0942859649658,19.7401084899902,13.1057138442993,14.1352338790894,63.933984875679,19.4959217309952,14.8450576663017
2,46,67,-76.0749984513968,4.92499932833016,1929.56372070312,2016,62.4086303710938,20.5,19.1857032775879,12.832857131958,13.6788682937622,57.0863278508186,19.2161654233932,14.1554318070412
2,47,67,-76.0749984513968,4.92499932833016,1929.56372070312,2016,58.4001884460449,20.5,19.1311283111572,15.8228569030762,15.6889686584473,61.2729245424271,19.2743539810181,14.7450561523438
2,48,67,-76.0749984513968,4.92499932833016,1929.56372070312,2016,42.6148948669434,20.4899997711182,19.1375312805176,11.2842855453491,11.8488397598267,39.417445898056,19.4951856136322,14.2702730298042
2,49,67,-76.0749984513968,4.92499932833016,1929.56372070312,2016,66.714973449707,20.3071422576904,18.8043003082275,12.4285717010498,13.2523612976074,54.8747626543045,19.4866075515747,14.3177394866943
2,50,67,-76.0749984513968,4.92499932833016,1929.56372070312,2016,33.6875114440918,20.7571430206299,19.3683586120605,14.4271430969238,15.4391632080078,36.0109887123108,19.6213207244873,14.2090789079666
2,51,67,-76.0749984513968,4.92499932833016,1929.56372070312,2016,0,20.8957138061523,19.3517227172852,12.7357139587402,13.9616451263428,51.339712023735,19.7269669771194,14.0888075232506
2,52,67,-76.0749984513968,4.92499932833016,1929.56372070312,2016,70.928840637207,20.7771434783936,19.3632678985596,12.625714302063,13.5276288986206,41.3227099180222,19.8809950351715,14.4481211900711
2,1,67,-76.0749984513968,4.92499932833016,1929.56372070312,2017,88.0319290161133,21.3242855072021,19.8279800415039,13.8957147598267,14.4776496887207,37.8215134143829,19.8403522968292,15.5095639824867
2,2,67,-76.0749984513968,4.92499932833016,1929.56372070312,2017,93.9209289550781,21.0799999237061,19.4445858001709,11.8428573608398,12.2453804016113,31.3553552031517,19.8886603116989,15.1258135437965
2,3,67,-76.0749984513968,4.92499932833016,1929.56372070312,2017,18.052562713623,20.3557147979736,18.891716003418,14.7357139587402,14.5201482772827,20.215067088604,20.2088779211044,15.279205083847
2,4,67,-76.0749984513968,4.92499932833016,1929.56372070312,2017,15.1521272659302,20.7271423339844,19.327880859375,17.2385711669922,17.2381649017334,29.2895128726959,20.1431485414505,15.0240023136139
2,5,67,-76.0749984513968,4.92499932833016,1929.56372070312,2017,0,21.6499996185303,20.1571559906006,14.584285736084,15.2016630172729,20.067116856575,20.4638251066208,15.1261095404625
2,6,67,-76.0749984513968,4.92499932833016,1929.56372070312,2017,86.6178894042969,22.6357135772705,20.9132442474365,15.1942853927612,17.3334102630615,33.9481126666069,20.1948329210281,14.3104354143143
2,7,67,-76.0749984513968,4.92499932833016,1929.56372070312,2017,30.8480262756348,21.7328567504883,20.0597190856934,19.3085708618164,19.1661186218262,32.8640556931496,20.3001229763031,15.1109766960144
2,8,67,-76.0749984513968,4.92499932833016,1929.56372070312,2017,0,21.0428562164307,19.4720516204834,16.9671421051025,17.0987529754639,43.7871481776237,20.1122188568115,15.047575712204
2,9,67,-76.0749984513968,4.92499932833016,1929.56372070312,2017,45.2141571044922,21.0400009155273,19.523509979248,14.6400003433228,15.1395301818848,38.7977415621281,20.0252641439438,14.9044454097748
2,10,67,-76.0749984513968,4.92499932833016,1929.56372070312,2017,49.1243934631348,21.0528564453125,19.6356220245361,13.5657138824463,13.6185817718506,38.3204025030136,20.2115911245346,14.8174049258232
2,11,67,-76.0749984513968,4.92499932833016,1929.56372070312,2017,115.479438781738,20.7742862701416,19.3152675628662,15.3157138824463,14.6640977859497,55.5875186920166,20.0634917020798,14.7060156464577
2,12,67,-76.0749984513968,4.92499932833016,1929.56372070312,2017,13.7156114578247,20.6428565979004,19.2478065490723,15.4942855834961,14.543755531311,48.810219168663,20.1532399654388,15.3864760398865
2,13,67,-76.0749984513968,4.92499932833016,1929.56372070312,2017,57.5061798095703,20.4714279174805,19.1896057128906,15.0285711288452,15.1242113113403,49.3682237863541,20.307727098465,14.7573659420013
2,14,67,-76.0749984513968,4.92499932833016,1929.56372070312,2017,100.900535583496,22.252857208252,20.757905960083,17.3714294433594,18.5828056335449,57.4027976989746,20.2653439044952,15.1829913854599
2,15,67,-76.0749984513968,4.92499932833016,1929.56372070312,2017,47.0681610107422,21.9228572845459,20.2567882537842,14.9785718917847,14.872974395752,61.0633234977722,20.3321123123169,15.2439101934433
2,16,67,-76.0749984513968,4.92499932833016,1929.56372070312,2017,68.9707870483398,21.6157150268555,20.0482769012451,15.3471431732178,15.0457735061646,67.5350369811058,20.0465847253799,15.2098987698555
2,17,67,-76.0749984513968,4.92499932833016,1929.56372070312,2017,40.9553680419922,22.2114276885986,20.5772171020508,14.1142854690552,15.3885173797607,48.5609309673309,20.2472089529037,15.465117752552
2,18,67,-76.0749984513968,4.92499932833016,1929.56372070312,2017,74.6076202392578,20.8871421813965,19.5042533874512,14.8628568649292,14.778039932251,63.6876521110535,20.2292069196701,15.7431755661964
2,19,67,-76.0749984513968,4.92499932833016,1929.56372070312,2017,140.785873413086,20.7442855834961,19.3778591156006,15.622857093811,15.1045379638672,53.9544937610626,20.4387331008911,15.4875288009644
2,20,67,-76.0749984513968,4.92499932833016,1929.56372070312,2017,94.2704849243164,21.7742862701416,20.2830181121826,15.205714225769,16.4049167633057,60.6507966518402,20.3445349931717,15.6176410317421
2,21,67,-76.0749984513968,4.92499932833016,1929.56372070312,2017,78.3619842529297,22.1728572845459,20.6101665496826,15.5514287948608,16.6647052764893,52.8694043159485,20.4251999855042,15.6067296266556
2,22,67,-76.0749984513968,4.92499932833016,1929.56372070312,2017,24.344259262085,22.3071422576904,20.6195220947266,14.8457145690918,16.3757648468018,49.6720970869064,20.2021160125732,15.3667039871216
2,23,67,-76.0749984513968,4.92499932833016,1929.56372070312,2017,38.8351898193359,21.7185707092285,20.2296886444092,13.8528575897217,14.497706413269,38.8525668382645,20.2078214883804,15.4299286603928
2,24,67,-76.0749984513968,4.92499932833016,1929.56372070312,2017,79.7521286010742,21.3014278411865,19.7398433685303,14.6342859268188,15.1578254699707,43.482750415802,20.1436905860901,15.872209250927
2,25,67,-76.0749984513968,4.92499932833016,1929.56372070312,2017,10.582592010498,21.3928565979004,19.7796535491943,15.205714225769,15.576756477356,38.3680404424667,20.1947326660156,16.1033096313477
2,26,67,-76.0749984513968,4.92499932833016,1929.56372070312,2017,81.5901260375977,21.6857147216797,20.0169277191162,16.9871425628662,16.9775505065918,42.9521758556366,20.1217050552368,15.9406327605247
2,27,67,-76.0749984513968,4.92499932833016,1929.56372070312,2017,18.9955596923828,22.1885719299316,20.261905670166,16.0085716247559,17.0290756225586,36.787643879652,20.1484966278076,16.2239761352539
2,28,67,-76.0749984513968,4.92499932833016,1929.56372070312,2017,26.0931701660156,21.3671436309814,19.7917346954346,16.0671424865723,16.3064956665039,27.0539867281914,20.1441991329193,16.3372083902359
2,29,67,-76.0749984513968,4.92499932833016,1929.56372070312,2017,13.944393157959,21.6271419525146,19.9920387268066,16.3128566741943,16.9784545898438,26.0050020515919,20.3316723108292,16.5516287088394
2,30,67,-76.0749984513968,4.92499932833016,1929.56372070312,2017,14.5580654144287,22.1828575134277,20.4531955718994,16.2157135009766,17.0637130737305,30.9391958415508,20.2803369760513,16.2713267207146
2,31,67,-76.0749984513968,4.92499932833016,1929.56372070312,2017,3.52658772468567,21.7214279174805,20.0852870941162,16.0942859649658,16.596622467041,40.6823887974024,20.2793974876404,16.6551331281662
2,32,67,-76.0749984513968,4.92499932833016,1929.56372070312,2017,8.70999526977539,21.5571422576904,20.0764636993408,15.1114282608032,16.3305912017822,25.8794076740742,20.244611620903,16.5803499817848
2,33,67,-76.0749984513968,4.92499932833016,1929.56372070312,2017,37.2800369262695,21.4128570556641,20.0179996490479,17.3028564453125,18.0834655761719,26.0605923831463,20.1136025190353,16.3376008868217
2,34,67,-76.0749984513968,4.92499932833016,1929.56372070312,2017,114.714019775391,21.5542850494385,19.9252338409424,16.7757148742676,17.3574657440186,36.8501608371735,20.0405871868134,16.5986201167107
2,35,67,-76.0749984513968,4.92499932833016,1929.56372070312,2017,22.3108043670654,21.7099990844727,20.0830307006836,17.0271434783936,17.6245441436768,34.2560681700706,20.1858509778976,17.340464413166
2,36,67,-76.0749984513968,4.92499932833016,1929.56372070312,2017,18.2841377258301,21.3828563690186,19.8239002227783,17.58571434021,17.406213760376,33.4444524049759,20.0928647518158,16.9119984507561
2,37,67,-76.0749984513968,4.92499932833016,1929.56372070312,2017,53.4109916687012,21.6142864227295,20.1914558410645,16.8371429443359,17.604923248291,30.4400677084923,20.1525301933289,16.9814229011536
2,38,67,-76.0749984513968,4.92499932833016,1929.56372070312,2017,55.4561462402344,21.3099994659424,19.8537101745605,16.5900001525879,17.0760669708252,31.0522949695587,20.0085221529007,16.7431455850601
2,39,67,-76.0749984513968,4.92499932833016,1929.56372070312,2017,38.0774154663086,21.0671424865723,19.559534072876,15.9399995803833,16.2837505340576,42.182168841362,19.9579782485962,16.7024263739586
2,40,67,-76.0749984513968,4.92499932833016,1929.56372070312,2017,74.3910903930664,20.3728580474854,18.9478950500488,13.9828567504883,14.6071090698242,42.8507987260818,19.7979493141174,16.3928956389427
2,41,67,-76.0749984513968,4.92499932833016,1929.56372070312,2017,50.7160758972168,21.7071437835693,20.1478538513184,13.997142791748,15.1271896362305,66.4108219146729,19.6477242708206,15.594318985939
2,42,67,-76.0749984513968,4.92499932833016,1929.56372070312,2017,47.4063377380371,22.3985710144043,20.8031635284424,14.4099998474121,15.8395824432373,64.2424921989441,19.5468951463699,15.5237838625908
2,43,67,-76.0749984513968,4.92499932833016,1929.56372070312,2017,45.3985824584961,21.1728572845459,19.527250289917,12.0271425247192,12.3081302642822,61.4629871845245,19.4482234716415,15.1936875581741
2,44,67,-76.0749984513968,4.92499932833016,1929.56372070312,2017,96.9459228515625,20.3914279937744,19.0139026641846,15.2285718917847,15.7185363769531,68.0946063995361,19.3459661006927,15.3937776684761
2,45,67,-76.0749984513968,4.92499932833016,1929.56372070312,2017,55.1825103759766,20.6885719299316,19.3449764251709,14.4385709762573,15.1471271514893,63.933984875679,19.4959217309952,14.8450576663017
2,46,67,-76.0749984513968,4.92499932833016,1929.56372070312,2017,15.4416036605835,20.1414279937744,18.7081813812256,13.2642860412598,14.0370321273804,57.0863278508186,19.2161654233932,14.1554318070412
2,47,67,-76.0749984513968,4.92499932833016,1929.56372070312,2017,83.0449676513672,20.332857131958,19.0747165679932,14.5,15.2037878036499,61.2729245424271,19.2743539810181,14.7450561523438
2,48,67,-76.0749984513968,4.92499932833016,1929.56372070312,2017,33.005012512207,20.5457134246826,19.1997127532959,12.4542856216431,13.5870532989502,39.417445898056,19.4951856136322,14.2702730298042
2,49,67,-76.0749984513968,4.92499932833016,1929.56372070312,2017,20.4889698028564,21.3371429443359,19.9444465637207,14.331428527832,15.4383010864258,54.8747626543045,19.4866075515747,14.3177394866943
2,50,67,-76.0749984513968,4.92499932833016,1929.56372070312,2017,30.839786529541,21.252857208252,19.7904987335205,14.334285736084,15.1946697235107,36.0109887123108,19.6213207244873,14.2090789079666
2,51,67,-76.0749984513968,4.92499932833016,1929.56372070312,2017,0,22.0357151031494,20.3728542327881,14.455714225769,16.0392112731934,51.339712023735,19.7269669771194,14.0888075232506
2,52,67,-76.0749984513968,4.92499932833016,1929.56372070312,2017,34.6661834716797,20.4257144927979,18.8152542114258,12.039999961853,12.3298664093018,41.3227099180222,19.8809950351715,14.4481211900711
2,1,67,-76.0749984513968,4.92499932833016,1929.56372070312,2018,47.0888175964355,20.3042850494385,18.8752136230469,15.2457141876221,16.1012859344482,37.8215134143829,19.8403522968292,15.5095639824867
2,2,67,-76.0749984513968,4.92499932833016,1929.56372070312,2018,43.3504295349121,19.9057140350342,18.4821643829346,14.5542860031128,14.7099590301514,31.3553552031517,19.8886603116989,15.1258135437965
2,3,67,-76.0749984513968,4.92499932833016,1929.56372070312,2018,33.8462791442871,20.4671421051025,18.9804286956787,14.1714286804199,14.5251064300537,20.215067088604,20.2088779211044,15.279205083847
2,4,67,-76.0749984513968,4.92499932833016,1929.56372070312,2018,33.9507179260254,21.8700008392334,20.1733245849609,13.9214286804199,15.2837419509888,29.2895128726959,20.1431485414505,15.0240023136139
2,5,67,-76.0749984513968,4.92499932833016,1929.56372070312,2018,41.7965621948242,22.4457149505615,20.8355083465576,12.7414283752441,13.7859630584717,20.067116856575,20.4638251066208,15.1261095404625
2,6,67,-76.0749984513968,4.92499932833016,1929.56372070312,2018,10.4779748916626,21.6599998474121,20.3009910583496,12.7771425247192,14.1734256744385,33.9481126666069,20.1948329210281,14.3104354143143
2,7,67,-76.0749984513968,4.92499932833016,1929.56372070312,2018,19.3450775146484,21.3542861938477,19.898078918457,12.6114282608032,13.2355451583862,32.8640556931496,20.3001229763031,15.1109766960144
2,8,67,-76.0749984513968,4.92499932833016,1929.56372070312,2018,37.8090133666992,20.7800006866455,19.1912994384766,15.877142906189,15.2123947143555,43.7871481776237,20.1122188568115,15.047575712204
2,9,67,-76.0749984513968,4.92499932833016,1929.56372070312,2018,0,21.5342864990234,19.937328338623,17.3700008392334,17.584321975708,38.7977415621281,20.0252641439438,14.9044454097748
2,10,67,-76.0749984513968,4.92499932833016,1929.56372070312,2018,5.83188915252686,22.581428527832,20.9176712036133,15.1042852401733,16.6546173095703,38.3204025030136,20.2115911245346,14.8174049258232
2,11,67,-76.0749984513968,4.92499932833016,1929.56372070312,2018,13.1065311431885,21.7585716247559,20.3550930023193,14.122857093811,16.3571224212646,55.5875186920166,20.0634917020798,14.7060156464577
2,12,67,-76.0749984513968,4.92499932833016,1929.56372070312,2018,76.4134216308594,21.5142860412598,19.9853115081787,13.9842853546143,14.9720335006714,48.810219168663,20.1532399654388,15.3864760398865
2,13,67,-76.0749984513968,4.92499932833016,1929.56372070312,2018,103.465797424316,21.5614280700684,19.9322052001953,12.2299995422363,13.2704782485962,49.3682237863541,20.307727098465,14.7573659420013
2,14,67,-76.0749984513968,4.92499932833016,1929.56372070312,2018,26.7868785858154,20.3228569030762,18.8714580535889,15.8042860031128,15.6924180984497,57.4027976989746,20.2653439044952,15.1829913854599
2,15,67,-76.0749984513968,4.92499932833016,1929.56372070312,2018,59.8044281005859,20.5171432495117,19.037670135498,15.792857170105,15.7729110717773,61.0633234977722,20.3321123123169,15.2439101934433
2,16,67,-76.0749984513968,4.92499932833016,1929.56372070312,2018,54.6150093078613,22.0428562164307,20.3580169677734,12.5771427154541,13.4165363311768,67.5350369811058,20.0465847253799,15.2098987698555
2,17,67,-76.0749984513968,4.92499932833016,1929.56372070312,2018,62.1056785583496,21.6142864227295,20.0892124176025,13.9799995422363,14.1993160247803,48.5609309673309,20.2472089529037,15.465117752552
2,18,67,-76.0749984513968,4.92499932833016,1929.56372070312,2018,44.239372253418,21.7114276885986,20.1439342498779,15.9214286804199,15.9805030822754,63.6876521110535,20.2292069196701,15.7431755661964
2,19,67,-76.0749984513968,4.92499932833016,1929.56372070312,2018,61.897102355957,20.6928577423096,19.3561935424805,15.3128566741943,15.1137742996216,53.9544937610626,20.4387331008911,15.4875288009644
2,20,67,-76.0749984513968,4.92499932833016,1929.56372070312,2018,35.786922454834,21.0957145690918,19.6316146850586,16.0485706329346,16.3013725280762,60.6507966518402,20.3445349931717,15.6176410317421
2,21,67,-76.0749984513968,4.92499932833016,1929.56372070312,2018,42.9750747680664,21.6514282226562,20.0277671813965,14.1957139968872,14.9466600418091,52.8694043159485,20.4251999855042,15.6067296266556
2,22,67,-76.0749984513968,4.92499932833016,1929.56372070312,2018,71.7586517333984,21.75,20.1460857391357,15.0542860031128,15.6720867156982,49.6720970869064,20.2021160125732,15.3667039871216
2,23,67,-76.0749984513968,4.92499932833016,1929.56372070312,2018,28.7884349822998,22.4371433258057,20.6104068756104,13.5642852783203,14.7661905288696,38.8525668382645,20.2078214883804,15.4299286603928
2,24,67,-76.0749984513968,4.92499932833016,1929.56372070312,2018,55.4775733947754,21.9657135009766,20.184606552124,15.6871433258057,16.5282974243164,43.482750415802,20.1436905860901,15.872209250927
2,25,67,-76.0749984513968,4.92499932833016,1929.56372070312,2018,29.1280822753906,21.6942863464355,19.8848323822021,15.7285718917847,16.3142681121826,38.3680404424667,20.1947326660156,16.1033096313477
2,26,67,-76.0749984513968,4.92499932833016,1929.56372070312,2018,49.7140693664551,21.2199993133545,19.4916725158691,15.0628566741943,15.8963899612427,42.9521758556366,20.1217050552368,15.9406327605247
2,27,67,-76.0749984513968,4.92499932833016,1929.56372070312,2018,13.3158178329468,21.7628574371338,20.0643482208252,17.1171436309814,17.2366752624512,36.787643879652,20.1484966278076,16.2239761352539
2,28,67,-76.0749984513968,4.92499932833016,1929.56372070312,2018,18.1599082946777,22.498571395874,20.5302906036377,15.6328573226929,16.6480503082275,27.0539867281914,20.1441991329193,16.3372083902359
2,29,67,-76.0749984513968,4.92499932833016,1929.56372070312,2018,40.1395950317383,22.2700004577637,20.420597076416,14.0357141494751,15.21692943573,26.0050020515919,20.3316723108292,16.5516287088394
2,30,67,-76.0749984513968,4.92499932833016,1929.56372070312,2018,35.5768585205078,21.8942852020264,20.1402835845947,15.2314281463623,15.6351356506348,30.9391958415508,20.2803369760513,16.2713267207146
2,31,67,-76.0749984513968,4.92499932833016,1929.56372070312,2018,74.3362426757812,21.5357151031494,19.7392749786377,16.9914283752441,16.6457214355469,40.6823887974024,20.2793974876404,16.6551331281662
2,32,67,-76.0749984513968,4.92499932833016,1929.56372070312,2018,7.53511524200439,22.5228576660156,20.3823528289795,18.3885707855225,19.7057418823242,25.8794076740742,20.244611620903,16.5803499817848
2,33,67,-76.0749984513968,4.92499932833016,1929.56372070312,2018,17.0511074066162,21.6385707855225,19.8035202026367,16.3428573608398,16.9145450592041,26.0605923831463,20.1136025190353,16.3376008868217
2,34,67,-76.0749984513968,4.92499932833016,1929.56372070312,2018,10.989953994751,22.1928577423096,20.2241172790527,16.8171424865723,18.3326072692871,36.8501608371735,20.0405871868134,16.5986201167107
2,35,67,-76.0749984513968,4.92499932833016,1929.56372070312,2018,9.60456371307373,21.6771430969238,20.0331916809082,16.1800003051758,17.2173824310303,34.2560681700706,20.1858509778976,17.340464413166
2,36,67,-76.0749984513968,4.92499932833016,1929.56372070312,2018,42.9674682617188,21.4028568267822,19.7367324829102,16.167142868042,16.5364398956299,33.4444524049759,20.0928647518158,16.9119984507561
2,37,67,-76.0749984513968,4.92499932833016,1929.56372070312,2018,65.8133239746094,20.8085708618164,19.3442134857178,15.3857145309448,15.5279531478882,30.4400677084923,20.1525301933289,16.9814229011536
2,38,67,-76.0749984513968,4.92499932833016,1929.56372070312,2018,14.1975593566895,22.3128566741943,20.54172706604,17.4657135009766,19.0575733184814,31.0522949695587,20.0085221529007,16.7431455850601
2,39,67,-76.0749984513968,4.92499932833016,1929.56372070312,2018,43.7835845947266,21.9114284515381,20.1523475646973,16.002857208252,16.6566467285156,42.182168841362,19.9579782485962,16.7024263739586
2,40,67,-76.0749984513968,4.92499932833016,1929.56372070312,2018,50.5427398681641,20.8085708618164,19.3383731842041,17.084285736084,17.0443954467773,42.8507987260818,19.7979493141174,16.3928956389427
2,41,67,-76.0749984513968,4.92499932833016,1929.56372070312,2018,26.7583465576172,20.1314277648926,18.7541389465332,16.8528575897217,16.4017181396484,66.4108219146729,19.6477242708206,15.594318985939
2,42,67,-76.0749984513968,4.92499932833016,1929.56372070312,2018,66.5945663452148,20.4099998474121,19.1473350524902,14.1142854690552,15.0548305511475,64.2424921989441,19.5468951463699,15.5237838625908
2,43,67,-76.0749984513968,4.92499932833016,1929.56372070312,2018,56.2858047485352,21.1385707855225,19.772876739502,15.3414287567139,15.5650100708008,61.4629871845245,19.4482234716415,15.1936875581741
2,44,67,-76.0749984513968,4.92499932833016,1929.56372070312,2018,91.2300720214844,20.8442859649658,19.2361373901367,14.3785715103149,14.6874876022339,68.0946063995361,19.3459661006927,15.3937776684761
2,45,67,-76.0749984513968,4.92499932833016,1929.56372070312,2018,52.7472686767578,21.0900001525879,19.6527061462402,15.1528568267822,15.5405654907227,63.933984875679,19.4959217309952,14.8450576663017
2,46,67,-76.0749984513968,4.92499932833016,1929.56372070312,2018,48.3200759887695,21.2214279174805,19.7921867370605,12.8971424102783,14.0542116165161,57.0863278508186,19.2161654233932,14.1554318070412
2,47,67,-76.0749984513968,4.92499932833016,1929.56372070312,2018,54.6431083679199,21.2057151794434,19.8179454803467,14.2285718917847,15.1142444610596,61.2729245424271,19.2743539810181,14.7450561523438
2,48,67,-76.0749984513968,4.92499932833016,1929.56372070312,2018,65.1157913208008,20.5628566741943,19.2371044158936,13.6728572845459,14.1538982391357,39.417445898056,19.4951856136322,14.2702730298042
2,49,67,-76.0749984513968,4.92499932833016,1929.56372070312,2018,0,20.8371429443359,19.2470836639404,15.4014282226562,15.6873178482056,54.8747626543045,19.4866075515747,14.3177394866943
2,50,67,-76.0749984513968,4.92499932833016,1929.56372070312,2018,64.6195449829102,21.9699993133545,20.2135410308838,13.3485717773438,14.8025932312012,36.0109887123108,19.6213207244873,14.2090789079666
2,51,67,-76.0749984513968,4.92499932833016,1929.56372070312,2018,15.9413318634033,21.8242855072021,20.064453125,13.8557138442993,15.2171478271484,51.339712023735,19.7269669771194,14.0888075232506
2,52,67,-76.0749984513968,4.92499932833016,1929.56372070312,2018,26.8422813415527,22.7671432495117,20.7646770477295,14.8957147598267,16.7215671539307,41.3227099180222,19.8809950351715,14.4481211900711
2,1,67,-76.0749984513968,4.92499932833016,1929.56372070312,2019,65.9712219238281,22.8028564453125,20.8373031616211,15.6214284896851,17.3113269805908,37.8215134143829,19.8403522968292,15.5095639824867
2,2,67,-76.0749984513968,4.92499932833016,1929.56372070312,2019,18.345588684082,20.4842853546143,18.9329738616943,14.9871425628662,14.6000576019287,31.3553552031517,19.8886603116989,15.1258135437965
2,3,67,-76.0749984513968,4.92499932833016,1929.56372070312,2019,16.3814086914062,22.8171424865723,21.0086784362793,12.3857145309448,14.0224561691284,20.215067088604,20.2088779211044,15.279205083847
2,4,67,-76.0749984513968,4.92499932833016,1929.56372070312,2019,0,22.9657135009766,21.3279762268066,12.4071426391602,15.0017013549805,29.2895128726959,20.1431485414505,15.0240023136139
2,5,67,-76.0749984513968,4.92499932833016,1929.56372070312,2019,43.8455581665039,21.7242851257324,20.3469066619873,12.8971424102783,14.3371706008911,20.067116856575,20.4638251066208,15.1261095404625
2,6,67,-76.0749984513968,4.92499932833016,1929.56372070312,2019,23.8773174285889,22.2057151794434,20.5498886108398,10.8614282608032,12.6600952148438,33.9481126666069,20.1948329210281,14.3104354143143
2,7,67,-76.0749984513968,4.92499932833016,1929.56372070312,2019,0,22.3728580474854,20.91162109375,13.252857208252,14.9525022506714,32.8640556931496,20.3001229763031,15.1109766960144
2,8,67,-76.0749984513968,4.92499932833016,1929.56372070312,2019,92.3286819458008,21.7971420288086,20.2748203277588,13.9014282226562,14.7489604949951,43.7871481776237,20.1122188568115,15.047575712204
2,9,67,-76.0749984513968,4.92499932833016,1929.56372070312,2019,8.15862369537354,21.8985710144043,20.3336868286133,14.9528570175171,14.5338535308838,38.7977415621281,20.0252641439438,14.9044454097748
2,10,67,-76.0749984513968,4.92499932833016,1929.56372070312,2019,44.6456680297852,22.5328578948975,20.9342288970947,13.9957141876221,14.3433828353882,38.3204025030136,20.2115911245346,14.8174049258232
2,11,67,-76.0749984513968,4.92499932833016,1929.56372070312,2019,24.5686454772949,22.1428565979004,20.5451221466064,12.7442855834961,13.7859954833984,55.5875186920166,20.0634917020798,14.7060156464577
2,12,67,-76.0749984513968,4.92499932833016,1929.56372070312,2019,90.138542175293,21.748571395874,20.1196022033691,12.1214284896851,12.4454164505005,48.810219168663,20.1532399654388,15.3864760398865
2,13,67,-76.0749984513968,4.92499932833016,1929.56372070312,2019,48.8305053710938,22.0071430206299,20.5034694671631,11.4771432876587,12.4221363067627,49.3682237863541,20.307727098465,14.7573659420013
2,14,67,-76.0749984513968,4.92499932833016,1929.56372070312,2019,68.0300598144531,21.417142868042,20.0490913391113,14.2242860794067,14.1394701004028,57.4027976989746,20.2653439044952,15.1829913854599
2,15,67,-76.0749984513968,4.92499932833016,1929.56372070312,2019,63.1638259887695,21.6457138061523,20.2622985839844,14.5585718154907,15.0333003997803,61.0633234977722,20.3321123123169,15.2439101934433
2,16,67,-76.0749984513968,4.92499932833016,1929.56372070312,2019,62.0401725769043,21.4785709381104,20.0182876586914,13.7171430587769,13.6459121704102,67.5350369811058,20.0465847253799,15.2098987698555
2,17,67,-76.0749984513968,4.92499932833016,1929.56372070312,2019,51.4360084533691,22.5485706329346,20.9904079437256,15.1971426010132,15.8254470825195,48.5609309673309,20.2472089529037,15.465117752552
2,18,67,-76.0749984513968,4.92499932833016,1929.56372070312,2019,18.7412700653076,22.747142791748,21.0956707000732,15.8414287567139,17.3843822479248,63.6876521110535,20.2292069196701,15.7431755661964
2,19,67,-76.0749984513968,4.92499932833016,1929.56372070312,2019,39.0475997924805,21.8485717773438,20.4309177398682,13.2299995422363,13.7754440307617,53.9544937610626,20.4387331008911,15.4875288009644
2,20,67,-76.0749984513968,4.92499932833016,1929.56372070312,2019,79.7713088989258,21.5642852783203,20.0709342956543,15.9899997711182,16.1360626220703,60.6507966518402,20.3445349931717,15.6176410317421
2,21,67,-76.0749984513968,4.92499932833016,1929.56372070312,2019,49.0133438110352,21.6614284515381,20.1503887176514,15.1599998474121,15.4147577285767,52.8694043159485,20.4251999855042,15.6067296266556
2,22,67,-76.0749984513968,4.92499932833016,1929.56372070312,2019,63.1143341064453,21.2971420288086,19.7940063476562,13.7314281463623,14.3771867752075,49.6720970869064,20.2021160125732,15.3667039871216
2,23,67,-76.0749984513968,4.92499932833016,1929.56372070312,2019,10.2591381072998,22.167142868042,20.4010124206543,14.4714288711548,15.6842756271362,38.8525668382645,20.2078214883804,15.4299286603928
2,24,67,-76.0749984513968,4.92499932833016,1929.56372070312,2019,96.6176300048828,22.0642852783203,20.4521598815918,15.5371427536011,16.4717960357666,43.482750415802,20.1436905860901,15.872209250927
2,25,67,-76.0749984513968,4.92499932833016,1929.56372070312,2019,50.6009712219238,22.5614280700684,20.5474643707275,13.1914281845093,14.4257698059082,38.3680404424667,20.1947326660156,16.1033096313477
2,26,67,-76.0749984513968,4.92499932833016,1929.56372070312,2019,26.0573196411133,22.3585720062256,20.6859359741211,14.1328573226929,15.4723701477051,42.9521758556366,20.1217050552368,15.9406327605247
2,27,67,-76.0749984513968,4.92499932833016,1929.56372070312,2019,54.2381935119629,22.3157138824463,20.45534324646,16.7414283752441,17.8427581787109,36.787643879652,20.1484966278076,16.2239761352539
2,28,67,-76.0749984513968,4.92499932833016,1929.56372070312,2019,26.5547008514404,21.6528568267822,19.9405078887939,15.4642858505249,16.0398902893066,27.0539867281914,20.1441991329193,16.3372083902359
2,29,67,-76.0749984513968,4.92499932833016,1929.56372070312,2019,0,22.7071437835693,20.6919364929199,16.5128574371338,17.459077835083,26.0050020515919,20.3316723108292,16.5516287088394
2,30,67,-76.0749984513968,4.92499932833016,1929.56372070312,2019,50.7236099243164,21.8728580474854,20.1328220367432,15.3371429443359,16.1077919006348,30.9391958415508,20.2803369760513,16.2713267207146
2,31,67,-76.0749984513968,4.92499932833016,1929.56372070312,2019,26.2768573760986,22.4599990844727,20.6061916351318,16.2257137298584,17.0385303497314,40.6823887974024,20.2793974876404,16.6551331281662
2,32,67,-76.0749984513968,4.92499932833016,1929.56372070312,2019,10.9488210678101,22.8828563690186,20.9968852996826,16.5557136535645,17.7677574157715,25.8794076740742,20.244611620903,16.5803499817848
2,33,67,-76.0749984513968,4.92499932833016,1929.56372070312,2019,10.0056180953979,22.0442848205566,20.2234554290771,14.9328575134277,15.0024557113647,26.0605923831463,20.1136025190353,16.3376008868217
2,34,67,-76.0749984513968,4.92499932833016,1929.56372070312,2019,9.20668697357178,22.5242862701416,20.646785736084,18.5785713195801,19.291482925415,36.8501608371735,20.0405871868134,16.5986201167107
2,35,67,-76.0749984513968,4.92499932833016,1929.56372070312,2019,13.9156742095947,22.2557144165039,20.5537166595459,14.6499996185303,16.4733772277832,34.2560681700706,20.1858509778976,17.340464413166
2,36,67,-76.0749984513968,4.92499932833016,1929.56372070312,2019,34.3611030578613,22.3457145690918,20.7020454406738,16.252857208252,17.7571506500244,33.4444524049759,20.0928647518158,16.9119984507561
2,37,67,-76.0749984513968,4.92499932833016,1929.56372070312,2019,24.2064666748047,22.2057151794434,20.6464252471924,15.455714225769,17.0387382507324,30.4400677084923,20.1525301933289,16.9814229011536
2,38,67,-76.0749984513968,4.92499932833016,1929.56372070312,2019,36.0396499633789,20.8828563690186,19.4773235321045,14.4714288711548,14.7939586639404,31.0522949695587,20.0085221529007,16.7431455850601
2,39,67,-76.0749984513968,4.92499932833016,1929.56372070312,2019,84.7908477783203,21.1371421813965,19.6724319458008,16.2142848968506,16.8051738739014,42.182168841362,19.9579782485962,16.7024263739586
2,40,67,-76.0749984513968,4.92499932833016,1929.56372070312,2019,29.9674091339111,20.9071426391602,19.5124015808105,16.4757137298584,16.7736110687256,42.8507987260818,19.7979493141174,16.3928956389427
2,41,67,-76.0749984513968,4.92499932833016,1929.56372070312,2019,111.491561889648,21.1000003814697,19.591760635376,16.3999996185303,16.3128910064697,66.4108219146729,19.6477242708206,15.594318985939
2,42,67,-76.0749984513968,4.92499932833016,1929.56372070312,2019,49.077766418457,20.3471431732178,18.9575538635254,15.5385713577271,15.9328050613403,64.2424921989441,19.5468951463699,15.5237838625908
2,43,67,-76.0749984513968,4.92499932833016,1929.56372070312,2019,69.4968185424805,20.7185707092285,19.2887496948242,15.5685710906982,15.9485998153687,61.4629871845245,19.4482234716415,15.1936875581741
2,44,67,-76.0749984513968,4.92499932833016,1929.56372070312,2019,43.2488288879395,21.1814289093018,19.7638759613037,14.3885717391968,15.840558052063,68.0946063995361,19.3459661006927,15.3937776684761
2,45,67,-76.0749984513968,4.92499932833016,1929.56372070312,2019,100.843826293945,21.3271427154541,19.8166065216064,14.2271432876587,14.9849510192871,63.933984875679,19.4959217309952,14.8450576663017
2,46,67,-76.0749984513968,4.92499932833016,1929.56372070312,2019,46.3940963745117,20.5599994659424,19.1430110931396,13.0528573989868,13.5502004623413,57.0863278508186,19.2161654233932,14.1554318070412
2,47,67,-76.0749984513968,4.92499932833016,1929.56372070312,2019,26.445182800293,21.0285720825195,19.5845336914062,15.622857093811,15.6042051315308,61.2729245424271,19.2743539810181,14.7450561523438
2,48,67,-76.0749984513968,4.92499932833016,1929.56372070312,2019,24.9966278076172,21.7385711669922,20.2440299987793,12.6085710525513,13.8689613342285,39.417445898056,19.4951856136322,14.2702730298042
2,49,67,-76.0749984513968,4.92499932833016,1929.56372070312,2019,29.0557231903076,21.2385711669922,19.7651119232178,14.1371431350708,15.0318784713745,54.8747626543045,19.4866075515747,14.3177394866943
2,50,67,-76.0749984513968,4.92499932833016,1929.56372070312,2019,0,20.8914279937744,19.457893371582,13.8385715484619,13.9867916107178,36.0109887123108,19.6213207244873,14.2090789079666
2,51,67,-76.0749984513968,4.92499932833016,1929.56372070312,2019,80.6211929321289,21.8371429443359,20.3602180480957,13.2842855453491,14.1500616073608,51.339712023735,19.7269669771194,14.0888075232506
2,52,67,-76.0749984513968,4.92499932833016,1929.56372070312,2019,29.2800464630127,22.3842849731445,20.8506469726562,12.7414283752441,14.0774383544922,41.3227099180222,19.8809950351715,14.4481211900711
2,1,67,-76.0749984513968,4.92499932833016,1929.56372070312,2020,0,21.7014293670654,20.241870880127,16.5714282989502,17.8698101043701,37.8215134143829,19.8403522968292,15.5095639824867
2,2,67,-76.0749984513968,4.92499932833016,1929.56372070312,2020,0,23.3571434020996,21.1562595367432,17.6271419525146,19.3873043060303,31.3553552031517,19.8886603116989,15.1258135437965
2,3,67,-76.0749984513968,4.92499932833016,1929.56372070312,2020,8.32136917114258,23.4342861175537,21.4845714569092,13.7985715866089,14.6969051361084,20.215067088604,20.2088779211044,15.279205083847
2,4,67,-76.0749984513968,4.92499932833016,1929.56372070312,2020,84.4775924682617,21.1142864227295,19.622537612915,14.7757139205933,14.5999937057495,29.2895128726959,20.1431485414505,15.0240023136139
2,5,67,-76.0749984513968,4.92499932833016,1929.56372070312,2020,7.50745868682861,22.4028568267822,20.7989025115967,15.8114290237427,17.0662937164307,20.067116856575,20.4638251066208,15.1261095404625
2,6,67,-76.0749984513968,4.92499932833016,1929.56372070312,2020,0,23.3128566741943,21.3706340789795,17.0628566741943,18.9805107116699,33.9481126666069,20.1948329210281,14.3104354143143
2,7,67,-76.0749984513968,4.92499932833016,1929.56372070312,2020,11.8208799362183,23.8214282989502,21.8356304168701,14.917142868042,17.2138519287109,32.8640556931496,20.3001229763031,15.1109766960144
2,8,67,-76.0749984513968,4.92499932833016,1929.56372070312,2020,24.8930969238281,22.5385723114014,20.9828147888184,14.0042858123779,14.527811050415,43.7871481776237,20.1122188568115,15.047575712204
2,9,67,-76.0749984513968,4.92499932833016,1929.56372070312,2020,36.6704788208008,22.1157150268555,20.6129779815674,14.5671424865723,15.362473487854,38.7977415621281,20.0252641439438,14.9044454097748
2,10,67,-76.0749984513968,4.92499932833016,1929.56372070312,2020,25.303150177002,23.3042850494385,21.5999183654785,13.9542856216431,15.4036178588867,38.3204025030136,20.2115911245346,14.8174049258232
2,11,67,-76.0749984513968,4.92499932833016,1929.56372070312,2020,67.0195236206055,22.1914291381836,20.7149696350098,12.375714302063,13.316258430481,55.5875186920166,20.0634917020798,14.7060156464577
2,12,67,-76.0749984513968,4.92499932833016,1929.56372070312,2020,0,22.1171436309814,20.3805122375488,17.6571426391602,17.3245029449463,48.810219168663,20.1532399654388,15.3864760398865
2,13,67,-76.0749984513968,4.92499932833016,1929.56372070312,2020,40.1603927612305,22.0400009155273,20.5224666595459,12.6000003814697,13.9735136032104,49.3682237863541,20.307727098465,14.7573659420013
2,14,67,-76.0749984513968,4.92499932833016,1929.56372070312,2020,0,22.8614292144775,21.3504943847656,14.2385711669922,14.719708442688,57.4027976989746,20.2653439044952,15.1829913854599
2,15,67,-76.0749984513968,4.92499932833016,1929.56372070312,2020,135.483535766602,22.4942855834961,20.9973926544189,12.7885713577271,13.1499786376953,61.0633234977722,20.3321123123169,15.2439101934433
2,16,67,-76.0749984513968,4.92499932833016,1929.56372070312,2020,46.4210777282715,21.4214286804199,20.010232925415,15.4914283752441,15.2831029891968,67.5350369811058,20.0465847253799,15.2098987698555
2,17,67,-76.0749984513968,4.92499932833016,1929.56372070312,2020,26.4780044555664,21.7628574371338,20.289098739624,15.3628568649292,16.1048336029053,48.5609309673309,20.2472089529037,15.465117752552
2,18,67,-76.0749984513968,4.92499932833016,1929.56372070312,2020,40.0483932495117,22.9214286804199,21.3145484924316,15.3085718154907,15.7342872619629,63.6876521110535,20.2292069196701,15.7431755661964
2,19,67,-76.0749984513968,4.92499932833016,1929.56372070312,2020,15.074125289917,23.1014289855957,21.4193267822266,14.5071430206299,15.658896446228,53.9544937610626,20.4387331008911,15.4875288009644
2,20,67,-76.0749984513968,4.92499932833016,1929.56372070312,2020,39.5532455444336,22.3614292144775,20.7574348449707,15.4342861175537,16.0804862976074,60.6507966518402,20.3445349931717,15.6176410317421
2,21,67,-76.0749984513968,4.92499932833016,1929.56372070312,2020,27.5052947998047,23.2014293670654,21.4434604644775,14.5128574371338,16.4166507720947,52.8694043159485,20.4251999855042,15.6067296266556
2,22,67,-76.0749984513968,4.92499932833016,1929.56372070312,2020,59.7053070068359,20.9571437835693,19.5067729949951,13.497142791748,13.7651987075806,49.6720970869064,20.2021160125732,15.3667039871216
2,23,67,-76.0749984513968,4.92499932833016,1929.56372070312,2020,36.0497817993164,22.0314292907715,20.2487545013428,14.7600002288818,15.5301790237427,38.8525668382645,20.2078214883804,15.4299286603928
2,24,67,-76.0749984513968,4.92499932833016,1929.56372070312,2020,19.6396217346191,21.2314281463623,19.7311687469482,15.457142829895,15.7443380355835,43.482750415802,20.1436905860901,15.872209250927
2,25,67,-76.0749984513968,4.92499932833016,1929.56372070312,2020,27.5576019287109,22.2399997711182,20.4590301513672,15.4728574752808,15.9829654693604,38.3680404424667,20.1947326660156,16.1033096313477
2,26,67,-76.0749984513968,4.92499932833016,1929.56372070312,2020,31.9908275604248,22.3199996948242,20.4908695220947,14.667142868042,15.3778066635132,42.9521758556366,20.1217050552368,15.9406327605247
2,27,67,-76.0749984513968,4.92499932833016,1929.56372070312,2020,65.791877746582,21.5257148742676,19.900562286377,13.6142854690552,14.5245914459229,36.787643879652,20.1484966278076,16.2239761352539
2,28,67,-76.0749984513968,4.92499932833016,1929.56372070312,2020,76.9778442382812,21.6485710144043,19.9399394989014,16.7628574371338,17.0468349456787,27.0539867281914,20.1441991329193,16.3372083902359
2,29,67,-76.0749984513968,4.92499932833016,1929.56372070312,2020,24.6950778961182,22.2185707092285,20.288366317749,16.9371433258057,17.418004989624,26.0050020515919,20.3316723108292,16.5516287088394
2,30,67,-76.0749984513968,4.92499932833016,1929.56372070312,2020,49.8633995056152,21.2957134246826,19.6565361022949,15.1957139968872,15.3116178512573,30.9391958415508,20.2803369760513,16.2713267207146
2,31,67,-76.0749984513968,4.92499932833016,1929.56372070312,2020,36.3855400085449,22.9314289093018,20.9783020019531,17.6914291381836,18.6424922943115,40.6823887974024,20.2793974876404,16.6551331281662
2,32,67,-76.0749984513968,4.92499932833016,1929.56372070312,2020,7.44264268875122,22.5900001525879,20.7284851074219,13.4342861175537,14.964958190918,25.8794076740742,20.244611620903,16.5803499817848
2,33,67,-76.0749984513968,4.92499932833016,1929.56372070312,2020,41.454776763916,21.7728576660156,20.286600112915,13.3800001144409,14.4971904754639,26.0605923831463,20.1136025190353,16.3376008868217
2,34,67,-76.0749984513968,4.92499932833016,1929.56372070312,2020,48.2028579711914,20.7057151794434,19.292387008667,13.9014282226562,14.6567182540894,36.8501608371735,20.0405871868134,16.5986201167107
2,35,67,-76.0749984513968,4.92499932833016,1929.56372070312,2020,44.3398590087891,21.0428562164307,19.5757064819336,14.957142829895,16.1787014007568,34.2560681700706,20.1858509778976,17.340464413166
2,36,67,-76.0749984513968,4.92499932833016,1929.56372070312,2020,42.0577354431152,21.3371429443359,19.8434944152832,15.458571434021,16.5889987945557,33.4444524049759,20.0928647518158,16.9119984507561
2,37,67,-76.0749984513968,4.92499932833016,1929.56372070312,2020,44.4521369934082,21.9314289093018,20.3896007537842,16.9357147216797,17.8977355957031,30.4400677084923,20.1525301933289,16.9814229011536
2,38,67,-76.0749984513968,4.92499932833016,1929.56372070312,2020,21.0178604125977,21.2657146453857,19.8008155822754,17.0114288330078,17.2980175018311,31.0522949695587,20.0085221529007,16.7431455850601
2,39,67,-76.0749984513968,4.92499932833016,1929.56372070312,2020,7.02161407470703,21.5057144165039,19.9277687072754,14.998571395874,16.2676410675049,42.182168841362,19.9579782485962,16.7024263739586
2,40,67,-76.0749984513968,4.92499932833016,1929.56372070312,2020,21.0648422241211,21.418571472168,19.8848915100098,15.6928567886353,16.5623168945312,42.8507987260818,19.7979493141174,16.3928956389427
2,41,67,-76.0749984513968,4.92499932833016,1929.56372070312,2020,64.5687408447266,21.9014282226562,20.1946411132812,16.3257141113281,17.0560035705566,66.4108219146729,19.6477242708206,15.594318985939
2,42,67,-76.0749984513968,4.92499932833016,1929.56372070312,2020,37.0701637268066,21.8157138824463,20.1482677459717,14.1428575515747,15.4952869415283,64.2424921989441,19.5468951463699,15.5237838625908
2,43,67,-76.0749984513968,4.92499932833016,1929.56372070312,2020,56.4963760375977,21.3428573608398,19.9223976135254,14.6842861175537,15.3839750289917,61.4629871845245,19.4482234716415,15.1936875581741
2,44,67,-76.0749984513968,4.92499932833016,1929.56372070312,2020,51.1793556213379,21.165714263916,19.7866897583008,16.5785713195801,16.4027404785156,68.0946063995361,19.3459661006927,15.3937776684761
2,45,67,-76.0749984513968,4.92499932833016,1929.56372070312,2020,32.1671485900879,20.5671424865723,19.2867431640625,13.1442861557007,13.6207895278931,63.933984875679,19.4959217309952,14.8450576663017
2,46,67,-76.0749984513968,4.92499932833016,1929.56372070312,2020,49.9410934448242,20.5285720825195,19.1180992126465,14.2399997711182,14.0716075897217,57.0863278508186,19.2161654233932,14.1554318070412
2,47,67,-76.0749984513968,4.92499932833016,1929.56372070312,2020,59.7928237915039,20.9042854309082,19.5114650726318,13.6785717010498,14.8888854980469,61.2729245424271,19.2743539810181,14.7450561523438
2,48,67,-76.0749984513968,4.92499932833016,1929.56372070312,2020,44.2715759277344,21.3914279937744,19.8997440338135,13.6042852401733,14.2313003540039,39.417445898056,19.4951856136322,14.2702730298042
2,49,67,-76.0749984513968,4.92499932833016,1929.56372070312,2020,36.0269432067871,21.3257141113281,19.9435844421387,14.1099996566772,15.2885589599609,54.8747626543045,19.4866075515747,14.3177394866943
2,50,67,-76.0749984513968,4.92499932833016,1929.56372070312,2020,24.2905254364014,21.3714294433594,19.9484100341797,14.9128570556641,15.8254899978638,36.0109887123108,19.6213207244873,14.2090789079666
2,51,67,-76.0749984513968,4.92499932833016,1929.56372070312,2020,29.758451461792,21.3514289855957,19.8766555786133,13.9928569793701,14.707407951355,51.339712023735,19.7269669771194,14.0888075232506
2,52,67,-76.0749984513968,4.92499932833016,1929.56372070312,2020,65.4200820922852,20.3828563690186,18.9414577484131,13.8542852401733,14.354588508606,41.3227099180222,19.8809950351715,14.4481211900711
2,1,67,-76.0749984513968,4.92499932833016,1929.56372070312,2021,37.6821975708008,20.6485710144043,19.2907428741455,13.4799995422363,14.428466796875,37.8215134143829,19.8403522968292,15.5095639824867
2,2,67,-76.0749984513968,4.92499932833016,1929.56372070312,2021,54.4766044616699,21.5514278411865,19.9827251434326,14.6842861175537,15.7255992889404,31.3553552031517,19.8886603116989,15.1258135437965
2,3,67,-76.0749984513968,4.92499932833016,1929.56372070312,2021,0,22.3842849731445,20.7856693267822,14.6885709762573,16.6911792755127,20.215067088604,20.2088779211044,15.279205083847
2,4,67,-76.0749984513968,4.92499932833016,1929.56372070312,2021,12.8628740310669,22.3400001525879,20.6911602020264,14.5714282989502,14.9861860275269,29.2895128726959,20.1431485414505,15.0240023136139
2,5,67,-76.0749984513968,4.92499932833016,1929.56372070312,2021,32.4093704223633,23.2600002288818,21.4199352264404,14.8557138442993,16.7264060974121,20.067116856575,20.4638251066208,15.1261095404625
2,6,67,-76.0749984513968,4.92499932833016,1929.56372070312,2021,24.1443099975586,22.3028564453125,20.6791286468506,14.1285715103149,15.2658748626709,33.9481126666069,20.1948329210281,14.3104354143143
2,7,67,-76.0749984513968,4.92499932833016,1929.56372070312,2021,31.041259765625,21.6771430969238,20.1829891204834,14.4657144546509,14.199634552002,32.8640556931496,20.3001229763031,15.1109766960144
2,8,67,-76.0749984513968,4.92499932833016,1929.56372070312,2021,75.1657867431641,22.0242862701416,20.4863777160645,16.5114288330078,15.7406282424927,43.7871481776237,20.1122188568115,15.047575712204
2,9,67,-76.0749984513968,4.92499932833016,1929.56372070312,2021,52.3289108276367,21.2914295196533,19.8833694458008,14.8814287185669,14.8238096237183,38.7977415621281,20.0252641439438,14.9044454097748
2,10,67,-76.0749984513968,4.92499932833016,1929.56372070312,2021,38.0116691589355,21.3728580474854,19.8315601348877,13.3157138824463,13.6200294494629,38.3204025030136,20.2115911245346,14.8174049258232
2,11,67,-76.0749984513968,4.92499932833016,1929.56372070312,2021,58.1940002441406,21.0271434783936,19.4307079315186,15.1357145309448,15.2093124389648,55.5875186920166,20.0634917020798,14.7060156464577
2,12,67,-76.0749984513968,4.92499932833016,1929.56372070312,2021,30.9685974121094,21.3157138824463,19.7489624023438,15.794285774231,15.6572360992432,48.810219168663,20.1532399654388,15.3864760398865
2,13,67,-76.0749984513968,4.92499932833016,1929.56372070312,2021,52.5270004272461,22.1399993896484,20.5431518554688,12.8228569030762,14.0935220718384,49.3682237863541,20.307727098465,14.7573659420013
2,14,67,-76.0749984513968,4.92499932833016,1929.56372070312,2021,87.5355453491211,21.9871425628662,20.4039077758789,14.3100004196167,15.1989965438843,57.4027976989746,20.2653439044952,15.1829913854599
2,15,67,-76.0749984513968,4.92499932833016,1929.56372070312,2021,27.1189346313477,22.3071422576904,20.6383399963379,14.8857145309448,15.1313972473145,61.0633234977722,20.3321123123169,15.2439101934433
2,16,67,-76.0749984513968,4.92499932833016,1929.56372070312,2021,118.604957580566,21.3857135772705,19.9577407836914,16.5957145690918,17.2923069000244,67.5350369811058,20.0465847253799,15.2098987698555
2,17,67,-76.0749984513968,4.92499932833016,1929.56372070312,2021,46.2335662841797,21.3971424102783,20.0070705413818,14.2571430206299,14.3782234191895,48.5609309673309,20.2472089529037,15.465117752552
2,18,67,-76.0749984513968,4.92499932833016,1929.56372070312,2021,45.0872993469238,20.8285713195801,19.3240489959717,16.8814277648926,16.4807586669922,63.6876521110535,20.2292069196701,15.7431755661964
2,19,67,-76.0749984513968,4.92499932833016,1929.56372070312,2021,61.5887641906738,22.5685710906982,20.8194065093994,16.4771423339844,17.5619716644287,53.9544937610626,20.4387331008911,15.4875288009644
2,20,67,-76.0749984513968,4.92499932833016,1929.56372070312,2021,50.9660530090332,22.4085712432861,20.8404350280762,15.66428565979,16.8603458404541,60.6507966518402,20.3445349931717,15.6176410317421
2,21,67,-76.0749984513968,4.92499932833016,1929.56372070312,2021,49.3734664916992,22.8799991607666,21.1688365936279,14.210000038147,14.9687509536743,52.8694043159485,20.4251999855042,15.6067296266556
2,22,67,-76.0749984513968,4.92499932833016,1929.56372070312,2021,36.387077331543,21.66428565979,20.1464729309082,15.9085712432861,16.0562896728516,49.6720970869064,20.2021160125732,15.3667039871216
2,23,67,-76.0749984513968,4.92499932833016,1929.56372070312,2021,56.5331344604492,21.3700008392334,19.8326091766357,11.8685712814331,12.8583240509033,38.8525668382645,20.2078214883804,15.4299286603928
2,24,67,-76.0749984513968,4.92499932833016,1929.56372070312,2021,49.0044059753418,21.2357139587402,19.6027050018311,15.4685716629028,15.7631435394287,43.482750415802,20.1436905860901,15.872209250927
2,25,67,-76.0749984513968,4.92499932833016,1929.56372070312,2021,25.3653411865234,21.8600006103516,19.9332733154297,15.752857208252,16.2768383026123,38.3680404424667,20.1947326660156,16.1033096313477
2,26,67,-76.0749984513968,4.92499932833016,1929.56372070312,2021,38.4218368530273,21.4757137298584,19.7277278900146,15.8800001144409,16.2678298950195,42.9521758556366,20.1217050552368,15.9406327605247
2,27,67,-76.0749984513968,4.92499932833016,1929.56372070312,2021,5.70886373519897,22.3242855072021,20.3114128112793,16.9400005340576,17.7168254852295,36.787643879652,20.1484966278076,16.2239761352539
2,28,67,-76.0749984513968,4.92499932833016,1929.56372070312,2021,9.34900665283203,22.4814281463623,20.6377754211426,15.2557144165039,15.8148956298828,27.0539867281914,20.1441991329193,16.3372083902359
2,29,67,-76.0749984513968,4.92499932833016,1929.56372070312,2021,17.118314743042,22.7157135009766,20.7875938415527,15.667142868042,16.449857711792,26.0050020515919,20.3316723108292,16.5516287088394
2,30,67,-76.0749984513968,4.92499932833016,1929.56372070312,2021,37.068920135498,21.4528579711914,19.8830375671387,12.957142829895,13.7467823028564,30.9391958415508,20.2803369760513,16.2713267207146
2,31,67,-76.0749984513968,4.92499932833016,1929.56372070312,2021,39.1533699035645,22.8028564453125,20.8150596618652,16.8257141113281,17.3673038482666,40.6823887974024,20.2793974876404,16.6551331281662
2,32,67,-76.0749984513968,4.92499932833016,1929.56372070312,2021,26.1746063232422,21.8528575897217,20.2286167144775,15.2871427536011,16.5940971374512,25.8794076740742,20.244611620903,16.5803499817848
2,33,67,-76.0749984513968,4.92499932833016,1929.56372070312,2021,59.433895111084,21.3299999237061,19.8920154571533,15.7414283752441,15.5472640991211,26.0605923831463,20.1136025190353,16.3376008868217
2,34,67,-76.0749984513968,4.92499932833016,1929.56372070312,2021,37.7010040283203,20.9728565216064,19.698974609375,15.8114290237427,16.2278842926025,36.8501608371735,20.0405871868134,16.5986201167107
2,35,67,-76.0749984513968,4.92499932833016,1929.56372070312,2021,52.7779731750488,21.4557151794434,20.0620613098145,16.5228576660156,16.7587490081787,34.2560681700706,20.1858509778976,17.340464413166
2,36,67,-76.0749984513968,4.92499932833016,1929.56372070312,2021,53.6872749328613,21.4842853546143,20.1508312225342,17.1385707855225,17.204553604126,33.4444524049759,20.0928647518158,16.9119984507561
2,37,67,-76.0749984513968,4.92499932833016,1929.56372070312,2021,30.2452163696289,22.0928573608398,20.4701328277588,16.9057140350342,17.6975078582764,30.4400677084923,20.1525301933289,16.9814229011536
2,38,67,-76.0749984513968,4.92499932833016,1929.56372070312,2021,17.5214023590088,21.9599990844727,20.3563938140869,17.1571426391602,17.4202060699463,31.0522949695587,20.0085221529007,16.7431455850601
2,39,67,-76.0749984513968,4.92499932833016,1929.56372070312,2021,27.6621437072754,21.7814292907715,20.0909786224365,17.4228572845459,17.7533893585205,42.182168841362,19.9579782485962,16.7024263739586
2,40,67,-76.0749984513968,4.92499932833016,1929.56372070312,2021,63.625186920166,21.8857135772705,20.5792388916016,15.8171424865723,16.8807697296143,42.8507987260818,19.7979493141174,16.3928956389427
2,41,67,-76.0749984513968,4.92499932833016,1929.56372070312,2021,47.5978775024414,21.7385711669922,20.3429698944092,14.6071424484253,15.3300714492798,66.4108219146729,19.6477242708206,15.594318985939
2,42,67,-76.0749984513968,4.92499932833016,1929.56372070312,2021,34.1932830810547,21.3099994659424,19.9433040618896,16.497142791748,16.7875843048096,64.2424921989441,19.5468951463699,15.5237838625908
2,43,67,-76.0749984513968,4.92499932833016,1929.56372070312,2021,51.8139610290527,20.9571437835693,19.6773948669434,16.0942859649658,16.2081394195557,61.4629871845245,19.4482234716415,15.1936875581741
2,44,67,-76.0749984513968,4.92499932833016,1929.56372070312,2021,45.977409362793,21.0699996948242,19.7020053863525,16.9257144927979,16.5344257354736,68.0946063995361,19.3459661006927,15.3937776684761
2,45,67,-76.0749984513968,4.92499932833016,1929.56372070312,2021,21.4858512878418,21.0057144165039,19.7140960693359,15.1871433258057,15.7143125534058,63.933984875679,19.4959217309952,14.8450576663017
2,46,67,-76.0749984513968,4.92499932833016,1929.56372070312,2021,48.0618515014648,21.1299991607666,19.7627563476562,14.041428565979,15.0204343795776,57.0863278508186,19.2161654233932,14.1554318070412
2,47,67,-76.0749984513968,4.92499932833016,1929.56372070312,2021,24.6726379394531,20.5157146453857,19.1416702270508,12.9128570556641,13.3728170394897,61.2729245424271,19.2743539810181,14.7450561523438
2,48,67,-76.0749984513968,4.92499932833016,1929.56372070312,2021,80.8371429443359,21.1385707855225,19.7079982757568,14.3914289474487,15.1289463043213,39.417445898056,19.4951856136322,14.2702730298042
2,49,67,-76.0749984513968,4.92499932833016,1929.56372070312,2021,79.6447601318359,22.0928573608398,20.5946674346924,12.1128568649292,13.5274906158447,54.8747626543045,19.4866075515747,14.3177394866943
2,50,67,-76.0749984513968,4.92499932833016,1929.56372070312,2021,53.464225769043,20.9485721588135,19.5454196929932,10.9085712432861,12.3821563720703,36.0109887123108,19.6213207244873,14.2090789079666
2,51,67,-76.0749984513968,4.92499932833016,1929.56372070312,2021,52.1930656433105,20.8614292144775,19.4548797607422,11.6585712432861,12.5524129867554,51.339712023735,19.7269669771194,14.0888075232506
2,52,67,-76.0749984513968,4.92499932833016,1929.56372070312,2021,41.1274642944336,21.1571426391602,19.7598209381104,12.582857131958,13.506872177124,41.3227099180222,19.8809950351715,14.4481211900711
2,1,67,-76.0749984513968,4.92499932833016,1929.56372070312,2022,35.1113357543945,21.2628574371338,19.6278972625732,11.7557144165039,12.7183132171631,37.8215134143829,19.8403522968292,15.5095639824867
2,2,67,-76.0749984513968,4.92499932833016,1929.56372070312,2022,49.0841293334961,20.5371437072754,19.0945434570312,14.5228567123413,14.3187351226807,31.3553552031517,19.8886603116989,15.1258135437965
2,3,67,-76.0749984513968,4.92499932833016,1929.56372070312,2022,0,22.1442852020264,20.5485935211182,14.1171426773071,15.3307819366455,20.215067088604,20.2088779211044,15.279205083847
2,4,67,-76.0749984513968,4.92499932833016,1929.56372070312,2022,7.97965526580811,21.0471420288086,19.6964683532715,11.998571395874,12.8645000457764,29.2895128726959,20.1431485414505,15.0240023136139
2,5,67,-76.0749984513968,4.92499932833016,1929.56372070312,2022,11.0449066162109,21.25,19.7740459442139,14.3842859268188,16.1972961425781,20.067116856575,20.4638251066208,15.1261095404625
2,6,67,-76.0749984513968,4.92499932833016,1929.56372070312,2022,0,20.9357147216797,19.4101409912109,13.6871433258057,13.5356311798096,33.9481126666069,20.1948329210281,14.3104354143143
2,7,67,-76.0749984513968,4.92499932833016,1929.56372070312,2022,70.1722259521484,21.0528564453125,19.6651782989502,13.1428575515747,13.272590637207,32.8640556931496,20.3001229763031,15.1109766960144
2,8,67,-76.0749984513968,4.92499932833016,1929.56372070312,2022,98.5922698974609,21.4128570556641,19.9146003723145,14.9471426010132,15.6409873962402,43.7871481776237,20.1122188568115,15.047575712204
2,9,67,-76.0749984513968,4.92499932833016,1929.56372070312,2022,40.4846496582031,20.6428565979004,19.2305564880371,13.3100004196167,12.8771228790283,38.7977415621281,20.0252641439438,14.9044454097748
2,10,67,-76.0749984513968,4.92499932833016,1929.56372070312,2022,108.523948669434,20.9071426391602,19.3637256622314,18.2571430206299,17.2725353240967,38.3204025030136,20.2115911245346,14.8174049258232
2,11,67,-76.0749984513968,4.92499932833016,1929.56372070312,2022,0,21.3957138061523,19.9185848236084,17.2785720825195,17.5085430145264,55.5875186920166,20.0634917020798,14.7060156464577
2,12,67,-76.0749984513968,4.92499932833016,1929.56372070312,2022,74.9072952270508,21.3514289855957,20.0703620910645,14.9514284133911,14.9212408065796,48.810219168663,20.1532399654388,15.3864760398865
2,13,67,-76.0749984513968,4.92499932833016,1929.56372070312,2022,63.7427101135254,21.1242866516113,19.7572650909424,14.1728572845459,14.2594366073608,49.3682237863541,20.307727098465,14.7573659420013
2,14,67,-76.0749984513968,4.92499932833016,1929.56372070312,2022,64.5284118652344,21.8057136535645,20.3111267089844,15.2228574752808,15.6319370269775,57.4027976989746,20.2653439044952,15.1829913854599
2,15,67,-76.0749984513968,4.92499932833016,1929.56372070312,2022,46.6073837280273,22.168571472168,20.6343479156494,15.4285717010498,15.7109251022339,61.0633234977722,20.3321123123169,15.2439101934433
2,16,67,-76.0749984513968,4.92499932833016,1929.56372070312,2022,64.2128067016602,20.7128562927246,19.1269111633301,14.2414283752441,13.9837713241577,67.5350369811058,20.0465847253799,15.2098987698555
2,17,67,-76.0749984513968,4.92499932833016,1929.56372070312,2022,25.4882736206055,21.3614292144775,19.8532657623291,15.3685712814331,15.105541229248,48.5609309673309,20.2472089529037,15.465117752552
2,18,67,-76.0749984513968,4.92499932833016,1929.56372070312,2022,50.451171875,22.2057151794434,20.5282535552979,14.25,15.5077924728394,63.6876521110535,20.2292069196701,15.7431755661964
2,19,67,-76.0749984513968,4.92499932833016,1929.56372070312,2022,21.7763595581055,21.998571395874,20.3755569458008,14.4028568267822,15.082950592041,53.9544937610626,20.4387331008911,15.4875288009644
2,20,67,-76.0749984513968,4.92499932833016,1929.56372070312,2022,65.9928512573242,21.6242866516113,20.1869525909424,13.8614282608032,14.1326999664307,60.6507966518402,20.3445349931717,15.6176410317421
2,21,67,-76.0749984513968,4.92499932833016,1929.56372070312,2022,59.207103729248,21.9342861175537,20.1539058685303,15.0557146072388,15.6540861129761,52.8694043159485,20.4251999855042,15.6067296266556
2,22,67,-76.0749984513968,4.92499932833016,1929.56372070312,2022,52.7782897949219,21.081428527832,19.4844150543213,14.0342855453491,14.2121334075928,49.6720970869064,20.2021160125732,15.3667039871216
2,23,67,-76.0749984513968,4.92499932833016,1929.56372070312,2022,27.3084144592285,20.6014289855957,19.1511154174805,14.5385713577271,14.5842132568359,38.8525668382645,20.2078214883804,15.4299286603928
2,24,67,-76.0749984513968,4.92499932833016,1929.56372070312,2022,63.2013931274414,20.6399993896484,19.1125411987305,13.6628570556641,13.8270597457886,43.482750415802,20.1436905860901,15.872209250927
2,25,67,-76.0749984513968,4.92499932833016,1929.56372070312,2022,38.5836067199707,21.3299999237061,19.6725730895996,14.4614286422729,14.8795528411865,38.3680404424667,20.1947326660156,16.1033096313477
2,26,67,-76.0749984513968,4.92499932833016,1929.56372070312,2022,40.3896560668945,21.1271419525146,19.4920444488525,16.3785705566406,15.9086112976074,42.9521758556366,20.1217050552368,15.9406327605247
2,27,67,-76.0749984513968,4.92499932833016,1929.56372070312,2022,27.3979949951172,22.2342853546143,20.4135456085205,15.0157146453857,15.3117895126343,36.787643879652,20.1484966278076,16.2239761352539
2,28,67,-76.0749984513968,4.92499932833016,1929.56372070312,2022,0,21.4828567504883,19.9385833740234,14.705714225769,15.6566848754883,27.0539867281914,20.1441991329193,16.3372083902359
2,29,67,-76.0749984513968,4.92499932833016,1929.56372070312,2022,29.3382835388184,21.9414291381836,20.0112628936768,14.6585712432861,15.3291492462158,26.0050020515919,20.3316723108292,16.5516287088394
2,30,67,-76.0749984513968,4.92499932833016,1929.56372070312,2022,23.4165363311768,20.918571472168,19.3803977966309,14.0314283370972,14.5368614196777,30.9391958415508,20.2803369760513,16.2713267207146
2,31,67,-76.0749984513968,4.92499932833016,1929.56372070312,2022,97.2005996704102,21.4300003051758,19.7651882171631,14.1542854309082,15.10364818573,40.6823887974024,20.2793974876404,16.6551331281662
2,32,67,-76.0749984513968,4.92499932833016,1929.56372070312,2022,47.7855415344238,21.9300003051758,20.1345958709717,15.831428527832,16.5912113189697,25.8794076740742,20.244611620903,16.5803499817848
2,33,67,-76.0749984513968,4.92499932833016,1929.56372070312,2022,0,21.8642864227295,20.1928100585938,16.2142848968506,17.3020305633545,26.0605923831463,20.1136025190353,16.3376008868217
2,34,67,-76.0749984513968,4.92499932833016,1929.56372070312,2022,39.646240234375,21.5757141113281,19.7928218841553,15.6014289855957,16.1522312164307,36.8501608371735,20.0405871868134,16.5986201167107
2,35,67,-76.0749984513968,4.92499932833016,1929.56372070312,2022,18.3060035705566,21.2785720825195,19.6436901092529,16.4071426391602,16.3275470733643,34.2560681700706,20.1858509778976,17.340464413166
2,36,67,-76.0749984513968,4.92499932833016,1929.56372070312,2022,20.036714553833,21.7914295196533,20.16676902771,17.1499996185303,17.3753261566162,33.4444524049759,20.0928647518158,16.9119984507561
2,37,67,-76.0749984513968,4.92499932833016,1929.56372070312,2022,8.96354293823242,21.3828563690186,19.8726978302002,15.0128574371338,15.9875841140747,30.4400677084923,20.1525301933289,16.9814229011536
2,38,67,-76.0749984513968,4.92499932833016,1929.56372070312,2022,64.4460372924805,20.8814277648926,19.3303241729736,15.7357139587402,16.3904151916504,31.0522949695587,20.0085221529007,16.7431455850601
2,39,67,-76.0749984513968,4.92499932833016,1929.56372070312,2022,58.4398422241211,21.2314281463623,19.7051658630371,15.3157138824463,15.698657989502,42.182168841362,19.9579782485962,16.7024263739586
2,40,67,-76.0749984513968,4.92499932833016,1929.56372070312,2022,22.2643890380859,21.2385711669922,19.580322265625,15.6828575134277,16.7199974060059,42.8507987260818,19.7979493141174,16.3928956389427
2,41,67,-76.0749984513968,4.92499932833016,1929.56372070312,2022,78.3301239013672,20.7714290618896,19.280252456665,13.1357145309448,14.7100114822388,66.4108219146729,19.6477242708206,15.594318985939
2,42,67,-76.0749984513968,4.92499932833016,1929.56372070312,2022,112.704452514648,20.5400009155273,19.232536315918,13.2442855834961,13.9104309082031,64.2424921989441,19.5468951463699,15.5237838625908
2,43,67,-76.0749984513968,4.92499932833016,1929.56372070312,2022,147.439971923828,20.7114276885986,19.3123073577881,12.3671426773071,13.3083696365356,61.4629871845245,19.4482234716415,15.1936875581741
2,44,67,-76.0749984513968,4.92499932833016,1929.56372070312,2022,56.6415328979492,21.1871433258057,19.6740970611572,16.0242862701416,16.4095191955566,68.0946063995361,19.3459661006927,15.3937776684761
2,45,67,-76.0749984513968,4.92499932833016,1929.56372070312,2022,49.3371429443359,20.417142868042,19.0150966644287,13.8457145690918,14.4192390441895,63.933984875679,19.4959217309952,14.8450576663017
2,46,67,-76.0749984513968,4.92499932833016,1929.56372070312,2022,56.3496589660645,20.4542865753174,19.0889225006104,12.7185716629028,13.325065612793,57.0863278508186,19.2161654233932,14.1554318070412
2,47,67,-76.0749984513968,4.92499932833016,1929.56372070312,2022,94.3000335693359,20.7785720825195,19.3715534210205,13.2742853164673,14.0306978225708,61.2729245424271,19.2743539810181,14.7450561523438
2,48,67,-76.0749984513968,4.92499932833016,1929.56372070312,2022,22.7171039581299,19.9028568267822,18.5920486450195,13.8214282989502,14.1453418731689,39.417445898056,19.4951856136322,14.2702730298042
2,49,67,-76.0749984513968,4.92499932833016,1929.56372070312,2022,73.5829315185547,20.0300006866455,18.6370525360107,13.0257139205933,12.9847497940063,54.8747626543045,19.4866075515747,14.3177394866943
2,50,67,-76.0749984513968,4.92499932833016,1929.56372070312,2022,42.8996238708496,20.9314289093018,19.3859119415283,13.3999996185303,14.2256278991699,36.0109887123108,19.6213207244873,14.2090789079666
2,51,67,-76.0749984513968,4.92499932833016,1929.56372070312,2022,0,21.3614292144775,19.6928272247314,13.1599998474121,14.6548233032227,51.339712023735,19.7269669771194,14.0888075232506
2,52,67,-76.0749984513968,4.92499932833016,1929.56372070312,2022,36.7165679931641,20.8528575897217,19.3224353790283,13.248571395874,14.1689605712891,41.3227099180222,19.8809950351715,14.4481211900711
2,1,67,-76.0749984513968,4.92499932833016,1929.56372070312,2023,24.2282085418701,20.4699993133545,18.9317512512207,14.08571434021,13.4789505004883,37.8215134143829,19.8403522968292,15.5095639824867
2,2,67,-76.0749984513968,4.92499932833016,1929.56372070312,2023,0,20.247142791748,18.7179946899414,13.9271430969238,13.9977836608887,31.3553552031517,19.8886603116989,15.1258135437965
2,3,67,-76.0749984513968,4.92499932833016,1929.56372070312,2023,88.0159301757812,20.5242862701416,18.9428863525391,14.1800003051758,14.5500860214233,20.215067088604,20.2088779211044,15.279205083847
2,4,67,-76.0749984513968,4.92499932833016,1929.56372070312,2023,56.2965621948242,21.7014293670654,19.8525123596191,15.1442861557007,16.7824401855469,29.2895128726959,20.1431485414505,15.0240023136139
2,5,67,-76.0749984513968,4.92499932833016,1929.56372070312,2023,0,22.2399997711182,20.2113647460938,13.7542858123779,16.3607749938965,20.067116856575,20.4638251066208,15.1261095404625
2,6,67,-76.0749984513968,4.92499932833016,1929.56372070312,2023,13.6657285690308,22.3814277648926,20.5385398864746,13.955714225769,15.6340770721436,33.9481126666069,20.1948329210281,14.3104354143143
2,7,67,-76.0749984513968,4.92499932833016,1929.56372070312,2023,61.1773223876953,22.0971431732178,20.3585243225098,11.7757139205933,12.9314603805542,32.8640556931496,20.3001229763031,15.1109766960144
2,8,67,-76.0749984513968,4.92499932833016,1929.56372070312,2023,32.4023818969727,21.9799995422363,20.1644287109375,11.9271430969238,13.7777805328369,43.7871481776237,20.1122188568115,15.047575712204
2,9,67,-76.0749984513968,4.92499932833016,1929.56372070312,2023,19.7620811462402,22.3057136535645,20.7166309356689,13.2857141494751,14.9086742401123,38.7977415621281,20.0252641439438,14.9044454097748
2,10,67,-76.0749984513968,4.92499932833016,1929.56372070312,2023,31.8624992370605,20.8299999237061,19.4107475280762,12.4357147216797,12.1959247589111,38.3204025030136,20.2115911245346,14.8174049258232
2,11,67,-76.0749984513968,4.92499932833016,1929.56372070312,2023,142.397476196289,19.9128570556641,18.6081485748291,14.7542858123779,14.1879262924194,55.5875186920166,20.0634917020798,14.7060156464577
2,12,67,-76.0749984513968,4.92499932833016,1929.56372070312,2023,77.0949096679688,21.2628574371338,19.8053607940674,15.2728567123413,15.3724899291992,48.810219168663,20.1532399654388,15.3864760398865
2,13,67,-76.0749984513968,4.92499932833016,1929.56372070312,2023,34.5388374328613,21.7442855834961,20.0750904083252,13.8214282989502,14.0281467437744,49.3682237863541,20.307727098465,14.7573659420013
2,14,67,-76.0749984513968,4.92499932833016,1929.56372070312,2023,81.9190902709961,21.8742866516113,20.2514533996582,14.6628570556641,14.7294015884399,57.4027976989746,20.2653439044952,15.1829913854599
2,15,67,-76.0749984513968,4.92499932833016,1929.56372070312,2023,47.8298301696777,22.1242866516113,20.4465599060059,13.2714281082153,14.3116807937622,61.0633234977722,20.3321123123169,15.2439101934433
2,16,67,-76.0749984513968,4.92499932833016,1929.56372070312,2023,75.4008560180664,21.4071426391602,19.9154300689697,15.0785713195801,14.3257732391357,67.5350369811058,20.0465847253799,15.2098987698555
2,17,67,-76.0749984513968,4.92499932833016,1929.56372070312,2023,58.9782218933105,22.0271434783936,20.4131946563721,17.7714290618896,17.0332164764404,48.5609309673309,20.2472089529037,15.465117752552
2,18,67,-76.0749984513968,4.92499932833016,1929.56372070312,2023,24.6192531585693,23.7571430206299,21.8348197937012,17.2028579711914,18.3592700958252,63.6876521110535,20.2292069196701,15.7431755661964
2,19,67,-76.0749984513968,4.92499932833016,1929.56372070312,2023,13.0005664825439,23.6442852020264,21.6241970062256,15.332857131958,16.1640701293945,53.9544937610626,20.4387331008911,15.4875288009644
2,20,67,-76.0749984513968,4.92499932833016,1929.56372070312,2023,34.5802040100098,22.7757148742676,21.0723495483398,13.2299995422363,13.9656047821045,60.6507966518402,20.3445349931717,15.6176410317421
2,21,67,-76.0749984513968,4.92499932833016,1929.56372070312,2023,59.2130851745605,21.7057151794434,20.2964248657227,14.5585718154907,14.9711999893188,52.8694043159485,20.4251999855042,15.6067296266556
2,22,67,-76.0749984513968,4.92499932833016,1929.56372070312,2023,47.4047470092773,22.4871425628662,20.7121696472168,15.6385717391968,16.6669540405273,49.6720970869064,20.2021160125732,15.3667039871216
2,23,67,-76.0749984513968,4.92499932833016,1929.56372070312,2023,22.5439395904541,22.3542861938477,20.5716609954834,15.0657138824463,15.9018144607544,38.8525668382645,20.2078214883804,15.4299286603928
2,24,67,-76.0749984513968,4.92499932833016,1929.56372070312,2023,25.5517158508301,22.8600006103516,20.9053134918213,16.1814289093018,17.0028953552246,43.482750415802,20.1436905860901,15.872209250927
2,25,67,-76.0749984513968,4.92499932833016,1929.56372070312,2023,18.5728645324707,22.8799991607666,20.9772682189941,15.8242855072021,17.3105010986328,38.3680404424667,20.1947326660156,16.1033096313477
2,26,67,-76.0749984513968,4.92499932833016,1929.56372070312,2023,45.3938865661621,22.9528579711914,20.9947624206543,15.8071432113647,16.3520278930664,42.9521758556366,20.1217050552368,15.9406327605247
2,27,67,-76.0749984513968,4.92499932833016,1929.56372070312,2023,19.4044418334961,22.0142860412598,20.4076976776123,14.627142906189,15.0464353561401,36.787643879652,20.1484966278076,16.2239761352539
2,28,67,-76.0749984513968,4.92499932833016,1929.56372070312,2023,48.0624618530273,23.0657138824463,21.181266784668,16.7614288330078,17.5071678161621,27.0539867281914,20.1441991329193,16.3372083902359
2,29,67,-76.0749984513968,4.92499932833016,1929.56372070312,2023,16.0691566467285,23.415714263916,21.300760269165,17.4099998474121,17.9229621887207,26.0050020515919,20.3316723108292,16.5516287088394
2,30,67,-76.0749984513968,4.92499932833016,1929.56372070312,2023,39.1407623291016,22.8685722351074,21.1068897247314,16.6057147979736,17.0314140319824,30.9391958415508,20.2803369760513,16.2713267207146
2,31,67,-76.0749984513968,4.92499932833016,1929.56372070312,2023,23.8256778717041,23.1000003814697,20.9469890594482,16.7142848968506,17.6443710327148,40.6823887974024,20.2793974876404,16.6551331281662
2,32,67,-76.0749984513968,4.92499932833016,1929.56372070312,2023,18.4680728912354,23.0171432495117,21.177453994751,15.8585710525513,16.5042247772217,25.8794076740742,20.244611620903,16.5803499817848
2,33,67,-76.0749984513968,4.92499932833016,1929.56372070312,2023,26.8261222839355,22.2714290618896,20.6444358825684,14.8000001907349,16.1153011322021,26.0605923831463,20.1136025190353,16.3376008868217
2,34,67,-76.0749984513968,4.92499932833016,1929.56372070312,2023,46.4932136535645,21.7685718536377,20.3759593963623,16.2228565216064,16.3216552734375,36.8501608371735,20.0405871868134,16.5986201167107
2,35,67,-76.0749984513968,4.92499932833016,1929.56372070312,2023,37.5245666503906,23.4342861175537,21.439567565918,18.6371421813965,19.845043182373,34.2560681700706,20.1858509778976,17.340464413166
2,36,67,-76.0749984513968,4.92499932833016,1929.56372070312,2023,36.1238059997559,22.4071426391602,20.8338603973389,16.7342853546143,17.7843570709229,33.4444524049759,20.0928647518158,16.9119984507561
2,37,67,-76.0749984513968,4.92499932833016,1929.56372070312,2023,22.9897689819336,22.7542858123779,21.0933074951172,17.5885715484619,18.1315593719482,30.4400677084923,20.1525301933289,16.9814229011536
2,38,67,-76.0749984513968,4.92499932833016,1929.56372070312,2023,8.52156066894531,22.9214286804199,21.2184047698975,16.9085712432861,17.9304733276367,31.0522949695587,20.0085221529007,16.7431455850601
2,39,67,-76.0749984513968,4.92499932833016,1929.56372070312,2023,15.5715961456299,22.6157150268555,21.1051235198975,16.8299999237061,17.1604709625244,42.182168841362,19.9579782485962,16.7024263739586
2,40,67,-76.0749984513968,4.92499932833016,1929.56372070312,2023,18.8131561279297,22.0057144165039,20.5924072265625,15.4371433258057,16.1103172302246,42.8507987260818,19.7979493141174,16.3928956389427
2,41,67,-76.0749984513968,4.92499932833016,1929.56372070312,2023,66.1461791992188,22.3671436309814,20.6909217834473,16.2600002288818,16.3910541534424,66.4108219146729,19.6477242708206,15.594318985939
2,42,67,-76.0749984513968,4.92499932833016,1929.56372070312,2023,38.701114654541,22.002857208252,20.4686756134033,14.2371425628662,14.8034744262695,64.2424921989441,19.5468951463699,15.5237838625908
2,43,67,-76.0749984513968,4.92499932833016,1929.56372070312,2023,17.3569869995117,21.1342849731445,19.7180366516113,13.9528570175171,13.94651222229,61.4629871845245,19.4482234716415,15.1936875581741
2,44,67,-76.0749984513968,4.92499932833016,1929.56372070312,2023,48.7108383178711,20.9085712432861,19.4065322875977,16.1800003051758,15.6716070175171,68.0946063995361,19.3459661006927,15.3937776684761
2,45,67,-76.0749984513968,4.92499932833016,1929.56372070312,2023,51.7714233398438,22.1942863464355,20.6410312652588,14.331428527832,15.2556400299072,63.933984875679,19.4959217309952,14.8450576663017
2,46,67,-76.0749984513968,4.92499932833016,1929.56372070312,2023,23.5507354736328,22.3471431732178,20.7050914764404,13.4200000762939,14.8115911483765,57.0863278508186,19.2161654233932,14.1554318070412
2,47,67,-76.0749984513968,4.92499932833016,1929.56372070312,2023,45.6789932250977,21.5157146453857,20.0163669586182,16.5285720825195,16.5094470977783,61.2729245424271,19.2743539810181,14.7450561523438
2,48,67,-76.0749984513968,4.92499932833016,1929.56372070312,2023,36.3653831481934,22.9514293670654,21.2443447113037,14.6814289093018,16.4944858551025,39.417445898056,19.4951856136322,14.2702730298042
2,49,67,-76.0749984513968,4.92499932833016,1929.56372070312,2023,0,22.8814277648926,21.1336765289307,14.1614284515381,14.9348573684692,54.8747626543045,19.4866075515747,14.3177394866943
2,50,67,-76.0749984513968,4.92499932833016,1929.56372070312,2023,16.6749858856201,22.8500003814697,21.1503963470459,12.1471424102783,13.1428470611572,36.0109887123108,19.6213207244873,14.2090789079666
2,51,67,-76.0749984513968,4.92499932833016,1929.56372070312,2023,40.6859741210938,22.5571422576904,20.9846630096436,12.3942861557007,13.5528078079224,51.339712023735,19.7269669771194,14.0888075232506
2,52,67,-76.0749984513968,4.92499932833016,1929.56372070312,2023,53.0195083618164,21.4257144927979,20.0590515136719,13.2585716247559,13.4559698104858,41.3227099180222,19.8809950351715,14.4481211900711
2,1,67,-76.0749984513968,4.92499932833016,1929.56372070312,2024,0,23.0699996948242,21.3519840240479,15.9885711669922,17.3742752075195,37.8215134143829,19.8403522968292,15.5095639824867
2,2,67,-76.0749984513968,4.92499932833016,1929.56372070312,2024,0,22.8700008392334,21.2091846466064,14.3685712814331,16.0870666503906,31.3553552031517,19.8886603116989,15.1258135437965
2,3,67,-76.0749984513968,4.92499932833016,1929.56372070312,2024,13.2890844345093,24.1157150268555,22.1412601470947,14.6999998092651,17.0444145202637,20.215067088604,20.2088779211044,15.279205083847
2,4,67,-76.0749984513968,4.92499932833016,1929.56372070312,2024,0,24.2942848205566,22.3857917785645,15.6957139968872,18.2518730163574,29.2895128726959,20.1431485414505,15.0240023136139
2,5,67,-76.0749984513968,4.92499932833016,1929.56372070312,2024,60.1119728088379,23.2128562927246,21.5217952728271,13.872857093811,14.131929397583,20.067116856575,20.4638251066208,15.1261095404625
2,6,67,-76.0749984513968,4.92499932833016,1929.56372070312,2024,39.4482460021973,23.2914295196533,21.6460819244385,14.5785713195801,15.2546272277832,33.9481126666069,20.1948329210281,14.3104354143143
2,7,67,-76.0749984513968,4.92499932833016,1929.56372070312,2024,23.6794986724854,24.0357151031494,22.3700046539307,15.2571430206299,16.7648677825928,32.8640556931496,20.3001229763031,15.1109766960144
2,8,67,-76.0749984513968,4.92499932833016,1929.56372070312,2024,0,22.4885711669922,21.0508041381836,16.1557140350342,16.7409858703613,43.7871481776237,20.1122188568115,15.047575712204
2,9,67,-76.0749984513968,4.92499932833016,1929.56372070312,2024,9.2247142791748,22.2757148742676,20.873556137085,14.1742858886719,14.9436626434326,38.7977415621281,20.0252641439438,14.9044454097748
2,10,67,-76.0749984513968,4.92499932833016,1929.56372070312,2024,12.7670049667358,23.2800006866455,21.8308296203613,13.8928575515747,14.7141590118408,38.3204025030136,20.2115911245346,14.8174049258232
2,11,67,-76.0749984513968,4.92499932833016,1929.56372070312,2024,16.4027633666992,24.1385707855225,22.6148624420166,13.7557144165039,14.3425092697144,55.5875186920166,20.0634917020798,14.7060156464577
2,12,67,-76.0749984513968,4.92499932833016,1929.56372070312,2024,13.7896919250488,22.7171421051025,21.44655418396,14.9785718917847,15.6894187927246,48.810219168663,20.1532399654388,15.3864760398865
2,13,67,-76.0749984513968,4.92499932833016,1929.56372070312,2024,28.6514434814453,22.1071434020996,20.7633571624756,14.7271432876587,14.4101686477661,49.3682237863541,20.307727098465,14.7573659420013
2,14,67,-76.0749984513968,4.92499932833016,1929.56372070312,2024,86.067008972168,22.2942848205566,20.8392505645752,14.2828569412231,14.5434436798096,57.4027976989746,20.2653439044952,15.1829913854599
2,15,67,-76.0749984513968,4.92499932833016,1929.56372070312,2024,13.2517127990723,23.9657135009766,22.3559913635254,15.6614284515381,17.2458667755127,61.0633234977722,20.3321123123169,15.2439101934433
2,16,67,-76.0749984513968,4.92499932833016,1929.56372070312,2024,51.746280670166,22.2957134246826,20.8356647491455,13.4899997711182,14.4516878128052,67.5350369811058,20.0465847253799,15.2098987698555
2,17,67,-76.0749984513968,4.92499932833016,1929.56372070312,2024,43.3555564880371,21.8228569030762,20.4371700286865,14.8614282608032,14.9351968765259,48.5609309673309,20.2472089529037,15.465117752552
2,18,67,-76.0749984513968,4.92499932833016,1929.56372070312,2024,69.8969650268555,21.8814277648926,20.4992256164551,14.4442853927612,14.4771633148193,63.6876521110535,20.2292069196701,15.7431755661964
2,19,67,-76.0749984513968,4.92499932833016,1929.56372070312,2024,69.3481674194336,22.5185718536377,21.0725517272949,13.4200000762939,14.2205514907837,53.9544937610626,20.4387331008911,15.4875288009644
2,20,67,-76.0749984513968,4.92499932833016,1929.56372070312,2024,65.7141418457031,22.7014293670654,21.2232112884521,14.4742860794067,15.2181901931763,60.6507966518402,20.3445349931717,15.6176410317421
2,21,67,-76.0749984513968,4.92499932833016,1929.56372070312,2024,38.2492561340332,22.9557151794434,21.3287734985352,13.9314289093018,14.7600154876709,52.8694043159485,20.4251999855042,15.6067296266556
2,22,67,-76.0749984513968,4.92499932833016,1929.56372070312,2024,65.1075897216797,23.3771419525146,21.5523529052734,17.1000003814697,17.0824394226074,49.6720970869064,20.2021160125732,15.3667039871216
2,23,67,-76.0749984513968,4.92499932833016,1929.56372070312,2024,54.1713218688965,22.5471420288086,20.9050846099854,13.9742860794067,14.5997066497803,38.8525668382645,20.2078214883804,15.4299286603928
2,24,67,-76.0749984513968,4.92499932833016,1929.56372070312,2024,69.9094848632812,22.1857147216797,20.5888977050781,14.1057138442993,14.4370346069336,43.482750415802,20.1436905860901,15.872209250927
2,25,67,-76.0749984513968,4.92499932833016,1929.56372070312,2024,79.7893600463867,22.0142860412598,20.3636703491211,14.5128574371338,15.5315837860107,38.3680404424667,20.1947326660156,16.1033096313477
2,26,67,-76.0749984513968,4.92499932833016,1929.56372070312,2024,43.1666717529297,21.9357147216797,20.293098449707,14.5114288330078,15.1786193847656,42.9521758556366,20.1217050552368,15.9406327605247
2,27,67,-76.0749984513968,4.92499932833016,1929.56372070312,2024,80.7503051757812,21.9542865753174,20.2771816253662,14.7285718917847,15.3429870605469,36.787643879652,20.1484966278076,16.2239761352539
2,28,67,-76.0749984513968,4.92499932833016,1929.56372070312,2024,8.38134384155273,22.5771427154541,20.7146625518799,17.3228569030762,18.1376457214355,27.0539867281914,20.1441991329193,16.3372083902359
2,29,67,-76.0749984513968,4.92499932833016,1929.56372070312,2024,11.1180181503296,23.2085704803467,21.1647567749023,15.9042854309082,17.0408020019531,26.0050020515919,20.3316723108292,16.5516287088394
2,30,67,-76.0749984513968,4.92499932833016,1929.56372070312,2024,3.68603563308716,22.9500007629395,21.2005386352539,14.9700002670288,16.017915725708,30.9391958415508,20.2803369760513,16.2713267207146
2,31,67,-76.0749984513968,4.92499932833016,1929.56372070312,2024,62.940486907959,22.8542861938477,20.9403171539307,15.6457147598267,16.981372833252,40.6823887974024,20.2793974876404,16.6551331281662
2,32,67,-76.0749984513968,4.92499932833016,1929.56372070312,2024,38.5662117004395,22.0971431732178,20.435998916626,15.4442853927612,16.0519924163818,25.8794076740742,20.244611620903,16.5803499817848
2,33,67,-76.0749984513968,4.92499932833016,1929.56372070312,2024,5.17572832107544,23.2757148742676,21.2741012573242,17.4042854309082,18.4894371032715,26.0605923831463,20.1136025190353,16.3376008868217
2,34,67,-76.0749984513968,4.92499932833016,1929.56372070312,2024,7.76247692108154,22.4585704803467,20.837911605835,14.7042856216431,16.1065788269043,36.8501608371735,20.0405871868134,16.5986201167107
2,35,67,-76.0749984513968,4.92499932833016,1929.56372070312,2024,59.8225402832031,22.8928565979004,20.9462966918945,18.4671421051025,19.0545711517334,34.2560681700706,20.1858509778976,17.340464413166
2,36,67,-76.0749984513968,4.92499932833016,1929.56372070312,2024,12.0704746246338,22.7585716247559,21.0704936981201,15.9728574752808,16.9897956848145,33.4444524049759,20.0928647518158,16.9119984507561
2,37,67,-76.0749984513968,4.92499932833016,1929.56372070312,2024,10.3019409179688,23.1271419525146,21.4958400726318,16.2857151031494,17.8508129119873,30.4400677084923,20.1525301933289,16.9814229011536
2,38,67,-76.0749984513968,4.92499932833016,1929.56372070312,2024,25.2881736755371,22.7000007629395,21.1257934570312,15.6614284515381,17.1123695373535,31.0522949695587,20.0085221529007,16.7431455850601
2,39,67,-76.0749984513968,4.92499932833016,1929.56372070312,2024,23.3583869934082,21.4828567504883,19.9380226135254,15.2200002670288,15.7760105133057,42.182168841362,19.9579782485962,16.7024263739586
2,40,67,-76.0749984513968,4.92499932833016,1929.56372070312,2024,87.5057373046875,21.7728576660156,20.2314147949219,16.3285713195801,16.8836536407471,42.8507987260818,19.7979493141174,16.3928956389427
2,41,67,-76.0749984513968,4.92499932833016,1929.56372070312,2024,35.7213439941406,21.5900001525879,20.096097946167,15.9700002670288,16.4614391326904,66.4108219146729,19.6477242708206,15.594318985939
2,42,67,-76.0749984513968,4.92499932833016,1929.56372070312,2024,45.6292304992676,22.0957145690918,20.4915657043457,16.4257144927979,17.2228050231934,64.2424921989441,19.5468951463699,15.5237838625908
2,43,67,-76.0749984513968,4.92499932833016,1929.56372070312,2024,45.5416870117188,22.1142864227295,20.6504402160645,15.4671430587769,16.1974010467529,61.4629871845245,19.4482234716415,15.1936875581741
2,44,67,-76.0749984513968,4.92499932833016,1929.56372070312,2024,74.5045623779297,21.8428573608398,20.280574798584,13.1285715103149,14.0682802200317,68.0946063995361,19.3459661006927,15.3937776684761
2,45,67,-76.0749984513968,4.92499932833016,1929.56372070312,2024,65.6615447998047,21.2271423339844,19.7711009979248,13.6014289855957,14.005166053772,63.933984875679,19.4959217309952,14.8450576663017
2,46,67,-76.0749984513968,4.92499932833016,1929.56372070312,2024,13.7045307159424,20.0457134246826,18.8373928070068,15.4371433258057,14.7230463027954,57.0863278508186,19.2161654233932,14.1554318070412
2,47,67,-76.0749984513968,4.92499932833016,1929.56372070312,2024,47.6876945495605,21.0257148742676,19.4987468719482,13.1499996185303,13.5085344314575,61.2729245424271,19.2743539810181,14.7450561523438
2,48,67,-76.0749984513968,4.92499932833016,1929.56372070312,2024,22.1062850952148,21.7742862701416,20.2555694580078,14.4014282226562,15.5333299636841,39.417445898056,19.4951856136322,14.2702730298042
2,49,67,-76.0749984513968,4.92499932833016,1929.56372070312,2024,29.8774013519287,21.2228565216064,19.8334827423096,12.7414283752441,13.6626510620117,54.8747626543045,19.4866075515747,14.3177394866943
2,50,67,-76.0749984513968,4.92499932833016,1929.56372070312,2024,23.1270866394043,21.917142868042,20.3896369934082,11.252857208252,12.8683176040649,36.0109887123108,19.6213207244873,14.2090789079666
2,51,67,-76.0749984513968,4.92499932833016,1929.56372070312,2024,76.9516754150391,21.9314289093018,20.3008518218994,12.5328569412231,12.7690563201904,51.339712023735,19.7269669771194,14.0888075232506
2,52,67,-76.0749984513968,4.92499932833016,1929.56372070312,2024,140.880584716797,20.7357139587402,19.4384765625,12.2028570175171,12.5126695632935,41.3227099180222,19.8809950351715,14.4481211900711
2,1,67,-76.0749984513968,4.92499932833016,1929.56372070312,2025,59.6727638244629,20.8528575897217,19.4618701934814,13.1842861175537,13.9303617477417,37.8215134143829,19.8403522968292,15.5095639824867
2,2,67,-76.0749984513968,4.92499932833016,1929.56372070312,2025,0,21.8457145690918,20.372184753418,13.9099998474121,15.4778318405151,31.3553552031517,19.8886603116989,15.1258135437965
2,3,67,-76.0749984513968,4.92499932833016,1929.56372070312,2025,0,21.9799995422363,20.2282238006592,16.2214279174805,18.1275615692139,20.215067088604,20.2088779211044,15.279205083847
2,4,67,-76.0749984513968,4.92499932833016,1929.56372070312,2025,16.7866516113281,22.0642852783203,20.387674331665,14.0914287567139,15.5004625320435,29.2895128726959,20.1431485414505,15.0240023136139
2,5,67,-76.0749984513968,4.92499932833016,1929.56372070312,2025,15.5933046340942,22.2185707092285,20.7436714172363,13.4642858505249,14.1951856613159,20.067116856575,20.4638251066208,15.1261095404625
2,6,67,-76.0749984513968,4.92499932833016,1929.56372070312,2025,63.8535614013672,21.002857208252,19.4952011108398,12.7714281082153,12.1061086654663,33.9481126666069,20.1948329210281,14.3104354143143
2,7,67,-76.0749984513968,4.92499932833016,1929.56372070312,2025,59.9098587036133,20.6471424102783,19.3433990478516,14.8371429443359,14.448842048645,32.8640556931496,20.3001229763031,15.1109766960144
2,8,67,-76.0749984513968,4.92499932833016,1929.56372070312,2025,110.422760009766,21.1585712432861,19.8362045288086,14.6999998092651,14.6530065536499,43.7871481776237,20.1122188568115,15.047575712204
2,9,67,-76.0749984513968,4.92499932833016,1929.56372070312,2025,114.006065368652,20.8614292144775,19.6002807617188,15.251428604126,14.6446962356567,38.7977415621281,20.0252641439438,14.9044454097748
2,10,67,-76.0749984513968,4.92499932833016,1929.56372070312,2025,65.2906646728516,20.3728580474854,19.0124588012695,14.7299995422363,14.3804836273193,38.3204025030136,20.2115911245346,14.8174049258232
2,11,67,-76.0749984513968,4.92499932833016,1929.56372070312,2025,65.0946655273438,20.7628574371338,19.417724609375,14.915714263916,14.7354669570923,55.5875186920166,20.0634917020798,14.7060156464577
2,12,67,-76.0749984513968,4.92499932833016,1929.56372070312,2025,37.9764137268066,22.9128570556641,21.3223361968994,15.2542858123779,16.297679901123,48.810219168663,20.1532399654388,15.3864760398865
2,13,67,-76.0749984513968,4.92499932833016,1929.56372070312,2025,51.0192985534668,21.3428573608398,19.9659881591797,14.7128572463989,14.7384471893311,49.3682237863541,20.307727098465,14.7573659420013
2,14,67,-76.0749984513968,4.92499932833016,1929.56372070312,2025,64.210693359375,21.6700000762939,20.2574272155762,16.9485721588135,16.3724536895752,57.4027976989746,20.2653439044952,15.1829913854599
2,15,67,-76.0749984513968,4.92499932833016,1929.56372070312,2025,43.1571273803711,21.7999992370605,20.3568210601807,16.6700000762939,17.0293235778809,61.0633234977722,20.3321123123169,15.2439101934433
2,16,67,-76.0749984513968,4.92499932833016,1929.56372070312,2025,32.9391899108887,22.6785717010498,21.0150966644287,14.5,15.3918647766113,67.5350369811058,20.0465847253799,15.2098987698555
2,17,67,-76.0749984513968,4.92499932833016,1929.56372070312,2025,49.4437026977539,21.4942855834961,20.1307754516602,15.25,15.441309928894,48.5609309673309,20.2472089529037,15.465117752552
2,18,67,-76.0749984513968,4.92499932833016,1929.56372070312,2025,106.776443481445,21.252857208252,19.8104019165039,15.2428569793701,14.7544860839844,63.6876521110535,20.2292069196701,15.7431755661964
2,19,67,-76.0749984513968,4.92499932833016,1929.56372070312,2025,39.5182647705078,22.5085716247559,20.7010288238525,14.7571430206299,15.5475702285767,53.9544937610626,20.4387331008911,15.4875288009644
2,20,67,-76.0749984513968,4.92499932833016,1929.56372070312,2025,99.3634796142578,21.1371421813965,19.7674674987793,15.4042854309082,15.1722803115845,60.6507966518402,20.3445349931717,15.6176410317421
2,21,67,-76.0749984513968,4.92499932833016,1929.56372070312,2025,29.0480728149414,22.7357139587402,20.9713382720947,15.5100002288818,16.0057334899902,52.8694043159485,20.4251999855042,15.6067296266556
2,22,67,-76.0749984513968,4.92499932833016,1929.56372070312,2025,59.7672386169434,22.4200000762939,20.7736415863037,14.0299997329712,15.0340671539307,49.6720970869064,20.2021160125732,15.3667039871216
2,23,67,-76.0749984513968,4.92499932833016,1929.56372070312,2025,51.1140518188477,22.3700008392334,20.6371421813965,13.7414283752441,14.8521537780762,38.8525668382645,20.2078214883804,15.4299286603928
2,24,67,-76.0749984513968,4.92499932833016,1929.56372070312,2025,53.8760719299316,21.2028579711914,19.7424354553223,15.8371429443359,15.7484397888184,43.482750415802,20.1436905860901,15.872209250927
2,25,67,-76.0749984513968,4.92499932833016,1929.56372070312,2025,44.0131568908691,21.9285717010498,20.2633285522461,15.1142854690552,15.7273349761963,38.3680404424667,20.1947326660156,16.1033096313477
2,26,67,-76.0749984513968,4.92499932833016,1929.56372070312,2025,44.7724761962891,22.5414295196533,20.6719150543213,15.5057144165039,16.8480663299561,42.9521758556366,20.1217050552368,15.9406327605247
2,27,67,-76.0749984513968,4.92499932833016,1929.56372070312,2025,6.74845790863037,22.1457138061523,20.284481048584,15.8257141113281,16.7682018280029,36.787643879652,20.1484966278076,16.2239761352539
2,28,67,-76.0749984513968,4.92499932833016,1929.56372070312,2025,8.35472965240479,22.1442852020264,20.3458843231201,16.1499996185303,16.4856605529785,27.0539867281914,20.1441991329193,16.3372083902359
2,29,67,-76.0749984513968,4.92499932833016,1929.56372070312,2025,4.29318428039551,22.6385707855225,20.8222541809082,14.6585712432861,15.6591930389404,26.0050020515919,20.3316723108292,16.5516287088394
2,30,67,-76.0749984513968,4.92499932833016,1929.56372070312,2025,28.6898746490479,22.1442852020264,20.5141620635986,16.2585716247559,16.9933242797852,30.9391958415508,20.2803369760513,16.2713267207146
2,31,67,-76.0749984513968,4.92499932833016,1929.56372070312,2025,31.3145694732666,22.4371433258057,20.6641807556152,14.4685716629028,16.2603931427002,40.6823887974024,20.2793974876404,16.6551331281662
2,32,67,-76.0749984513968,4.92499932833016,1929.56372070312,2025,46.0829544067383,21.6385707855225,19.9554672241211,16.0985717773438,16.7052307128906,25.8794076740742,20.244611620903,16.5803499817848
2,33,67,-76.0749984513968,4.92499932833016,1929.56372070312,2025,36.9004554748535,21.5885715484619,20.0289402008057,14.8714284896851,15.3724603652954,26.0605923831463,20.1136025190353,16.3376008868217
2,34,67,-76.0749984513968,4.92499932833016,1929.56372070312,2025,24.7436237335205,22.4328575134277,20.7733783721924,16.1285705566406,17.3057632446289,36.8501608371735,20.0405871868134,16.5986201167107
2,35,67,-76.0749984513968,4.92499932833016,1929.56372070312,2025,47.7921600341797,22.3671436309814,20.6119441986084,16.5614280700684,17.5023670196533,34.2560681700706,20.1858509778976,17.340464413166
2,36,67,-76.0749984513968,4.92499932833016,1929.56372070312,2025,29.3899631500244,21.6128578186035,20.078182220459,15.6771430969238,15.9598445892334,33.4444524049759,20.0928647518158,16.9119984507561
2,37,67,-76.0749984513968,4.92499932833016,1929.56372070312,2025,17.7251415252686,22.3271427154541,20.6661758422852,15.289999961853,16.6417922973633,30.4400677084923,20.1525301933289,16.9814229011536
2,38,67,-76.0749984513968,4.92499932833016,1929.56372070312,2025,27.3031959533691,21.3971424102783,19.8963470458984,15.0742855072021,15.9636764526367,31.0522949695587,20.0085221529007,16.7431455850601
2,39,67,-76.0749984513968,4.92499932833016,1929.56372070312,2025,37.4893951416016,21.748571395874,20.148494720459,14.3942861557007,15.5319404602051,42.182168841362,19.9579782485962,16.7024263739586
2,40,67,-76.0749984513968,4.92499932833016,1929.56372070312,2025,56.0663757324219,21.3714294433594,19.9470272064209,16.0414295196533,16.261869430542,42.8507987260818,19.7979493141174,16.3928956389427
2,41,67,-76.0749984513968,4.92499932833016,1929.56372070312,2025,79.1806869506836,20.8785705566406,19.3326454162598,14.7657146453857,14.8238191604614,66.4108219146729,19.6477242708206,15.594318985939
2,42,67,-76.0749984513968,4.92499932833016,1929.56372070312,2025,54.0468978881836,21.2271423339844,19.7238616943359,15.4714288711548,15.6568965911865,64.2424921989441,19.5468951463699,15.5237838625908
2,43,67,-76.0749984513968,4.92499932833016,1929.56372070312,2025,35.8817977905273,21.0457134246826,19.6710472106934,15.5614290237427,15.4793882369995,61.4629871845245,19.4482234716415,15.1936875581741
2,44,67,-76.0749984513968,4.92499932833016,1929.56372070312,2025,80.4600372314453,20.9085712432861,19.5559940338135,14.0185718536377,14.8221893310547,68.0946063995361,19.3459661006927,15.3937776684761
2,45,67,-76.0749984513968,4.92499932833016,1929.56372070312,2025,22.5959568023682,21.6142864227295,20.2322216033936,14.1028575897217,14.7816772460938,63.933984875679,19.4959217309952,14.8450576663017
2,46,67,-76.0749984513968,4.92499932833016,1929.56372070312,2025,50.3003883361816,20.9442863464355,19.5678825378418,13.8528575897217,14.0270328521729,57.0863278508186,19.2161654233932,14.1554318070412
2,47,67,-76.0749984513968,4.92499932833016,1929.56372070312,2025,78.75048828125,21.2828578948975,19.6205902099609,13.4628572463989,13.7322940826416,61.2729245424271,19.2743539810181,14.7450561523438
2,48,67,-76.0749984513968,4.92499932833016,1929.56372070312,2025,49.3168144226074,20.9414291381836,19.3615798950195,11.41428565979,12.244312286377,39.417445898056,19.4951856136322,14.2702730298042
2,49,67,-76.0749984513968,4.92499932833016,1929.56372070312,2025,30.7177200317383,20.7542858123779,19.2535781860352,15.3028573989868,15.8567876815796,54.8747626543045,19.4866075515747,14.3177394866943
2,50,67,-76.0749984513968,4.92499932833016,1929.56372070312,2025,46.3635902404785,21.2014293670654,19.857666015625,11.5685710906982,13.2773542404175,36.0109887123108,19.6213207244873,14.2090789079666
2,51,67,-76.0749984513968,4.92499932833016,1929.56372070312,2025,52.4682884216309,20.8257141113281,19.5030651092529,11.9957141876221,13.1359338760376,51.339712023735,19.7269669771194,14.0888075232506
2,52,67,-76.0749984513968,4.92499932833016,1929.56372070312,2025,15.4360408782959,21.4114284515381,19.9098300933838,12.2200002670288,13.7472734451294,41.3227099180222,19.8809950351715,14.4481211900711
3,1,68,-76.0249984506518,4.92499932833016,1489.58618164062,2010,0,22.3685722351074,19.915771484375,16.4028568267822,18.6766586303711,41.3808353543282,19.3929874897003,15.6667025089264
3,2,68,-76.0249984506518,4.92499932833016,1489.58618164062,2010,0,22.997142791748,20.7966194152832,13.7985715866089,16.5849838256836,29.5654860138893,19.4459897279739,15.2593624591827
3,3,68,-76.0249984506518,4.92499932833016,1489.58618164062,2010,0,23.5214290618896,21.2563877105713,15.1514282226562,17.027229309082,18.5329524278641,19.7642245292664,15.4455628395081
3,4,68,-76.0249984506518,4.92499932833016,1489.58618164062,2010,24.11745262146,21.8371429443359,19.9311771392822,10.8814287185669,12.6143922805786,29.0022822916508,19.7169740200043,15.203985273838
3,5,68,-76.0249984506518,4.92499932833016,1489.58618164062,2010,33.8762474060059,23.747142791748,21.6196899414062,14.6314287185669,17.1932563781738,15.9903210401535,20.0265126228333,15.3372911810875
3,6,68,-76.0249984506518,4.92499932833016,1489.58618164062,2010,34.3762321472168,21.9271430969238,20.2205772399902,11.8957147598267,13.7444982528687,36.1542761325836,19.764261007309,14.4507938623428
3,7,68,-76.0249984506518,4.92499932833016,1489.58618164062,2010,15.7217082977295,22.5300006866455,20.6768531799316,13.8699998855591,15.4681634902954,30.8316073417664,19.8758951425552,15.2426357865334
3,8,68,-76.0249984506518,4.92499932833016,1489.58618164062,2010,14.7419471740723,22.3228569030762,20.5237445831299,14.0314283370972,14.6126317977905,45.3517606258392,19.7005088329315,15.1305409669876
3,9,68,-76.0249984506518,4.92499932833016,1489.58618164062,2010,48.7109298706055,22.081428527832,20.2783050537109,15.0485715866089,15.8599996566772,37.5776091814041,19.6287369728088,14.9903227686882
3,10,68,-76.0249984506518,4.92499932833016,1489.58618164062,2010,42.6968193054199,23.0314292907715,21.1029376983643,14.7128572463989,15.8062839508057,36.3808482289314,19.7882395982742,14.9138765335083
3,11,68,-76.0249984506518,4.92499932833016,1489.58618164062,2010,26.2891063690186,21.9114284515381,20.2405281066895,14.8400001525879,15.5366163253784,57.5499714612961,19.6573683023453,14.804406940937
3,12,68,-76.0249984506518,4.92499932833016,1489.58618164062,2010,65.046516418457,23.0685710906982,21.0592174530029,17.167142868042,18.7037162780762,46.3090141415596,19.7420921325684,15.4468197226524
3,13,68,-76.0249984506518,4.92499932833016,1489.58618164062,2010,10.2105131149292,22.4742851257324,20.5610942840576,14.2842855453491,14.7167797088623,46.7928792834282,19.893718957901,14.8711487650871
3,14,68,-76.0249984506518,4.92499932833016,1489.58618164062,2010,66.3681488037109,21.9357147216797,20.1393795013428,14.2957143783569,14.5206117630005,55.7449676990509,19.8510556221008,15.2674713134766
3,15,68,-76.0249984506518,4.92499932833016,1489.58618164062,2010,79.2848892211914,21.5785713195801,19.6732845306396,13.9614286422729,15.0888509750366,62.3118902444839,19.9033292531967,15.3135489821434
3,16,68,-76.0249984506518,4.92499932833016,1489.58618164062,2010,12.2620048522949,22.6414279937744,20.5950889587402,17.502857208252,17.96506690979,64.8938586711884,19.6250195503235,15.2537490725517
3,17,68,-76.0249984506518,4.92499932833016,1489.58618164062,2010,53.1613121032715,22.2099990844727,20.33473777771,14.0100002288818,14.6934833526611,44.6856783628464,19.8267364501953,15.5267367959023
3,18,68,-76.0249984506518,4.92499932833016,1489.58618164062,2010,106.647384643555,20.8700008392334,19.1258640289307,16.7714290618896,16.0363903045654,65.3122915029526,19.7968999147415,15.796334862709
3,19,68,-76.0249984506518,4.92499932833016,1489.58618164062,2010,66.7832183837891,23.08571434021,20.871244430542,16.8114280700684,17.5815315246582,51.1588674783707,19.9967679977417,15.5582162737846
3,20,68,-76.0249984506518,4.92499932833016,1489.58618164062,2010,77.5145721435547,22.6299991607666,20.6951999664307,15.4099998474121,16.9298267364502,61.1640224456787,19.9143116474152,15.6961197257042
3,21,68,-76.0249984506518,4.92499932833016,1489.58618164062,2010,88.3714370727539,21.0699996948242,19.2399349212646,13.5514287948608,13.8620805740356,50.3957020044327,19.9747754335403,15.7010433077812
3,22,68,-76.0249984506518,4.92499932833016,1489.58618164062,2010,21.3763084411621,21.2371425628662,19.4843502044678,14.9385709762573,15.8189630508423,50.3294270038605,19.7542905807495,15.4411043524742
3,23,68,-76.0249984506518,4.92499932833016,1489.58618164062,2010,70.2964324951172,21.83571434021,19.5223636627197,14.9414281845093,16.0730152130127,38.8359228074551,19.7408382892609,15.536452293396
3,24,68,-76.0249984506518,4.92499932833016,1489.58618164062,2010,50.7999229431152,21.4114284515381,19.4052448272705,15.667142868042,16.33544921875,41.7532932758331,19.669825553894,15.9557929635048
3,25,68,-76.0249984506518,4.92499932833016,1489.58618164062,2010,76.4539794921875,21.1785717010498,19.1806087493896,14.2885713577271,15.2712602615356,35.7941220998764,19.7017858028412,16.1973019838333
3,26,68,-76.0249984506518,4.92499932833016,1489.58618164062,2010,51.8675155639648,21.3985710144043,19.4371662139893,14.7314281463623,15.1809892654419,42.2462527751923,19.6359697580338,16.0238202810287
3,27,68,-76.0249984506518,4.92499932833016,1489.58618164062,2010,39.5888977050781,20.4542865753174,18.6302394866943,15.1114282608032,15.0023374557495,34.8732820153236,19.6607410907745,16.3198337554932
3,28,68,-76.0249984506518,4.92499932833016,1489.58618164062,2010,105.785797119141,20.5942859649658,18.7165718078613,14.747142791748,15.1635160446167,26.6838345527649,19.6563942432404,16.4359796643257
3,29,68,-76.0249984506518,4.92499932833016,1489.58618164062,2010,69.6265411376953,21.081428527832,19.1188144683838,15.5057144165039,16.0537490844727,25.5328031629324,19.8224467039108,16.6666098237038
3,30,68,-76.0249984506518,4.92499932833016,1489.58618164062,2010,19.036828994751,21.3985710144043,19.2446327209473,14.9814281463623,15.984580039978,28.7333955913782,19.7904325723648,16.3742326498032
3,31,68,-76.0249984506518,4.92499932833016,1489.58618164062,2010,113.747924804688,20.7985706329346,18.7890110015869,15.6342859268188,15.7933530807495,40.5725186467171,19.7840715646744,16.7672339677811
3,32,68,-76.0249984506518,4.92499932833016,1489.58618164062,2010,26.5539779663086,21.248571395874,19.1227054595947,14.6728572845459,15.5996971130371,23.4312891066074,19.7576839923859,16.6996580958366
3,33,68,-76.0249984506518,4.92499932833016,1489.58618164062,2010,30.0738124847412,20.7957134246826,18.8220348358154,16.0742855072021,16.2694225311279,25.9455237686634,19.6502321958542,16.4242673516273
3,34,68,-76.0249984506518,4.92499932833016,1489.58618164062,2010,24.7528495788574,20.7285709381104,18.9742527008057,14.9771432876587,15.3501396179199,33.7150178551674,19.5860283374786,16.6907552480698
3,35,68,-76.0249984506518,4.92499932833016,1489.58618164062,2010,28.4350700378418,20.831428527832,18.905122756958,15.4828567504883,15.7003192901611,33.1829383075237,19.702247262001,17.4469336271286
3,36,68,-76.0249984506518,4.92499932833016,1489.58618164062,2010,92.3551788330078,20.7785720825195,18.818546295166,15.1700000762939,15.7994480133057,33.3136308789253,19.6436576843262,17.0003739595413
3,37,68,-76.0249984506518,4.92499932833016,1489.58618164062,2010,38.1645317077637,21.0571422576904,18.9842224121094,15.7257146835327,16.6719379425049,29.2671343684196,19.7047109603882,17.1040970683098
3,38,68,-76.0249984506518,4.92499932833016,1489.58618164062,2010,29.2397289276123,20.3442859649658,18.4511699676514,14.4200000762939,14.6883020401001,33.4603180885315,19.562282204628,16.8535178303719
3,39,68,-76.0249984506518,4.92499932833016,1489.58618164062,2010,53.8607635498047,20.3014278411865,18.497730255127,16.7199993133545,16.5802803039551,37.1940811872482,19.5099493265152,16.8168216347694
3,40,68,-76.0249984506518,4.92499932833016,1489.58618164062,2010,34.0720291137695,20.4042854309082,18.5764331817627,15.5142860412598,15.9086847305298,44.2368016242981,19.3788642883301,16.4742106795311
3,41,68,-76.0249984506518,4.92499932833016,1489.58618164062,2010,74.6721267700195,21.8857135772705,19.7238483428955,16.1042861938477,17.8668518066406,62.2394296526909,19.2250705957413,15.6681109070778
3,42,68,-76.0249984506518,4.92499932833016,1489.58618164062,2010,30.2641143798828,20.2871437072754,18.5465564727783,15.1371431350708,14.3552875518799,64.5673253536224,19.1340305805206,15.5966928005219
3,43,68,-76.0249984506518,4.92499932833016,1489.58618164062,2010,119.349418640137,19.5871429443359,18.0159454345703,14.831428527832,15.5446310043335,55.8425321578979,19.0511635541916,15.2714443206787
3,44,68,-76.0249984506518,4.92499932833016,1489.58618164062,2010,88.0956268310547,19.8871421813965,18.1375484466553,12.1899995803833,13.4532289505005,65.6929739713669,18.9474663734436,15.4591355323792
3,45,68,-76.0249984506518,4.92499932833016,1489.58618164062,2010,166.6376953125,19.9885711669922,18.2808818817139,14.1771430969238,14.0595283508301,66.8568260669708,19.1072076559067,14.9168934226036
3,46,68,-76.0249984506518,4.92499932833016,1489.58618164062,2010,99.4785919189453,19.2228565216064,17.549711227417,13.497142791748,13.4336347579956,52.4002667069435,18.8222017288208,14.2263060808182
3,47,68,-76.0249984506518,4.92499932833016,1489.58618164062,2010,56.5025253295898,19.5671424865723,17.9223175048828,13.789999961853,14.3548974990845,62.8894745111465,18.8869535923004,14.813466489315
3,48,68,-76.0249984506518,4.92499932833016,1489.58618164062,2010,81.254524230957,19.5557136535645,17.8844890594482,13.4642858505249,13.952467918396,40.1598496437073,19.0939410924911,14.3813357949257
3,49,68,-76.0249984506518,4.92499932833016,1489.58618164062,2010,132.36360168457,20.2414283752441,18.4664707183838,13.584285736084,13.3929424285889,52.6418064832687,19.0779775381088,14.4270323514938
3,50,68,-76.0249984506518,4.92499932833016,1489.58618164062,2010,33.9889945983887,19.8028564453125,18.2179107666016,14.0371427536011,14.1785154342651,35.0166781544685,19.2106900215149,14.3503930568695
3,51,68,-76.0249984506518,4.92499932833016,1489.58618164062,2010,156.262649536133,19.5542850494385,17.732048034668,12.8057146072388,13.267541885376,52.3625186681747,19.3093731403351,14.2411630153656
3,52,68,-76.0249984506518,4.92499932833016,1489.58618164062,2010,50.4757690429688,20.417142868042,18.6329956054688,13.8571424484253,14.9561195373535,37.1562633514404,19.4540865421295,14.604435801506
3,1,68,-76.0249984506518,4.92499932833016,1489.58618164062,2011,138.046325683594,19.7114276885986,17.9623394012451,14.0642852783203,14.8877439498901,41.3808353543282,19.3929874897003,15.6667025089264
3,2,68,-76.0249984506518,4.92499932833016,1489.58618164062,2011,15.9301462173462,21.1071434020996,19.0824451446533,13.8900003433228,14.969783782959,29.5654860138893,19.4459897279739,15.2593624591827
3,3,68,-76.0249984506518,4.92499932833016,1489.58618164062,2011,46.121337890625,20.4957141876221,18.868091583252,14.4528570175171,15.9980297088623,18.5329524278641,19.7642245292664,15.4455628395081
3,4,68,-76.0249984506518,4.92499932833016,1489.58618164062,2011,23.2336940765381,20.6399993896484,18.7988090515137,14.5928573608398,16.3813323974609,29.0022822916508,19.7169740200043,15.203985273838
3,5,68,-76.0249984506518,4.92499932833016,1489.58618164062,2011,30.5446376800537,21.252857208252,19.1752738952637,14.584285736084,15.4585523605347,15.9903210401535,20.0265126228333,15.3372911810875
3,6,68,-76.0249984506518,4.92499932833016,1489.58618164062,2011,26.3623313903809,20.418571472168,18.5515117645264,12.6414289474487,13.1322822570801,36.1542761325836,19.764261007309,14.4507938623428
3,7,68,-76.0249984506518,4.92499932833016,1489.58618164062,2011,39.0969352722168,20.4014282226562,18.3935317993164,13.998571395874,13.9363613128662,30.8316073417664,19.8758951425552,15.2426357865334
3,8,68,-76.0249984506518,4.92499932833016,1489.58618164062,2011,72.4910049438477,20.5128574371338,18.5745010375977,15.0542860031128,15.1362676620483,45.3517606258392,19.7005088329315,15.1305409669876
3,9,68,-76.0249984506518,4.92499932833016,1489.58618164062,2011,66.5089416503906,20.4128570556641,18.5356750488281,16.3285713195801,15.7048625946045,37.5776091814041,19.6287369728088,14.9903227686882
3,10,68,-76.0249984506518,4.92499932833016,1489.58618164062,2011,38.381462097168,20.0599994659424,18.088249206543,16.4571437835693,15.6443786621094,36.3808482289314,19.7882395982742,14.9138765335083
3,11,68,-76.0249984506518,4.92499932833016,1489.58618164062,2011,51.2393226623535,20.4057140350342,18.7485275268555,17.3571434020996,17.3504600524902,57.5499714612961,19.6573683023453,14.804406940937
3,12,68,-76.0249984506518,4.92499932833016,1489.58618164062,2011,59.0196723937988,20.6200008392334,18.7450733184814,14.7714281082153,14.7966346740723,46.3090141415596,19.7420921325684,15.4468197226524
3,13,68,-76.0249984506518,4.92499932833016,1489.58618164062,2011,47.4514541625977,21.4871425628662,19.6266841888428,15.6528568267822,16.8933544158936,46.7928792834282,19.893718957901,14.8711487650871
3,14,68,-76.0249984506518,4.92499932833016,1489.58618164062,2011,79.4584503173828,20.7214279174805,18.9291896820068,15.9514284133911,15.9716777801514,55.7449676990509,19.8510556221008,15.2674713134766
3,15,68,-76.0249984506518,4.92499932833016,1489.58618164062,2011,124.369621276855,20.3671436309814,18.507755279541,15.1757144927979,14.650053024292,62.3118902444839,19.9033292531967,15.3135489821434
3,16,68,-76.0249984506518,4.92499932833016,1489.58618164062,2011,117.784248352051,19.9200000762939,18.1688957214355,15.4899997711182,14.950382232666,64.8938586711884,19.6250195503235,15.2537490725517
3,17,68,-76.0249984506518,4.92499932833016,1489.58618164062,2011,34.3944320678711,20.9328575134277,19.0519466400146,16.7942848205566,16.2466907501221,44.6856783628464,19.8267364501953,15.5267367959023
3,18,68,-76.0249984506518,4.92499932833016,1489.58618164062,2011,73.3080596923828,21.8614292144775,19.7842483520508,13.0557146072388,13.8166275024414,65.3122915029526,19.7968999147415,15.796334862709
3,19,68,-76.0249984506518,4.92499932833016,1489.58618164062,2011,39.5542984008789,21.9357147216797,20.0345401763916,14.0171432495117,14.7026691436768,51.1588674783707,19.9967679977417,15.5582162737846
3,20,68,-76.0249984506518,4.92499932833016,1489.58618164062,2011,72.898681640625,20.9400005340576,19.0230369567871,15.957142829895,15.6125068664551,61.1640224456787,19.9143116474152,15.6961197257042
3,21,68,-76.0249984506518,4.92499932833016,1489.58618164062,2011,55.0106811523438,20.9757137298584,19.0565242767334,14.9099998474121,15.5228271484375,50.3957020044327,19.9747754335403,15.7010433077812
3,22,68,-76.0249984506518,4.92499932833016,1489.58618164062,2011,34.0690231323242,21.5171432495117,19.415096282959,14.2328567504883,14.4042015075684,50.3294270038605,19.7542905807495,15.4411043524742
3,23,68,-76.0249984506518,4.92499932833016,1489.58618164062,2011,63.6465835571289,21.4657135009766,19.5044116973877,16.3814277648926,16.836893081665,38.8359228074551,19.7408382892609,15.536452293396
3,24,68,-76.0249984506518,4.92499932833016,1489.58618164062,2011,22.1341819763184,22.3628578186035,19.8898105621338,14.9428567886353,16.4771213531494,41.7532932758331,19.669825553894,15.9557929635048
3,25,68,-76.0249984506518,4.92499932833016,1489.58618164062,2011,33.2743682861328,21.1914291381836,19.2278366088867,15.294285774231,16.09499168396,35.7941220998764,19.7017858028412,16.1973019838333
3,26,68,-76.0249984506518,4.92499932833016,1489.58618164062,2011,64.6440734863281,21.4371433258057,19.304838180542,15.1314287185669,15.960410118103,42.2462527751923,19.6359697580338,16.0238202810287
3,27,68,-76.0249984506518,4.92499932833016,1489.58618164062,2011,52.8703079223633,21.9428577423096,19.5961036682129,15.7228574752808,16.696834564209,34.8732820153236,19.6607410907745,16.3198337554932
3,28,68,-76.0249984506518,4.92499932833016,1489.58618164062,2011,19.0365753173828,20.9699993133545,18.8184108734131,14.0528573989868,15.4719686508179,26.6838345527649,19.6563942432404,16.4359796643257
3,29,68,-76.0249984506518,4.92499932833016,1489.58618164062,2011,70.5835800170898,21.6771430969238,19.3395442962646,16.0571422576904,17.4011058807373,25.5328031629324,19.8224467039108,16.6666098237038
3,30,68,-76.0249984506518,4.92499932833016,1489.58618164062,2011,15.9548873901367,21.5957145690918,19.2017478942871,14.2228574752808,14.8819618225098,28.7333955913782,19.7904325723648,16.3742326498032
3,31,68,-76.0249984506518,4.92499932833016,1489.58618164062,2011,85.1889419555664,21.2328567504883,19.1948833465576,16.1185722351074,16.9855079650879,40.5725186467171,19.7840715646744,16.7672339677811
3,32,68,-76.0249984506518,4.92499932833016,1489.58618164062,2011,20.6978511810303,22.0371437072754,19.5869140625,16.8242855072021,18.0042610168457,23.4312891066074,19.7576839923859,16.6996580958366
3,33,68,-76.0249984506518,4.92499932833016,1489.58618164062,2011,21.6701374053955,21.0200004577637,19.0126857757568,15.9799995422363,16.6734237670898,25.9455237686634,19.6502321958542,16.4242673516273
3,34,68,-76.0249984506518,4.92499932833016,1489.58618164062,2011,24.8450813293457,21.4471435546875,19.1482524871826,16.0042858123779,16.0834197998047,33.7150178551674,19.5860283374786,16.6907552480698
3,35,68,-76.0249984506518,4.92499932833016,1489.58618164062,2011,45.2689933776855,21.9457149505615,19.6898345947266,17.5428562164307,19.1960048675537,33.1829383075237,19.702247262001,17.4469336271286
3,36,68,-76.0249984506518,4.92499932833016,1489.58618164062,2011,0,21.1428565979004,19.0601043701172,15.624285697937,16.2706604003906,33.3136308789253,19.6436576843262,17.0003739595413
3,37,68,-76.0249984506518,4.92499932833016,1489.58618164062,2011,47.7097473144531,21.6385707855225,19.2540340423584,17.6828575134277,18.2129287719727,29.2671343684196,19.7047109603882,17.1040970683098
3,38,68,-76.0249984506518,4.92499932833016,1489.58618164062,2011,43.9169044494629,21.331428527832,19.2765502929688,16.4857139587402,17.0676364898682,33.4603180885315,19.562282204628,16.8535178303719
3,39,68,-76.0249984506518,4.92499932833016,1489.58618164062,2011,44.9430503845215,21.6200008392334,19.5332717895508,16.1428565979004,17.1151561737061,37.1940811872482,19.5099493265152,16.8168216347694
3,40,68,-76.0249984506518,4.92499932833016,1489.58618164062,2011,54.2459869384766,20.7242851257324,18.8005771636963,15.8800001144409,16.1703453063965,44.2368016242981,19.3788642883301,16.4742106795311
3,41,68,-76.0249984506518,4.92499932833016,1489.58618164062,2011,102.583389282227,20.2257137298584,18.4330310821533,13.4942855834961,14.0711936950684,62.2394296526909,19.2250705957413,15.6681109070778
3,42,68,-76.0249984506518,4.92499932833016,1489.58618164062,2011,133.06526184082,18.9728565216064,17.1362266540527,15.2414283752441,14.9056797027588,64.5673253536224,19.1340305805206,15.5966928005219
3,43,68,-76.0249984506518,4.92499932833016,1489.58618164062,2011,39.8050575256348,19.7099990844727,17.9684448242188,14.7200002670288,15.6821441650391,55.8425321578979,19.0511635541916,15.2714443206787
3,44,68,-76.0249984506518,4.92499932833016,1489.58618164062,2011,90.3811187744141,20.582857131958,18.7053928375244,13.5385713577271,14.8092803955078,65.6929739713669,18.9474663734436,15.4591355323792
3,45,68,-76.0249984506518,4.92499932833016,1489.58618164062,2011,143.37971496582,20.2399997711182,18.5195903778076,14.457142829895,14.6755151748657,66.8568260669708,19.1072076559067,14.9168934226036
3,46,68,-76.0249984506518,4.92499932833016,1489.58618164062,2011,78.3457870483398,19.8199996948242,18.0258674621582,14.8371429443359,15.2049207687378,52.4002667069435,18.8222017288208,14.2263060808182
3,47,68,-76.0249984506518,4.92499932833016,1489.58618164062,2011,109.19115447998,19.9542865753174,18.1450500488281,15.8042860031128,15.7251558303833,62.8894745111465,18.8869535923004,14.813466489315
3,48,68,-76.0249984506518,4.92499932833016,1489.58618164062,2011,0,19.7814292907715,18.1060447692871,13.5042858123779,13.8816967010498,40.1598496437073,19.0939410924911,14.3813357949257
3,49,68,-76.0249984506518,4.92499932833016,1489.58618164062,2011,0,19.7614288330078,17.9855365753174,13.4471426010132,13.4329900741577,52.6418064832687,19.0779775381088,14.4270323514938
3,50,68,-76.0249984506518,4.92499932833016,1489.58618164062,2011,0,19.5371437072754,17.8833332061768,12.3057146072388,13.2522077560425,35.0166781544685,19.2106900215149,14.3503930568695
3,51,68,-76.0249984506518,4.92499932833016,1489.58618164062,2011,196.739349365234,20.4928569793701,18.7525024414062,13.1971426010132,14.5529356002808,52.3625186681747,19.3093731403351,14.2411630153656
3,52,68,-76.0249984506518,4.92499932833016,1489.58618164062,2011,0,21.4742851257324,19.4943752288818,13.1599998474121,13.8226070404053,37.1562633514404,19.4540865421295,14.604435801506
3,1,68,-76.0249984506518,4.92499932833016,1489.58618164062,2012,48.7880935668945,20.5871429443359,18.7545928955078,12.7714281082153,12.9950695037842,41.3808353543282,19.3929874897003,15.6667025089264
3,2,68,-76.0249984506518,4.92499932833016,1489.58618164062,2012,55.5854339599609,20.8885707855225,19.0897407531738,14.9642858505249,15.3517045974731,29.5654860138893,19.4459897279739,15.2593624591827
3,3,68,-76.0249984506518,4.92499932833016,1489.58618164062,2012,20.9631824493408,20.4471435546875,18.4807052612305,14.289999961853,14.351203918457,18.5329524278641,19.7642245292664,15.4455628395081
3,4,68,-76.0249984506518,4.92499932833016,1489.58618164062,2012,107.268745422363,19.9414291381836,18.1657752990723,14.125714302063,13.9640703201294,29.0022822916508,19.7169740200043,15.203985273838
3,5,68,-76.0249984506518,4.92499932833016,1489.58618164062,2012,22.7279644012451,20.58571434021,18.7999820709229,14.0100002288818,14.9006633758545,15.9903210401535,20.0265126228333,15.3372911810875
3,6,68,-76.0249984506518,4.92499932833016,1489.58618164062,2012,0,20.6771430969238,18.8415241241455,13.8599996566772,14.2742328643799,36.1542761325836,19.764261007309,14.4507938623428
3,7,68,-76.0249984506518,4.92499932833016,1489.58618164062,2012,51.6058006286621,20.3485717773438,18.5813865661621,16.3771419525146,17.5601329803467,30.8316073417664,19.8758951425552,15.2426357865334
3,8,68,-76.0249984506518,4.92499932833016,1489.58618164062,2012,0,20.7542858123779,18.9136009216309,15.082857131958,16.7578716278076,45.3517606258392,19.7005088329315,15.1305409669876
3,9,68,-76.0249984506518,4.92499932833016,1489.58618164062,2012,38.7045822143555,20.9471435546875,18.9927997589111,15.458571434021,15.9287414550781,37.5776091814041,19.6287369728088,14.9903227686882
3,10,68,-76.0249984506518,4.92499932833016,1489.58618164062,2012,49.7474594116211,21.3414287567139,19.1132354736328,14.1771430969238,14.8439893722534,36.3808482289314,19.7882395982742,14.9138765335083
3,11,68,-76.0249984506518,4.92499932833016,1489.58618164062,2012,44.0579261779785,22.4314289093018,19.9564361572266,14.4657144546509,15.247314453125,57.5499714612961,19.6573683023453,14.804406940937
3,12,68,-76.0249984506518,4.92499932833016,1489.58618164062,2012,87.1418151855469,20.8257141113281,18.9391212463379,13.3871431350708,13.9493494033813,46.3090141415596,19.7420921325684,15.4468197226524
3,13,68,-76.0249984506518,4.92499932833016,1489.58618164062,2012,70.9046478271484,21.8928565979004,19.7197704315186,14.6700000762939,15.3614702224731,46.7928792834282,19.893718957901,14.8711487650871
3,14,68,-76.0249984506518,4.92499932833016,1489.58618164062,2012,36.4372215270996,21.167142868042,19.2998943328857,14.5942859649658,14.5451126098633,55.7449676990509,19.8510556221008,15.2674713134766
3,15,68,-76.0249984506518,4.92499932833016,1489.58618164062,2012,84.4208984375,20.5142860412598,18.4867763519287,15.541428565979,14.6920766830444,62.3118902444839,19.9033292531967,15.3135489821434
3,16,68,-76.0249984506518,4.92499932833016,1489.58618164062,2012,39.3604278564453,20.5442848205566,18.6591243743896,15.9471426010132,15.1886587142944,64.8938586711884,19.6250195503235,15.2537490725517
3,17,68,-76.0249984506518,4.92499932833016,1489.58618164062,2012,61.1031227111816,21.2071437835693,19.2213935852051,14.539999961853,15.4068002700806,44.6856783628464,19.8267364501953,15.5267367959023
3,18,68,-76.0249984506518,4.92499932833016,1489.58618164062,2012,89.1483993530273,21.1771430969238,19.2607803344727,16.1628570556641,15.764554977417,65.3122915029526,19.7968999147415,15.796334862709
3,19,68,-76.0249984506518,4.92499932833016,1489.58618164062,2012,67.0819396972656,20.8628578186035,19.0942249298096,15.4128570556641,15.7899723052979,51.1588674783707,19.9967679977417,15.5582162737846
3,20,68,-76.0249984506518,4.92499932833016,1489.58618164062,2012,53.4407272338867,21.1171436309814,19.1343517303467,14.418571472168,15.528151512146,61.1640224456787,19.9143116474152,15.6961197257042
3,21,68,-76.0249984506518,4.92499932833016,1489.58618164062,2012,43.9605331420898,21.3385715484619,19.3669662475586,15.4528570175171,16.4940567016602,50.3957020044327,19.9747754335403,15.7010433077812
3,22,68,-76.0249984506518,4.92499932833016,1489.58618164062,2012,40.3726387023926,22.5914287567139,20.1084480285645,16.2814292907715,17.0880584716797,50.3294270038605,19.7542905807495,15.4411043524742
3,23,68,-76.0249984506518,4.92499932833016,1489.58618164062,2012,6.09145021438599,22.1171436309814,19.8589248657227,15.7714281082153,17.4324131011963,38.8359228074551,19.7408382892609,15.536452293396
3,24,68,-76.0249984506518,4.92499932833016,1489.58618164062,2012,21.1267757415771,21.3828563690186,19.2877101898193,14.0728569030762,14.5559339523315,41.7532932758331,19.669825553894,15.9557929635048
3,25,68,-76.0249984506518,4.92499932833016,1489.58618164062,2012,33.179084777832,21.9028568267822,19.6629810333252,17.4842853546143,18.4025783538818,35.7941220998764,19.7017858028412,16.1973019838333
3,26,68,-76.0249984506518,4.92499932833016,1489.58618164062,2012,30.9819297790527,21.1399993896484,18.7886009216309,15.5200004577637,15.9999570846558,42.2462527751923,19.6359697580338,16.0238202810287
3,27,68,-76.0249984506518,4.92499932833016,1489.58618164062,2012,15.2839288711548,21.5357151031494,19.2382297515869,16.3657150268555,16.796480178833,34.8732820153236,19.6607410907745,16.3198337554932
3,28,68,-76.0249984506518,4.92499932833016,1489.58618164062,2012,19.2845401763916,21.7585716247559,19.5359840393066,14.4642858505249,15.7580537796021,26.6838345527649,19.6563942432404,16.4359796643257
3,29,68,-76.0249984506518,4.92499932833016,1489.58618164062,2012,24.7941474914551,22.1085720062256,19.7059993743896,17.7099990844727,18.0058689117432,25.5328031629324,19.8224467039108,16.6666098237038
3,30,68,-76.0249984506518,4.92499932833016,1489.58618164062,2012,19.7769451141357,22.5400009155273,20.1263294219971,16.1042861938477,17.0173816680908,28.7333955913782,19.7904325723648,16.3742326498032
3,31,68,-76.0249984506518,4.92499932833016,1489.58618164062,2012,15.6765613555908,21.2628574371338,19.2628364562988,15.3285713195801,15.9405097961426,40.5725186467171,19.7840715646744,16.7672339677811
3,32,68,-76.0249984506518,4.92499932833016,1489.58618164062,2012,31.08571434021,21.7971420288086,19.5811557769775,15.9314289093018,17.0429000854492,23.4312891066074,19.7576839923859,16.6996580958366
3,33,68,-76.0249984506518,4.92499932833016,1489.58618164062,2012,9.8133544921875,21.0442848205566,19.0083599090576,15.291428565979,15.6185922622681,25.9455237686634,19.6502321958542,16.4242673516273
3,34,68,-76.0249984506518,4.92499932833016,1489.58618164062,2012,57.1595344543457,21.0542850494385,19.0269145965576,16.7900009155273,17.0068016052246,33.7150178551674,19.5860283374786,16.6907552480698
3,35,68,-76.0249984506518,4.92499932833016,1489.58618164062,2012,29.0722808837891,22.3728580474854,19.6904602050781,16.6014289855957,17.5676460266113,33.1829383075237,19.702247262001,17.4469336271286
3,36,68,-76.0249984506518,4.92499932833016,1489.58618164062,2012,19.592945098877,21.7657146453857,19.3925342559814,16.3842849731445,17.665168762207,33.3136308789253,19.6436576843262,17.0003739595413
3,37,68,-76.0249984506518,4.92499932833016,1489.58618164062,2012,5.84145355224609,21.8285713195801,19.4886322021484,15.1214284896851,16.9206943511963,29.2671343684196,19.7047109603882,17.1040970683098
3,38,68,-76.0249984506518,4.92499932833016,1489.58618164062,2012,12.9123268127441,21.2157135009766,19.1399230957031,15.3885717391968,16.5029716491699,33.4603180885315,19.562282204628,16.8535178303719
3,39,68,-76.0249984506518,4.92499932833016,1489.58618164062,2012,28.9301643371582,21.3471431732178,19.1708679199219,15.498571395874,15.6398229598999,37.1940811872482,19.5099493265152,16.8168216347694
3,40,68,-76.0249984506518,4.92499932833016,1489.58618164062,2012,48.5772476196289,21.3185710906982,19.2803916931152,15.83571434021,16.1811981201172,44.2368016242981,19.3788642883301,16.4742106795311
3,41,68,-76.0249984506518,4.92499932833016,1489.58618164062,2012,55.5885925292969,20.9642848968506,19.0701160430908,14.8814287185669,15.7812919616699,62.2394296526909,19.2250705957413,15.6681109070778
3,42,68,-76.0249984506518,4.92499932833016,1489.58618164062,2012,59.5734672546387,20.1014289855957,18.3114700317383,14.081428527832,14.2329378128052,64.5673253536224,19.1340305805206,15.5966928005219
3,43,68,-76.0249984506518,4.92499932833016,1489.58618164062,2012,73.5622634887695,20.4471435546875,18.5986843109131,15.2714281082153,16.8282470703125,55.8425321578979,19.0511635541916,15.2714443206787
3,44,68,-76.0249984506518,4.92499932833016,1489.58618164062,2012,25.9810791015625,20.7328567504883,18.782543182373,15.9342861175537,16.6640548706055,65.6929739713669,18.9474663734436,15.4591355323792
3,45,68,-76.0249984506518,4.92499932833016,1489.58618164062,2012,71.9047088623047,20.8999996185303,19.2212905883789,14.9385709762573,16.1448001861572,66.8568260669708,19.1072076559067,14.9168934226036
3,46,68,-76.0249984506518,4.92499932833016,1489.58618164062,2012,112.190246582031,20.7985706329346,18.8730812072754,12.6942853927612,13.3953552246094,52.4002667069435,18.8222017288208,14.2263060808182
3,47,68,-76.0249984506518,4.92499932833016,1489.58618164062,2012,29.6956634521484,20.5200004577637,18.9447059631348,13.3057146072388,14.3835430145264,62.8894745111465,18.8869535923004,14.813466489315
3,48,68,-76.0249984506518,4.92499932833016,1489.58618164062,2012,0,20.1828575134277,18.4500541687012,14.5457143783569,15.2427921295166,40.1598496437073,19.0939410924911,14.3813357949257
3,49,68,-76.0249984506518,4.92499932833016,1489.58618164062,2012,59.9212379455566,20.1071434020996,18.4988994598389,14.6828575134277,15.0357608795166,52.6418064832687,19.0779775381088,14.4270323514938
3,50,68,-76.0249984506518,4.92499932833016,1489.58618164062,2012,0,20.7742862701416,18.9723529815674,13.2571430206299,14.3719263076782,35.0166781544685,19.2106900215149,14.3503930568695
3,51,68,-76.0249984506518,4.92499932833016,1489.58618164062,2012,60.0526351928711,20.1828575134277,18.3914585113525,13.624285697937,14.4846830368042,52.3625186681747,19.3093731403351,14.2411630153656
3,52,68,-76.0249984506518,4.92499932833016,1489.58618164062,2012,37.6002159118652,21.247142791748,19.2859172821045,12.4642858505249,13.8076276779175,37.1562633514404,19.4540865421295,14.604435801506
3,1,68,-76.0249984506518,4.92499932833016,1489.58618164062,2013,0,21.8899993896484,19.69407081604,15.1700000762939,17.7276821136475,41.3808353543282,19.3929874897003,15.6667025089264
3,2,68,-76.0249984506518,4.92499932833016,1489.58618164062,2013,26.6506881713867,22.0599994659424,19.8148956298828,13.9842853546143,15.853741645813,29.5654860138893,19.4459897279739,15.2593624591827
3,3,68,-76.0249984506518,4.92499932833016,1489.58618164062,2013,0,21.1557140350342,19.3784580230713,12.1042852401733,13.3247194290161,18.5329524278641,19.7642245292664,15.4455628395081
3,4,68,-76.0249984506518,4.92499932833016,1489.58618164062,2013,22.4621295928955,21.9385719299316,20.1011791229248,11.8985710144043,13.3705368041992,29.0022822916508,19.7169740200043,15.203985273838
3,5,68,-76.0249984506518,4.92499932833016,1489.58618164062,2013,0,21.4814281463623,19.6728267669678,12.6214284896851,13.1734685897827,15.9903210401535,20.0265126228333,15.3372911810875
3,6,68,-76.0249984506518,4.92499932833016,1489.58618164062,2013,108.875686645508,20.2685718536377,18.5245571136475,11.9628572463989,12.3513212203979,36.1542761325836,19.764261007309,14.4507938623428
3,7,68,-76.0249984506518,4.92499932833016,1489.58618164062,2013,0,20.5085716247559,18.5957317352295,13.2600002288818,13.3648176193237,30.8316073417664,19.8758951425552,15.2426357865334
3,8,68,-76.0249984506518,4.92499932833016,1489.58618164062,2013,56.9837265014648,21.7871437072754,20.02197265625,13.8685712814331,15.204662322998,45.3517606258392,19.7005088329315,15.1305409669876
3,9,68,-76.0249984506518,4.92499932833016,1489.58618164062,2013,26.2642974853516,21.6842861175537,19.8762321472168,13.0642852783203,13.5616340637207,37.5776091814041,19.6287369728088,14.9903227686882
3,10,68,-76.0249984506518,4.92499932833016,1489.58618164062,2013,19.7153911590576,22.5,20.5202255249023,14.3500003814697,15.5518369674683,36.3808482289314,19.7882395982742,14.9138765335083
3,11,68,-76.0249984506518,4.92499932833016,1489.58618164062,2013,94.5546722412109,21.3899993896484,19.5606136322021,13.2314281463623,13.7689943313599,57.5499714612961,19.6573683023453,14.804406940937
3,12,68,-76.0249984506518,4.92499932833016,1489.58618164062,2013,60.661376953125,20.9400005340576,19.0601005554199,14.4714288711548,14.6623048782349,46.3090141415596,19.7420921325684,15.4468197226524
3,13,68,-76.0249984506518,4.92499932833016,1489.58618164062,2013,17.8729572296143,22.1957149505615,20.3027095794678,15.6071424484253,16.7822418212891,46.7928792834282,19.893718957901,14.8711487650871
3,14,68,-76.0249984506518,4.92499932833016,1489.58618164062,2013,21.4181785583496,21.7714290618896,20.0124130249023,13.7571430206299,15.1804037094116,55.7449676990509,19.8510556221008,15.2674713134766
3,15,68,-76.0249984506518,4.92499932833016,1489.58618164062,2013,51.4059982299805,21.7957134246826,20.0990562438965,16.1299991607666,16.0510578155518,62.3118902444839,19.9033292531967,15.3135489821434
3,16,68,-76.0249984506518,4.92499932833016,1489.58618164062,2013,79.1557693481445,21.0257148742676,19.1632747650146,13.9414281845093,14.8419790267944,64.8938586711884,19.6250195503235,15.2537490725517
3,17,68,-76.0249984506518,4.92499932833016,1489.58618164062,2013,51.2170791625977,20.8971424102783,19.1292381286621,15.291428565979,16.2103214263916,44.6856783628464,19.8267364501953,15.5267367959023
3,18,68,-76.0249984506518,4.92499932833016,1489.58618164062,2013,79.7183685302734,21.0328578948975,19.1261291503906,15.705714225769,15.8074560165405,65.3122915029526,19.7968999147415,15.796334862709
3,19,68,-76.0249984506518,4.92499932833016,1489.58618164062,2013,26.2624263763428,21.2399997711182,19.3885917663574,14.1842861175537,14.8263711929321,51.1588674783707,19.9967679977417,15.5582162737846
3,20,68,-76.0249984506518,4.92499932833016,1489.58618164062,2013,87.6217803955078,20.9771423339844,19.2180423736572,13.2385711669922,14.2092704772949,61.1640224456787,19.9143116474152,15.6961197257042
3,21,68,-76.0249984506518,4.92499932833016,1489.58618164062,2013,106.867744445801,20.9357147216797,19.0636501312256,15.5457143783569,16.0603523254395,50.3957020044327,19.9747754335403,15.7010433077812
3,22,68,-76.0249984506518,4.92499932833016,1489.58618164062,2013,89.6681900024414,21.0314292907715,19.1049613952637,15.5699996948242,15.8486366271973,50.3294270038605,19.7542905807495,15.4411043524742
3,23,68,-76.0249984506518,4.92499932833016,1489.58618164062,2013,28.7694339752197,22.0157146453857,19.4789562225342,15.6828575134277,16.8692893981934,38.8359228074551,19.7408382892609,15.536452293396
3,24,68,-76.0249984506518,4.92499932833016,1489.58618164062,2013,30.1454467773438,22.1157150268555,19.8846836090088,14.5957145690918,15.7535800933838,41.7532932758331,19.669825553894,15.9557929635048
3,25,68,-76.0249984506518,4.92499932833016,1489.58618164062,2013,21.5432014465332,21.9885711669922,19.8496417999268,14.8371429443359,16.1601314544678,35.7941220998764,19.7017858028412,16.1973019838333
3,26,68,-76.0249984506518,4.92499932833016,1489.58618164062,2013,52.1409339904785,21.1471424102783,19.1077117919922,13.5571432113647,14.7426147460938,42.2462527751923,19.6359697580338,16.0238202810287
3,27,68,-76.0249984506518,4.92499932833016,1489.58618164062,2013,26.170581817627,21.4699993133545,19.2525119781494,15.6514282226562,17.396068572998,34.8732820153236,19.6607410907745,16.3198337554932
3,28,68,-76.0249984506518,4.92499932833016,1489.58618164062,2013,12.6774988174438,21.6285705566406,19.3697700500488,14.752857208252,16.0001659393311,26.6838345527649,19.6563942432404,16.4359796643257
3,29,68,-76.0249984506518,4.92499932833016,1489.58618164062,2013,37.3362197875977,21.4471435546875,19.2745780944824,14.1428575515747,15.7671003341675,25.5328031629324,19.8224467039108,16.6666098237038
3,30,68,-76.0249984506518,4.92499932833016,1489.58618164062,2013,38.3787612915039,22.3471431732178,19.7856731414795,16.6514282226562,18.1065425872803,28.7333955913782,19.7904325723648,16.3742326498032
3,31,68,-76.0249984506518,4.92499932833016,1489.58618164062,2013,11.7248601913452,21.7628574371338,19.5156688690186,15.0585718154907,16.462854385376,40.5725186467171,19.7840715646744,16.7672339677811
3,32,68,-76.0249984506518,4.92499932833016,1489.58618164062,2013,51.0660209655762,20.5942859649658,18.7556419372559,14.2657146453857,14.9464330673218,23.4312891066074,19.7576839923859,16.6996580958366
3,33,68,-76.0249984506518,4.92499932833016,1489.58618164062,2013,58.3779067993164,21.4400005340576,19.30539894104,15.208571434021,15.790753364563,25.9455237686634,19.6502321958542,16.4242673516273
3,34,68,-76.0249984506518,4.92499932833016,1489.58618164062,2013,37.6722030639648,21.3742866516113,19.3170948028564,15.455714225769,16.1589603424072,33.7150178551674,19.5860283374786,16.6907552480698
3,35,68,-76.0249984506518,4.92499932833016,1489.58618164062,2013,12.2335510253906,21.4642848968506,19.1818428039551,16.2314281463623,17.3798427581787,33.1829383075237,19.702247262001,17.4469336271286
3,36,68,-76.0249984506518,4.92499932833016,1489.58618164062,2013,53.4509696960449,20.9414291381836,18.86692237854,16.6599998474121,16.4392471313477,33.3136308789253,19.6436576843262,17.0003739595413
3,37,68,-76.0249984506518,4.92499932833016,1489.58618164062,2013,29.7915706634521,20.7657146453857,18.9209232330322,15.8457145690918,16.4205703735352,29.2671343684196,19.7047109603882,17.1040970683098
3,38,68,-76.0249984506518,4.92499932833016,1489.58618164062,2013,35.223274230957,22.0614280700684,19.8959274291992,14.997142791748,16.4379482269287,33.4603180885315,19.562282204628,16.8535178303719
3,39,68,-76.0249984506518,4.92499932833016,1489.58618164062,2013,58.2205009460449,21.2257137298584,19.096565246582,15.5514287948608,16.3211994171143,37.1940811872482,19.5099493265152,16.8168216347694
3,40,68,-76.0249984506518,4.92499932833016,1489.58618164062,2013,22.0213928222656,21.5871429443359,19.5489959716797,16.5671424865723,17.5878601074219,44.2368016242981,19.3788642883301,16.4742106795311
3,41,68,-76.0249984506518,4.92499932833016,1489.58618164062,2013,51.4640769958496,20.8999996185303,18.8613910675049,13.9242858886719,14.9798288345337,62.2394296526909,19.2250705957413,15.6681109070778
3,42,68,-76.0249984506518,4.92499932833016,1489.58618164062,2013,45.3888969421387,20.6971435546875,18.8284301757812,14.9071426391602,16.1175174713135,64.5673253536224,19.1340305805206,15.5966928005219
3,43,68,-76.0249984506518,4.92499932833016,1489.58618164062,2013,33.5607872009277,21.1700000762939,19.2308464050293,16.1800003051758,16.8976974487305,55.8425321578979,19.0511635541916,15.2714443206787
3,44,68,-76.0249984506518,4.92499932833016,1489.58618164062,2013,53.1760711669922,20.0671424865723,18.2503395080566,14.7457141876221,15.0042514801025,65.6929739713669,18.9474663734436,15.4591355323792
3,45,68,-76.0249984506518,4.92499932833016,1489.58618164062,2013,52.2941741943359,20.2242851257324,18.4567928314209,15.5900001525879,15.5412616729736,66.8568260669708,19.1072076559067,14.9168934226036
3,46,68,-76.0249984506518,4.92499932833016,1489.58618164062,2013,37.3531608581543,20.5699996948242,18.9195690155029,14.1857147216797,15.2760124206543,52.4002667069435,18.8222017288208,14.2263060808182
3,47,68,-76.0249984506518,4.92499932833016,1489.58618164062,2013,70.9966506958008,20.3442859649658,18.4416217803955,13.5671424865723,13.8025064468384,62.8894745111465,18.8869535923004,14.813466489315
3,48,68,-76.0249984506518,4.92499932833016,1489.58618164062,2013,48.7054290771484,20.1414279937744,18.3121776580811,15.168571472168,14.4073314666748,40.1598496437073,19.0939410924911,14.3813357949257
3,49,68,-76.0249984506518,4.92499932833016,1489.58618164062,2013,101.845893859863,20.4257144927979,18.5642013549805,13.0571432113647,14.0182771682739,52.6418064832687,19.0779775381088,14.4270323514938
3,50,68,-76.0249984506518,4.92499932833016,1489.58618164062,2013,41.1692352294922,20.9728565216064,19.1343574523926,12.9785718917847,14.2959794998169,35.0166781544685,19.2106900215149,14.3503930568695
3,51,68,-76.0249984506518,4.92499932833016,1489.58618164062,2013,27.6782474517822,20.2171421051025,18.5927505493164,11.7299995422363,12.0331802368164,52.3625186681747,19.3093731403351,14.2411630153656
3,52,68,-76.0249984506518,4.92499932833016,1489.58618164062,2013,38.0188369750977,21.8028564453125,19.6521854400635,15.0900001525879,16.5982360839844,37.1562633514404,19.4540865421295,14.604435801506
3,1,68,-76.0249984506518,4.92499932833016,1489.58618164062,2014,0,21.1228580474854,19.1999626159668,12.5228567123413,13.1560363769531,41.3808353543282,19.3929874897003,15.6667025089264
3,2,68,-76.0249984506518,4.92499932833016,1489.58618164062,2014,68.6755752563477,21.2771434783936,19.1606788635254,13.2799997329712,14.2163867950439,29.5654860138893,19.4459897279739,15.2593624591827
3,3,68,-76.0249984506518,4.92499932833016,1489.58618164062,2014,19.7311706542969,21.9028568267822,19.7998676300049,12.6400003433228,13.9868469238281,18.5329524278641,19.7642245292664,15.4455628395081
3,4,68,-76.0249984506518,4.92499932833016,1489.58618164062,2014,39.6985664367676,21.1857147216797,19.3570384979248,12.5742855072021,14.0754871368408,29.0022822916508,19.7169740200043,15.203985273838
3,5,68,-76.0249984506518,4.92499932833016,1489.58618164062,2014,0,20.7185707092285,19.0087394714355,12.6571426391602,13.8057060241699,15.9903210401535,20.0265126228333,15.3372911810875
3,6,68,-76.0249984506518,4.92499932833016,1489.58618164062,2014,42.9935607910156,21.0342864990234,19.2001667022705,13.7671432495117,14.6207609176636,36.1542761325836,19.764261007309,14.4507938623428
3,7,68,-76.0249984506518,4.92499932833016,1489.58618164062,2014,35.0720329284668,21.0128574371338,19.2936305999756,14.3585710525513,15.3796501159668,30.8316073417664,19.8758951425552,15.2426357865334
3,8,68,-76.0249984506518,4.92499932833016,1489.58618164062,2014,42.7180252075195,20.9099998474121,19.1358814239502,11.8285713195801,12.5366191864014,45.3517606258392,19.7005088329315,15.1305409669876
3,9,68,-76.0249984506518,4.92499932833016,1489.58618164062,2014,65.1386489868164,20.7700004577637,18.9072189331055,13.415714263916,13.5033168792725,37.5776091814041,19.6287369728088,14.9903227686882
3,10,68,-76.0249984506518,4.92499932833016,1489.58618164062,2014,55.3885040283203,20.2757148742676,18.5819702148438,13.2142858505249,13.6165180206299,36.3808482289314,19.7882395982742,14.9138765335083
3,11,68,-76.0249984506518,4.92499932833016,1489.58618164062,2014,55.9562492370605,20.4400005340576,18.7916679382324,13.1599998474121,13.2123651504517,57.5499714612961,19.6573683023453,14.804406940937
3,12,68,-76.0249984506518,4.92499932833016,1489.58618164062,2014,29.1760406494141,21.5071430206299,19.70068359375,15.8042860031128,16.1932411193848,46.3090141415596,19.7420921325684,15.4468197226524
3,13,68,-76.0249984506518,4.92499932833016,1489.58618164062,2014,40.2321128845215,22.2342853546143,20.1459369659424,15.5457143783569,17.4971790313721,46.7928792834282,19.893718957901,14.8711487650871
3,14,68,-76.0249984506518,4.92499932833016,1489.58618164062,2014,33.5857925415039,22.3414287567139,20.1913394927979,14.6771430969238,16.1619739532471,55.7449676990509,19.8510556221008,15.2674713134766
3,15,68,-76.0249984506518,4.92499932833016,1489.58618164062,2014,19.6025466918945,22.3257141113281,20.2541656494141,14.3100004196167,15.7945823669434,62.3118902444839,19.9033292531967,15.3135489821434
3,16,68,-76.0249984506518,4.92499932833016,1489.58618164062,2014,67.867561340332,21.752857208252,19.7275772094727,14.9814281463623,15.2290010452271,64.8938586711884,19.6250195503235,15.2537490725517
3,17,68,-76.0249984506518,4.92499932833016,1489.58618164062,2014,95.8930435180664,22.082857131958,20.0597019195557,14.8142852783203,15.7655372619629,44.6856783628464,19.8267364501953,15.5267367959023
3,18,68,-76.0249984506518,4.92499932833016,1489.58618164062,2014,55.5698432922363,21.5228576660156,19.6446800231934,15.8171424865723,15.9464902877808,65.3122915029526,19.7968999147415,15.796334862709
3,19,68,-76.0249984506518,4.92499932833016,1489.58618164062,2014,53.170238494873,20.6614284515381,18.8149490356445,15.7171430587769,15.4635229110718,51.1588674783707,19.9967679977417,15.5582162737846
3,20,68,-76.0249984506518,4.92499932833016,1489.58618164062,2014,30.342601776123,21.7028579711914,19.6868000030518,14.7371425628662,15.4265832901001,61.1640224456787,19.9143116474152,15.6961197257042
3,21,68,-76.0249984506518,4.92499932833016,1489.58618164062,2014,38.5946464538574,22.0200004577637,19.9007167816162,15.1471424102783,17.0138034820557,50.3957020044327,19.9747754335403,15.7010433077812
3,22,68,-76.0249984506518,4.92499932833016,1489.58618164062,2014,82.8037414550781,21.7071437835693,19.8175830841064,14.0885715484619,15.014066696167,50.3294270038605,19.7542905807495,15.4411043524742
3,23,68,-76.0249984506518,4.92499932833016,1489.58618164062,2014,60.9248504638672,22.0771427154541,20.0167274475098,14.6885709762573,15.8346862792969,38.8359228074551,19.7408382892609,15.536452293396
3,24,68,-76.0249984506518,4.92499932833016,1489.58618164062,2014,24.1525192260742,22.8899993896484,20.241512298584,16.3271427154541,17.5553932189941,41.7532932758331,19.669825553894,15.9557929635048
3,25,68,-76.0249984506518,4.92499932833016,1489.58618164062,2014,20.0097579956055,22.3700008392334,19.8712310791016,15.1571426391602,15.6948013305664,35.7941220998764,19.7017858028412,16.1973019838333
3,26,68,-76.0249984506518,4.92499932833016,1489.58618164062,2014,40.4941825866699,22.2728576660156,19.9282627105713,15.7757139205933,16.3646087646484,42.2462527751923,19.6359697580338,16.0238202810287
3,27,68,-76.0249984506518,4.92499932833016,1489.58618164062,2014,43.9161720275879,22.4528579711914,20.109094619751,16.1371421813965,17.1386165618896,34.8732820153236,19.6607410907745,16.3198337554932
3,28,68,-76.0249984506518,4.92499932833016,1489.58618164062,2014,18.1838760375977,22.7785720825195,20.0545520782471,17.0085716247559,17.8464622497559,26.6838345527649,19.6563942432404,16.4359796643257
3,29,68,-76.0249984506518,4.92499932833016,1489.58618164062,2014,2.99843859672546,22.9014282226562,20.2849731445312,16.0599994659424,17.6320896148682,25.5328031629324,19.8224467039108,16.6666098237038
3,30,68,-76.0249984506518,4.92499932833016,1489.58618164062,2014,8.72359466552734,22.7785720825195,20.2457904815674,17.0585708618164,18.2165794372559,28.7333955913782,19.7904325723648,16.3742326498032
3,31,68,-76.0249984506518,4.92499932833016,1489.58618164062,2014,11.0887603759766,22.1614284515381,19.8447780609131,15.3385715484619,16.7792778015137,40.5725186467171,19.7840715646744,16.7672339677811
3,32,68,-76.0249984506518,4.92499932833016,1489.58618164062,2014,20.6260356903076,21.501428604126,19.2461414337158,16.6185722351074,16.704647064209,23.4312891066074,19.7576839923859,16.6996580958366
3,33,68,-76.0249984506518,4.92499932833016,1489.58618164062,2014,13.0419731140137,22.5571422576904,19.9988708496094,17.1557140350342,17.4043560028076,25.9455237686634,19.6502321958542,16.4242673516273
3,34,68,-76.0249984506518,4.92499932833016,1489.58618164062,2014,24.1315174102783,21.1242866516113,19.1801776885986,14.4414281845093,15.4253873825073,33.7150178551674,19.5860283374786,16.6907552480698
3,35,68,-76.0249984506518,4.92499932833016,1489.58618164062,2014,26.9904098510742,21.8985710144043,19.5894985198975,17.2314281463623,18.0395374298096,33.1829383075237,19.702247262001,17.4469336271286
3,36,68,-76.0249984506518,4.92499932833016,1489.58618164062,2014,23.2391395568848,21.8085708618164,19.7179508209229,16.4957141876221,17.741231918335,33.3136308789253,19.6436576843262,17.0003739595413
3,37,68,-76.0249984506518,4.92499932833016,1489.58618164062,2014,27.149829864502,20.8528575897217,19.0305404663086,14.8057146072388,15.4337244033813,29.2671343684196,19.7047109603882,17.1040970683098
3,38,68,-76.0249984506518,4.92499932833016,1489.58618164062,2014,39.3821258544922,20.8685722351074,18.9968757629395,15.6342859268188,16.2152080535889,33.4603180885315,19.562282204628,16.8535178303719
3,39,68,-76.0249984506518,4.92499932833016,1489.58618164062,2014,33.4874572753906,21.6814289093018,19.6365623474121,17.2728576660156,18.6714515686035,37.1940811872482,19.5099493265152,16.8168216347694
3,40,68,-76.0249984506518,4.92499932833016,1489.58618164062,2014,16.4547328948975,21.6371421813965,19.537805557251,15.25,16.3435363769531,44.2368016242981,19.3788642883301,16.4742106795311
3,41,68,-76.0249984506518,4.92499932833016,1489.58618164062,2014,76.6865234375,20.6428565979004,18.7529373168945,14.8299999237061,14.4736280441284,62.2394296526909,19.2250705957413,15.6681109070778
3,42,68,-76.0249984506518,4.92499932833016,1489.58618164062,2014,56.3578758239746,20.8942852020264,18.9539756774902,15.6499996185303,15.5205163955688,64.5673253536224,19.1340305805206,15.5966928005219
3,43,68,-76.0249984506518,4.92499932833016,1489.58618164062,2014,45.3518028259277,20.5414295196533,18.7117404937744,14.5371427536011,15.2856645584106,55.8425321578979,19.0511635541916,15.2714443206787
3,44,68,-76.0249984506518,4.92499932833016,1489.58618164062,2014,48.0862731933594,20.6985721588135,18.9977397918701,15.2799997329712,15.5748929977417,65.6929739713669,18.9474663734436,15.4591355323792
3,45,68,-76.0249984506518,4.92499932833016,1489.58618164062,2014,79.4365692138672,20.5228576660156,18.7700824737549,14.6142854690552,14.6797714233398,66.8568260669708,19.1072076559067,14.9168934226036
3,46,68,-76.0249984506518,4.92499932833016,1489.58618164062,2014,23.0496978759766,20.1828575134277,18.2801570892334,15.1728572845459,14.9244976043701,52.4002667069435,18.8222017288208,14.2263060808182
3,47,68,-76.0249984506518,4.92499932833016,1489.58618164062,2014,20.5963439941406,20.3442859649658,18.6021728515625,13.7657146453857,14.112021446228,62.8894745111465,18.8869535923004,14.813466489315
3,48,68,-76.0249984506518,4.92499932833016,1489.58618164062,2014,34.4706649780273,21.5757141113281,19.6347007751465,14.6999998092651,15.4091320037842,40.1598496437073,19.0939410924911,14.3813357949257
3,49,68,-76.0249984506518,4.92499932833016,1489.58618164062,2014,48.3583679199219,20.9699993133545,18.9632511138916,12.4814281463623,13.2518272399902,52.6418064832687,19.0779775381088,14.4270323514938
3,50,68,-76.0249984506518,4.92499932833016,1489.58618164062,2014,67.4767990112305,20.3585720062256,18.3313636779785,14.8042860031128,14.906566619873,35.0166781544685,19.2106900215149,14.3503930568695
3,51,68,-76.0249984506518,4.92499932833016,1489.58618164062,2014,0,21.0071430206299,19.1898937225342,13.5299997329712,15.0534410476685,52.3625186681747,19.3093731403351,14.2411630153656
3,52,68,-76.0249984506518,4.92499932833016,1489.58618164062,2014,0,22.0042858123779,20.0764026641846,14.7428569793701,16.6957321166992,37.1562633514404,19.4540865421295,14.604435801506
3,1,68,-76.0249984506518,4.92499932833016,1489.58618164062,2015,0,22.5957145690918,19.7883453369141,17.5571422576904,20.0849723815918,41.3808353543282,19.3929874897003,15.6667025089264
3,2,68,-76.0249984506518,4.92499932833016,1489.58618164062,2015,8.80773544311523,22.3614292144775,20.0558700561523,13.8514289855957,15.4300584793091,29.5654860138893,19.4459897279739,15.2593624591827
3,3,68,-76.0249984506518,4.92499932833016,1489.58618164062,2015,40.108959197998,20.3014278411865,18.5593338012695,13.582857131958,13.902792930603,18.5329524278641,19.7642245292664,15.4455628395081
3,4,68,-76.0249984506518,4.92499932833016,1489.58618164062,2015,34.2235412597656,20.4500007629395,18.7268562316895,14.3971424102783,14.4912157058716,29.0022822916508,19.7169740200043,15.203985273838
3,5,68,-76.0249984506518,4.92499932833016,1489.58618164062,2015,0,22.1857147216797,19.9166526794434,14.1142854690552,15.0243310928345,15.9903210401535,20.0265126228333,15.3372911810875
3,6,68,-76.0249984506518,4.92499932833016,1489.58618164062,2015,76.0685958862305,20.8057136535645,18.8599090576172,12.1114282608032,12.1228971481323,36.1542761325836,19.764261007309,14.4507938623428
3,7,68,-76.0249984506518,4.92499932833016,1489.58618164062,2015,6.86036682128906,22.3214282989502,20.2519016265869,13.8828573226929,15.650520324707,30.8316073417664,19.8758951425552,15.2426357865334
3,8,68,-76.0249984506518,4.92499932833016,1489.58618164062,2015,29.2488059997559,21.7214279174805,19.8256378173828,15.3814287185669,16.4993171691895,45.3517606258392,19.7005088329315,15.1305409669876
3,9,68,-76.0249984506518,4.92499932833016,1489.58618164062,2015,9.67139053344727,21.2042865753174,19.4754333496094,13.7757139205933,15.3008604049683,37.5776091814041,19.6287369728088,14.9903227686882
3,10,68,-76.0249984506518,4.92499932833016,1489.58618164062,2015,9.67139053344727,22.832857131958,20.676176071167,13.9757146835327,16.0258941650391,36.3808482289314,19.7882395982742,14.9138765335083
3,11,68,-76.0249984506518,4.92499932833016,1489.58618164062,2015,20.3535308837891,21.4571437835693,19.4836082458496,11.4328575134277,12.8770837783813,57.5499714612961,19.6573683023453,14.804406940937
3,12,68,-76.0249984506518,4.92499932833016,1489.58618164062,2015,70.0966567993164,20.6728572845459,18.8010578155518,15.8100004196167,15.8233079910278,46.3090141415596,19.7420921325684,15.4468197226524
3,13,68,-76.0249984506518,4.92499932833016,1489.58618164062,2015,91.0549545288086,20.7614288330078,19.1018161773682,13.4842853546143,14.3834505081177,46.7928792834282,19.893718957901,14.8711487650871
3,14,68,-76.0249984506518,4.92499932833016,1489.58618164062,2015,43.4278106689453,21.5685710906982,19.6173667907715,13.582857131958,14.0475740432739,55.7449676990509,19.8510556221008,15.2674713134766
3,15,68,-76.0249984506518,4.92499932833016,1489.58618164062,2015,63.4960594177246,22.3042850494385,20.142822265625,16.5442848205566,16.5057182312012,62.3118902444839,19.9033292531967,15.3135489821434
3,16,68,-76.0249984506518,4.92499932833016,1489.58618164062,2015,84.8788604736328,21.1971435546875,19.3178100585938,17.2228565216064,16.8958415985107,64.8938586711884,19.6250195503235,15.2537490725517
3,17,68,-76.0249984506518,4.92499932833016,1489.58618164062,2015,23.1624717712402,22.5499992370605,20.4205589294434,16.1342849731445,17.58766746521,44.6856783628464,19.8267364501953,15.5267367959023
3,18,68,-76.0249984506518,4.92499932833016,1489.58618164062,2015,76.8548583984375,22.0257148742676,19.8878650665283,15.6942853927612,16.4952831268311,65.3122915029526,19.7968999147415,15.796334862709
3,19,68,-76.0249984506518,4.92499932833016,1489.58618164062,2015,43.5269546508789,23.1771430969238,20.9251117706299,15.3914289474487,16.9628410339355,51.1588674783707,19.9967679977417,15.5582162737846
3,20,68,-76.0249984506518,4.92499932833016,1489.58618164062,2015,29.8078994750977,22.1442852020264,20.0497398376465,15.4799995422363,16.0792694091797,61.1640224456787,19.9143116474152,15.6961197257042
3,21,68,-76.0249984506518,4.92499932833016,1489.58618164062,2015,24.0598583221436,22.0728569030762,19.987268447876,14.9285717010498,15.9095773696899,50.3957020044327,19.9747754335403,15.7010433077812
3,22,68,-76.0249984506518,4.92499932833016,1489.58618164062,2015,27.5888023376465,22.0514278411865,19.8451271057129,14.7342853546143,15.4524364471436,50.3294270038605,19.7542905807495,15.4411043524742
3,23,68,-76.0249984506518,4.92499932833016,1489.58618164062,2015,8.4888334274292,21.5771427154541,19.5229587554932,14.125714302063,14.7209396362305,38.8359228074551,19.7408382892609,15.536452293396
3,24,68,-76.0249984506518,4.92499932833016,1489.58618164062,2015,22.0229263305664,22.8514289855957,20.3964080810547,16.3485717773438,16.384162902832,41.7532932758331,19.669825553894,15.9557929635048
3,25,68,-76.0249984506518,4.92499932833016,1489.58618164062,2015,20.7520389556885,23.1957149505615,20.5142860412598,17.8585720062256,18.3963642120361,35.7941220998764,19.7017858028412,16.1973019838333
3,26,68,-76.0249984506518,4.92499932833016,1489.58618164062,2015,18.9885673522949,22.8514289855957,20.3361511230469,16.4485721588135,16.6121311187744,42.2462527751923,19.6359697580338,16.0238202810287
3,27,68,-76.0249984506518,4.92499932833016,1489.58618164062,2015,36.5595626831055,22.4899997711182,20.1675453186035,13.6328573226929,15.5384950637817,34.8732820153236,19.6607410907745,16.3198337554932
3,28,68,-76.0249984506518,4.92499932833016,1489.58618164062,2015,18.083740234375,21.7242851257324,19.6124591827393,14.5514287948608,15.0024213790894,26.6838345527649,19.6563942432404,16.4359796643257
3,29,68,-76.0249984506518,4.92499932833016,1489.58618164062,2015,6.49485158920288,21.4342861175537,19.3682918548584,15.5771427154541,16.010986328125,25.5328031629324,19.8224467039108,16.6666098237038
3,30,68,-76.0249984506518,4.92499932833016,1489.58618164062,2015,68.650390625,22.6571426391602,20.1298656463623,16.4814281463623,17.4439716339111,28.7333955913782,19.7904325723648,16.3742326498032
3,31,68,-76.0249984506518,4.92499932833016,1489.58618164062,2015,11.5152378082275,22.7700004577637,20.4485397338867,16.7800006866455,17.5241832733154,40.5725186467171,19.7840715646744,16.7672339677811
3,32,68,-76.0249984506518,4.92499932833016,1489.58618164062,2015,16.994758605957,22.0557136535645,19.8900241851807,13.9314289093018,15.3533573150635,23.4312891066074,19.7576839923859,16.6996580958366
3,33,68,-76.0249984506518,4.92499932833016,1489.58618164062,2015,25.2460517883301,22.0928573608398,20.1834983825684,15.8557138442993,15.9793224334717,25.9455237686634,19.6502321958542,16.4242673516273
3,34,68,-76.0249984506518,4.92499932833016,1489.58618164062,2015,30.4811592102051,21.8857135772705,20.0698261260986,15.1128568649292,15.6746616363525,33.7150178551674,19.5860283374786,16.6907552480698
3,35,68,-76.0249984506518,4.92499932833016,1489.58618164062,2015,78.7820053100586,22.6000003814697,20.2258167266846,15.9442853927612,17.2054996490479,33.1829383075237,19.702247262001,17.4469336271286
3,36,68,-76.0249984506518,4.92499932833016,1489.58618164062,2015,23.5397281646729,22.251428604126,20.4876728057861,16.1571426391602,17.2319355010986,33.3136308789253,19.6436576843262,17.0003739595413
3,37,68,-76.0249984506518,4.92499932833016,1489.58618164062,2015,15.4684600830078,22.3385715484619,20.233678817749,16.8914279937744,18.0003070831299,29.2671343684196,19.7047109603882,17.1040970683098
3,38,68,-76.0249984506518,4.92499932833016,1489.58618164062,2015,19.2873725891113,22.0657138824463,19.9939765930176,15.705714225769,16.5738182067871,33.4603180885315,19.562282204628,16.8535178303719
3,39,68,-76.0249984506518,4.92499932833016,1489.58618164062,2015,26.9011669158936,22.4557151794434,20.390172958374,17.3414287567139,19.00563621521,37.1940811872482,19.5099493265152,16.8168216347694
3,40,68,-76.0249984506518,4.92499932833016,1489.58618164062,2015,42.4317893981934,22.1914291381836,20.2767715454102,15.6414289474487,17.1414794921875,44.2368016242981,19.3788642883301,16.4742106795311
3,41,68,-76.0249984506518,4.92499932833016,1489.58618164062,2015,9.35205745697021,21.2928562164307,19.4695816040039,14.544285774231,14.9219455718994,62.2394296526909,19.2250705957413,15.6681109070778
3,42,68,-76.0249984506518,4.92499932833016,1489.58618164062,2015,136.147796630859,21.8628578186035,19.7209968566895,16.5142860412598,16.671236038208,64.5673253536224,19.1340305805206,15.5966928005219
3,43,68,-76.0249984506518,4.92499932833016,1489.58618164062,2015,63.8138580322266,21.4128570556641,19.3635425567627,13.1300001144409,13.8329439163208,55.8425321578979,19.0511635541916,15.2714443206787
3,44,68,-76.0249984506518,4.92499932833016,1489.58618164062,2015,90.3738708496094,20.4457149505615,18.6469020843506,15.0157146453857,15.6626663208008,65.6929739713669,18.9474663734436,15.4591355323792
3,45,68,-76.0249984506518,4.92499932833016,1489.58618164062,2015,50.6928062438965,21.1485710144043,19.1633968353271,15.4342861175537,15.008903503418,66.8568260669708,19.1072076559067,14.9168934226036
3,46,68,-76.0249984506518,4.92499932833016,1489.58618164062,2015,54.3919372558594,21.6628570556641,19.4820728302002,12.6471424102783,13.3336811065674,52.4002667069435,18.8222017288208,14.2263060808182
3,47,68,-76.0249984506518,4.92499932833016,1489.58618164062,2015,109.113288879395,21.0528564453125,19.3150482177734,16.2985706329346,16.1761493682861,62.8894745111465,18.8869535923004,14.813466489315
3,48,68,-76.0249984506518,4.92499932833016,1489.58618164062,2015,55.2501831054688,22.4042854309082,20.2699069976807,13.6985712051392,14.6504611968994,40.1598496437073,19.0939410924911,14.3813357949257
3,49,68,-76.0249984506518,4.92499932833016,1489.58618164062,2015,106.422294616699,21.8171424865723,19.7246532440186,13.6542854309082,14.7553615570068,52.6418064832687,19.0779775381088,14.4270323514938
3,50,68,-76.0249984506518,4.92499932833016,1489.58618164062,2015,60.5600128173828,22.1085720062256,19.8676834106445,15.2114286422729,15.9126424789429,35.0166781544685,19.2106900215149,14.3503930568695
3,51,68,-76.0249984506518,4.92499932833016,1489.58618164062,2015,99.2340698242188,22.8957138061523,20.6110172271729,14.6885709762573,16.0381088256836,52.3625186681747,19.3093731403351,14.2411630153656
3,52,68,-76.0249984506518,4.92499932833016,1489.58618164062,2015,34.632999420166,23.415714263916,21.0660285949707,15.960000038147,18.0732860565186,37.1562633514404,19.4540865421295,14.604435801506
3,1,68,-76.0249984506518,4.92499932833016,1489.58618164062,2016,89.4909820556641,22.5628566741943,20.3759956359863,13.2328567504883,14.2857160568237,41.3808353543282,19.3929874897003,15.6667025089264
3,2,68,-76.0249984506518,4.92499932833016,1489.58618164062,2016,33.2196578979492,21.2785720825195,19.7324466705322,12.4842853546143,14.3172874450684,29.5654860138893,19.4459897279739,15.2593624591827
3,3,68,-76.0249984506518,4.92499932833016,1489.58618164062,2016,0,22.8814277648926,21.0801467895508,14.6157140731812,17.5630722045898,18.5329524278641,19.7642245292664,15.4455628395081
3,4,68,-76.0249984506518,4.92499932833016,1489.58618164062,2016,0,22.7542858123779,20.98410987854,13.6542854309082,16.1316356658936,29.0022822916508,19.7169740200043,15.203985273838
3,5,68,-76.0249984506518,4.92499932833016,1489.58618164062,2016,0,22.1628570556641,20.4661998748779,13.6128568649292,16.0033779144287,15.9903210401535,20.0265126228333,15.3372911810875
3,6,68,-76.0249984506518,4.92499932833016,1489.58618164062,2016,31.6410140991211,23.1800003051758,21.1939849853516,13.039999961853,14.5784025192261,36.1542761325836,19.764261007309,14.4507938623428
3,7,68,-76.0249984506518,4.92499932833016,1489.58618164062,2016,47.1128807067871,23.3571434020996,21.4974117279053,13.2814283370972,15.3248777389526,30.8316073417664,19.8758951425552,15.2426357865334
3,8,68,-76.0249984506518,4.92499932833016,1489.58618164062,2016,23.8710994720459,22.3771419525146,20.6453685760498,12.1457147598267,12.8381185531616,45.3517606258392,19.7005088329315,15.1305409669876
3,9,68,-76.0249984506518,4.92499932833016,1489.58618164062,2016,23.8710994720459,22.2228565216064,20.9370040893555,12.4300003051758,14.5219144821167,37.5776091814041,19.6287369728088,14.9903227686882
3,10,68,-76.0249984506518,4.92499932833016,1489.58618164062,2016,8.0316743850708,21.501428604126,19.788818359375,13.1528568267822,14.2740097045898,36.3808482289314,19.7882395982742,14.9138765335083
3,11,68,-76.0249984506518,4.92499932833016,1489.58618164062,2016,75.1157379150391,22.2914295196533,20.4684276580811,13.4528570175171,14.0902757644653,57.5499714612961,19.6573683023453,14.804406940937
3,12,68,-76.0249984506518,4.92499932833016,1489.58618164062,2016,9.60507106781006,22.7857151031494,21.1743431091309,13.374285697937,15.5151443481445,46.3090141415596,19.7420921325684,15.4468197226524
3,13,68,-76.0249984506518,4.92499932833016,1489.58618164062,2016,22.3197021484375,23.0614280700684,21.273365020752,13.1885709762573,15.2864904403687,46.7928792834282,19.893718957901,14.8711487650871
3,14,68,-76.0249984506518,4.92499932833016,1489.58618164062,2016,61.2935600280762,21.8885707855225,20.0862274169922,13.2171430587769,13.5957250595093,55.7449676990509,19.8510556221008,15.2674713134766
3,15,68,-76.0249984506518,4.92499932833016,1489.58618164062,2016,67.3097991943359,22.0485706329346,20.1964530944824,12.6728572845459,13.1201629638672,62.3118902444839,19.9033292531967,15.3135489821434
3,16,68,-76.0249984506518,4.92499932833016,1489.58618164062,2016,77.6476211547852,22.7700004577637,20.9039516448975,13.3128566741943,15.7575645446777,64.8938586711884,19.6250195503235,15.2537490725517
3,17,68,-76.0249984506518,4.92499932833016,1489.58618164062,2016,18.1035480499268,21.7428569793701,20.0081329345703,13.0157146453857,13.7563438415527,44.6856783628464,19.8267364501953,15.5267367959023
3,18,68,-76.0249984506518,4.92499932833016,1489.58618164062,2016,75.6703796386719,21.6271419525146,19.8256378173828,14.6171426773071,14.8411388397217,65.3122915029526,19.7968999147415,15.796334862709
3,19,68,-76.0249984506518,4.92499932833016,1489.58618164062,2016,69.092658996582,21.7042865753174,19.6805572509766,14.1714286804199,14.770489692688,51.1588674783707,19.9967679977417,15.5582162737846
3,20,68,-76.0249984506518,4.92499932833016,1489.58618164062,2016,52.358081817627,22.9814281463623,20.8184299468994,15.710000038147,16.4497165679932,61.1640224456787,19.9143116474152,15.6961197257042
3,21,68,-76.0249984506518,4.92499932833016,1489.58618164062,2016,28.290433883667,23.1942863464355,20.9503288269043,13.875714302063,15.7355194091797,50.3957020044327,19.9747754335403,15.7010433077812
3,22,68,-76.0249984506518,4.92499932833016,1489.58618164062,2016,52.4772758483887,21.5200004577637,19.6304664611816,12.8900003433228,13.4405727386475,50.3294270038605,19.7542905807495,15.4411043524742
3,23,68,-76.0249984506518,4.92499932833016,1489.58618164062,2016,18.4973220825195,21.5728569030762,19.5271587371826,15.7128572463989,16.6110191345215,38.8359228074551,19.7408382892609,15.536452293396
3,24,68,-76.0249984506518,4.92499932833016,1489.58618164062,2016,20.951416015625,21.9014282226562,19.6182670593262,16.167142868042,16.9961891174316,41.7532932758331,19.669825553894,15.9557929635048
