"id_celda","celda_raster","x","y","altitud_m","anio","semana","precipitacion_mm","temperatura_vecino_c","temperatura_bilineal_c","radiacion_vecino_mj_m2_dia","radiacion_bilineal_mj_m2_dia"
361,905,-76.7249984610826,3.77499931119382,987.20703125,2010,6,37.6837272644043,24.5085716247559,22.649808883667,13.210000038147,12.6543588638306
397,952,-76.224998453632,3.72499931044877,1356.76586914062,2016,48,17.591215133667,15.874285697937,16.730411529541,12.9614286422729,13.0151672363281
426,994,-75.9749984499067,3.67499930970371,3580.73046875,2018,11,0,16.6157150268555,18.1783332824707,21.752857208252,19.3331317901611
338,871,-76.5749984588474,3.82499931193888,1647.0146484375,2012,52,0,23.7057151794434,20.5285358428955,13.4757146835327,12.9972658157349
465,1058,-76.4749984573573,3.57499930821359,988.337341308594,2013,7,9.52686405181885,15.6485710144043,18.1680488586426,13.7799997329712,13.7600431442261
433,1014,-76.8249984625727,3.62499930895865,1008.32122802734,2010,44,107.248352050781,21.332857131958,21.1824989318848,13.3785715103149,12.7679224014282
123,539,-76.5249984581023,4.27499931864441,1492.77465820312,2012,6,0,20.4042854309082,20.98850440979,13.8599996566772,13.7096424102783
65,362,-76.1249984521419,4.5249993223697,1249.92761230469,2012,45,29.1395263671875,20.7685718536377,19.722728729248,14.9385709762573,15.5808410644531
312,833,-76.6249984595924,3.87499931268394,1621.7841796875,2018,32,18.3208541870117,24.8114280700684,21.8027667999268,18.0128574371338,17.7360763549805
126,542,-76.3749984558672,4.27499931864441,1886.16650390625,2023,9,8.90704345703125,22.0428562164307,21.460786819458,13.2857141494751,13.8959827423096
379,934,-77.124998467043,3.72499931044877,16.8224296569824,2014,2,122.808296203613,22.3057136535645,24.1638622283936,16.6914291381836,15.2895812988281
321,842,-76.1749984528869,3.87499931268394,1891.25732421875,2024,34,7.9709415435791,19.4757137298584,18.9403972625732,14.834285736084,15.4445924758911
444,1025,-76.2749984543771,3.62499930895865,1034.16809082031,2012,1,12.8868637084961,15.415714263916,16.1639404296875,13.4514284133911,13.9890403747559
590,1231,-77.074998466298,3.3249993044883,380.697998046875,2025,33,36.567195892334,22.4628562927246,23.1907978057861,14.7328567504883,14.6147537231445
320,841,-76.224998453632,3.87499931268394,1474.36791992188,2013,21,53.9305152893066,18.0957145690918,17.5066661834717,14.460000038147,15.145188331604
142,581,-76.2749984543771,4.22499931789935,1253.56604003906,2012,42,51.0348358154297,17.1385707855225,18.5469722747803,14.081428527832,13.7402362823486
682,1386,-76.7249984610826,3.12499930150807,1441.38708496094,2018,49,44.9454345703125,20.7771434783936,19.6212673187256,15.5185718536377,15.3914060592651
456,1049,-76.9249984640628,3.57499930821359,956.927490234375,2015,28,55.0724334716797,23.084285736084,23.5240879058838,14.1071424484253,13.9820003509521
53,323,-76.224998453632,4.57499932311476,1667.8642578125,2024,41,48.3559188842773,21.4071426391602,21.2074222564697,15.9700002670288,16.2984256744385
13,144,-75.9249984491616,4.82499932684005,918.29443359375,2022,36,16.9436645507812,16.1900005340576,18.6675109863281,16.9771423339844,17.3518695831299
179,656,-76.224998453632,4.12499931640923,941.107849121094,2017,9,52.9523849487305,17.7857151031494,18.4110050201416,14.6400003433228,15.1141309738159
387,942,-76.7249984610826,3.72499931044877,1316.92004394531,2024,52,10.7729387283325,21.7785720825195,21.0892066955566,12.418571472168,12.2155504226685
400,955,-76.0749984513968,3.72499931044877,2950.63208007812,2019,9,14.7880086898804,16.4914283752441,17.542839050293,15.9642858505249,15.421667098999
576,1208,-76.3749984558672,3.37499930523336,971.900207519531,2016,1,44.0331497192383,17.6557140350342,18.7296962738037,14.3900003433228,14.6798238754272
364,908,-76.5749984588474,3.77499931119382,1442.64538574219,2023,28,13.9566287994385,25.0285720825195,21.4138965606689,15.4685716629028,15.9673852920532
598,1239,-76.6749984603375,3.3249993044883,2755.703125,2019,21,114.192718505859,22.5614280700684,20.0758628845215,15.082857131958,15.2700977325439
120,514,-75.9249984491616,4.32499931938946,1363.33264160156,2021,13,35.5335426330566,15.6728572845459,18.3641262054443,16.1328563690186,14.846137046814
229,731,-76.1749984528869,4.02499931491912,1180.38696289062,2010,4,17.2496471405029,19.2885723114014,19.2326393127441,10.8814287185669,13.05739402771
207,697,-76.0249984506518,4.07499931566417,1671.49291992188,2020,29,3.9320056438446,18.3071422576904,17.6406517028809,16.9371433258057,17.5234279632568
59,329,-75.9249984491616,4.57499932311476,1171.45202636719,2011,3,22.6521511077881,15.3657140731812,17.7886390686035,18.4400005340576,16.6877346038818
71,394,-76.3749984558672,4.47499932162464,1291.14721679688,2017,47,76.0160293579102,19.9500007629395,20.5744018554688,14.5,14.6875734329224
406,974,-76.9749984648078,3.67499930970371,116.640823364258,2010,36,189.485427856445,22.0728569030762,22.9787445068359,14.4314289093018,14.9352140426636
305,826,-76.9749984648078,3.87499931268394,40.9708442687988,2017,13,144.413955688477,23.6257133483887,23.7565765380859,13.9700002670288,15.2730236053467
530,1152,-77.3249984700232,3.42499930597842,22.7166137695312,2015,41,119.873222351074,26.2285709381104,25.1057643890381,16.2800006866455,15.8324680328369
66,363,-76.0749984513968,4.5249993223697,936.696350097656,2015,50,61.1805076599121,22.0185718536377,20.0858535766602,15.2114286422729,16.2061176300049
316,837,-76.4249984566122,3.87499931268394,1391.37622070312,2017,47,47.1068077087402,17.5571422576904,18.6413993835449,14.252857208252,14.5055027008057
469,1062,-76.2749984543771,3.57499930821359,1036.51501464844,2015,10,20.2307071685791,17.2428569793701,17.8064956665039,15.874285697937,15.8643627166748
6,105,-76.0249984506518,4.8749993275851,1470.26306152344,2010,16,12.8356513977051,22.6414279937744,20.5481281280518,17.502857208252,17.9439792633057
664,1341,-77.124998467043,3.17499930225313,191.504211425781,2017,14,65.9115295410156,21.5485706329346,23.6953601837158,18.5400009155273,18.1875305175781
24,215,-76.0749984513968,4.72499932534993,1471.33935546875,2016,41,68.8960952758789,20.1814289093018,18.9476299285889,15.1442861557007,15.1585092544556
573,1205,-76.5249984581023,3.37499930523336,983.987060546875,2024,33,12.7199268341064,17.248571395874,19.8234539031982,17.5357151031494,17.2846622467041
118,512,-76.0249984506518,4.32499931938946,1018.87927246094,2011,45,13.2998304367065,19.8400001525879,17.730339050293,14.457142829895,14.9022312164307
661,1338,-77.2749984692782,3.17499930225313,83.2518539428711,2022,41,144.076644897461,24.6014289855957,23.5972690582275,11.5171432495117,12.6288194656372
452,1045,-77.124998467043,3.57499930821359,87.1513366699219,2014,25,35.8251152038574,23.4571437835693,24.990119934082,14.3999996185303,14.4993619918823
134,550,-75.9749984499067,4.27499931864441,1139.69897460938,2013,32,34.4399795532227,20.5157146453857,17.6444892883301,15.2700004577637,14.9959173202515
513,1126,-76.7749984618276,3.47499930672347,1725.45666503906,2024,19,57.1043472290039,23.4957141876221,22.4754695892334,13.8214282989502,13.8568439483643
143,582,-76.224998453632,4.22499931789935,971.425109863281,2010,10,19.6839332580566,20.6442852020264,21.7250537872314,14.7128572463989,15.4268884658813
135,551,-75.9249984491616,4.27499931864441,1527.74743652344,2024,6,42.3239898681641,16.7000007629395,19.4647026062012,15.4799995422363,15.2555122375488
276,789,-76.9749984648078,3.924999313429,44.151180267334,2015,24,41.7858390808105,25.0214290618896,25.2361431121826,15.8171424865723,16.3445911407471
682,1386,-76.7249984610826,3.12499930150807,1441.38708496094,2012,49,0,19.7371425628662,18.8217124938965,15.0114288330078,14.7540311813354
682,1386,-76.7249984610826,3.12499930150807,1441.38708496094,2015,19,31.9415531158447,22.6571426391602,21.3985252380371,15.747142791748,15.3901691436768
420,988,-76.2749984543771,3.67499930970371,1023.16107177734,2017,30,15.7784061431885,16.0628566741943,17.1855640411377,14.9385709762573,15.2336692810059
423,991,-76.1249984521419,3.67499930970371,2956.97436523438,2023,22,57.6054649353027,16.5171432495117,17.3789844512939,15.6085710525513,16.4729900360107
371,915,-76.224998453632,3.77499931119382,1512.7392578125,2024,25,0,18.6585712432861,17.6317043304443,14.1071424484253,14.9241914749146
361,905,-76.7249984610826,3.77499931119382,987.20703125,2016,8,0,24.5085716247559,22.8039493560791,14.3228569030762,13.584171295166
595,1236,-76.8249984625727,3.3249993044883,2533.68286132812,2015,32,26.6003551483154,23.3142852783203,22.3922653198242,14.7642860412598,13.7090187072754
13,144,-75.9249984491616,4.82499932684005,918.29443359375,2024,35,45.9599571228027,16.1757144927979,19.1883239746094,19.9085712432861,19.330545425415
664,1341,-77.124998467043,3.17499930225313,191.504211425781,2020,10,50.6757049560547,22.0985717773438,23.9100341796875,15.5214281082153,15.0131158828735
39,257,-75.8249984476715,4.67499932460487,1126.17407226562,2011,13,38.4317855834961,15.334285736084,17.5808753967285,17.9328575134277,17.3159103393555
556,1188,-77.3749984707683,3.37499930523336,20.3139991760254,2013,41,388.636016845703,25.6385707855225,24.6702041625977,13.627142906189,13.6726121902466
477,1080,-77.2249984685331,3.52499930746853,39.6812057495117,2014,47,113.808792114258,25.6985721588135,23.9300594329834,11.9828567504883,12.4943389892578
418,986,-76.3749984558672,3.67499930970371,963.954528808594,2017,42,19.1112289428711,17.1014289855957,18.9975395202637,14.9885711669922,15.0941858291626
629,1278,-76.5749984588474,3.27499930374324,1083.57763671875,2013,12,80.7797698974609,22.5599994659424,18.9345169067383,14.6071424484253,14.5817422866821
121,515,-75.8749984484166,4.32499931938946,1293.12609863281,2012,16,89.737663269043,14.7628574371338,16.8730182647705,13.4671430587769,14.5349216461182
291,804,-76.224998453632,3.924999313429,1293.07446289062,2016,38,47.4619102478027,18.8414287567139,18.4245719909668,18.2928562164307,17.9771289825439
1,30,-76.0749984513968,4.97499932907522,2018.1494140625,2015,14,57.3413772583008,21.5685710906982,20.0796813964844,13.582857131958,13.9019317626953
682,1386,-76.7249984610826,3.12499930150807,1441.38708496094,2010,17,36.9841003417969,22.0071430206299,20.9365692138672,13.7171430587769,13.8506298065186
475,1078,-77.3249984700232,3.52499930746853,10.4228353500366,2020,12,23.9851551055908,26.0357151031494,25.166524887085,20.665714263916,20.3477611541748
671,1349,-76.7249984610826,3.17499930225313,1801.310546875,2011,2,85.1224899291992,20.6285705566406,19.6496315002441,13.7542858123779,14.1006145477295
361,905,-76.7249984610826,3.77499931119382,987.20703125,2024,1,0,24.8757133483887,22.9524917602539,17.0385723114014,16.846981048584
542,1164,-76.7249984610826,3.42499930597842,2395.0126953125,2025,11,55.8740730285645,21.9942855834961,20.248363494873,13.5571432113647,14.3191709518433
506,1119,-77.124998467043,3.47499930672347,77.1768417358398,2023,32,100.785629272461,24.0900001525879,25.3346328735352,15.3114290237427,15.4585132598877
179,656,-76.224998453632,4.12499931640923,941.107849121094,2024,16,79.1764297485352,19.5685710906982,20.1070194244385,13.4899997711182,14.8002948760986
673,1351,-76.6249984595924,3.17499930225313,1203.83752441406,2010,52,35.2063903808594,20.0442848205566,18.2973556518555,13.9642858505249,14.1073064804077
329,862,-77.0249984655529,3.82499931193888,19.4706172943115,2017,34,80.6559371948242,23.7900009155273,24.1237735748291,16.5685710906982,16.6405487060547
428,1009,-77.074998466298,3.62499930895865,56.815128326416,2011,30,40.0232467651367,22.6471424102783,23.9908905029297,11.957142829895,12.8522577285767
539,1161,-76.8749984633177,3.42499930597842,1570.08190917969,2020,8,60.6898574829102,23.4242858886719,23.1928405761719,13.1899995803833,13.0246267318726
256,762,-76.4749984573573,3.97499931417406,1839.12805175781,2020,7,7.1228346824646,19.9385719299316,21.9228134155273,18.5742855072021,16.9428367614746
101,473,-76.1249984521419,4.37499932013452,930.004577636719,2018,19,72.7068481445312,20.7057151794434,19.1560573577881,15.3128566741943,14.9839496612549
147,586,-76.0249984506518,4.22499931789935,1056.12963867188,2015,48,0,19.4057140350342,19.13063621521,13.6985712051392,15.326847076416
577,1209,-76.3249984551221,3.37499930523336,989.5107421875,2021,29,0,16.1214294433594,16.6338233947754,15.33571434021,15.1367349624634
100,472,-76.1749984528869,4.37499932013452,1157.849609375,2022,2,0,20.2385711669922,19.0413150787354,14.5228567123413,14.5642900466919
351,884,-75.9249984491616,3.82499931193888,3613.14111328125,2025,21,11.9162683486938,16.2014293670654,17.5516967773438,15.4428567886353,15.4312019348145
636,1296,-77.5249984730035,3.22499930299818,10.0182275772095,2020,38,59.2983093261719,25.4042854309082,25.721212387085,16.7000007629395,16.3373928070068
24,215,-76.0749984513968,4.72499932534993,1471.33935546875,2024,40,82.6779327392578,21.6399993896484,20.1102714538574,16.3285713195801,16.7804393768311
664,1341,-77.124998467043,3.17499930225313,191.504211425781,2014,43,172.831512451172,20.6171436309814,22.8481597900391,12.9871425628662,13.9772567749023
571,1203,-76.6249984595924,3.37499930523336,1953.40356445312,2012,8,0,21.3642864227295,18.5481967926025,14.9071426391602,15.1641912460327
130,546,-76.1749984528869,4.27499931864441,924.531494140625,2020,18,38.3038864135742,22.6828575134277,20.7351226806641,15.3085718154907,15.4167957305908
584,1225,-77.3749984707683,3.3249993044883,27.1932239532471,2013,33,393.540832519531,25.5599994659424,24.6648330688477,13.8685712814331,14.0499563217163
667,1345,-76.9249984640628,3.17499930225313,844.435180664062,2022,52,57.5057220458984,20.248571395874,21.0716972351074,13.9714288711548,13.8195428848267
53,323,-76.224998453632,4.57499932311476,1667.8642578125,2016,44,56.2353134155273,20.3257141113281,20.1635780334473,14.5985717773438,15.1586198806763
224,726,-76.4249984566122,4.02499931491912,1748.56201171875,2017,44,116.155403137207,17.33571434021,19.0686321258545,15.2285718917847,15.289813041687
522,1135,-76.3249984551221,3.47499930672347,978.887817382812,2013,28,0,15.6085710525513,16.3740272521973,14.5871429443359,14.7609968185425
412,980,-76.6749984603375,3.67499930970371,1189.70886230469,2015,22,30.4200096130371,22.9071426391602,21.4027538299561,14.3057146072388,14.5025129318237
349,882,-76.0249984506518,3.82499931193888,2832.61865234375,2021,22,31.7458915710449,18.4771423339844,17.5792846679688,15.6957139968872,16.4724750518799
446,1027,-76.1749984528869,3.62499930895865,1674.27648925781,2017,9,25.8202209472656,15.7557144165039,16.5111885070801,15.3157138824463,15.4319972991943
417,985,-76.4249984566122,3.67499930970371,984.850524902344,2025,46,32.8661003112793,15.9757146835327,18.3738174438477,13.5328569412231,13.6582279205322
645,1306,-77.0249984655529,3.22499930299818,1051.82604980469,2024,35,11.3439712524414,22.7328567504883,24.0426483154297,16.9614276885986,17.4960384368896
680,1384,-76.8249984625727,3.12499930150807,1833.25561523438,2011,50,0,19.251428604126,19.2248134613037,12.5185718536377,12.4231405258179
647,1308,-76.9249984640628,3.22499930299818,1228.59436035156,2014,13,99.219612121582,21.6142864227295,22.5500354766846,16.9814281463623,16.3163547515869
190,672,-77.2749984692782,4.07499931566417,29.325927734375,2023,28,107.369888305664,27.6471424102783,26.7343654632568,17.5242862701416,17.3245296478271
540,1162,-76.8249984625727,3.42499930597842,1463.97534179688,2012,16,66.7946929931641,22.4485721588135,21.631103515625,14.7799997329712,15.7342739105225
34,252,-76.0749984513968,4.67499932460487,1275.46557617188,2010,7,12.2193145751953,22.6828575134277,21.0329837799072,13.8699998855591,15.4271211624146
443,1024,-76.3249984551221,3.62499930895865,995.829956054688,2020,49,11.0310707092285,16.5185718536377,17.6538410186768,14.4328575134277,14.7966909408569
29,220,-75.8249984476715,4.72499932534993,1125.88415527344,2010,19,47.7367172241211,15.8900003433228,18.563928604126,17.6514282226562,17.6501731872559
530,1152,-77.3249984700232,3.42499930597842,22.7166137695312,2021,43,85.4468002319336,26.3171424865723,25.0478973388672,14.6457147598267,14.7953834533691
14,175,-76.224998453632,4.77499932609499,1927.39086914062,2023,50,15.5479402542114,22.8500003814697,22.4303169250488,12.1471424102783,12.7273683547974
609,1250,-76.1249984521419,3.3249993044883,2637.75122070312,2016,16,39.8178520202637,17.6971435546875,17.7629470825195,16.3171424865723,17.2055435180664
367,911,-76.4249984566122,3.77499931119382,1241.67163085938,2021,16,53.2452430725098,18.3785705566406,18.9421997070312,16.6314277648926,16.7741527557373
545,1167,-76.5749984588474,3.42499930597842,1253.45971679688,2024,45,111.870811462402,22.4200000762939,19.4911708831787,14.748571395874,14.7411212921143
426,994,-75.9749984499067,3.67499930970371,3580.73046875,2012,14,19.6716232299805,15.9314289093018,17.1895904541016,15.8128566741943,15.2448129653931
275,788,-77.0249984655529,3.924999313429,27.1637363433838,2023,4,25.1118946075439,23.4828567504883,24.0062713623047,17.7942848205566,16.3282089233398
346,879,-76.1749984528869,3.82499931193888,2347.58422851562,2012,27,4.40175771713257,17.9571437835693,17.0586853027344,15.6099996566772,16.094087600708
352,885,-75.8749984484166,3.82499931193888,3856.46630859375,2023,43,39.5811500549316,17.4128570556641,18.0365467071533,15.6371431350708,14.6915607452393
316,837,-76.4249984566122,3.87499931268394,1391.37622070312,2023,13,19.0658702850342,18.4742851257324,19.594654083252,14.6385717391968,14.3238391876221
684,1388,-76.6249984595924,3.12499930150807,1079.39135742188,2015,19,27.5172290802002,22.6571426391602,20.3489818572998,15.747142791748,15.3747758865356
371,915,-76.224998453632,3.77499931119382,1512.7392578125,2010,21,62.0022850036621,18.3557147979736,17.5112838745117,12.752857208252,13.4647169113159
259,765,-76.3249984551221,3.97499931417406,1011.62432861328,2010,18,39.6474418640137,18.4228572845459,19.0263080596924,15.3457145690918,15.9312391281128
156,615,-76.4249984566122,4.17499931715429,2304.2626953125,2019,19,27.9582939147949,19.1985721588135,21.3857383728027,13.2299995422363,13.4704275131226
561,1193,-77.124998467043,3.37499930523336,91.8039016723633,2016,10,44.3057022094727,22.7342853546143,23.7268466949463,16.1814289093018,15.3387241363525
53,323,-76.224998453632,4.57499932311476,1667.8642578125,2021,52,52.2339172363281,20.8742866516113,20.7108268737793,12.582857131958,13.2125434875488
25,216,-76.0249984506518,4.72499932534993,1077.3818359375,2025,47,31.4078788757324,20.8557147979736,18.9760360717773,13.4628572463989,13.8479423522949
619,1268,-77.074998466298,3.27499930374324,376.554351806641,2011,27,113.27530670166,22.8728580474854,23.310977935791,16.2114276885986,15.2087516784668
316,837,-76.4249984566122,3.87499931268394,1391.37622070312,2016,45,32.4163208007812,18.3899993896484,19.3328132629395,14.8428573608398,14.312650680542
440,1021,-76.4749984573573,3.62499930895865,1068.1484375,2012,14,18.1063137054443,15.9314289093018,18.6955680847168,14.8371429443359,14.8290681838989
652,1313,-76.6749984603375,3.22499930299818,1716.0107421875,2018,23,26.3350715637207,21.7257137298584,20.217098236084,14.1371431350708,13.6738185882568
41,259,-75.7249984461814,4.67499932460487,1431.65832519531,2011,49,84.1857376098633,14.374285697937,15.389009475708,13.6585712432861,13.6244945526123
201,691,-76.3249984551221,4.07499931566417,1014.76501464844,2020,50,16.3287162780762,18.5400009155273,19.488842010498,14.9128570556641,15.8322649002075
499,1102,-76.1249984521419,3.52499930746853,2400.97729492188,2016,46,70.4789962768555,15.9128570556641,16.5858478546143,14.3614282608032,14.7263689041138
490,1093,-76.5749984588474,3.52499930746853,1739.09912109375,2023,32,16.6750087738037,24.0900001525879,20.8925113677979,15.7371425628662,15.7087860107422
98,470,-76.2749984543771,4.37499932013452,1777.04626464844,2015,40,56.8222503662109,22.4085712432861,21.7951889038086,15.6414289474487,16.1969547271729
180,657,-76.1749984528869,4.12499931640923,997.589050292969,2020,1,9.38214874267578,18.5971431732178,19.0635223388672,16.5714282989502,18.1603088378906
10,141,-76.0749984513968,4.82499932684005,1619.07836914062,2021,23,51.3542785644531,21.3700008392334,19.7385063171387,11.8685712814331,12.8358707427979
208,698,-75.9749984499067,4.07499931566417,2115.47900390625,2024,30,0,19.3228569030762,18.4050521850586,16.3471431732178,14.7445211410522
138,561,-77.2749984692782,4.22499931789935,18.8064041137695,2013,2,147.496765136719,26.7714290618896,25.9540424346924,14.4899997711182,13.986400604248
453,1046,-77.074998466298,3.57499930821359,114.683685302734,2023,46,121.309593200684,23.4685707092285,24.7513236999512,13.5628566741943,13.9041337966919
208,698,-75.9749984499067,4.07499931566417,2115.47900390625,2023,33,24.8464183807373,19.0128574371338,18.4725818634033,16.667142868042,15.7871294021606
664,1341,-77.124998467043,3.17499930225313,191.504211425781,2011,21,277.593383789062,20.5214290618896,22.7588882446289,14.6928567886353,14.2999410629272
563,1195,-77.0249984655529,3.37499930523336,675.032287597656,2015,6,116.186080932617,22.0457134246826,22.543773651123,14.1542854309082,13.6870794296265
279,792,-76.8249984625727,3.924999313429,180.514312744141,2025,23,66.3541259765625,24.3985710144043,23.7290172576904,13.9642858505249,13.8965463638306
545,1167,-76.5749984588474,3.42499930597842,1253.45971679688,2015,41,43.0591049194336,22.6585712432861,19.7592964172363,14.3171424865723,14.4140853881836
412,980,-76.6749984603375,3.67499930970371,1189.70886230469,2020,33,23.0231037139893,22.6214294433594,21.2255554199219,12.8085718154907,12.5963430404663
154,598,-77.2749984692782,4.17499931715429,37.7604827880859,2021,44,232.131256103516,26.8042850494385,25.7699546813965,14.4357147216797,15.4102039337158
622,1271,-76.9249984640628,3.27499930374324,1571.60046386719,2011,6,83.3225555419922,21.5514278411865,21.1283283233643,12.4242858886719,13.2121305465698
365,909,-76.5249984581023,3.77499931119382,1429.36987304688,2023,19,8.91022491455078,19.6257133483887,21.4041633605957,16.5128574371338,16.168529510498
289,802,-76.3249984551221,3.924999313429,980.649169921875,2012,7,35.9769401550293,16.9500007629395,17.4003410339355,17.0799999237061,17.3950424194336
354,898,-77.074998466298,3.77499931119382,16.4034767150879,2022,16,98.0885162353516,23.6628570556641,24.0794506072998,14.2542858123779,14.2118310928345
489,1092,-76.6249984595924,3.52499930746853,1729.04504394531,2010,7,13.2731800079346,23.6714286804199,21.5075550079346,15.6457147598267,15.4408197402954
172,636,-77.2249984685331,4.12499931640923,44.725414276123,2019,12,93.861457824707,26.0557136535645,25.258508682251,14.7814283370972,14.4000949859619
315,836,-76.4749984573573,3.87499931268394,1520.09106445312,2017,37,3.34393215179443,18.6014289855957,19.9939708709717,16.0714282989502,16.3951358795166
16,177,-76.1249984521419,4.77499932609499,1759.52185058594,2023,18,36.9309120178223,23.7571430206299,22.1315097808838,17.2028579711914,18.1046237945557
626,1275,-76.7249984610826,3.27499930374324,2760.34399414062,2025,46,46.8951950073242,22.0757141113281,19.9777889251709,13.5328569412231,13.3547134399414
335,868,-76.7249984610826,3.82499931193888,1374.62133789062,2019,46,62.3005905151367,23.2985706329346,21.4327354431152,13.044285774231,12.2932138442993
372,916,-76.1749984528869,3.77499931119382,2155.75659179688,2021,29,3.75329041481018,18.6757144927979,17.4031600952148,15.33571434021,15.2288494110107
286,799,-76.4749984573573,3.924999313429,1563.37023925781,2025,29,6.87177085876465,18.6928577423096,20.5111560821533,14.1114282608032,14.3803634643555
83,431,-76.3749984558672,4.42499932087958,1646.22204589844,2010,29,33.400318145752,21.0414295196533,21.3080749511719,15.5057144165039,15.5940685272217
385,940,-76.8249984625727,3.72499931044877,1343.96459960938,2013,28,0,22.5057144165039,22.5516796112061,14.5871429443359,14.0801372528076
665,1343,-77.0249984655529,3.17499930225313,789.271606445312,2012,47,94.3735885620117,20.5342864990234,22.0630702972412,14.2014284133911,13.900336265564
235,737,-75.8749984484166,4.02499931491912,2776.21411132812,2021,34,16.7117214202881,17.5357151031494,17.8748111724854,16.4200000762939,16.2214756011963
289,802,-76.3249984551221,3.924999313429,980.649169921875,2013,17,66.4377899169922,18.1742858886719,18.576696395874,16.6457138061523,16.5594291687012
99,471,-76.224998453632,4.37499932013452,1564.67199707031,2020,35,46.6876754760742,20.9071426391602,20.051441192627,14.957142829895,15.5681200027466
657,1324,-76.1249984521419,3.22499930299818,3007.64990234375,2012,34,14.2530574798584,15.0085716247559,16.37868309021,16.2257137298584,16.4019203186035
532,1154,-77.2249984685331,3.42499930597842,86.599739074707,2014,52,11.3068981170654,25.7785720825195,24.3908138275146,14.2842855453491,14.5280055999756
491,1094,-76.5249984581023,3.52499930746853,1165.43579101562,2024,1,10.6358108520508,17.4099998474121,20.2327308654785,17.0385723114014,17.0234661102295
532,1154,-77.2249984685331,3.42499930597842,86.599739074707,2012,32,83.9686737060547,26.1957149505615,24.5963706970215,14.3057146072388,14.6462392807007
646,1307,-76.9749984648078,3.22499930299818,1249.63293457031,2025,51,0,20.3485717773438,21.6615371704102,12.3900003433228,12.1783580780029
108,502,-76.5249984581023,4.32499931938946,989.56787109375,2016,16,105.364875793457,22.8899993896484,23.3377437591553,13.3128566741943,13.8254833221436
4,103,-76.1249984521419,4.8749993275851,2051.62963867188,2013,27,29.8909454345703,21.4699993133545,20.1664848327637,15.6514282226562,16.9804077148438
338,871,-76.5749984588474,3.82499931193888,1647.0146484375,2016,15,38.2421264648438,24.3242855072021,21.2567443847656,13.9300003051758,13.5728225708008
612,1261,-77.4249984715133,3.27499930374324,16.776762008667,2014,44,206.409332275391,25.8871421813965,24.9401683807373,14.0200004577637,14.2818431854248
301,821,-77.2249984685331,3.87499931268394,44.7871398925781,2016,11,0,26.6071434020996,25.4506359100342,15.3257141113281,14.9678592681885
213,707,-77.3749984707683,4.02499931491912,29.9297866821289,2014,34,108.477668762207,26.4785709381104,25.9397220611572,14.4371433258057,14.0428352355957
188,670,-77.3749984707683,4.07499931566417,34.8767967224121,2022,21,82.4954681396484,27.0242862701416,26.4590930938721,13.4542856216431,13.8244667053223
582,1214,-76.0749984513968,3.37499930523336,3559.00219726562,2011,21,54.8620147705078,15.6714286804199,16.1310195922852,14.542857170105,15.4249801635742
120,514,-75.9249984491616,4.32499931938946,1363.33264160156,2020,17,69.5546035766602,15.8657140731812,18.4147968292236,16.6742858886719,16.2719554901123
683,1387,-76.6749984603375,3.12499930150807,1266.634765625,2017,50,90.255012512207,20.6885719299316,19.204626083374,15.208571434021,15.8221216201782
353,897,-77.124998467043,3.77499931119382,15.67751121521,2019,48,30.1050758361816,24.0514278411865,24.6443061828613,12.1071424484253,12.3716554641724
420,988,-76.2749984543771,3.67499930970371,1023.16107177734,2020,18,34.8680686950684,17.2014293670654,18.2395629882812,14.872857093811,15.1092596054077
470,1063,-76.224998453632,3.57499930821359,1133.84167480469,2022,1,34.1311454772949,16.2414283752441,16.62770652771,12.3942861557007,13.2305917739868
120,514,-75.9249984491616,4.32499931938946,1363.33264160156,2019,4,0,16.4614276885986,19.2237167358398,18.7242851257324,16.2082405090332
321,842,-76.1749984528869,3.87499931268394,1891.25732421875,2019,44,27.6958065032959,18.4428577423096,17.8896961212158,15.2457141876221,15.5994186401367
148,587,-75.9749984499067,4.22499931789935,1191.93664550781,2016,2,56.6190719604492,18.3757133483887,18.617130279541,16.3842849731445,14.7975788116455
390,945,-76.5749984588474,3.72499931044877,1386.21984863281,2010,32,0,22.6614284515381,20.0047988891602,13.9685716629028,14.0491333007812
560,1192,-77.1749984677881,3.37499930523336,83.5121688842773,2016,50,41.8816833496094,21.9042854309082,23.4159450531006,18.1571426391602,16.8354415893555
215,711,-77.1749984677881,4.02499931491912,64.1255569458008,2021,11,98.6498794555664,23.9500007629395,25.2993812561035,18.1000003814697,17.2593383789062
207,697,-76.0249984506518,4.07499931566417,1671.49291992188,2025,42,56.45654296875,18.0214290618896,17.7709903717041,15.4714288711548,15.845085144043
615,1264,-77.2749984692782,3.27499930374324,78.2776718139648,2010,40,212.426422119141,25.415714263916,23.6511383056641,13.8942861557007,14.2976093292236
612,1261,-77.4249984715133,3.27499930374324,16.776762008667,2015,13,68.3577194213867,25.6057147979736,24.7294464111328,17.1385707855225,16.4626426696777
165,624,-75.9749984499067,4.17499931715429,1377.08349609375,2018,40,58.8606071472168,18.3657150268555,17.7023429870605,16.6471424102783,17.1265316009521
47,290,-76.0249984506518,4.62499932385981,910.329467773438,2013,26,30.5760803222656,21.0328578948975,18.8144989013672,13.5571432113647,14.8384113311768
684,1388,-76.6249984595924,3.12499930150807,1079.39135742188,2019,32,7.50043869018555,22.6385707855225,20.1733379364014,16.334285736084,15.5360298156738
392,947,-76.4749984573573,3.72499931044877,1560.30322265625,2017,50,20.2148418426514,15.9700002670288,19.015043258667,15.208571434021,15.0452127456665
30,248,-76.2749984543771,4.67499932460487,1931.55126953125,2011,36,9.83612823486328,20.9357147216797,21.1331939697266,15.624285697937,15.8416061401367
292,805,-76.1749984528869,3.924999313429,1807.48754882812,2023,42,32.085319519043,19.0328578948975,18.6219482421875,15.6999998092651,15.626877784729
157,616,-76.3749984558672,4.17499931715429,1537.67614746094,2010,18,74.1650543212891,18.4228572845459,20.2900123596191,16.7714290618896,16.1965065002441
197,679,-76.9249984640628,4.07499931566417,50.095085144043,2019,5,47.3407592773438,23.8299999237061,24.1036586761475,12.8971424102783,13.0774202346802
679,1383,-76.8749984633177,3.12499930150807,1090.28063964844,2024,42,53.5278625488281,22.1000003814697,22.41676902771,17.6957149505615,17.0268821716309
204,694,-76.1749984528869,4.07499931566417,1041.10437011719,2018,21,20.2527122497559,18.2757148742676,18.3687801361084,14.1957139968872,14.6039686203003
423,991,-76.1249984521419,3.67499930970371,2956.97436523438,2022,30,18.4204692840576,15.4871425628662,16.4466724395752,13.8842859268188,14.2498807907104
431,1012,-76.9249984640628,3.62499930895865,514.394958496094,2014,51,23.0141506195068,22.0942859649658,22.6839904785156,15.5485715866089,14.6825847625732
444,1025,-76.2749984543771,3.62499930895865,1034.16809082031,2015,24,0,16.6914291381836,17.5386810302734,15.8171424865723,16.011661529541
546,1168,-76.5249984581023,3.42499930597842,984.429748535156,2017,46,0,15.3528575897217,17.9093971252441,13.4714288711548,13.4647350311279
175,652,-76.4249984566122,4.12499931640923,1952.27136230469,2025,22,43.1733627319336,18.9028568267822,21.0647563934326,14.0299997329712,14.0906047821045
144,583,-76.1749984528869,4.22499931789935,936.513061523438,2017,37,23.8422794342041,18.6014289855957,19.5436744689941,16.8371429443359,17.0606098175049
21,212,-76.224998453632,4.72499932534993,1680.20654296875,2016,22,71.5590896606445,21.4628562927246,21.2645683288574,12.8900003433228,13.1576871871948
154,598,-77.2749984692782,4.17499931715429,37.7604827880859,2017,20,78.5371246337891,27.3457145690918,26.2827587127686,15.4799995422363,15.3285274505615
461,1054,-76.6749984603375,3.57499930821359,1329.34301757812,2018,2,43.0628280639648,21.2728576660156,19.5428256988525,15.3671426773071,15.1516122817993
63,360,-76.224998453632,4.5249993223697,1644.48071289062,2013,47,38.4052124023438,19.8985710144043,19.7084541320801,13.5671424865723,13.6435708999634
174,638,-77.124998467043,4.12499931640923,40.5199432373047,2015,50,107.206619262695,24.6157150268555,25.7216358184814,13.2385711669922,14.5621919631958
492,1095,-76.4749984573573,3.52499930746853,953.00390625,2020,3,4.89835977554321,17.2785720825195,19.8333263397217,15.917142868042,15.8381643295288
171,635,-77.2749984692782,4.12499931640923,45.3861351013184,2014,9,124.935707092285,26.1385707855225,25.2600078582764,14.708571434021,14.9042263031006
563,1195,-77.0249984655529,3.37499930523336,675.032287597656,2021,36,101.601623535156,22.3642864227295,22.9362030029297,16.3371429443359,16.5225410461426
388,943,-76.6749984603375,3.72499931044877,1121.13244628906,2017,5,0,22.7928562164307,21.4882831573486,15.2557144165039,15.4687404632568
655,1316,-76.5249984581023,3.22499930299818,969.558715820312,2023,29,11.3159828186035,15.0357141494751,19.3081932067871,16.6285705566406,16.2161903381348
667,1345,-76.9249984640628,3.17499930225313,844.435180664062,2016,3,21.0963401794434,22.0799999237061,22.8565883636475,16.6185722351074,15.9603328704834
492,1095,-76.4749984573573,3.52499930746853,953.00390625,2022,46,62.6408767700195,15.7585716247559,17.9572200775146,12.8471431732178,12.9340629577637
345,878,-76.224998453632,3.82499931193888,1719.88049316406,2013,42,49.5402717590332,17.9057140350342,17.2236728668213,15.4085712432861,16.0058097839355
199,689,-76.4249984566122,4.07499931566417,1927.99951171875,2013,40,19.8792095184326,18.5514278411865,20.3795700073242,16.5671424865723,17.0237560272217
579,1211,-76.224998453632,3.37499930523336,1127.34692382812,2024,37,4.33235788345337,18.1985721588135,18.1381092071533,17.0742855072021,17.9723567962646
231,733,-76.0749984513968,4.02499931491912,1860.69812011719,2020,22,29.0301074981689,18.2728576660156,17.8701000213623,13.497142791748,14.088454246521
298,811,-75.8749984484166,3.924999313429,3357.85034179688,2010,36,52.6404647827148,16.3914279937744,17.1047554016113,15.2114286422729,15.1075992584229
531,1153,-77.2749984692782,3.42499930597842,45.7262382507324,2019,3,35.0106353759766,26.4028568267822,25.0744132995605,15.5657138824463,15.1731967926025
77,400,-76.0749984513968,4.47499932162464,919.498229980469,2025,7,62.168342590332,20.3500003814697,18.8737125396729,14.8371429443359,14.1912508010864
170,634,-77.3249984700232,4.12499931640923,44.0760688781738,2021,15,68.9972229003906,26.7014293670654,26.0215091705322,14.3171424865723,14.9523448944092
215,711,-77.1749984677881,4.02499931491912,64.1255569458008,2013,1,64.6940002441406,24.1257133483887,25.1968460083008,13.0671424865723,14.2038278579712
60,330,-75.8749984484166,4.57499932311476,1274.43444824219,2011,14,50.1974067687988,15.082857131958,17.2870292663574,15.5771427154541,15.7680835723877
553,1175,-76.1749984528869,3.42499930597842,1738.416015625,2014,49,34.4614410400391,15.8957147598267,16.0292873382568,13.7342853546143,14.4779872894287
619,1268,-77.074998466298,3.27499930374324,376.554351806641,2010,12,41.6113357543945,24.4914283752441,24.8313331604004,19.7371425628662,18.4472637176514
208,698,-75.9749984499067,4.07499931566417,2115.47900390625,2014,17,72.4891815185547,18.9214286804199,18.0093593597412,16.8471431732178,16.2832870483398
55,325,-76.1249984521419,4.57499932311476,1418.26391601562,2022,28,8.5946044921875,21.2928562164307,20.1314563751221,14.705714225769,15.2738409042358
115,509,-76.1749984528869,4.32499931938946,977.605102539062,2014,44,62.9144248962402,20.2871437072754,18.9563083648682,15.2799997329712,15.5092182159424
98,470,-76.2749984543771,4.37499932013452,1777.04626464844,2024,9,9.54714012145996,21.7771434783936,21.2523155212402,14.1742858886719,14.5938062667847
608,1249,-76.1749984528869,3.3249993044883,1682.33666992188,2017,48,0,16.3600006103516,16.5033073425293,13.5571432113647,14.7904491424561
608,1249,-76.1749984528869,3.3249993044883,1682.33666992188,2017,30,16.1147308349609,16.0628566741943,15.9721155166626,14.9385709762573,14.681396484375
336,869,-76.6749984603375,3.82499931193888,1651.05493164062,2010,14,62.2826538085938,24.6171436309814,22.4045639038086,14.8685712814331,14.7983179092407
59,329,-75.9249984491616,4.57499932311476,1171.45202636719,2016,48,41.6966896057129,15.0657138824463,17.6174144744873,12.7600002288818,12.1198759078979
144,583,-76.1749984528869,4.22499931789935,936.513061523438,2016,37,19.6980667114258,18.33571434021,19.1743564605713,15.9714288711548,15.8450202941895
208,698,-75.9749984499067,4.07499931566417,2115.47900390625,2020,49,26.6387786865234,18.417142868042,18.0885467529297,16.2571430206299,15.4159059524536
568,1200,-76.7749984618276,3.37499930523336,2347.10571289062,2017,24,24.4686031341553,22.4014282226562,21.0044536590576,14.210000038147,13.554539680481
394,949,-76.3749984558672,3.72499931044877,956.173645019531,2017,19,45.633617401123,15.9371433258057,17.9813537597656,14.5542860031128,14.930853843689
467,1060,-76.3749984558672,3.57499930821359,969.375061035156,2021,22,17.4490528106689,16.2571430206299,17.8482532501221,15.6957139968872,15.9411907196045
110,504,-76.4249984566122,4.32499931938946,1558.78186035156,2010,2,0,22.9914283752441,22.8207969665527,13.7985715866089,14.5407066345215
611,1260,-77.4749984722584,3.27499930374324,16.1504573822021,2020,51,102.753616333008,25.998571395874,25.425853729248,15.4885711669922,15.3081150054932
381,936,-77.0249984655529,3.72499931044877,38.0001258850098,2022,38,51.5312042236328,21.8171424865723,23.2544918060303,16.4914283752441,16.186408996582
200,690,-76.3749984558672,4.07499931566417,1449.77307128906,2015,4,22.4539089202881,17.6957149505615,19.0836849212646,14.3971424102783,14.7063188552856
643,1304,-77.124998467043,3.22499930299818,179.380813598633,2020,36,62.7244338989258,21.1957149505615,23.1658611297607,14.1585712432861,14.804310798645
82,430,-76.4249984566122,4.42499932087958,1064.16577148438,2020,43,28.4579048156738,21.2842864990234,21.7846355438232,14.6842861175537,14.8693218231201
354,898,-77.074998466298,3.77499931119382,16.4034767150879,2017,40,141.746841430664,23.0328578948975,23.5354251861572,12.665714263916,13.3105602264404
517,1130,-76.5749984588474,3.47499930672347,1410.84558105469,2020,8,22.7206840515137,23.4242858886719,20.4974002838135,13.1899995803833,13.1720476150513
281,794,-76.7249984610826,3.924999313429,667.631591796875,2024,24,54.0323753356934,24.4442863464355,22.9278564453125,13.6000003814697,13.7692699432373
430,1011,-76.9749984648078,3.62499930895865,285.152496337891,2012,31,95.8502044677734,22.5442848205566,23.3453044891357,15.5299997329712,14.3560037612915
272,785,-77.1749984677881,3.924999313429,44.9210433959961,2023,20,73.9392929077148,25.1385707855225,26.3482837677002,12.7314281463623,12.6207456588745
486,1089,-76.7749984618276,3.52499930746853,1344.21545410156,2013,23,35.4604377746582,22.9742851257324,21.8731288909912,14.9528570175171,14.1889133453369
646,1307,-76.9749984648078,3.22499930299818,1249.63293457031,2025,17,94.9233093261719,21.0557136535645,22.5579643249512,14.4314289093018,15.5196838378906
498,1101,-76.1749984528869,3.52499930746853,1742.09216308594,2015,30,2.41926121711731,16.8857135772705,17.2352924346924,16.4014282226562,16.185525894165
492,1095,-76.4749984573573,3.52499930746853,953.00390625,2021,23,56.8412475585938,15.75,18.2269802093506,13.9200000762939,13.9096946716309
401,956,-76.0249984506518,3.72499931044877,3136.94555664062,2020,34,38.1835098266602,16.1128578186035,17.4357318878174,14.5328569412231,15.8231363296509
600,1241,-76.5749984588474,3.3249993044883,1237.10485839844,2020,12,0,22.8099994659424,19.202917098999,18.8099994659424,18.7575817108154
357,901,-76.9249984640628,3.77499931119382,144.505172729492,2021,6,45.6324234008789,24.331428527832,23.9879856109619,14.7657146453857,14.4415683746338
626,1275,-76.7249984610826,3.27499930374324,2760.34399414062,2010,33,0,22.5214290618896,20.2798099517822,14.6285715103149,14.6972179412842
168,632,-77.4249984715133,4.12499931640923,11.1069231033325,2011,37,171.636596679688,26.5471420288086,26.2307796478271,16.9471435546875,16.6037101745605
117,511,-76.0749984513968,4.32499931938946,949.865661621094,2016,9,41.6336212158203,22.1542854309082,20.5116767883301,12.4300003051758,14.2017278671265
188,670,-77.3749984707683,4.07499931566417,34.8767967224121,2020,17,77.4569244384766,26.8428573608398,26.3066368103027,15.2171430587769,16.2742557525635
630,1279,-76.5249984581023,3.27499930374324,968.276794433594,2017,2,33.9578437805176,15.542857170105,17.8383769989014,13.2742853164673,13.2808532714844
503,1116,-77.2749984692782,3.47499930672347,33.4105911254883,2016,36,179.944412231445,26.0457134246826,24.8235301971436,17.6814289093018,17.3416194915771
495,1098,-76.3249984551221,3.52499930746853,987.3486328125,2014,19,47.4081230163574,15.8185710906982,16.6705341339111,15.8457145690918,15.7937688827515
203,693,-76.224998453632,4.07499931566417,965.065246582031,2016,7,17.1992321014404,20.5514278411865,20.8711929321289,13.2814283370972,14.5777854919434
343,876,-76.3249984551221,3.82499931193888,963.978881835938,2015,23,7.6895694732666,18.3157138824463,18.2353191375732,13.7442855834961,14.1155958175659
577,1209,-76.3249984551221,3.37499930523336,989.5107421875,2021,42,64.7776947021484,16.3400001525879,16.8029975891113,15.7557144165039,16.0027294158936
655,1316,-76.5249984581023,3.22499930299818,969.558715820312,2016,21,16.0920162200928,16.1871433258057,19.6123085021973,14.5385713577271,14.4505920410156
552,1174,-76.224998453632,3.42499930597842,1154.78125,2024,18,32.5147399902344,17.4457149505615,17.3900108337402,14.6171426773071,14.994647026062
160,619,-76.224998453632,4.17499931715429,942.686706542969,2011,45,60.0878295898438,17.3971424102783,18.1587390899658,14.457142829895,14.8124904632568
161,620,-76.1749984528869,4.17499931715429,968.035400390625,2022,33,10.5777139663696,18.3728580474854,19.0546207427979,16.2142848968506,16.8456478118896
640,1301,-77.2749984692782,3.22499930299818,80.1293792724609,2023,32,160.181533813477,26.5499992370605,25.6308326721191,15.3114290237427,15.2775030136108
349,882,-76.0249984506518,3.82499931193888,2832.61865234375,2016,7,0,20.5514278411865,19.7553672790527,14.3957147598267,15.1802587509155
455,1048,-76.9749984648078,3.57499930821359,422.921905517578,2019,8,147.087615966797,22.7128562927246,23.3567676544189,15.4700002670288,16.2140045166016
204,694,-76.1749984528869,4.07499931566417,1041.10437011719,2024,38,29.6159114837646,20.1228580474854,20.2723522186279,15.6614284515381,16.6469230651855
543,1165,-76.6749984603375,3.42499930597842,2571.05322265625,2010,19,73.7296371459961,24.165714263916,21.7730846405029,15.041428565979,15.2211284637451
49,292,-75.9249984491616,4.62499932385981,1092.27197265625,2025,15,57.7485275268555,15.7857141494751,18.7684135437012,17.1857147216797,17.0454959869385
676,1376,-77.2249984685331,3.12499930150807,103.631950378418,2012,40,254.496139526367,25.5457134246826,23.9157466888428,17.0771427154541,16.2208499908447
2,67,-76.0749984513968,4.92499932833016,1929.56372070312,2017,37,53.4109916687012,21.6142864227295,20.1914558410645,16.8371429443359,17.604923248291
663,1340,-77.1749984677881,3.17499930225313,140.60969543457,2013,23,168.87321472168,21.5799999237061,23.7994518280029,12.1185712814331,13.2370977401733
130,546,-76.1749984528869,4.27499931864441,924.531494140625,2019,33,0,21.7728576660156,19.7359867095947,14.9328575134277,15.1559438705444
5,104,-76.0749984513968,4.8749993275851,1850.22033691406,2021,38,6.43888568878174,21.9599990844727,20.3171997070312,17.1571426391602,17.437614440918
481,1084,-77.0249984655529,3.52499930746853,420.870574951172,2023,18,45.6061935424805,24.0728569030762,25.0370941162109,18.6614284515381,17.9044971466064
685,1390,-76.5249984581023,3.12499930150807,973.311462402344,2015,52,0,16.6242866516113,20.0802383422852,18.2399997711182,18.6772041320801
179,656,-76.224998453632,4.12499931640923,941.107849121094,2010,17,40.1360206604004,19.4671421051025,20.0219173431396,14.0100002288818,14.3003053665161
611,1260,-77.4749984722584,3.27499930374324,16.1504573822021,2016,29,65.2532806396484,25.8214282989502,25.3495044708252,13.8542852401733,13.9221343994141
481,1084,-77.0249984655529,3.52499930746853,420.870574951172,2022,45,73.5165481567383,21.5114288330078,22.5333633422852,13.2128572463989,13.6447772979736
644,1305,-77.074998466298,3.22499930299818,523.903686523438,2010,37,80.7469177246094,21.2842864990234,22.9355907440186,12.7442855834961,14.4841232299805
652,1313,-76.6749984603375,3.22499930299818,1716.0107421875,2014,34,0,21.2700004577637,19.8192005157471,14.3514289855957,14.226845741272
102,474,-76.0749984513968,4.37499932013452,931.21435546875,2017,9,39.4227905273438,20.6142864227295,18.7076301574707,14.6400003433228,15.1049165725708
538,1160,-76.9249984640628,3.42499930597842,1335.34338378906,2018,35,14.8909435272217,22.6942863464355,22.7855472564697,16.0171432495117,14.7455434799194
98,470,-76.2749984543771,4.37499932013452,1777.04626464844,2010,17,44.8452301025391,22.1700000762939,21.6355743408203,14.0100002288818,14.2374486923218
345,878,-76.224998453632,3.82499931193888,1719.88049316406,2023,22,57.28759765625,18.9514293670654,18.0483684539795,15.6085710525513,16.2361812591553
506,1119,-77.124998467043,3.47499930672347,77.1768417358398,2011,27,138.139602661133,22.8728580474854,24.0946483612061,16.2114276885986,15.5865631103516
305,826,-76.9749984648078,3.87499931268394,40.9708442687988,2021,30,187.27946472168,23.8457145690918,23.9827766418457,14.081428527832,13.1390209197998
396,951,-76.2749984543771,3.72499931044877,1030.00476074219,2025,9,29.092306137085,16.6142864227295,17.690092086792,14.2628574371338,14.334493637085
98,470,-76.2749984543771,4.37499932013452,1777.04626464844,2022,16,34.6935844421387,20.3757133483887,19.7750988006592,14.2414283752441,14.1034812927246
469,1062,-76.2749984543771,3.57499930821359,1036.51501464844,2024,30,2.37843561172485,16.9571437835693,17.5704898834229,13.374285697937,13.5516920089722
306,827,-76.9249984640628,3.87499931268394,88.4106597900391,2018,28,40.1080360412598,24.5585708618164,24.4293060302734,15.0114288330078,14.0588703155518
377,921,-75.9249984491616,3.77499931119382,3800.29443359375,2014,18,30.3805274963379,16.7114276885986,17.7092018127441,18.3971424102783,16.7556705474854
657,1324,-76.1249984521419,3.22499930299818,3007.64990234375,2013,7,48.8201141357422,14.6428575515747,15.8299798965454,13.7799997329712,13.9062957763672
619,1268,-77.074998466298,3.27499930374324,376.554351806641,2023,34,76.3230743408203,22.8400001525879,23.5769481658936,16.4814281463623,16.1842098236084
507,1120,-77.074998466298,3.47499930672347,192.82975769043,2014,18,124.854515075684,22.8500003814697,23.8764247894287,16.5200004577637,15.9126634597778
82,430,-76.4249984566122,4.42499932087958,1064.16577148438,2011,22,44.7089462280273,21.0342864990234,21.6586437225342,14.2328567504883,14.1237230300903
4,103,-76.1249984521419,4.8749993275851,2051.62963867188,2025,2,0,21.8457145690918,20.7353439331055,13.9099998474121,15.2645597457886
232,734,-76.0249984506518,4.02499931491912,2323.89013671875,2022,1,76.6326675415039,18.2199993133545,17.7098941802979,11.7557144165039,13.3813896179199
401,956,-76.0249984506518,3.72499931044877,3136.94555664062,2020,10,0,17.7285709381104,18.9384288787842,15.5299997329712,16.1665382385254
263,769,-76.1249984521419,3.97499931417406,1617.15026855469,2025,48,64.7850952148438,17.8557147979736,17.5408248901367,12.7185716629028,12.7467985153198
47,290,-76.0249984506518,4.62499932385981,910.329467773438,2025,45,28.8244571685791,21.6171436309814,19.682186126709,14.1028575897217,14.933030128479
638,1299,-77.3749984707683,3.22499930299818,52.8435401916504,2024,7,51.7478408813477,26.6771430969238,26.4002475738525,18.8057136535645,17.6916160583496
555,1177,-76.0749984513968,3.42499930597842,3203.0234375,2017,20,87.7687530517578,16.5428562164307,17.0518760681152,15.331428527832,16.7377815246582
362,906,-76.6749984603375,3.77499931119382,1068.64526367188,2010,29,54.665641784668,23.7428569793701,21.2968482971191,14.9357147216797,15.0571012496948
290,803,-76.2749984543771,3.924999313429,1044.35791015625,2012,5,17.7147483825684,17.6000003814697,17.5125751495361,14.4757146835327,14.9918527603149
182,659,-76.0749984513968,4.12499931640923,1389.56604003906,2011,9,65.1354217529297,17.2928562164307,17.3465633392334,16.3285713195801,15.7877931594849
32,250,-76.1749984528869,4.67499932460487,1403.42895507812,2011,8,45.1845207214355,20.0200004577637,19.5628719329834,15.0542860031128,15.0509309768677
149,588,-75.9249984491616,4.22499931789935,1666.83215332031,2011,46,158.983093261719,15.6942853927612,16.5052452087402,15.9885711669922,15.5379323959351
497,1100,-76.224998453632,3.52499930746853,1162.86181640625,2012,5,17.1479778289795,15.5714282989502,15.7793407440186,14.4757146835327,15.4102048873901
673,1351,-76.6249984595924,3.17499930225313,1203.83752441406,2019,8,105.846000671387,21.3999996185303,19.6258850097656,15.4700002670288,15.5468950271606
35,253,-76.0249984506518,4.67499932460487,940.085693359375,2011,33,17.8968372344971,20.9742851257324,18.8033981323242,15.9799995422363,16.400842666626
288,801,-76.3749984558672,3.924999313429,1185.97875976562,2016,46,44.6963043212891,17.7285709381104,18.5592269897461,14.3614282608032,13.8820295333862
61,358,-76.3249984551221,4.5249993223697,1303.96630859375,2020,48,43.7075729370117,21.0542850494385,21.4464435577393,13.6042852401733,13.8153409957886
503,1116,-77.2749984692782,3.47499930672347,33.4105911254883,2015,16,58.6689300537109,26.4228572845459,25.0312747955322,20.4028568267822,19.4781875610352
262,768,-76.1749984528869,3.97499931417406,1398.26879882812,2024,24,54.5524559020996,19.1071434020996,18.7317142486572,13.6000003814697,14.2560768127441
88,436,-76.1249984521419,4.42499932087958,942.146179199219,2023,46,15.4192657470703,22.2214279174805,20.6369686126709,13.4200000762939,14.5990858078003
330,863,-76.9749984648078,3.82499931193888,49.2192611694336,2022,34,35.7689514160156,23.8099994659424,23.8654117584229,15.0571432113647,14.9764842987061
391,946,-76.5249984581023,3.72499931044877,1427.79724121094,2012,19,38.0632705688477,16.0442848205566,19.6475715637207,14.7628574371338,14.9655199050903
61,358,-76.3249984551221,4.5249993223697,1303.96630859375,2021,12,40.901252746582,21.1100006103516,21.593469619751,15.794285774231,15.6054811477661
360,904,-76.7749984618276,3.77499931119382,788.459350585938,2021,32,42.8357543945312,24.0585708618164,22.4585399627686,14.9242858886719,14.5171022415161
664,1341,-77.124998467043,3.17499930225313,191.504211425781,2019,13,82.6014251708984,21.5971431732178,23.377347946167,11.0157146453857,11.9167490005493
242,748,-77.1749984677881,3.97499931417406,58.3577308654785,2017,13,139.103500366211,23.6257133483887,24.9542579650879,15.8957147598267,15.7571020126343
17,178,-76.0749984513968,4.77499932609499,1523.64990234375,2019,40,23.4787502288818,20.9071426391602,19.3525447845459,16.4757137298584,16.7550430297852
285,798,-76.5249984581023,3.924999313429,1977.11999511719,2021,48,71.1592788696289,18.2557144165039,20.2086334228516,14.5357141494751,14.4395933151245
194,676,-77.074998466298,4.07499931566417,37.778995513916,2021,11,102.999740600586,23.9500007629395,24.9075412750244,18.1000003814697,16.9411869049072
309,830,-76.7749984618276,3.87499931268394,701.246459960938,2025,52,85.2391967773438,23.7185707092285,22.4761123657227,13.9885711669922,12.9917259216309
336,869,-76.6749984603375,3.82499931193888,1651.05493164062,2023,2,103.350975036621,22.7085704803467,20.295373916626,13.918571472168,14.1062622070312
338,871,-76.5749984588474,3.82499931193888,1647.0146484375,2014,11,28.112174987793,23.3214282989502,19.9321422576904,13.6700000762939,13.5254535675049
538,1160,-76.9249984640628,3.42499930597842,1335.34338378906,2015,50,56.7174224853516,23.5699996948242,23.6601448059082,16.9271430969238,16.0396785736084
21,212,-76.224998453632,4.72499932534993,1680.20654296875,2015,36,26.9923629760742,22.6542854309082,22.2437858581543,16.1571426391602,16.6852207183838
539,1161,-76.8749984633177,3.42499930597842,1570.08190917969,2013,8,30.3007373809814,23.0057144165039,22.7948398590088,14.7042856216431,15.3833389282227
270,783,-77.2749984692782,3.924999313429,52.2254676818848,2012,21,142.433685302734,26.8157138824463,25.608419418335,16.6457138061523,16.0680141448975
125,541,-76.4249984566122,4.27499931864441,2301.95874023438,2013,7,9.34030628204346,20.2957134246826,20.3477973937988,13.2600002288818,13.4153022766113
406,974,-76.9749984648078,3.67499930970371,116.640823364258,2020,27,74.3752975463867,22.3257141113281,23.293270111084,14.1999998092651,14.2350463867188
160,619,-76.224998453632,4.17499931715429,942.686706542969,2014,15,28.8331108093262,18.9914283752441,19.9498157501221,14.3100004196167,15.4275388717651
485,1088,-76.8249984625727,3.52499930746853,1195.12939453125,2016,35,0,22.5271434783936,22.0763206481934,15.9514284133911,15.2027282714844
619,1268,-77.074998466298,3.27499930374324,376.554351806641,2012,9,88.6283264160156,22.0599994659424,22.5158615112305,18.7928562164307,16.9012546539307
379,934,-77.124998467043,3.72499931044877,16.8224296569824,2011,44,273.234191894531,21.8557147979736,23.6584339141846,11.8371429443359,12.7474727630615
9,140,-76.1249984521419,4.82499932684005,1975.30212402344,2018,35,4.29729127883911,21.6771430969238,20.415470123291,16.1800003051758,16.9779987335205
596,1237,-76.7749984618276,3.3249993044883,2925.89526367188,2014,13,66.4713821411133,23.0742855072021,21.6344699859619,16.9814281463623,16.5398998260498
281,794,-76.7249984610826,3.924999313429,667.631591796875,2011,27,58.2390251159668,24.2071437835693,22.5466175079346,14.6499996185303,15.4191694259644
45,288,-76.1249984521419,4.62499932385981,1515.43493652344,2023,1,38.3624610900879,20.1185722351074,19.0918426513672,14.08571434021,13.7095308303833
566,1198,-76.8749984633177,3.37499930523336,1891.66418457031,2020,38,50.446174621582,22.4914283752441,22.2149848937988,17.168571472168,16.8843975067139
298,811,-75.8749984484166,3.924999313429,3357.85034179688,2018,17,46.8020935058594,16.1342849731445,17.1720523834229,15.3428573608398,14.5688362121582
546,1168,-76.5249984581023,3.42499930597842,984.429748535156,2024,15,10.1288709640503,18.3257141113281,20.8755512237549,17.3428573608398,17.427806854248
330,863,-76.9749984648078,3.82499931193888,49.2192611694336,2013,25,136.004745483398,24.0928573608398,24.0889434814453,15.7671432495117,13.9018087387085
203,693,-76.224998453632,4.07499931566417,965.065246582031,2022,50,25.6945877075195,17.8114280700684,18.1385021209717,13.3999996185303,14.3297109603882
329,862,-77.0249984655529,3.82499931193888,19.4706172943115,2022,26,80.1941909790039,23.3085708618164,23.6238651275635,17.9714279174805,16.457893371582
515,1128,-76.6749984603375,3.47499930672347,2031.27136230469,2023,32,22.1708679199219,24.0900001525879,21.8340644836426,15.7371425628662,15.6477870941162
637,1297,-77.4749984722584,3.22499930299818,12.6908264160156,2023,2,77.1610260009766,24.1914291381836,24.499475479126,15.3999996185303,14.9424667358398
115,509,-76.1749984528869,4.32499931938946,977.605102539062,2018,13,67.2986602783203,21.0985717773438,19.5893402099609,12.2299995422363,13.0508670806885
663,1340,-77.1749984677881,3.17499930225313,140.60969543457,2015,5,34.087215423584,21.6471424102783,23.8533191680908,14.6214284896851,14.491997718811
80,403,-75.9249984491616,4.47499932162464,1138.18579101562,2017,16,86.7574157714844,15.3285713195801,18.1964473724365,15.498571395874,15.4566326141357
466,1059,-76.4249984566122,3.57499930821359,952.574890136719,2017,45,31.334924697876,15.9871425628662,17.9298992156982,15.6985712051392,15.7397260665894
278,791,-76.8749984633177,3.924999313429,108.119552612305,2012,43,101.347259521484,23.1342849731445,22.9409847259521,16.0985717773438,14.6569156646729
608,1249,-76.1749984528869,3.3249993044883,1682.33666992188,2013,21,37.9177551269531,15.9314289093018,15.9016990661621,14.460000038147,14.718620300293
470,1063,-76.224998453632,3.57499930821359,1133.84167480469,2025,10,53.3492317199707,15.8028573989868,16.1656970977783,14.4014282226562,14.1865644454956
154,598,-77.2749984692782,4.17499931715429,37.7604827880859,2013,47,156.019897460938,26.1557140350342,25.0992889404297,12.8685712814331,13.2437448501587
423,991,-76.1249984521419,3.67499930970371,2956.97436523438,2017,33,17.7852058410645,16.334285736084,17.4677753448486,17.1357135772705,18.0887413024902
260,766,-76.2749984543771,3.97499931417406,957.653869628906,2024,47,37.0533218383789,17.8985710144043,18.0177154541016,13.4542856216431,13.4327058792114
520,1133,-76.4249984566122,3.47499930672347,951.803405761719,2011,39,14.6100559234619,16.3142852783203,18.0885734558105,15.5471429824829,15.6416549682617
662,1339,-77.2249984685331,3.17499930225313,114.255386352539,2010,5,442.35986328125,26.6757144927979,25.5954666137695,15.4457139968872,15.8182144165039
209,699,-75.9249984491616,4.07499931566417,2503.4677734375,2025,6,77.6576538085938,16.5900001525879,17.3427448272705,13.0485715866089,13.0126752853394
384,939,-76.8749984633177,3.72499931044877,795.774475097656,2015,29,26.1942310333252,22.8057136535645,23.3726978302002,15.2642860412598,16.1341075897217
542,1164,-76.7249984610826,3.42499930597842,2395.0126953125,2025,42,43.874439239502,21.9657135009766,20.2875747680664,15.8242855072021,15.8145885467529
396,951,-76.2749984543771,3.72499931044877,1030.00476074219,2014,29,2.03704357147217,16.8728580474854,18.1230010986328,16.4257144927979,16.6308116912842
111,505,-76.3749984558672,4.32499931938946,1610.77099609375,2025,16,19.3534278869629,22.3885707855225,22.0524444580078,14.5,14.73180103302
99,471,-76.224998453632,4.37499932013452,1564.67199707031,2025,13,28.1896438598633,21.0371437072754,20.2670154571533,14.7128572463989,14.5402669906616
55,325,-76.1249984521419,4.57499932311476,1418.26391601562,2011,30,7.03544044494629,21.0900001525879,19.7788105010986,14.2228574752808,14.5147552490234
629,1278,-76.5749984588474,3.27499930374324,1083.57763671875,2016,16,57.8253173828125,23.582857131958,20.1784572601318,16.3171424865723,16.0761165618896
426,994,-75.9749984499067,3.67499930970371,3580.73046875,2015,30,6.86541891098022,16.8857135772705,17.8564834594727,15.6757144927979,16.2374706268311
550,1172,-76.3249984551221,3.42499930597842,983.023986816406,2015,50,0,17.0599994659424,17.70534324646,16.9271430969238,17.1730136871338
165,624,-75.9749984499067,4.17499931715429,1377.08349609375,2025,39,29.1776313781738,18.6557140350342,18.2335643768311,17.2371425628662,16.213960647583
395,950,-76.3249984551221,3.72499931044877,980.789001464844,2020,39,0,16.5485706329346,18.2004661560059,15.6342859268188,15.6810083389282
18,179,-76.0249984506518,4.77499932609499,1166.57983398438,2019,38,29.6901168823242,20.8828563690186,18.9368381500244,14.4714288711548,14.7334585189819
680,1384,-76.8249984625727,3.12499930150807,1833.25561523438,2014,6,40.9827499389648,20.9471435546875,20.8722553253174,16.1328563690186,15.5052366256714
620,1269,-77.0249984655529,3.27499930374324,659.058959960938,2012,52,18.777717590332,22.5785713195801,22.8225803375244,11.5971431732178,12.5818138122559
215,711,-77.1749984677881,4.02499931491912,64.1255569458008,2020,1,43.4911346435547,23.5128574371338,24.9237861633301,14.2414283752441,16.2064208984375
307,828,-76.8749984633177,3.87499931268394,155.287109375,2010,5,152.579650878906,25.9471435546875,25.6860580444336,17.1814289093018,15.8165655136108
355,899,-77.0249984655529,3.77499931119382,33.2381858825684,2024,25,59.8951644897461,24.247142791748,24.3927021026611,14.3942861557007,14.29088306427
399,954,-76.1249984521419,3.72499931044877,3119.93505859375,2023,2,75.8536682128906,14.9728574752808,16.020112991333,13.918571472168,13.9700136184692
8,139,-76.1749984528869,4.82499932684005,1937.96130371094,2023,10,32.9775085449219,20.8299999237061,20.1301746368408,12.4357147216797,12.1879959106445
401,956,-76.0249984506518,3.72499931044877,3136.94555664062,2010,35,46.6758918762207,15.9414281845093,17.3591365814209,13.9642858505249,15.1321783065796
599,1240,-76.6249984595924,3.3249993044883,1824.98937988281,2022,12,35.5499610900879,22.3542861938477,19.5824127197266,14.8485717773438,14.8852767944336
311,832,-76.6749984603375,3.87499931268394,1607.46252441406,2021,11,85.4657897949219,23.9500007629395,21.403938293457,15.2542858123779,15.7512226104736
271,784,-77.2249984685331,3.924999313429,52.9343872070312,2023,52,94.3587112426758,26.8042850494385,25.3444805145264,15.6471424102783,14.3027820587158
643,1304,-77.124998467043,3.22499930299818,179.380813598633,2011,25,198.534408569336,20.9657135009766,23.2369174957275,15.2442855834961,14.7442045211792
532,1154,-77.2249984685331,3.42499930597842,86.599739074707,2015,49,92.6878967285156,26.7257137298584,25.1169910430908,12.9442853927612,13.6642503738403
231,733,-76.0749984513968,4.02499931491912,1860.69812011719,2016,34,7.44745349884033,19.5371437072754,18.9966373443604,17.5642852783203,17.9224739074707
244,750,-77.074998466298,3.97499931417406,42.0651397705078,2014,9,128.639053344727,23.4957141876221,24.282506942749,16.2371425628662,14.7324237823486
48,291,-75.9749984499067,4.62499932385981,915.839233398438,2014,39,34.7658615112305,21.4757137298584,18.8717269897461,20.8028564453125,19.0514965057373
185,662,-75.9249984491616,4.12499931640923,2200.30541992188,2017,24,42.909049987793,16.3257141113281,17.3765354156494,15.6157140731812,15.4932403564453
260,766,-76.2749984543771,3.97499931417406,957.653869628906,2019,31,10.3409433364868,18.6457138061523,18.7703762054443,15.6385717391968,15.9432668685913
205,695,-76.1249984521419,4.07499931566417,1224.22973632812,2023,20,46.3986625671387,19.5357151031494,19.353832244873,13.2299995422363,14.5226564407349
122,516,-75.8249984476715,4.32499931938946,1276.90734863281,2022,6,31.4546852111816,15.0685710906982,16.8565082550049,13.4528570175171,13.5912189483643
341,874,-76.4249984566122,3.82499931193888,1383.0556640625,2015,34,10.8830499649048,19.3600006103516,20.103364944458,15.1585712432861,15.1348533630371
427,1008,-77.124998467043,3.62499930895865,46.3943786621094,2014,38,105.390975952148,22.0300006866455,23.9474182128906,17.8400001525879,17.1629676818848
211,701,-75.8249984476715,4.07499931566417,2897.23559570312,2019,50,58.9158782958984,16.5142860412598,16.973819732666,14.2157144546509,14.2901010513306
651,1312,-76.7249984610826,3.22499930299818,2273.73974609375,2024,14,66.6062469482422,21.6842861175537,20.9969615936279,14.4114284515381,14.7179508209229
449,1030,-76.0249984506518,3.62499930895865,3060.10424804688,2013,39,59.877758026123,16.4799995422363,17.5442752838135,16.2242851257324,17.2235221862793
367,911,-76.4249984566122,3.77499931119382,1241.67163085938,2019,39,5.81293153762817,18.2742862701416,18.9734745025635,16.3799991607666,16.3777389526367
84,432,-76.3249984551221,4.42499932087958,1796.77758789062,2022,39,57.2800521850586,21.2185707092285,21.1524753570557,15.3157138824463,15.6719532012939
35,253,-76.0249984506518,4.67499932460487,940.085693359375,2014,50,46.9077072143555,20.0785713195801,18.1311912536621,14.8042860031128,14.9326200485229
340,873,-76.4749984573573,3.82499931193888,1515.05395507812,2015,22,12.4708166122437,18.5699996948242,19.9732112884521,14.3057146072388,14.4533586502075
292,805,-76.1749984528869,3.924999313429,1807.48754882812,2020,46,67.6988525390625,17.5528564453125,17.2405128479004,14.5799999237061,14.1666660308838
495,1098,-76.3249984551221,3.52499930746853,987.3486328125,2012,24,5.354651927948,15.8428573608398,16.76513671875,13.8028573989868,14.0044584274292
106,478,-75.8749984484166,4.37499932013452,1128.56555175781,2020,52,52.6386947631836,14.7299995422363,16.7627048492432,14.3971424102783,14.2683715820312
332,865,-76.8749984633177,3.82499931193888,274.782989501953,2021,7,21.1601467132568,23.7771434783936,23.2256278991699,14.7542858123779,14.8183612823486
234,736,-75.9249984491616,4.02499931491912,2898.54467773438,2022,28,8.28939342498779,16.5371437072754,17.4478225708008,16.0599994659424,15.4226980209351
478,1081,-77.1749984677881,3.52499930746853,67.1327896118164,2019,45,138.397811889648,22.4928569793701,24.277795791626,13.2200002670288,13.7982215881348
49,292,-75.9249984491616,4.62499932385981,1092.27197265625,2018,36,33.9747123718262,14.544285774231,17.9714107513428,16.6728572845459,16.5475273132324
656,1317,-76.4749984573573,3.22499930299818,960.66845703125,2019,26,16.5248565673828,15.1628570556641,18.1550045013428,14.9214286804199,15.0600433349609
299,812,-75.8249984476715,3.924999313429,3582.49291992188,2019,52,18.6314067840576,17.0971431732178,17.8560199737549,16.8700008392334,15.6418104171753
455,1048,-76.9749984648078,3.57499930821359,422.921905517578,2012,4,153.173858642578,21.2785720825195,22.1108341217041,14.3442859649658,15.7866992950439
236,738,-75.8249984476715,4.02499931491912,3019.25927734375,2024,12,36.3573722839355,18.9699993133545,19.2817497253418,16.7171421051025,16.2584762573242
394,949,-76.3749984558672,3.72499931044877,956.173645019531,2017,48,0,16.3600006103516,18.1517276763916,13.5571432113647,13.737943649292
150,589,-75.8749984484166,4.22499931789935,2000.95092773438,2024,11,10.1005115509033,19.2814292907715,20.1008605957031,16.3600006103516,15.3825607299805
132,548,-76.0749984513968,4.27499931864441,1007.36413574219,2025,18,86.8835678100586,21.2585716247559,18.7555828094482,15.2428569793701,14.8343162536621
241,747,-77.2249984685331,3.97499931417406,49.765308380127,2017,14,13.4571762084961,26.8299999237061,25.772762298584,18.5400009155273,18.2418098449707
368,912,-76.3749984558672,3.77499931119382,963.49365234375,2013,22,23.241849899292,17.8171424865723,18.0736389160156,15.5471429824829,15.6721038818359
328,861,-77.074998466298,3.82499931193888,11.9124269485474,2022,31,75.3247680664062,23.6485710144043,24.1697101593018,13.3914289474487,13.4666519165039
312,833,-76.6249984595924,3.87499931268394,1621.7841796875,2010,28,53.3000717163086,23.2428569793701,20.687126159668,14.2828569412231,14.4788837432861
131,547,-76.1249984521419,4.27499931864441,934.678955078125,2011,22,9.49923038482666,21.0342864990234,18.7888298034668,14.2328567504883,13.9441471099854
545,1167,-76.5749984588474,3.42499930597842,1253.45971679688,2015,52,18.4861698150635,24.8171424865723,21.28639793396,18.2399997711182,18.2815647125244
294,807,-76.0749984513968,3.924999313429,2026.95727539062,2011,21,34.9791030883789,17.9128570556641,17.1940975189209,14.542857170105,15.3877449035645
11,142,-76.0249984506518,4.82499932684005,1331.10864257812,2025,26,28.5112476348877,22.5414295196533,19.9940910339355,15.5057144165039,16.897777557373
567,1199,-76.8249984625727,3.37499930523336,1995.97827148438,2016,45,48.9759063720703,22.1114292144775,21.3749561309814,14.8428573608398,13.7923440933228
334,867,-76.7749984618276,3.82499931193888,734.865966796875,2013,7,0,23.2328567504883,21.8404903411865,13.7799997329712,14.391622543335
74,397,-76.224998453632,4.47499932162464,1668.86059570312,2014,24,10.5030736923218,22.2000007629395,21.7299251556396,16.3271427154541,16.9410781860352
252,758,-76.6749984603375,3.97499931417406,1085.41931152344,2010,30,10.3388376235962,23.7371425628662,21.8515186309814,14.289999961853,14.4493675231934
309,830,-76.7749984618276,3.87499931268394,701.246459960938,2014,27,73.4076232910156,24.4871425628662,23.1916694641113,15.8485717773438,16.4133815765381
447,1028,-76.1249984521419,3.62499930895865,2064.75830078125,2011,24,4.9716796875,16.0957145690918,16.8424987792969,14.5200004577637,15.4999141693115
489,1092,-76.6249984595924,3.52499930746853,1729.04504394531,2024,42,43.1654396057129,23.3671436309814,21.0109252929688,17.6957149505615,17.2159080505371
109,503,-76.4749984573573,4.32499931938946,1158.12756347656,2014,41,80.097282409668,20.4914283752441,21.0119209289551,14.8299999237061,14.6934089660645
245,751,-77.0249984655529,3.97499931417406,38.5890617370605,2015,40,65.3338088989258,24.4914283752441,25.0873184204102,14.081428527832,14.8520011901855
610,1251,-76.0749984513968,3.3249993044883,3589.83447265625,2013,42,0,15.9314289093018,16.8212585449219,15.4085712432861,16.489709854126
352,885,-75.8749984484166,3.82499931193888,3856.46630859375,2025,27,5.97797679901123,15.4285717010498,16.5742111206055,15.5485715866089,15.9770269393921
186,663,-75.8749984484166,4.12499931640923,2261.39916992188,2015,37,10.2114009857178,17.5342864990234,18.3503494262695,19.5914287567139,18.3529262542725
199,689,-76.4249984566122,4.07499931566417,1927.99951171875,2010,25,37.5677337646484,18.1414279937744,20.1194515228271,14.2885713577271,14.298526763916
504,1117,-77.2249984685331,3.47499930672347,51.3187103271484,2016,4,51.1252479553223,26.7742862701416,25.3645420074463,15.4028568267822,15.6604099273682
392,947,-76.4749984573573,3.72499931044877,1560.30322265625,2022,30,20.7487392425537,15.4871425628662,18.6629161834717,13.8842859268188,13.9401664733887
668,1346,-76.8749984633177,3.17499930225313,1258.95385742188,2013,47,111.994338989258,19.9699993133545,20.5704822540283,13.8714284896851,13.5253925323486
288,801,-76.3749984558672,3.924999313429,1185.97875976562,2020,6,0,19.5114288330078,20.2692832946777,18.8242855072021,18.5856227874756
431,1012,-76.9249984640628,3.62499930895865,514.394958496094,2018,38,22.866096496582,23.2785720825195,23.8202629089355,18.7628574371338,17.0616130828857
201,691,-76.3249984551221,4.07499931566417,1014.76501464844,2010,39,25.8887348175049,17.7414283752441,18.7216148376465,16.7199993133545,16.457145690918
106,478,-75.8749984484166,4.37499932013452,1128.56555175781,2014,14,44.8619956970215,15.4642858505249,18.0020580291748,17.7042865753174,16.5733528137207
403,971,-77.124998467043,3.67499930970371,19.3520393371582,2010,45,247.050262451172,21.1499996185303,22.9541339874268,12.8900003433228,13.3598299026489
171,635,-77.2749984692782,4.12499931640923,45.3861351013184,2025,49,112.138137817383,26.3957138061523,25.3866786956787,15.6757144927979,15.7383136749268
101,473,-76.1249984521419,4.37499932013452,930.004577636719,2013,9,22.636043548584,21.6385707855225,20.0482006072998,13.0642852783203,13.4301128387451
168,632,-77.4249984715133,4.12499931640923,11.1069231033325,2021,14,119.118942260742,26.9328575134277,26.6086521148682,12.9300003051758,13.755913734436
518,1131,-76.5249984581023,3.47499930672347,1063.49499511719,2012,18,51.3928108215332,15.8957147598267,18.6521816253662,15.752857208252,15.7867231369019
301,821,-77.2249984685331,3.87499931268394,44.7871398925781,2024,5,113.219520568848,27.8628578186035,26.474006652832,15.6442861557007,15.5999574661255
543,1165,-76.6749984603375,3.42499930597842,2571.05322265625,2024,24,79.1621475219727,23.0714282989502,20.8918437957764,13.6000003814697,13.6983995437622
532,1154,-77.2249984685331,3.42499930597842,86.599739074707,2011,22,28.8932456970215,26.2357139587402,24.385669708252,13.3571424484253,13.2466697692871
392,947,-76.4749984573573,3.72499931044877,1560.30322265625,2025,29,5.34521865844727,16.1271419525146,19.6480007171631,14.1114282608032,14.2688989639282
71,394,-76.3749984558672,4.47499932162464,1291.14721679688,2015,49,76.1856002807617,21.7314281463623,22.1842613220215,13.6542854309082,14.0127058029175
224,726,-76.4249984566122,4.02499931491912,1748.56201171875,2016,35,6.42735624313354,18.4042854309082,19.9591960906982,15.7885713577271,15.9248018264771
371,915,-76.224998453632,3.77499931119382,1512.7392578125,2013,42,52.0284118652344,17.9057140350342,17.0451469421387,15.4085712432861,16.0317840576172
169,633,-77.3749984707683,4.12499931640923,33.3020477294922,2010,49,81.2637557983398,25.1871433258057,24.7151374816895,13.6285715103149,13.4427003860474
160,619,-76.224998453632,4.17499931715429,942.686706542969,2016,27,44.9152755737305,18.5685710906982,19.5157260894775,14.5,14.7481460571289
33,251,-76.1249984521419,4.67499932460487,1669.60241699219,2013,31,10.6662454605103,21.5142860412598,20.2821254730225,15.0585718154907,15.9560079574585
189,671,-77.3249984700232,4.07499931566417,40.0574073791504,2018,51,70.4646835327148,26.6157150268555,25.8842525482178,12.7399997711182,13.4717397689819
148,587,-75.9749984499067,4.22499931789935,1191.93664550781,2014,27,33.7455253601074,18.668571472168,18.2510471343994,17.4228572845459,16.690299987793
216,712,-77.124998467043,4.02499931491912,56.045783996582,2010,29,144.307739257812,23.7428569793701,24.8657932281494,15.5957145690918,15.1716156005859
656,1317,-76.4749984573573,3.22499930299818,960.66845703125,2022,4,29.4296817779541,15.3985710144043,17.6758651733398,14.6999998092651,14.9284257888794
527,1140,-76.0749984513968,3.47499930672347,3530.49462890625,2010,42,21.9171829223633,15.6199998855591,16.4579219818115,14.1800003051758,14.4768562316895
641,1302,-77.2249984685331,3.22499930299818,90.8140335083008,2020,49,176.249664306641,24.9585704803467,23.5593452453613,14.3542852401733,14.1899137496948
521,1134,-76.3749984558672,3.47499930672347,962.728698730469,2012,18,41.2661285400391,15.8957147598267,17.116268157959,15.752857208252,15.859335899353
144,583,-76.1749984528869,4.22499931789935,936.513061523438,2017,27,11.5033369064331,18.3942852020264,19.2933101654053,16.0085716247559,16.2744274139404
69,366,-75.9249984491616,4.5249993223697,1154.38159179688,2025,34,26.8390083312988,15.665714263916,18.8755435943604,17.748571395874,17.0979690551758
117,511,-76.0749984513968,4.32499931938946,949.865661621094,2024,43,32.700366973877,21.9671421051025,19.8207893371582,15.4671430587769,16.0645294189453
181,658,-76.1249984521419,4.12499931640923,1089.72973632812,2022,30,43.2199249267578,17.6757144927979,17.8321323394775,14.0314283370972,14.3317651748657
668,1346,-76.8749984633177,3.17499930225313,1258.95385742188,2016,49,27.9980945587158,19.9328575134277,20.4558410644531,12.8257141113281,13.6122388839722
41,259,-75.7249984461814,4.67499932460487,1431.65832519531,2015,3,38.0368499755859,14.8457145690918,15.9289264678955,14.5157146453857,14.358229637146
195,677,-77.0249984655529,4.07499931566417,35.3288154602051,2018,50,115.917579650879,24.0328578948975,24.7433185577393,10.9257144927979,13.082368850708
147,586,-76.0249984506518,4.22499931789935,1056.12963867188,2020,30,43.5207710266113,17.9271430969238,17.9274921417236,15.1957139968872,14.7749080657959
70,367,-75.8749984484166,4.5249993223697,1190.78796386719,2025,29,0,15.2271432876587,18.026481628418,16.3485717773438,15.746711730957
261,767,-76.224998453632,3.97499931417406,1103.67211914062,2021,24,28.0070972442627,17.7657146453857,17.5730743408203,14.8242855072021,15.3333606719971
575,1207,-76.4249984566122,3.37499930523336,958.639892578125,2017,7,19.2337741851807,15.8585710525513,17.5008811950684,19.0085716247559,18.7868919372559
314,835,-76.5249984581023,3.87499931268394,1571.81726074219,2016,39,36.4868278503418,18.5671424865723,20.4032421112061,15.292857170105,15.4300670623779
597,1238,-76.7249984610826,3.3249993044883,3279.88671875,2023,28,33.624324798584,23.6599998474121,21.5563621520996,15.4685716629028,15.7026405334473
74,397,-76.224998453632,4.47499932162464,1668.86059570312,2016,45,77.5408325195312,20.9657135009766,20.6313762664795,13.1057138442993,13.67493724823
556,1188,-77.3749984707683,3.37499930523336,20.3139991760254,2017,6,76.2368850708008,26.5614280700684,25.6859188079834,18.0900001525879,17.8629894256592
215,711,-77.1749984677881,4.02499931491912,64.1255569458008,2017,45,179.380645751953,23.3614292144775,24.7464466094971,12.0242853164673,14.0399799346924
553,1175,-76.1749984528869,3.42499930597842,1738.416015625,2023,27,5.52480363845825,16.5571422576904,16.7085189819336,14.374285697937,14.4916353225708
28,219,-75.8749984484166,4.72499932534993,1053.80932617188,2020,41,32.0360221862793,14.9485712051392,17.9915542602539,18.0799999237061,17.4686317443848
635,1288,-76.0749984513968,3.27499930374324,3644.865234375,2017,44,81.9618988037109,15.5285711288452,16.3596382141113,15.25,15.6108741760254
510,1123,-76.9249984640628,3.47499930672347,1030.67517089844,2020,6,9.3550500869751,23.5614280700684,23.7580585479736,18.8242855072021,18.9199695587158
287,800,-76.4249984566122,3.924999313429,1474.76770019531,2024,1,0,19.6714286804199,20.831579208374,17.0385723114014,16.8694725036621
547,1169,-76.4749984573573,3.42499930597842,951.992858886719,2016,21,21.1187725067139,17.3471431732178,19.553804397583,14.5385713577271,14.5644474029541
368,912,-76.3749984558672,3.77499931119382,963.49365234375,2019,26,16.757776260376,18.8842849731445,18.9857521057129,14.9214286804199,14.8958644866943
683,1387,-76.6749984603375,3.12499930150807,1266.634765625,2022,34,34.5731391906738,21.3842849731445,19.4205093383789,15.0571432113647,14.9405689239502
177,654,-76.3249984551221,4.12499931640923,1147.91540527344,2012,45,21.4440574645996,18.1342849731445,19.3686275482178,14.9385709762573,15.2233104705811
570,1202,-76.6749984603375,3.37499930523336,2920.78637695312,2010,33,0,22.5214290618896,20.0074672698975,14.6285715103149,14.7272167205811
347,880,-76.1249984521419,3.82499931193888,2924.48999023438,2010,25,40.1037178039551,18.1414279937744,17.2157402038574,13.9357147216797,15.01149559021
217,713,-77.074998466298,4.02499931491912,42.8142318725586,2022,12,42.8079681396484,23.8642864227295,24.7751407623291,14.6328573226929,15.4267864227295
172,636,-77.2249984685331,4.12499931640923,44.725414276123,2025,15,72.7865219116211,27.6585712432861,26.279764175415,17.5371437072754,17.3455123901367
406,974,-76.9749984648078,3.67499930970371,116.640823364258,2022,15,26.7618675231934,23.081428527832,24.0804767608643,15.2614288330078,15.1810388565063
588,1229,-77.1749984677881,3.3249993044883,102.661003112793,2017,37,144.545623779297,22.5157146453857,23.8359775543213,17.1057147979736,16.6346569061279
2,67,-76.0749984513968,4.92499932833016,1929.56372070312,2014,15,18.269775390625,22.3257141113281,20.7088394165039,14.3100004196167,15.6000938415527
15,176,-76.1749984528869,4.77499932609499,1720.97375488281,2020,47,74.6442565917969,20.9042854309082,20.1646709442139,13.6785717010498,14.5378093719482
522,1135,-76.3249984551221,3.47499930672347,978.887817382812,2020,15,77.2962646484375,17.2099990844727,17.874397277832,13.627142906189,13.8535814285278
387,942,-76.7249984610826,3.72499931044877,1316.92004394531,2017,41,37.9904632568359,22.3942852020264,21.6003322601318,15.3199996948242,14.8610420227051
616,1265,-77.2249984685331,3.27499930374324,80.242057800293,2010,29,60.1183319091797,25.9885711669922,23.9396457672119,14.622857093811,14.6770715713501
458,1051,-76.8249984625727,3.57499930821359,854.671569824219,2011,14,54.9244194030762,21.8685722351074,21.6177616119385,14.9657144546509,16.0252475738525
52,322,-76.2749984543771,4.57499932311476,1385.66784667969,2017,11,91.5842895507812,20.4257144927979,20.6393947601318,15.3157138824463,15.0085077285767
346,879,-76.1749984528869,3.82499931193888,2347.58422851562,2022,36,0,18.4785709381104,17.6343612670898,15.0557146072388,15.7434825897217
434,1015,-76.7749984618276,3.62499930895865,1478.14538574219,2011,3,34.6679534912109,21.7671432495117,21.1704273223877,15.5185718536377,14.8594236373901
435,1016,-76.7249984610826,3.62499930895865,1506.36157226562,2025,11,65.3744735717773,21.9942855834961,20.9240684509277,13.5571432113647,14.5670518875122
449,1030,-76.0249984506518,3.62499930895865,3060.10424804688,2011,42,176.255294799805,14.1614284515381,15.6423501968384,14.7214288711548,15.0213003158569
441,1022,-76.4249984566122,3.62499930895865,953.005187988281,2018,14,47.9337768554688,15.3542852401733,17.709810256958,16.0442848205566,15.9258909225464
7,138,-76.224998453632,4.82499932684005,2130.9150390625,2022,21,88.321044921875,21.9342861175537,21.540901184082,15.0557146072388,15.4420890808105
124,540,-76.4749984573573,4.27499931864441,1988.19787597656,2015,21,63.761962890625,21.9028568267822,22.0441436767578,14.9285717010498,14.8962879180908
228,730,-76.224998453632,4.02499931491912,992.002014160156,2025,22,17.959228515625,18.9028568267822,18.9496536254883,14.0299997329712,14.3424291610718
587,1228,-77.2249984685331,3.3249993044883,120.872703552246,2014,43,157.21403503418,25.8928565979004,23.8540916442871,12.9871425628662,13.6834917068481
578,1210,-76.2749984543771,3.37499930523336,1016.87878417969,2021,10,41.9356918334961,15.9799995422363,15.9330825805664,12.584285736084,12.7065458297729
505,1118,-77.1749984677881,3.47499930672347,52.6558036804199,2016,44,177.041915893555,21.7299995422363,23.4569072723389,12.8857145309448,13.7107706069946
395,950,-76.3249984551221,3.72499931044877,980.789001464844,2012,6,14.0939607620239,15.4271430969238,17.1037139892578,13.2014284133911,13.6082401275635
448,1029,-76.0749984513968,3.62499930895865,2128.43432617188,2019,37,5.32115125656128,17.2385711669922,18.4047908782959,15.4485712051392,16.1509437561035
546,1168,-76.5249984581023,3.42499930597842,984.429748535156,2022,24,77.4431838989258,15.3428573608398,17.9915370941162,13.1400003433228,13.1847124099731
565,1197,-76.9249984640628,3.37499930523336,1399.70300292969,2022,5,26.6201362609863,22.1499996185303,22.0927448272705,15.2128572463989,15.0619955062866
588,1229,-77.1749984677881,3.3249993044883,102.661003112793,2014,29,33.4777870178223,23.998571395874,24.9346656799316,13.0328569412231,14.2168464660645
544,1166,-76.6249984595924,3.42499930597842,1881.70971679688,2021,42,105.862045288086,22.3371429443359,19.7529125213623,15.7557144165039,15.7948741912842
72,395,-76.3249984551221,4.47499932162464,1532.55541992188,2025,44,43.5436134338379,20.7000007629395,20.9819145202637,14.0185718536377,14.3096675872803
607,1248,-76.224998453632,3.3249993044883,1118.78332519531,2013,37,16.9989681243896,16.1942863464355,16.0505809783936,16.081428527832,15.9853982925415
176,653,-76.3749984558672,4.12499931640923,1414.6611328125,2021,12,38.4070472717285,18.4885711669922,20.2137699127197,15.794285774231,15.9098415374756
100,472,-76.1749984528869,4.37499932013452,1157.849609375,2017,10,9.83757209777832,20.9585704803467,19.7328281402588,13.5657138824463,13.7228317260742
656,1317,-76.4749984573573,3.22499930299818,960.66845703125,2011,12,26.4564990997314,14.4428567886353,17.1573944091797,14.955714225769,14.5850954055786
597,1238,-76.7249984610826,3.3249993044883,3279.88671875,2013,38,15.4224910736084,23.4114284515381,21.4607315063477,16.3885707855225,15.6168041229248
641,1302,-77.2249984685331,3.22499930299818,90.8140335083008,2016,42,129.930618286133,24.915714263916,23.7958278656006,13.3428573608398,14.2928695678711
368,912,-76.3749984558672,3.77499931119382,963.49365234375,2025,34,8.71295356750488,19.1228580474854,19.1595973968506,15.708571434021,15.9380187988281
316,837,-76.4249984566122,3.87499931268394,1391.37622070312,2010,18,52.4815979003906,18.4228572845459,19.5900115966797,15.3457145690918,15.8548822402954
478,1081,-77.1749984677881,3.52499930746853,67.1327896118164,2025,42,100.63801574707,21.9657135009766,24.021240234375,15.9714288711548,15.9444122314453
26,217,-75.9749984499067,4.72499932534993,914.086608886719,2021,47,25.3639812469482,20.2085704803467,18.1679553985596,14.2814283370972,13.5964765548706
637,1297,-77.4749984722584,3.22499930299818,12.6908264160156,2018,33,118.477828979492,25.4842853546143,25.6838817596436,15.2857141494751,15.3766994476318
29,220,-75.8249984476715,4.72499932534993,1125.88415527344,2018,36,43.1007499694824,14.544285774231,17.0654811859131,16.6728572845459,16.7228126525879
146,585,-76.0749984513968,4.22499931789935,1072.90844726562,2021,18,50.8638763427734,17.7328567504883,18.0532531738281,16.8814277648926,16.2871570587158
511,1124,-76.8749984633177,3.47499930672347,1202.16638183594,2015,31,20.2396297454834,24.0585708618164,24.0004100799561,16.5771427154541,16.339427947998
194,676,-77.074998466298,4.07499931566417,37.778995513916,2016,7,30.6677207946777,25.0928573608398,25.7174072265625,14.5914287567139,14.3110036849976
610,1251,-76.0749984513968,3.3249993044883,3589.83447265625,2012,9,0,15.3271427154541,15.9291706085205,15.6128568649292,15.8826923370361
347,880,-76.1249984521419,3.82499931193888,2924.48999023438,2021,47,21.8042545318604,17.5871429443359,16.943998336792,12.872857093811,13.7462177276611
60,330,-75.8749984484166,4.57499932311476,1274.43444824219,2016,46,79.5230255126953,15.3385715484619,17.3782730102539,14.6071424484253,13.958890914917
364,908,-76.5749984588474,3.77499931119382,1442.64538574219,2012,15,51.3998565673828,23.9314289093018,19.8251628875732,14.91428565979,15.234938621521
47,290,-76.0249984506518,4.62499932385981,910.329467773438,2015,30,36.3430938720703,22.2700004577637,19.6791095733643,16.4814281463623,17.2622032165527
197,679,-76.9249984640628,4.07499931566417,50.095085144043,2016,42,135.534423828125,23.5885715484619,23.844633102417,15.498571395874,14.4214601516724
113,507,-76.2749984543771,4.32499931938946,1652.77587890625,2017,28,3.78922867774963,21.1757144927979,20.2604598999023,16.0671424865723,16.0357475280762
603,1244,-76.4249984566122,3.3249993044883,960.943176269531,2013,21,55.2350769042969,15.9314289093018,17.2994117736816,14.460000038147,14.4071826934814
405,973,-77.0249984655529,3.67499930970371,64.2014541625977,2018,16,52.9653358459473,22.9942855834961,24.1992416381836,16.5342864990234,15.3407535552979
663,1340,-77.1749984677881,3.17499930225313,140.60969543457,2023,30,58.1134490966797,22.1742858886719,24.5681324005127,16.6100006103516,16.2180252075195
459,1052,-76.7749984618276,3.57499930821359,1123.77429199219,2014,26,42.2052764892578,23.1142864227295,22.1845226287842,15.7614288330078,16.0123462677002
150,589,-75.8749984484166,4.22499931789935,2000.95092773438,2025,51,40.4174003601074,17.0214290618896,17.4554500579834,14.747142791748,13.9057998657227
460,1053,-76.7249984610826,3.57499930821359,1506.79833984375,2010,40,41.2063140869141,21.917142868042,20.7433643341064,15.6457147598267,15.2270107269287
17,178,-76.0749984513968,4.77499932609499,1523.64990234375,2011,45,47.5149154663086,20.2399997711182,18.7473278045654,14.457142829895,14.6735582351685
372,916,-76.1749984528869,3.77499931119382,2155.75659179688,2012,28,0,18.2342853546143,17.1730632781982,15.1085710525513,15.4766530990601
121,515,-75.8749984484166,4.32499931938946,1293.12609863281,2014,18,43.4345741271973,15.4771432876587,17.7674732208252,16.2757148742676,16.2911586761475
439,1020,-76.5249984581023,3.62499930895865,1497.13940429688,2024,21,25.3412914276123,17.6528568267822,20.8018684387207,13.9214286804199,13.9019613265991
130,546,-76.1749984528869,4.27499931864441,924.531494140625,2014,16,26.3810596466064,21.5457134246826,19.7011966705322,14.9814281463623,15.3635311126709
536,1158,-77.0249984655529,3.42499930597842,460.963500976562,2022,29,12.2090616226196,22.6828575134277,23.3467979431152,13.5614290237427,13.8883953094482
207,697,-76.0249984506518,4.07499931566417,1671.49291992188,2015,28,20.383207321167,18.418571472168,17.9540424346924,14.5514287948608,14.862868309021
475,1078,-77.3249984700232,3.52499930746853,10.4228353500366,2020,30,99.0266571044922,25.9200000762939,24.9122180938721,14.8385715484619,14.7847023010254
460,1053,-76.7249984610826,3.57499930821359,1506.79833984375,2019,28,0,22.6457138061523,21.2117042541504,15.6057138442993,15.9745349884033
394,949,-76.3749984558672,3.72499931044877,956.173645019531,2014,16,34.0411720275879,16.3971424102783,18.5964546203613,15.9357147216797,15.7803716659546
294,807,-76.0749984513968,3.924999313429,2026.95727539062,2021,18,55.9971694946289,17.7328567504883,17.1769599914551,15.374285697937,16.0342807769775
553,1175,-76.1749984528869,3.42499930597842,1738.416015625,2020,4,54.748046875,15.9957141876221,16.38743019104,15.7971429824829,15.7632303237915
165,624,-75.9749984499067,4.17499931715429,1377.08349609375,2015,10,79.506721496582,19.3771419525146,18.880054473877,18.3899993896484,16.2045974731445
531,1153,-77.2749984692782,3.42499930597842,45.7262382507324,2020,23,103.585594177246,26.3485717773438,25.0266342163086,13.8071432113647,13.9953193664551
310,831,-76.7249984610826,3.87499931268394,1260.00366210938,2025,18,92.1219940185547,23.7814292907715,22.1114406585693,14.1857147216797,14.7431764602661
86,434,-76.224998453632,4.42499932087958,1863.85180664062,2019,31,19.2179546356201,21.9628562927246,21.2139663696289,16.2257137298584,16.4057350158691
41,259,-75.7249984461814,4.67499932460487,1431.65832519531,2022,40,48.7124824523926,14.6071424484253,15.9193668365479,17.8485717773438,17.400333404541
126,542,-76.3749984558672,4.27499931864441,1886.16650390625,2024,47,21.8920764923096,20.584285736084,20.222957611084,13.1499996185303,13.2760057449341
610,1251,-76.0749984513968,3.3249993044883,3589.83447265625,2010,10,0,18.4357147216797,19.1596832275391,15.2457141876221,15.5048952102661
297,810,-75.9249984491616,3.924999313429,2911.72631835938,2018,9,0,16.9328575134277,17.5231094360352,16.6471424102783,17.3251075744629
219,715,-76.9749984648078,4.02499931491912,39.1597785949707,2018,7,56.002368927002,23.7085704803467,24.1214771270752,12.6114282608032,14.0251483917236
299,812,-75.8249984476715,3.924999313429,3582.49291992188,2017,31,0,16.8785705566406,17.548656463623,16.6857147216797,16.7057361602783
227,729,-76.2749984543771,4.02499931491912,938.959777832031,2015,35,0,19.5657138824463,19.9333515167236,15.9442853927612,15.7368793487549
440,1021,-76.4749984573573,3.62499930895865,1068.1484375,2015,41,19.9227256774902,16.9414291381836,19.3993129730225,14.3171424865723,14.3769664764404
115,509,-76.1749984528869,4.32499931938946,977.605102539062,2014,5,14.5257186889648,20.4485721588135,19.1367702484131,12.6571426391602,14.0843811035156
658,1325,-76.0749984513968,3.22499930299818,3761.01391601562,2023,7,0,15.5157146453857,16.8660011291504,13.8857145309448,14.5993185043335
675,1353,-76.5249984581023,3.17499930225313,970.681884765625,2019,22,40.4159545898438,15.0057144165039,18.0059814453125,14.207142829895,14.047064781189
592,1233,-76.9749984648078,3.3249993044883,1232.02868652344,2020,17,54.017261505127,22.8142852783203,22.9883995056152,16.2585716247559,16.8849658966064
616,1265,-77.2249984685331,3.27499930374324,80.242057800293,2025,39,28.4662284851074,26.3057136535645,24.2241802215576,14.2814283370972,14.8892345428467
564,1196,-76.9749984648078,3.37499930523336,901.396423339844,2015,28,64.7515487670898,23.084285736084,23.3355178833008,14.1071424484253,13.881196975708
423,991,-76.1249984521419,3.67499930970371,2956.97436523438,2010,51,129.841949462891,14.7028570175171,15.6937026977539,12.6285715103149,13.24391746521
68,365,-75.9749984499067,4.5249993223697,963.172424316406,2019,23,39.0090713500977,21.7057151794434,18.7227821350098,16.4842853546143,15.551721572876
560,1192,-77.1749984677881,3.37499930523336,83.5121688842773,2018,41,50.0065078735352,21.5342864990234,23.2309875488281,17.33571434021,17.2249774932861
572,1204,-76.5749984588474,3.37499930523336,1236.39611816406,2011,23,63.7980117797852,22.4685707092285,19.1149120330811,15.3428573608398,15.2842035293579
674,1352,-76.5749984588474,3.17499930225313,1018.42047119141,2017,15,61.6640777587891,21.331428527832,18.8554019927979,15.1999998092651,14.9774942398071
152,596,-77.3749984707683,4.17499931715429,-2.9171736240387,2017,37,123.35765838623,26.5085716247559,25.9642925262451,17.3299999237061,17.1735038757324
58,328,-75.9749984499067,4.57499932311476,947.509887695312,2021,41,48.6305122375488,21.7157135009766,19.2164077758789,16.7928562164307,15.7131929397583
380,935,-77.074998466298,3.72499931044877,19.0779399871826,2023,38,40.9269714355469,24.2071437835693,25.5959892272949,16.1528568267822,16.4695701599121
362,906,-76.6749984603375,3.77499931119382,1068.64526367188,2014,12,0,23.8571434020996,21.539608001709,15.997142791748,15.713828086853
286,799,-76.4749984573573,3.924999313429,1563.37023925781,2015,40,30.8983688354492,19.4657135009766,21.0190658569336,16.2114276885986,15.9992837905884
373,917,-76.1249984521419,3.77499931119382,2785.80395507812,2018,15,44.727294921875,17.4228572845459,16.6065006256104,15.7685718536377,15.3275117874146
321,842,-76.1749984528869,3.87499931268394,1891.25732421875,2019,12,28.2579555511475,18.6342849731445,18.0209102630615,12.8128566741943,12.6192102432251
650,1311,-76.7749984618276,3.22499930299818,2425.02880859375,2010,45,193.047668457031,19.5,19.3480834960938,13.4957141876221,13.3344478607178
389,944,-76.6249984595924,3.72499931044877,1279.23059082031,2010,45,108.634780883789,21.1499996185303,19.4592399597168,13.4957141876221,13.6050624847412
604,1245,-76.3749984558672,3.3249993044883,974.757263183594,2011,9,69.4730682373047,15.1928567886353,16.1011962890625,15.6357145309448,15.4538164138794
588,1229,-77.1749984677881,3.3249993044883,102.661003112793,2011,8,153.953247070312,22.0128574371338,23.4334392547607,19.0400009155273,17.6251888275146
247,753,-76.9249984640628,3.97499931417406,55.1700057983398,2018,41,88.5655899047852,22.9400005340576,23.1390419006348,17.3228569030762,17.3652000427246
683,1387,-76.6749984603375,3.12499930150807,1266.634765625,2020,45,7.80166864395142,20.6957149505615,19.4341011047363,14.539999961853,14.8550081253052
188,670,-77.3749984707683,4.07499931566417,34.8767967224121,2021,30,246.698974609375,26.668571472168,26.115650177002,11.4714288711548,12.3665924072266
268,774,-75.8749984484166,3.97499931417406,3120.8056640625,2025,43,63.993968963623,17.5514278411865,17.8808708190918,16.6599998474121,15.7926979064941
510,1123,-76.9249984640628,3.47499930672347,1030.67517089844,2024,18,99.1146011352539,23.2042865753174,23.435188293457,14.6171426773071,15.6391639709473
392,947,-76.4749984573573,3.72499931044877,1560.30322265625,2018,36,15.5670318603516,15.9514284133911,19.2961711883545,15.542857170105,15.6800765991211
669,1347,-76.8249984625727,3.17499930225313,1872.87890625,2011,34,48.0778045654297,20.83571434021,20.8232555389404,16.7085704803467,16.2780857086182
381,936,-77.0249984655529,3.72499931044877,38.0001258850098,2017,16,105.395179748535,22.5542850494385,24.0208568572998,17.6357135772705,16.526575088501
38,256,-75.8749984484166,4.67499932460487,1164.96606445312,2023,46,38.5824890136719,15.7771425247192,18.5587406158447,16.3828563690186,15.3239459991455
411,979,-76.7249984610826,3.67499930970371,1444.50146484375,2023,48,34.786434173584,23.6971435546875,22.6545143127441,15.7971429824829,15.2526874542236
126,542,-76.3749984558672,4.27499931864441,1886.16650390625,2022,43,101.505882263184,20.2985706329346,19.9707870483398,12.3671426773071,12.7835521697998
253,759,-76.6249984595924,3.97499931417406,1934.77416992188,2020,19,11.2287540435791,24.8600006103516,22.6759853363037,13.8842859268188,13.9317398071289
264,770,-76.0749984513968,3.97499931417406,1911.38244628906,2023,16,26.5342063903809,18.4514293670654,17.9746952056885,13.8385715484619,14.0656061172485
161,620,-76.1749984528869,4.17499931715429,968.035400390625,2016,45,75.9941864013672,18.3899993896484,18.9589710235596,13.1057138442993,14.2436246871948
643,1304,-77.124998467043,3.22499930299818,179.380813598633,2024,44,207.645111083984,21.75,23.6777324676514,12.8014287948608,13.091269493103
365,909,-76.5249984581023,3.77499931119382,1429.36987304688,2014,44,41.94189453125,17.7042865753174,19.4020900726318,15.2399997711182,15.2124977111816
185,662,-75.9249984491616,4.12499931640923,2200.30541992188,2017,48,31.5577507019043,17.0371437072754,17.5256671905518,15.5957145690918,14.7548894882202
318,839,-76.3249984551221,3.87499931268394,955.476013183594,2017,10,10.2357473373413,18.334285736084,18.5110263824463,13.9785718917847,14.0278148651123
676,1376,-77.2249984685331,3.12499930150807,103.631950378418,2017,40,129.689392089844,24.9714279174805,22.9930152893066,12.665714263916,13.4762477874756
138,561,-77.2749984692782,4.22499931789935,18.8064041137695,2024,12,70.510498046875,27.0242862701416,26.286434173584,16.0714282989502,16.1000919342041
210,700,-75.8749984484166,4.07499931566417,2429.47045898438,2022,1,71.1136016845703,16.6528568267822,17.2876377105713,14.084285736084,13.7370901107788
413,981,-76.6249984595924,3.67499930970371,1421.43811035156,2021,39,21.0241184234619,22.8557147979736,20.7227668762207,17.1985721588135,17.180606842041
200,690,-76.3749984558672,4.07499931566417,1449.77307128906,2018,17,40.381477355957,18.6271419525146,20.0762691497803,13.9799995422363,14.164755821228
266,772,-75.9749984499067,3.97499931417406,3218.48510742188,2017,42,39.3054275512695,19.2071437835693,18.3930759429932,16.58571434021,15.6345462799072
299,812,-75.8249984476715,3.924999313429,3582.49291992188,2023,30,8.725341796875,17.3071422576904,18.1353549957275,16.3042850494385,16.5636005401611
652,1313,-76.6749984603375,3.22499930299818,1716.0107421875,2015,25,35.2527008056641,23.2028579711914,21.2382850646973,16.331428527832,15.9789810180664
329,862,-77.0249984655529,3.82499931193888,19.4706172943115,2018,48,98.4042434692383,23.2414283752441,23.5915985107422,12.9614286422729,13.1858806610107
453,1046,-77.074998466298,3.57499930821359,114.683685302734,2016,1,110.206161499023,24.1957149505615,25.3867874145508,14.581428527832,14.3850088119507
602,1243,-76.4749984573573,3.3249993044883,957.852966308594,2013,34,6.71315288543701,15.8442859649658,17.8269653320312,15.1542854309082,14.8995532989502
317,838,-76.3749984558672,3.87499931268394,1014.47406005859,2013,23,0,17.9485721588135,18.6741237640381,14.9528570175171,15.476900100708
258,764,-76.3749984558672,3.97499931417406,1419.33825683594,2010,48,98.3206634521484,16.5971431732178,17.6081981658936,13.5285711288452,13.7474718093872
566,1198,-76.8749984633177,3.37499930523336,1891.66418457031,2022,26,81.4324645996094,21.9771423339844,21.5917682647705,14.834285736084,15.8363342285156
348,881,-76.0749984513968,3.82499931193888,3246.38012695312,2016,29,4.05245399475098,18.2642860412598,17.299783706665,14.3471431732178,14.6064443588257
433,1014,-76.8249984625727,3.62499930895865,1008.32122802734,2024,25,28.8440856933594,22.8171424865723,22.6791114807129,14.1071424484253,14.2290668487549
86,434,-76.224998453632,4.42499932087958,1863.85180664062,2012,4,43.8288497924805,19.4328575134277,18.8669319152832,14.125714302063,14.2504682540894
413,981,-76.6249984595924,3.67499930970371,1421.43811035156,2021,6,15.2401704788208,23.0285720825195,21.2055835723877,14.7657146453857,14.5906257629395
205,695,-76.1249984521419,4.07499931566417,1224.22973632812,2018,8,15.5493793487549,17.3700008392334,17.4305362701416,15.877142906189,15.3260498046875
642,1303,-77.1749984677881,3.22499930299818,127.398765563965,2018,1,200.672973632812,20.0200004577637,22.7808284759521,16.0357151031494,15.5805835723877
298,811,-75.8749984484166,3.924999313429,3357.85034179688,2016,21,5.90813302993774,16.8114280700684,18.0579662322998,16.1185722351074,15.7369050979614
591,1232,-77.0249984655529,3.3249993044883,1003.97448730469,2021,30,113.754653930664,22.4500007629395,22.897632598877,13.2185716629028,13.7091426849365
540,1162,-76.8249984625727,3.42499930597842,1463.97534179688,2016,3,0,23.4571437835693,22.8345851898193,16.6185722351074,16.1034603118896
525,1138,-76.1749984528869,3.47499930672347,1941.87316894531,2018,28,0,16.2957134246826,16.4563179016113,15.0114288330078,15.2432832717896
459,1052,-76.7749984618276,3.57499930821359,1123.77429199219,2010,14,75.6074371337891,23.2757148742676,22.5417232513428,14.8685712814331,15.1495952606201
47,290,-76.0249984506518,4.62499932385981,910.329467773438,2023,45,37.5710411071777,22.0942859649658,19.9489841461182,14.331428527832,15.23326587677
251,757,-76.7249984610826,3.97499931417406,498.153503417969,2016,18,65.0996017456055,24.1299991607666,22.8609142303467,14.1871433258057,15.0219345092773
177,654,-76.3249984551221,4.12499931640923,1147.91540527344,2014,37,16.9001064300537,18.1114292144775,19.3227424621582,14.8057146072388,15.0589351654053
395,950,-76.3249984551221,3.72499931044877,980.789001464844,2023,6,0,15.8942861557007,17.8701438903809,15.9828567504883,16.1160507202148
488,1091,-76.6749984603375,3.52499930746853,1602.81372070312,2025,42,50.9517707824707,21.9657135009766,20.09765625,15.8242855072021,15.848895072937
168,632,-77.4249984715133,4.12499931640923,11.1069231033325,2023,21,142.671371459961,27.5342864990234,27.1659488677979,14.9028568267822,15.1811065673828
651,1312,-76.7249984610826,3.22499930299818,2273.73974609375,2019,46,96.568473815918,20.2428569793701,19.6415214538574,13.044285774231,12.5102281570435
395,950,-76.3249984551221,3.72499931044877,980.789001464844,2023,5,0,15.4628572463989,17.4950370788574,16.1585712432861,16.6774311065674
429,1010,-77.0249984655529,3.62499930895865,102.140502929688,2016,5,32.5475883483887,22.7128562927246,23.862133026123,15.1557140350342,15.4356718063354
239,745,-77.3249984700232,3.97499931417406,42.1595687866211,2023,2,28.2287521362305,25.8142852783203,24.9032573699951,15.3999996185303,14.6325845718384
394,949,-76.3749984558672,3.72499931044877,956.173645019531,2018,38,10.5790128707886,16.7228565216064,18.9832248687744,18.7628574371338,18.7512989044189
144,583,-76.1749984528869,4.22499931789935,936.513061523438,2024,40,60.0902137756348,18.8985710144043,19.7198219299316,16.3285713195801,16.7946662902832
686,1420,-76.8749984633177,3.07499930076301,1218.8056640625,2013,27,67.0265121459961,21.1599998474121,21.3566970825195,16.3014278411865,15.5346384048462
45,288,-76.1249984521419,4.62499932385981,1515.43493652344,2020,17,28.9776268005371,21.5642852783203,20.5060577392578,15.3628568649292,15.8991317749023
141,580,-76.3249984551221,4.22499931789935,1576.59240722656,2025,37,0,19.0428562164307,20.9888496398926,15.289999961853,15.4969120025635
662,1339,-77.2249984685331,3.17499930225313,114.255386352539,2018,23,53.2971267700195,25.4685707092285,24.2060432434082,11.3142852783203,12.369158744812
301,821,-77.2249984685331,3.87499931268394,44.7871398925781,2021,43,152.626937866211,26.8057136535645,25.2496337890625,14.6457147598267,14.7938814163208
518,1131,-76.5249984581023,3.47499930672347,1063.49499511719,2021,50,55.7650756835938,15.789999961853,18.3600044250488,11.1528568267822,11.1910676956177
58,328,-75.9749984499067,4.57499932311476,947.509887695312,2025,27,5.02682447433472,21.6399993896484,18.6568336486816,17.66428565979,16.8338489532471
51,321,-76.3249984551221,4.57499932311476,1590.77282714844,2024,5,48.170654296875,22.9942855834961,23.352710723877,13.872857093811,14.0735425949097
235,737,-75.8749984484166,4.02499931491912,2776.21411132812,2020,51,15.531982421875,17.1471424102783,17.6549243927002,16.1014289855957,15.8928480148315
317,838,-76.3749984558672,3.87499931268394,1014.47406005859,2018,17,39.1450500488281,18.6271419525146,19.167911529541,14.252857208252,14.2427911758423
29,220,-75.8249984476715,4.72499932534993,1125.88415527344,2021,33,51.5934867858887,14.9128570556641,17.4266700744629,15.2028570175171,15.4849920272827
435,1016,-76.7249984610826,3.62499930895865,1506.36157226562,2018,46,65.9172973632812,22.4942855834961,21.4624404907227,14.0799999237061,13.1144351959229
111,505,-76.3749984558672,4.32499931938946,1610.77099609375,2023,28,6.12750005722046,22.5585708618164,22.186243057251,16.7614288330078,16.5726299285889
364,908,-76.5749984588474,3.77499931119382,1442.64538574219,2018,11,0,23.8257141113281,20.5607032775879,17.4842853546143,16.4085636138916
326,847,-75.9249984491616,3.87499931268394,3033.53002929688,2016,22,24.5032024383545,16.6228580474854,17.6339263916016,14.1285715103149,13.9033851623535
306,827,-76.9249984640628,3.87499931268394,88.4106597900391,2024,51,139.512237548828,24.1342849731445,24.0862922668457,13.6614284515381,13.21901512146
63,360,-76.224998453632,4.5249993223697,1644.48071289062,2010,27,48.1948204040527,20.3014278411865,20.0915184020996,15.1114282608032,14.91419506073
83,431,-76.3749984558672,4.42499932087958,1646.22204589844,2017,41,48.9551773071289,21.3457145690918,21.5560169219971,13.997142791748,14.3025922775269
431,1012,-76.9249984640628,3.62499930895865,514.394958496094,2016,14,81.5829544067383,23.1228580474854,23.7768173217773,14.5542860031128,14.5292911529541
403,971,-77.124998467043,3.67499930970371,19.3520393371582,2020,15,117.934349060059,23.1757144927979,24.7293910980225,13.4314289093018,13.3047914505005
437,1018,-76.6249984595924,3.62499930895865,1478.58081054688,2022,20,30.7857723236084,22.8199996948242,20.654125213623,12.8785715103149,13.1345739364624
265,771,-76.0249984506518,3.97499931417406,2669.6220703125,2012,36,17.659158706665,18.4128570556641,17.6957035064697,15.6471424102783,16.1059913635254
535,1157,-77.074998466298,3.42499930597842,234.027435302734,2018,34,25.5892906188965,23.0885715484619,23.9412841796875,13.4328575134277,15.0563659667969
9,140,-76.1249984521419,4.82499932684005,1975.30212402344,2015,33,23.4873161315918,22.0928573608398,21.0546855926514,15.8557138442993,15.8787508010864
30,248,-76.2749984543771,4.67499932460487,1931.55126953125,2010,52,0,20.1771430969238,20.3901748657227,13.8571424484253,14.2647085189819
39,257,-75.8249984476715,4.67499932460487,1126.17407226562,2017,50,41.8433113098145,15.4399995803833,17.4234981536865,15.6628570556641,15.3960981369019
569,1201,-76.7249984610826,3.37499930523336,2898.4990234375,2022,45,52.3394165039062,21.5114288330078,19.790699005127,14.1471424102783,13.8933410644531
265,771,-76.0249984506518,3.97499931417406,2669.6220703125,2025,46,39.3229637145996,18.1742858886719,17.6344356536865,13.5328569412231,14.0456209182739
425,993,-76.0249984506518,3.67499930970371,2793.95141601562,2019,47,0,15.917142868042,17.0481014251709,15.8528575897217,16.0141258239746
364,908,-76.5749984588474,3.77499931119382,1442.64538574219,2025,22,24.6293239593506,24.4714279174805,20.982608795166,13.9014282226562,13.7799587249756
459,1052,-76.7749984618276,3.57499930821359,1123.77429199219,2014,45,149.107757568359,22.16428565979,21.4304218292236,15.0699996948242,14.6219987869263
128,544,-76.2749984543771,4.27499931864441,1524.77221679688,2022,24,46.4348983764648,20.501428604126,19.3752918243408,13.6628570556641,13.7294025421143
433,1014,-76.8249984625727,3.62499930895865,1008.32122802734,2016,35,0,22.5271434783936,22.2982406616211,15.9514284133911,15.151481628418
485,1088,-76.8249984625727,3.52499930746853,1195.12939453125,2011,30,13.5198850631714,22.6471424102783,22.1593437194824,13.9642858505249,13.3195343017578
55,325,-76.1249984521419,4.57499932311476,1418.26391601562,2018,43,23.5638885498047,20.9642848968506,19.937801361084,15.3414287567139,15.5117597579956
553,1175,-76.1749984528869,3.42499930597842,1738.416015625,2010,26,11.4569854736328,16.2157135009766,16.2750415802002,14.3671426773071,14.9472436904907
250,756,-76.7749984618276,3.97499931417406,301.056182861328,2025,6,102.259132385254,23.4857139587402,22.5409736633301,12.6971426010132,12.60657787323
74,397,-76.224998453632,4.47499932162464,1668.86059570312,2011,23,41.6002960205078,21.1000003814697,20.7328624725342,16.3814277648926,16.4692459106445
449,1030,-76.0249984506518,3.62499930895865,3060.10424804688,2017,9,62.998420715332,15.7557144165039,17.0071334838867,15.3157138824463,15.5246486663818
274,787,-77.074998466298,3.924999313429,22.607105255127,2015,22,141.567443847656,24.3728580474854,25.1089916229248,15.1957139968872,14.7286996841431
25,216,-76.0249984506518,4.72499932534993,1077.3818359375,2023,23,18.4750843048096,21.9114284515381,19.7595634460449,15.0657138824463,16.0161933898926
253,759,-76.6249984595924,3.97499931417406,1934.77416992188,2012,15,101.743225097656,23.9314289093018,21.1122093200684,14.91428565979,15.442554473877
668,1346,-76.8749984633177,3.17499930225313,1258.95385742188,2016,22,64.3602905273438,21.3642864227295,21.8152694702148,14.0471429824829,13.3123550415039
509,1122,-76.9749984648078,3.47499930672347,665.512451171875,2018,17,90.4594879150391,22.6542854309082,23.1416835784912,14.252857208252,15.2391405105591
131,547,-76.1249984521419,4.27499931864441,934.678955078125,2016,26,14.2517137527466,21.8742866516113,19.3654403686523,15.1742858886719,15.9980564117432
76,399,-76.1249984521419,4.47499932162464,1135.04162597656,2014,22,38.6610527038574,21.6028575897217,20.2993831634521,14.0885715484619,14.5320110321045
3,68,-76.0249984506518,4.92499932833016,1489.58618164062,2019,38,36.3525657653809,20.8828563690186,19.0856037139893,14.4714288711548,14.8179035186768
311,832,-76.6749984603375,3.87499931268394,1607.46252441406,2024,29,34.673583984375,25.1928577423096,22.768238067627,15.3714284896851,15.2663459777832
624,1273,-76.8249984625727,3.27499930374324,2112.88305664062,2015,47,154.3466796875,22.4428577423096,21.320104598999,15.3900003433228,15.5951385498047
395,950,-76.3249984551221,3.72499931044877,980.789001464844,2024,50,28.3874855041504,16.8828563690186,18.4662322998047,12.9514284133911,12.9452543258667
9,140,-76.1249984521419,4.82499932684005,1975.30212402344,2021,28,9.99927616119385,22.4814281463623,20.999683380127,15.2557144165039,15.6972522735596
596,1237,-76.7749984618276,3.3249993044883,2925.89526367188,2013,32,85.9145889282227,21.7428569793701,20.3258857727051,14.2857141494751,13.6747436523438
459,1052,-76.7749984618276,3.57499930821359,1123.77429199219,2017,51,0,22.6757144927979,21.9272232055664,16.0628566741943,15.5711727142334
445,1026,-76.224998453632,3.62499930895865,1125.55969238281,2015,28,13.4885911941528,16.2600002288818,16.8712730407715,14.1071424484253,14.5260238647461
167,626,-75.8749984484166,4.17499931715429,2064.24365234375,2017,6,22.4982948303223,17.5657138824463,18.1958484649658,20.4685707092285,19.0978355407715
470,1063,-76.224998453632,3.57499930821359,1133.84167480469,2025,28,4.93419218063354,15.7399997711182,16.1751041412354,15.9014282226562,15.8243217468262
47,290,-76.0249984506518,4.62499932385981,910.329467773438,2017,4,10.8825063705444,20.3742866516113,18.6228866577148,17.2385711669922,17.3801403045654
356,900,-76.9749984648078,3.77499931119382,63.629997253418,2022,9,59.0290222167969,23.0771427154541,22.9148483276367,13.2242860794067,14.1623992919922
553,1175,-76.1749984528869,3.42499930597842,1738.416015625,2024,36,0,17.5271434783936,17.8588314056396,15.5200004577637,15.7199745178223
70,367,-75.8749984484166,4.5249993223697,1190.78796386719,2010,33,29.397346496582,14.3628568649292,16.9049415588379,15.7771425247192,15.9095573425293
92,440,-75.9249984491616,4.42499932087958,1145.52404785156,2011,46,105.31657409668,14.2814283370972,16.7116641998291,15.9885711669922,15.5097751617432
529,1151,-77.3749984707683,3.42499930597842,14.0463418960571,2016,9,36.4588432312012,25.8385715484619,25.1439208984375,9.90142822265625,10.4759750366211
662,1339,-77.2249984685331,3.17499930225313,114.255386352539,2020,28,151.584350585938,25.1428565979004,23.7575778961182,17.8985710144043,16.7709007263184
302,822,-77.1749984677881,3.87499931268394,29.5522956848145,2016,52,105.01481628418,23.2099990844727,24.3826904296875,16.7342853546143,14.5942583084106
420,988,-76.2749984543771,3.67499930970371,1023.16107177734,2012,11,32.4319496154785,15.9771432876587,17.1521968841553,15.8828573226929,15.866753578186
129,545,-76.224998453632,4.27499931864441,1082.65197753906,2024,52,46.9096069335938,20.5871429443359,19.2869453430176,12.2028570175171,12.5701990127563
305,826,-76.9749984648078,3.87499931268394,40.9708442687988,2016,32,37.4654655456543,24.4571437835693,24.5689640045166,15.8114290237427,14.3062906265259
273,786,-77.124998467043,3.924999313429,32.9652671813965,2013,16,76.1129531860352,23.6942863464355,24.6068058013916,15.5657138824463,14.5586357116699
17,178,-76.0749984513968,4.77499932609499,1523.64990234375,2010,33,29.5648136138916,20.7957134246826,19.1186504364014,16.0742855072021,16.1611728668213
417,985,-76.4249984566122,3.67499930970371,984.850524902344,2010,18,59.1231842041016,16.3771419525146,18.8354053497314,15.3457145690918,15.5973834991455
581,1213,-76.1249984521419,3.37499930523336,2826.5029296875,2017,26,13.4482736587524,15.9742860794067,16.1059322357178,15.4357147216797,15.8216304779053
586,1227,-77.2749984692782,3.3249993044883,90.0765914916992,2019,12,63.0063896179199,25.8128566741943,24.4147930145264,15.8071432113647,14.8639669418335
632,1285,-76.224998453632,3.27499930374324,1201.0625,2019,7,12.9610080718994,17.4300003051758,17.1792736053467,16.0628566741943,17.0792655944824
591,1232,-77.0249984655529,3.3249993044883,1003.97448730469,2025,34,48.0580749511719,23.0471420288086,23.3349533081055,15.2642860412598,15.2977838516235
478,1081,-77.1749984677881,3.52499930746853,67.1327896118164,2013,29,206.555328369141,22.5957145690918,24.1980991363525,11.9657144546509,12.7282085418701
365,909,-76.5249984581023,3.77499931119382,1429.36987304688,2011,33,0,18.0085716247559,19.5911502838135,15.4657144546509,15.6161918640137
78,401,-76.0249984506518,4.47499932162464,941.884094238281,2015,41,18.5437183380127,21.3242855072021,19.2007274627686,14.544285774231,14.8358221054077
54,324,-76.1749984528869,4.57499932311476,1807.22802734375,2022,6,0,20.415714263916,19.8557968139648,13.6871433258057,13.5928983688354
234,736,-75.9249984491616,4.02499931491912,2898.54467773438,2022,52,66.4360504150391,16.3242855072021,17.0293045043945,16.4799995422363,15.8093614578247
530,1152,-77.3249984700232,3.42499930597842,22.7166137695312,2014,45,172.335159301758,25.7242851257324,24.5759925842285,13.6599998474121,13.9197006225586
105,477,-75.9249984491616,4.37499932013452,1204.27709960938,2023,12,66.5539703369141,15.248571395874,17.7621154785156,15.3800001144409,15.2703876495361
458,1051,-76.8249984625727,3.57499930821359,854.671569824219,2020,39,0,22.6171436309814,22.3250198364258,15.6342859268188,14.8709259033203
620,1269,-77.0249984655529,3.27499930374324,659.058959960938,2010,48,0,20.6814289093018,20.9415092468262,12.4028568267822,12.7627401351929
337,870,-76.6249984595924,3.82499931193888,1641.71081542969,2021,32,9.69563770294189,24.0585708618164,21.1714820861816,14.9242858886719,14.8084802627563
155,600,-77.1749984677881,4.17499931715429,30.8549346923828,2023,18,54.6345367431641,25.6571426391602,27.0748672485352,16.8014278411865,17.3308773040771
578,1210,-76.2749984543771,3.37499930523336,1016.87878417969,2020,21,5.02173948287964,17.5457134246826,17.5395965576172,15.4885711669922,15.7363538742065
398,953,-76.1749984528869,3.72499931044877,2102.953125,2017,13,63.3709678649902,16.0057144165039,16.9473209381104,13.9700002670288,14.9776430130005
137,553,-75.8249984476715,4.27499931864441,1634.38244628906,2014,43,67.52392578125,14.9128570556641,16.8185901641846,15.7842855453491,15.5395526885986
376,920,-75.9749984499067,3.77499931119382,3443.81201171875,2018,17,39.9823913574219,18.6271419525146,17.336296081543,15.3428573608398,14.6145668029785
558,1190,-77.2749984692782,3.37499930523336,64.4851531982422,2022,35,73.9757766723633,26.0185718536377,24.4654903411865,16.6100006103516,16.2119445800781
395,950,-76.3249984551221,3.72499931044877,980.789001464844,2021,36,0,15.998571395874,17.8077774047852,16.7900009155273,16.9432487487793
553,1175,-76.1749984528869,3.42499930597842,1738.416015625,2021,48,101.062126159668,16.2457141876221,16.5388641357422,14.5357141494751,15.756932258606
605,1246,-76.3249984551221,3.3249993044883,993.938415527344,2018,34,0.64457768201828,16.0485706329346,16.4402923583984,17.1842861175537,17.1501159667969
368,912,-76.3749984558672,3.77499931119382,963.49365234375,2016,34,6.19627285003662,19.5371437072754,19.5478248596191,17.6214294433594,17.6544208526611
601,1242,-76.5249984581023,3.3249993044883,999.716430664062,2022,40,53.1211242675781,15.9757146835327,18.3927097320557,16.247142791748,16.1654853820801
468,1061,-76.3249984551221,3.57499930821359,994.394287109375,2018,24,5.50345420837402,15.8614282608032,17.0441722869873,15.2700004577637,15.5303182601929
555,1177,-76.0749984513968,3.42499930597842,3203.0234375,2023,24,11.6301021575928,16.4257144927979,16.7462100982666,15.6471424102783,15.8114957809448
507,1120,-77.074998466298,3.47499930672347,192.82975769043,2010,41,129.01708984375,23.1614284515381,23.894624710083,13.4671430587769,14.6967868804932
102,474,-76.0749984513968,4.37499932013452,931.21435546875,2021,24,44.5767974853516,20.7442855834961,18.569128036499,15.4685716629028,15.6695232391357
152,596,-77.3749984707683,4.17499931715429,-2.9171736240387,2019,15,48.8622703552246,26.3700008392334,25.903923034668,13.7828569412231,14.8701448440552
203,693,-76.224998453632,4.07499931566417,965.065246582031,2015,13,67.6088104248047,17.9471435546875,18.2550868988037,13.4842853546143,14.1999959945679
85,433,-76.2749984543771,4.42499932087958,1971.39819335938,2011,40,46.8870506286621,20.3585720062256,20.1072750091553,15.8800001144409,15.8278427124023
626,1275,-76.7249984610826,3.27499930374324,2760.34399414062,2023,23,26.4087753295898,23.2085704803467,20.9389247894287,14.5128574371338,14.7335481643677
482,1085,-76.9749984648078,3.52499930746853,559.199157714844,2022,2,46.9923095703125,21.7742862701416,22.505298614502,15.2642860412598,16.0213031768799
153,597,-77.3249984700232,4.17499931715429,8.98410320281982,2018,48,145.030853271484,26.2414283752441,25.4579410552979,12.5728569030762,12.8611755371094
528,1141,-76.0249984506518,3.47499930672347,3787.95874023438,2024,16,77.7479629516602,17.7399997711182,18.7618045806885,15.1357145309448,16.1885452270508
91,439,-75.9749984499067,4.42499932087958,1045.41467285156,2010,8,0,22.4685707092285,19.8794918060303,15.7814283370972,14.9829597473145
72,395,-76.3249984551221,4.47499932162464,1532.55541992188,2019,5,12.753005027771,21.2957134246826,21.5601463317871,12.8971424102783,13.4674701690674
218,714,-77.0249984655529,4.02499931491912,34.4981155395508,2025,13,33.0193786621094,23.8928565979004,24.7263107299805,14.6199998855591,15.331446647644
546,1168,-76.5249984581023,3.42499930597842,984.429748535156,2023,9,13.1845273971558,16.9642848968506,19.45485496521,14.3128566741943,14.3180561065674
289,802,-76.3249984551221,3.924999313429,980.649169921875,2018,10,0,19.0971431732178,19.3861045837402,16.2714290618896,16.2490291595459
336,869,-76.6749984603375,3.82499931193888,1651.05493164062,2011,22,0,23.918571472168,21.4129276275635,12.9799995422363,13.4175090789795
178,655,-76.2749984543771,4.12499931640923,945.115600585938,2025,23,10.4130964279175,18.8199996948242,19.8391971588135,13.7414283752441,14.1455068588257
568,1200,-76.7749984618276,3.37499930523336,2347.10571289062,2025,15,54.3795928955078,22.9471435546875,21.5353260040283,16.4914283752441,16.699743270874
58,328,-75.9749984499067,4.57499932311476,947.509887695312,2025,33,22.5130844116211,21.4028568267822,18.7878074645996,15.8171424865723,15.3928861618042
17,178,-76.0749984513968,4.77499932609499,1523.64990234375,2022,7,43.2815895080566,21.0528564453125,19.548246383667,13.1428575515747,13.2934455871582
225,727,-76.3749984558672,4.02499931491912,1341.99377441406,2011,32,24.1887626647949,18.33571434021,19.6865253448486,16.8242855072021,16.8072376251221
473,1066,-76.0749984513968,3.57499930821359,2664.85620117188,2025,6,94.1930770874023,16.2328567504883,17.0631637573242,12.6971426010132,13.003023147583
451,1044,-77.1749984677881,3.57499930821359,57.2176208496094,2023,38,31.5983581542969,24.2071437835693,25.8123836517334,16.1528568267822,16.3584442138672
365,909,-76.5249984581023,3.77499931119382,1429.36987304688,2017,13,31.7872982025146,17.8700008392334,19.6354141235352,13.9700002670288,14.3089122772217
609,1250,-76.1249984521419,3.3249993044883,2637.75122070312,2020,29,4.70258855819702,15.9285717010498,16.016019821167,17.0942859649658,17.11328125
566,1198,-76.8749984633177,3.37499930523336,1891.66418457031,2010,11,70.8865509033203,23.3700008392334,23.0085563659668,15.0657138824463,15.6608896255493
323,844,-76.0749984513968,3.87499931268394,2526.13598632812,2014,36,5.93598699569702,18.8257141113281,18.1876983642578,15.9485712051392,16.7571754455566
554,1176,-76.1249984521419,3.42499930597842,2421.17333984375,2023,36,14.1011991500854,17.4671421051025,18.002836227417,16.2614288330078,16.5297813415527
114,508,-76.224998453632,4.32499931938946,1328.78076171875,2012,34,21.6265411376953,20.9614276885986,19.751916885376,16.7900009155273,16.8479804992676
442,1023,-76.3749984558672,3.62499930895865,970.272277832031,2017,29,0,15.7885713577271,17.7156944274902,16.3685722351074,16.5215873718262
129,545,-76.224998453632,4.27499931864441,1082.65197753906,2024,38,12.3646717071533,22.8428573608398,21.4507122039795,15.6614284515381,16.5317993164062
489,1092,-76.6249984595924,3.52499930746853,1729.04504394531,2020,34,26.009916305542,21.8885707855225,19.654541015625,14.5328569412231,14.390305519104
379,934,-77.124998467043,3.72499931044877,16.8224296569824,2013,3,50.5739784240723,22.3014278411865,24.1097774505615,12.5642852783203,12.658145904541
453,1046,-77.074998466298,3.57499930821359,114.683685302734,2025,5,102.878974914551,23.1614284515381,24.308277130127,13.9542856216431,14.2172393798828
589,1230,-77.124998467043,3.3249993044883,142.798477172852,2013,33,238.149612426758,22.415714263916,23.3185195922852,13.8685712814331,14.2467241287231
183,660,-76.0249984506518,4.12499931640923,1416.64794921875,2013,20,57.2359809875488,18.33571434021,17.8957481384277,13.2385711669922,14.1067390441895
6,105,-76.0249984506518,4.8749993275851,1470.26306152344,2025,40,58.8658180236816,21.3714294433594,19.5135860443115,16.0414295196533,16.3093013763428
575,1207,-76.4249984566122,3.37499930523336,958.639892578125,2011,23,30.3266410827637,16.1499996185303,17.6307697296143,15.3428573608398,15.354640007019
47,290,-76.0249984506518,4.62499932385981,910.329467773438,2022,42,61.9708938598633,20.1828575134277,18.5865592956543,13.2442855834961,14.0099897384644
548,1170,-76.4249984566122,3.42499930597842,954.662475585938,2019,15,35.1454772949219,17.0128574371338,18.4490165710449,15.625714302063,15.6829328536987
362,906,-76.6749984603375,3.77499931119382,1068.64526367188,2012,7,39.9148826599121,23.1428565979004,20.3958168029785,17.0799999237061,17.4142799377441
304,825,-77.0249984655529,3.87499931268394,14.0575695037842,2020,29,39.5028953552246,24.502857208252,24.8784332275391,16.7185707092285,16.7146396636963
604,1245,-76.3749984558672,3.3249993044883,974.757263183594,2025,41,61.2492942810059,15.7257146835327,16.5313968658447,14.5942859649658,14.7026805877686
555,1177,-76.0749984513968,3.42499930597842,3203.0234375,2023,30,6.98529005050659,17.1700000762939,17.7959213256836,16.0085716247559,16.0444717407227
677,1381,-76.9749984648078,3.12499930150807,606.530883789062,2012,5,38.408878326416,19.8700008392334,20.9515151977539,14.4757146835327,14.4214315414429
424,992,-76.0749984513968,3.67499930970371,2389.328125,2024,41,51.851245880127,16.5571422576904,17.6618251800537,15.668571472168,16.2967586517334
160,619,-76.224998453632,4.17499931715429,942.686706542969,2021,36,43.6271553039551,18.4485721588135,19.4019145965576,17.1385707855225,17.0613594055176
368,912,-76.3749984558672,3.77499931119382,963.49365234375,2016,22,49.7077713012695,18.7385711669922,18.8635120391846,14.0471429824829,13.7779035568237
428,1009,-77.074998466298,3.62499930895865,56.815128326416,2018,52,17.8945293426514,23.581428527832,24.8405914306641,16.8157138824463,16.5445499420166
608,1249,-76.1749984528869,3.3249993044883,1682.33666992188,2021,32,0,15.9442853927612,15.8725490570068,14.9242858886719,15.4121417999268
339,872,-76.5249984581023,3.82499931193888,1498.96240234375,2017,27,16.1503105163574,18.3942852020264,20.2883930206299,14.7985715866089,15.1639966964722
87,435,-76.1749984528869,4.42499932087958,1293.01037597656,2024,19,55.3577613830566,22.5699996948242,21.4875926971436,13.4200000762939,14.0473098754883
658,1325,-76.0749984513968,3.22499930299818,3761.01391601562,2017,5,0,15.5271425247192,17.0684795379639,15.2557144165039,15.6951637268066
31,249,-76.224998453632,4.67499932460487,1546.88195800781,2017,2,72.7682418823242,20.5400009155273,20.4966411590576,11.8428573608398,12.0953407287598
252,758,-76.6749984603375,3.97499931417406,1085.41931152344,2015,52,43.4098320007324,25.7085704803467,23.8595733642578,18.2399997711182,17.1147270202637
268,774,-75.8749984484166,3.97499931417406,3120.8056640625,2010,40,31.4042510986328,16.8899993896484,17.3027992248535,16.3299999237061,15.9867916107178
515,1128,-76.6749984603375,3.47499930672347,2031.27136230469,2017,24,26.8479919433594,22.4014282226562,20.2683734893799,14.210000038147,13.7695684432983
426,994,-75.9749984499067,3.67499930970371,3580.73046875,2024,46,76.6360931396484,15.8614282608032,17.3974361419678,13.5057144165039,13.814058303833
560,1192,-77.1749984677881,3.37499930523336,83.5121688842773,2014,36,74.3367538452148,23.2114276885986,24.4031047821045,14.375714302063,14.8348455429077
65,362,-76.1249984521419,4.5249993223697,1249.92761230469,2022,46,58.1855506896973,20.1971435546875,19.1953163146973,12.7185716629028,13.3627843856812
525,1138,-76.1749984528869,3.47499930672347,1941.87316894531,2019,44,52.5816764831543,16.4585704803467,16.7720375061035,15.2457141876221,15.7946043014526
661,1338,-77.2749984692782,3.17499930225313,83.2518539428711,2020,13,35.7476692199707,24.7428569793701,23.7040061950684,13.2614288330078,12.724066734314
148,587,-75.9749984499067,4.22499931789935,1191.93664550781,2024,29,0,18.9871425628662,18.2455787658691,18.247142791748,16.8037776947021
546,1168,-76.5249984581023,3.42499930597842,984.429748535156,2023,44,57.3426666259766,16.1800003051758,18.8183822631836,15.4499998092651,15.3480405807495
364,908,-76.5749984588474,3.77499931119382,1442.64538574219,2021,34,14.2072525024414,23.6085720062256,20.3294525146484,15.4328575134277,15.5308437347412
681,1385,-76.7749984618276,3.12499930150807,1989.61437988281,2023,33,21.0023899078369,21.6371421813965,21.0014553070068,14.2814283370972,14.5164060592651
377,921,-75.9249984491616,3.77499931119382,3800.29443359375,2010,18,60.6633224487305,16.7914295196533,17.5855979919434,15.6971426010132,15.6484546661377
457,1050,-76.8749984633177,3.57499930821359,757.549865722656,2019,19,68.6634140014648,22.9928569793701,23.1891269683838,13.665714263916,13.321117401123
475,1078,-77.3249984700232,3.52499930746853,10.4228353500366,2022,13,54.4345245361328,25.9742851257324,24.9886817932129,16.3614292144775,15.927318572998
293,806,-76.1249984521419,3.924999313429,2108.3916015625,2011,15,81.4278030395508,17.332857131958,16.8646812438965,14.2228574752808,14.4228963851929
580,1212,-76.1749984528869,3.37499930523336,1846.11926269531,2015,5,0,16.16428565979,16.2327060699463,15.5299997329712,15.5174551010132
434,1015,-76.7749984618276,3.62499930895865,1478.14538574219,2022,20,55.3708419799805,22.8199996948242,22.1464977264404,12.8785715103149,13.2943506240845
35,253,-76.0249984506518,4.67499932460487,940.085693359375,2013,48,24.8869934082031,19.8114280700684,18.0998630523682,15.168571472168,14.3817148208618
231,733,-76.0749984513968,4.02499931491912,1860.69812011719,2013,40,17.1198177337646,18.5514278411865,18.1410465240479,16.5671424865723,17.9120693206787
163,622,-76.0749984513968,4.17499931715429,1175.736328125,2025,14,51.0840263366699,18.9671421051025,18.9549331665039,16.9485721588135,16.4904117584229
295,808,-76.0249984506518,3.924999313429,2543.1728515625,2021,18,54.9230995178223,17.7328567504883,17.1124801635742,15.374285697937,16.0365695953369
497,1100,-76.224998453632,3.52499930746853,1162.86181640625,2013,9,4.53134822845459,16.9585704803467,17.1627750396729,12.9014282226562,13.3272838592529
92,440,-75.9249984491616,4.42499932087958,1145.52404785156,2019,13,38.7764434814453,16.0599994659424,18.7065773010254,14.2157144546509,13.1169719696045
284,797,-76.5749984588474,3.924999313429,1864.33435058594,2015,6,80.781494140625,23.2942848205566,20.3295669555664,12.9828567504883,12.6497211456299
529,1151,-77.3749984707683,3.42499930597842,14.0463418960571,2010,25,200.319473266602,26.2285709381104,25.3667602539062,13.8871431350708,13.807806968689
116,510,-76.1249984521419,4.32499931938946,918.968994140625,2011,18,77.746696472168,21.5628566741943,19.6089706420898,13.0557146072388,13.9485082626343
419,987,-76.3249984551221,3.67499930970371,988.557006835938,2014,22,21.1286792755127,16.501428604126,17.9976196289062,14.0714282989502,14.4539699554443
639,1300,-77.3249984700232,3.22499930299818,94.3567123413086,2022,7,112.384231567383,24.6614284515381,23.9867782592773,13.0314283370972,13.0100297927856
476,1079,-77.2749984692782,3.52499930746853,20.7280311584473,2019,35,61.8086891174316,26.6557140350342,25.5571880340576,12.4042854309082,13.122314453125
328,861,-77.074998466298,3.82499931193888,11.9124269485474,2020,44,115.649192810059,23.9714279174805,24.5485706329346,18.6299991607666,17.8463726043701
493,1096,-76.4249984566122,3.52499930746853,951.653686523438,2018,29,7.58072853088379,16.0785713195801,18.0974922180176,14.1300001144409,14.2703866958618
655,1316,-76.5249984581023,3.22499930299818,969.558715820312,2012,29,0,14.4828567504883,18.2585029602051,17.2157135009766,16.9492111206055
116,510,-76.1249984521419,4.32499931938946,918.968994140625,2025,13,32.0892639160156,21.0371437072754,19.4185028076172,14.7128572463989,14.5108032226562
143,582,-76.224998453632,4.22499931789935,971.425109863281,2017,25,36.3024559020996,18.2614288330078,19.4400367736816,15.205714225769,15.301365852356
615,1264,-77.2749984692782,3.27499930374324,78.2776718139648,2022,16,129.856994628906,26.2057151794434,24.1554756164551,14.2542858123779,14.0821676254272
394,949,-76.3749984558672,3.72499931044877,956.173645019531,2014,31,11.3695888519287,16.4914283752441,18.6919250488281,15.2285718917847,15.3510236740112
143,582,-76.224998453632,4.22499931789935,971.425109863281,2012,16,44.0688171386719,17.5657138824463,18.6130523681641,15.9471426010132,15.1806659698486
489,1092,-76.6249984595924,3.52499930746853,1729.04504394531,2024,2,0,23.5514278411865,21.0979671478271,15.8371429443359,15.7931175231934
558,1190,-77.2749984692782,3.37499930523336,64.4851531982422,2016,17,22.9527721405029,26,24.6164627075195,15.3571424484253,14.8939838409424
637,1297,-77.4749984722584,3.22499930299818,12.6908264160156,2014,20,134.493850708008,25.5042858123779,25.7338409423828,15.417142868042,15.0848007202148
624,1273,-76.8249984625727,3.27499930374324,2112.88305664062,2012,34,50.5151023864746,22.2900009155273,21.246280670166,16.2257137298584,16.5128688812256
183,660,-76.0249984506518,4.12499931640923,1416.64794921875,2022,46,91.5392837524414,17.6700000762939,17.5320224761963,12.7185716629028,13.9352903366089
347,880,-76.1249984521419,3.82499931193888,2924.48999023438,2024,23,27.582405090332,19.1942863464355,18.156608581543,13.8585710525513,14.4110689163208
94,466,-76.4749984573573,4.37499932013452,938.381652832031,2015,41,89.7792739868164,21.3242855072021,21.9250602722168,14.544285774231,14.5333938598633
543,1165,-76.6749984603375,3.42499930597842,2571.05322265625,2020,51,0,22.1742858886719,20.1198215484619,15.1585712432861,15.1700611114502
343,876,-76.3249984551221,3.82499931193888,963.978881835938,2022,44,197.674530029297,18.2228565216064,18.1873264312744,15.16428565979,15.6979312896729
302,822,-77.1749984677881,3.87499931268394,29.5522956848145,2013,25,155.079742431641,24.0928573608398,25.0166072845459,12.039999961853,13.2424869537354
119,513,-75.9749984499067,4.32499931938946,1092.11450195312,2020,17,48.8140144348145,21.5642852783203,18.7515621185303,16.6742858886719,16.2065353393555
78,401,-76.0249984506518,4.47499932162464,941.884094238281,2018,13,55.7271270751953,21.0985717773438,18.8804302215576,12.2299995422363,13.1296396255493
126,542,-76.3749984558672,4.27499931864441,1886.16650390625,2020,20,15.308123588562,22.1514282226562,21.6908569335938,15.4342861175537,15.6045770645142
151,590,-75.8249984476715,4.22499931789935,1733.38916015625,2021,26,13.2793312072754,15.3642854690552,16.3211517333984,16.4685707092285,16.1198787689209
25,216,-76.0249984506518,4.72499932534993,1077.3818359375,2025,37,5.22496223449707,22.2900009155273,20.0337352752686,15.289999961853,16.5665187835693
300,820,-77.2749984692782,3.87499931268394,44.451602935791,2022,25,186.122909545898,26.4057140350342,25.1688060760498,15.4742860794067,15.1473903656006
621,1270,-76.9749984648078,3.27499930374324,1228.84057617188,2015,7,23.2788047790527,23.1571426391602,23.078556060791,16.2457141876221,15.6308174133301
463,1056,-76.5749984588474,3.57499930821359,1801.29064941406,2019,44,21.3412799835205,22.3157138824463,19.7536640167236,15.2457141876221,15.1010522842407
320,841,-76.224998453632,3.87499931268394,1474.36791992188,2012,45,16.2864379882812,18.1342849731445,17.6105403900146,14.9842853546143,15.3633909225464
348,881,-76.0749984513968,3.82499931193888,3246.38012695312,2025,30,0,18.7285709381104,17.6951484680176,15.9357147216797,16.4234313964844
196,678,-76.9749984648078,4.07499931566417,43.8305053710938,2011,29,86.960823059082,24.1114292144775,24.5780467987061,16.0571422576904,16.5253925323486
293,806,-76.1249984521419,3.924999313429,2108.3916015625,2012,19,28.4186534881592,18.2114276885986,17.5969657897949,14.7628574371338,15.8089723587036
599,1240,-76.6249984595924,3.3249993044883,1824.98937988281,2023,29,26.5003719329834,24.58571434021,20.896764755249,16.6285705566406,16.4757690429688
433,1014,-76.8249984625727,3.62499930895865,1008.32122802734,2013,7,13.2705593109131,21.9114284515381,21.7546253204346,13.7799997329712,14.6083974838257
370,914,-76.2749984543771,3.77499931119382,1074.56494140625,2012,37,4.28252506256104,18.5757141113281,17.9301052093506,16.2057151794434,15.9091672897339
364,908,-76.5749984588474,3.77499931119382,1442.64538574219,2012,34,49.7593536376953,23.5371437072754,20.1373291015625,16.2257137298584,16.515209197998
102,474,-76.0749984513968,4.37499932013452,931.21435546875,2025,2,10.3947868347168,21.5100002288818,19.5409297943115,13.9099998474121,15.5995779037476
93,465,-76.5249984581023,4.37499932013452,658.717590332031,2011,4,0,20.3814277648926,21.2934322357178,14.5928573608398,14.6831359863281
415,983,-76.5249984581023,3.67499930970371,1516.34509277344,2016,32,4.89195966720581,17.0871429443359,20.482400894165,15.8114290237427,15.7026615142822
592,1233,-76.9749984648078,3.3249993044883,1232.02868652344,2010,19,78.6961135864258,24.165714263916,24.1396636962891,15.041428565979,15.5782136917114
38,256,-75.8749984484166,4.67499932460487,1164.96606445312,2014,3,6.43901824951172,15.3285713195801,18.0724563598633,16.0885715484619,14.7147073745728
21,212,-76.224998453632,4.72499932534993,1680.20654296875,2016,33,21.2331733703613,22.4471435546875,21.9816970825195,15.9285717010498,16.3174362182617
587,1228,-77.2249984685331,3.3249993044883,120.872703552246,2018,24,103.577011108398,26.3114280700684,24.3871040344238,14.0871429443359,14.3427047729492
253,759,-76.6249984595924,3.97499931417406,1934.77416992188,2021,16,107.905487060547,23.8057136535645,21.5430698394775,16.6314277648926,16.6675300598145
316,837,-76.4249984566122,3.87499931268394,1391.37622070312,2018,25,6.4857120513916,17.8899993896484,19.005895614624,15.3557138442993,15.5415544509888
563,1195,-77.0249984655529,3.37499930523336,675.032287597656,2024,48,0,22.83571434021,23.3480186462402,13.2414283752441,13.8038854598999
487,1090,-76.7249984610826,3.52499930746853,1570.28674316406,2013,25,30.1118450164795,22.8857135772705,21.3792819976807,15.7671432495117,14.9128456115723
342,875,-76.3749984558672,3.82499931193888,985.87744140625,2016,40,34.0202980041504,18.3414287567139,18.7326850891113,15.331428527832,15.3475437164307
314,835,-76.5249984581023,3.87499931268394,1571.81726074219,2022,17,21.7811298370361,18.2571430206299,20.2903537750244,14.7114286422729,15.0238304138184
502,1115,-77.3249984700232,3.47499930672347,18.8155994415283,2013,41,368.472869873047,25.6385707855225,24.5843696594238,13.627142906189,13.6778888702393
650,1311,-76.7749984618276,3.22499930299818,2425.02880859375,2018,14,21.610990524292,20.3600006103516,20.1251640319824,16.0442848205566,16.1892681121826
12,143,-75.9749984499067,4.82499932684005,1023.81231689453,2014,11,57.5506134033203,20.4400005340576,18.3069248199463,13.91428565979,13.3669805526733
20,211,-76.2749984543771,4.72499932534993,2056.8994140625,2017,6,79.2986450195312,22.1142864227295,22.4733810424805,15.1942853927612,16.2901248931885
585,1226,-77.3249984700232,3.3249993044883,43.1082382202148,2017,8,0,25.8942852020264,24.6268558502197,19.7585716247559,18.5807952880859
84,432,-76.3249984551221,4.42499932087958,1796.77758789062,2017,14,23.5951633453369,22.0971431732178,22.0645771026611,17.3714294433594,17.9621448516846
120,514,-75.9249984491616,4.32499931938946,1363.33264160156,2010,7,12.4276733398438,16.6385707855225,19.5153980255127,17.7928562164307,16.3136367797852
76,399,-76.1249984521419,4.47499932162464,1135.04162597656,2018,24,17.4641418457031,21.6285705566406,20.0951652526855,15.6871433258057,16.3868732452393
631,1280,-76.4749984573573,3.27499930374324,957.891784667969,2016,1,59.546272277832,17.6557140350342,19.5507373809814,14.3900003433228,14.5866527557373
214,708,-77.3249984700232,4.02499931491912,52.9896926879883,2017,35,64.2493209838867,26.6014289855957,25.8270473480225,17.0414295196533,16.9253520965576
359,903,-76.8249984625727,3.77499931119382,1036.05334472656,2013,46,93.0694808959961,23.0614280700684,22.1074295043945,14.2028570175171,13.4137125015259
318,839,-76.3249984551221,3.87499931268394,955.476013183594,2015,35,1.60690867900848,19.5657138824463,19.7202396392822,15.3414287567139,15.5867185592651
401,956,-76.0249984506518,3.72499931044877,3136.94555664062,2019,25,14.0568809509277,16.3999996185303,17.2424488067627,13.1585712432861,13.6674127578735
503,1116,-77.2749984692782,3.47499930672347,33.4105911254883,2013,18,196.360763549805,26.2757148742676,24.8254375457764,14.9528570175171,15.217041015625
159,618,-76.2749984543771,4.17499931715429,1048.84631347656,2022,27,22.3589954376221,18.5728569030762,19.8882083892822,15.0157146453857,14.9568567276001
540,1162,-76.8249984625727,3.42499930597842,1463.97534179688,2010,28,86.380729675293,22.0314292907715,21.3361949920654,14.2828569412231,14.3243198394775
607,1248,-76.224998453632,3.3249993044883,1118.78332519531,2021,37,34.0556030273438,15.958571434021,15.6609439849854,16.918571472168,16.7798366546631
410,978,-76.7749984618276,3.67499930970371,1539.41430664062,2015,31,10.8557968139648,24.0585708618164,23.4358234405518,16.5771427154541,16.4171085357666
598,1239,-76.6749984603375,3.3249993044883,2755.703125,2015,23,10.4191150665283,22.5642852783203,20.0146732330322,13.7442855834961,13.7001094818115
314,835,-76.5249984581023,3.87499931268394,1571.81726074219,2011,10,20.62819480896,16.6328563690186,19.1913375854492,14.6571426391602,15.3896245956421
329,862,-77.0249984655529,3.82499931193888,19.4706172943115,2011,34,72.0103073120117,23.7299995422363,23.9274024963379,16.1942863464355,16.02174949646
156,615,-76.4249984566122,4.17499931715429,2304.2626953125,2012,24,19.4793357849121,18.2242851257324,20.6146717071533,14.0728569030762,14.0641584396362
509,1122,-76.9749984648078,3.47499930672347,665.512451171875,2021,31,79.0236206054688,23.6271419525146,24.0483436584473,17.0771427154541,16.1777896881104
303,823,-77.124998467043,3.87499931268394,18.5444183349609,2021,49,122.795097351074,24.0657138824463,24.7869205474854,10.457142829895,11.0941133499146
645,1306,-77.0249984655529,3.22499930299818,1051.82604980469,2012,25,80.9851913452148,21.4085712432861,22.9881286621094,17.7185707092285,17.0219707489014
170,634,-77.3249984700232,4.12499931640923,44.0760688781738,2016,19,122.982498168945,26.7842864990234,26.031364440918,13.8471431732178,14.1923494338989
444,1025,-76.2749984543771,3.62499930895865,1034.16809082031,2023,31,8.22601318359375,16.6042861938477,17.4952640533447,16.3028564453125,16.2865829467773
261,767,-76.224998453632,3.97499931417406,1103.67211914062,2021,42,37.0733985900879,18.5271434783936,18.3895587921143,15.7557144165039,16.336311340332
628,1277,-76.6249984595924,3.27499930374324,1573.88928222656,2014,43,75.9750518798828,22.1171436309814,19.1153831481934,14.834285736084,14.6278638839722
682,1386,-76.7249984610826,3.12499930150807,1441.38708496094,2016,9,56.1360893249512,21.6528568267822,20.9223442077637,13.7542858123779,12.7318925857544
159,618,-76.2749984543771,4.17499931715429,1048.84631347656,2020,44,32.8301086425781,18.2900009155273,19.4061622619629,16.5785713195801,16.3424530029297
14,175,-76.224998453632,4.77499932609499,1927.39086914062,2019,34,10.1236553192139,22.5242862701416,22.1475219726562,18.5785713195801,18.9347381591797
585,1226,-77.3249984700232,3.3249993044883,43.1082382202148,2015,16,63.7419052124023,26.4228572845459,24.9934463500977,20.4028568267822,19.1510810852051
593,1234,-76.9249984640628,3.3249993044883,1683.08374023438,2017,32,14.458402633667,22.4628562927246,22.2675743103027,15.0128574371338,14.2268695831299
546,1168,-76.5249984581023,3.42499930597842,984.429748535156,2018,23,14.9803647994995,16.2942848205566,19.0980930328369,14.1371431350708,14.0596885681152
476,1079,-77.2749984692782,3.52499930746853,20.7280311584473,2012,9,55.2102890014648,25.7214279174805,24.4449691772461,18.7928562164307,18.037015914917
112,506,-76.3249984551221,4.32499931938946,1734.82946777344,2017,23,21.1473274230957,21.5157146453857,20.9538631439209,13.8528575897217,14.1653909683228
335,868,-76.7249984610826,3.82499931193888,1374.62133789062,2018,12,45.908821105957,23.9799995422363,22.1479187011719,14.3414287567139,14.9248132705688
313,834,-76.5749984588474,3.87499931268394,1702.04138183594,2018,51,5.89323806762695,23.8957138061523,20.7541255950928,15.418571472168,14.7317485809326
658,1325,-76.0749984513968,3.22499930299818,3761.01391601562,2013,36,12.2440767288208,14.8471431732178,16.5498027801514,16.5728569030762,16.080530166626
366,910,-76.4749984573573,3.77499931119382,1487.794921875,2022,13,13.0301876068115,18.3942852020264,19.4728298187256,13.997142791748,14.045111656189
659,1336,-77.3749984707683,3.17499930225313,45.9602584838867,2014,38,89.9794845581055,25.1742858886719,24.6289730072021,17.8400001525879,17.2313365936279
595,1236,-76.8249984625727,3.3249993044883,2533.68286132812,2011,21,49.1226043701172,22.1114292144775,21.0530700683594,14.542857170105,14.443699836731
96,468,-76.3749984558672,4.37499932013452,1649.54296875,2023,23,24.2197036743164,21.9114284515381,21.8569164276123,15.0657138824463,15.2538642883301
466,1059,-76.4249984566122,3.57499930821359,952.574890136719,2023,48,9.89778900146484,17.2814292907715,19.369873046875,15.7971429824829,15.8435869216919
284,797,-76.5749984588474,3.924999313429,1864.33435058594,2024,38,21.06325340271,25.0242862701416,22.4575824737549,16.1900005340576,15.7466430664062
105,477,-75.9249984491616,4.37499932013452,1204.27709960938,2016,18,59.7828979492188,15.8085718154907,18.5010719299316,15.3928575515747,15.1376762390137
149,588,-75.9249984491616,4.22499931789935,1666.83215332031,2024,13,37.0832595825195,18.3371429443359,18.85719871521,13.7342853546143,13.9372787475586
86,434,-76.224998453632,4.42499932087958,1863.85180664062,2013,23,12.6631908416748,21.2957134246826,20.5196933746338,15.6828575134277,16.1871757507324
399,954,-76.1249984521419,3.72499931044877,3119.93505859375,2019,5,10.0524454116821,16.8628578186035,17.9747581481934,13.8842859268188,14.4870882034302
81,404,-75.8749984484166,4.47499932162464,1135.48974609375,2015,34,19.5507526397705,15.9242858886719,18.4646129608154,15.8471431732178,15.5531969070435
677,1381,-76.9749984648078,3.12499930150807,606.530883789062,2023,14,91.7571258544922,21.4657135009766,22.5487442016602,15.1300001144409,15.1658821105957
658,1325,-76.0749984513968,3.22499930299818,3761.01391601562,2023,34,19.091724395752,16.1628570556641,17.8735542297363,16.2085704803467,16.303108215332
298,811,-75.8749984484166,3.924999313429,3357.85034179688,2019,41,33.2628479003906,16.3642864227295,17.1419124603271,16.4871425628662,16.5092144012451
585,1226,-77.3249984700232,3.3249993044883,43.1082382202148,2016,19,133.496063232422,26.3371429443359,24.9433116912842,14.6128568649292,14.6110010147095
482,1085,-76.9749984648078,3.52499930746853,559.199157714844,2015,46,211.792572021484,22.8099994659424,23.4362869262695,13.4899997711182,12.607400894165
113,507,-76.2749984543771,4.32499931938946,1652.77587890625,2020,19,13.6860780715942,22.6928577423096,21.755916595459,14.5071430206299,14.7643804550171
204,694,-76.1749984528869,4.07499931566417,1041.10437011719,2023,32,10.7047147750854,19.5571422576904,19.7047920227051,15.8585710525513,16.1725215911865
238,744,-77.3749984707683,3.97499931417406,30.7737560272217,2012,23,193.258941650391,27.3371429443359,26.6830348968506,12.5699996948242,13.040620803833
528,1141,-76.0249984506518,3.47499930672347,3787.95874023438,2022,16,22.5452728271484,15.0185718536377,16.0656185150146,13.9285717010498,13.9137811660767
104,476,-75.9749984499067,4.37499932013452,1041.40734863281,2010,6,19.6867408752441,21.9571437835693,19.4793605804443,16.497142791748,14.3941946029663
379,934,-77.124998467043,3.72499931044877,16.8224296569824,2019,33,58.3234977722168,23.2199993133545,24.9868774414062,14.2771425247192,14.6618413925171
374,918,-76.0749984513968,3.77499931119382,3317.1259765625,2012,19,32.7010841369629,18.2114276885986,17.1695919036865,14.7628574371338,15.9362478256226
582,1214,-76.0749984513968,3.37499930523336,3559.00219726562,2012,4,103.25887298584,15.0542860031128,15.7404222488403,14.3442859649658,15.1299362182617
102,474,-76.0749984513968,4.37499932013452,931.21435546875,2024,48,0,21.5599994659424,19.5043563842773,14.4014282226562,15.4637985229492
104,476,-75.9749984499067,4.37499932013452,1041.40734863281,2021,4,0,22.0214290618896,19.0184707641602,15.6371431350708,15.2056894302368
536,1158,-77.0249984655529,3.42499930597842,460.963500976562,2014,7,86.0271530151367,22.3028564453125,22.9101505279541,15.3042860031128,15.3002071380615
172,636,-77.2249984685331,4.12499931640923,44.725414276123,2018,36,111.594871520996,26.5428562164307,25.4834938049316,16.832857131958,16.3535346984863
404,972,-77.074998466298,3.67499930970371,33.0118370056152,2020,52,125.670120239258,21.5257148742676,23.3381118774414,14.8900003433228,14.3943004608154
135,551,-75.9249984491616,4.27499931864441,1527.74743652344,2014,15,18.3575325012207,15.5542860031128,18.3336448669434,17.4214286804199,16.1177101135254
317,838,-76.3749984558672,3.87499931268394,1014.47406005859,2016,11,24.7774887084961,19.1171436309814,19.6650543212891,14.1142854690552,13.9865198135376
547,1169,-76.4749984573573,3.42499930597842,951.992858886719,2017,13,40.6589851379395,16.0057144165039,18.0148582458496,13.9700002670288,14.0537614822388
340,873,-76.4749984573573,3.82499931193888,1515.05395507812,2025,45,4.9960412979126,18.915714263916,20.0761680603027,14.6757144927979,14.5288667678833
151,590,-75.8249984476715,4.22499931789935,1733.38916015625,2023,21,81.9026412963867,17.1714286804199,17.8111171722412,14.584285736084,14.7403211593628
522,1135,-76.3249984551221,3.47499930672347,978.887817382812,2022,35,0,15.8685712814331,16.5898132324219,15.6085710525513,15.7314224243164
194,676,-77.074998466298,4.07499931566417,37.778995513916,2020,33,99.16259765625,23.7614288330078,24.692045211792,10.1214284896851,11.7002010345459
387,942,-76.7249984610826,3.72499931044877,1316.92004394531,2017,10,35.0103149414062,22.5671424865723,21.7610778808594,13.9785718917847,14.551851272583
299,812,-75.8249984476715,3.924999313429,3582.49291992188,2021,17,44.9530639648438,16.6985721588135,17.3149375915527,16.4271430969238,15.2881650924683
453,1046,-77.074998466298,3.57499930821359,114.683685302734,2010,6,93.4634017944336,23.1371421813965,24.2377052307129,12.4328575134277,12.6510820388794
40,258,-75.7749984469265,4.67499932460487,1251.02160644531,2022,9,46.6970252990723,15.0485715866089,16.5516815185547,12.6700000762939,12.8602304458618
469,1062,-76.2749984543771,3.57499930821359,1036.51501464844,2014,9,34.8333168029785,15.5571432113647,16.1038436889648,13.917142868042,13.7799892425537
129,545,-76.224998453632,4.27499931864441,1082.65197753906,2021,27,4.62479972839355,21.7328567504883,19.915319442749,16.9400005340576,16.9880619049072
323,844,-76.0749984513968,3.87499931268394,2526.13598632812,2019,37,4.41416311264038,19.1814289093018,18.6644134521484,15.4485712051392,16.3171138763428
119,513,-75.9749984499067,4.32499931938946,1092.11450195312,2023,10,22.6089191436768,20.5699996948242,17.8330593109131,12.3057146072388,12.2754135131836
346,879,-76.1749984528869,3.82499931193888,2347.58422851562,2024,15,7.38645935058594,20.5785713195801,19.7795867919922,17.3428573608398,17.7767028808594
357,901,-76.9249984640628,3.77499931119382,144.505172729492,2011,23,154.536392211914,23.8799991607666,23.5054359436035,15.3428573608398,15.7772436141968
226,728,-76.3249984551221,4.02499931491912,1017.90100097656,2010,22,13.1709051132202,18.5228576660156,19.2541694641113,14.9385709762573,14.6209449768066
78,401,-76.0249984506518,4.47499932162464,941.884094238281,2025,49,10.0955877304077,20.5328578948975,18.4563369750977,15.3028573989868,16.379430770874
388,943,-76.6749984603375,3.72499931044877,1121.13244628906,2025,30,13.6820783615112,23.0042858123779,21.6093196868896,15.9357147216797,15.6007919311523
415,983,-76.5249984581023,3.67499930970371,1516.34509277344,2012,27,8.15781784057617,15.5928573608398,19.2866554260254,15.6099996566772,15.7027940750122
5,104,-76.0749984513968,4.8749993275851,1850.22033691406,2010,50,30.1810073852539,19.8028564453125,18.5214309692383,14.0371427536011,14.1144981384277
165,624,-75.9749984499067,4.17499931715429,1377.08349609375,2017,21,24.2831420898438,18.9300003051758,18.4084892272949,17.8299999237061,16.9867668151855
481,1084,-77.0249984655529,3.52499930746853,420.870574951172,2014,31,39.0754547119141,23.2099990844727,23.9759464263916,14.1328573226929,14.6650543212891
188,670,-77.3749984707683,4.07499931566417,34.8767967224121,2021,27,74.4719619750977,27.0471420288086,26.5677795410156,17.0728569030762,17.0019855499268
293,806,-76.1249984521419,3.924999313429,2108.3916015625,2025,4,4.57647466659546,18.7085704803467,18.0556659698486,15.8871431350708,16.1869869232178
70,367,-75.8749984484166,4.5249993223697,1190.78796386719,2016,43,68.3985595703125,15.2700004577637,17.3648014068604,16.5400009155273,15.7365703582764
377,921,-75.9249984491616,3.77499931119382,3800.29443359375,2017,18,36.9106674194336,16.5271434783936,17.3767852783203,16.4914283752441,15.5862646102905
627,1276,-76.6749984603375,3.27499930374324,2289.12963867188,2016,5,0,22.7128562927246,20.5820121765137,16.1257133483887,16.1358470916748
269,775,-75.8249984476715,3.97499931417406,3234.19580078125,2013,3,0,17.1914291381836,17.6018733978271,16.331428527832,14.6582679748535
430,1011,-76.9749984648078,3.62499930895865,285.152496337891,2018,27,46.5177612304688,22.5728569030762,23.461404800415,15.874285697937,16.4686756134033
619,1268,-77.074998466298,3.27499930374324,376.554351806641,2012,46,306.606353759766,22.0971431732178,22.6705493927002,14.3157138824463,14.1973304748535
367,911,-76.4249984566122,3.77499931119382,1241.67163085938,2020,37,8.67007446289062,18.9899997711182,19.5600490570068,16.8257141113281,16.9906902313232
293,806,-76.1249984521419,3.924999313429,2108.3916015625,2014,26,5.54135322570801,18.2242851257324,17.5709381103516,15.7614288330078,16.0948085784912
532,1154,-77.2249984685331,3.42499930597842,86.599739074707,2020,43,139.142807006836,26.1328563690186,24.4154834747314,13.4914283752441,14.054048538208
480,1083,-77.074998466298,3.52499930746853,165.392303466797,2015,27,36.1958694458008,23.4857139587402,24.5236854553223,9.18428611755371,11.2341423034668
114,508,-76.224998453632,4.32499931938946,1328.78076171875,2012,14,29.838752746582,21.0271434783936,19.8675289154053,14.5942859649658,14.751805305481
535,1157,-77.074998466298,3.42499930597842,234.027435302734,2015,27,32.5061187744141,23.4857139587402,24.3130512237549,9.18428611755371,11.3913516998291
240,746,-77.2749984692782,3.97499931417406,48.3552589416504,2016,44,239.188507080078,25.9271430969238,24.8537082672119,12.8857145309448,13.1297016143799
290,803,-76.2749984543771,3.924999313429,1044.35791015625,2010,32,0,17.8614292144775,17.7575416564941,13.9685716629028,14.7069187164307
678,1382,-76.9249984640628,3.12499930150807,615.463073730469,2021,38,19.1199417114258,21.6457138061523,22.2706031799316,17.5957145690918,17.342357635498
12,143,-75.9749984499067,4.82499932684005,1023.81231689453,2024,10,9.66417121887207,23.2800006866455,20.9163150787354,15.9742860794067,15.0057725906372
71,394,-76.3749984558672,4.47499932162464,1291.14721679688,2021,42,46.1435394287109,21.2157135009766,21.6862030029297,16.497142791748,16.4684143066406
437,1018,-76.6249984595924,3.62499930895865,1478.58081054688,2021,34,14.7184000015259,22.2285709381104,20.2706985473633,15.4328575134277,15.4918079376221
14,175,-76.224998453632,4.77499932609499,1927.39086914062,2019,7,0,22.3728580474854,22.0164947509766,13.252857208252,14.307373046875
453,1046,-77.074998466298,3.57499930821359,114.683685302734,2018,19,130.69303894043,22.0957145690918,23.5229377746582,16.4500007629395,15.7690019607544
379,934,-77.124998467043,3.72499931044877,16.8224296569824,2021,18,73.8696060180664,22.4128570556641,24.4647483825684,16.4728565216064,16.1950874328613
16,177,-76.1249984521419,4.77499932609499,1759.52185058594,2020,29,17.975212097168,22.2185707092285,20.6116390228271,16.9371433258057,17.3491458892822
72,395,-76.3249984551221,4.47499932162464,1532.55541992188,2012,50,9.39170837402344,20.3814277648926,20.6618194580078,13.2571430206299,13.6431636810303
509,1122,-76.9749984648078,3.47499930672347,665.512451171875,2025,29,11.6947793960571,23.2099990844727,23.7139682769775,14.1114282608032,12.5281648635864
251,757,-76.7249984610826,3.97499931417406,498.153503417969,2018,38,34.7983665466309,24.5114288330078,23.126220703125,18.7628574371338,17.3129997253418
317,838,-76.3749984558672,3.87499931268394,1014.47406005859,2025,32,50.4379386901855,18.1800003051758,18.7709102630615,15.4771432876587,15.8748226165771
259,765,-76.3249984551221,3.97499931417406,1011.62432861328,2017,9,34.2968406677246,17.7857151031494,18.4004516601562,15.3157138824463,15.1255073547363
202,692,-76.2749984543771,4.07499931566417,937.056701660156,2015,36,7.16257810592651,19.748571395874,20.3607082366943,16.1571426391602,16.2774524688721
627,1276,-76.6749984603375,3.27499930374324,2289.12963867188,2024,29,4.178307056427,23.7842864990234,20.7569427490234,15.3714284896851,15.0392837524414
320,841,-76.224998453632,3.87499931268394,1474.36791992188,2018,34,1.13052546977997,18.3814277648926,17.7411212921143,17.1842861175537,17.4123096466064
14,175,-76.224998453632,4.77499932609499,1927.39086914062,2025,38,28.4391117095947,21.3971424102783,21.1648826599121,15.0742855072021,15.5864267349243
322,843,-76.1249984521419,3.87499931268394,2444.41186523438,2019,19,13.4807643890381,19.1985721588135,18.4168529510498,13.665714263916,14.0613422393799
99,471,-76.224998453632,4.37499932013452,1564.67199707031,2018,4,14.2991714477539,21.6900005340576,20.6683406829834,13.9214286804199,15.0512027740479
458,1051,-76.8249984625727,3.57499930821359,854.671569824219,2015,30,11.9275217056274,23.8799991607666,23.5087184906006,16.4014282226562,16.7809791564941
86,434,-76.224998453632,4.42499932087958,1863.85180664062,2022,8,46.0379943847656,21.0785713195801,20.4747619628906,14.9471426010132,15.3098611831665
377,921,-75.9249984491616,3.77499931119382,3800.29443359375,2013,30,18.6429748535156,15.6700000762939,17.1513729095459,17.6842861175537,17.4581279754639
558,1190,-77.2749984692782,3.37499930523336,64.4851531982422,2019,44,131.455535888672,26.2728576660156,24.5730171203613,14.1714286804199,14.4386224746704
679,1383,-76.8749984633177,3.12499930150807,1090.28063964844,2021,1,57.6208076477051,19.917142868042,20.3539123535156,13.872857093811,13.8885927200317
260,766,-76.2749984543771,3.97499931417406,957.653869628906,2018,5,19.3313732147217,19.2142848968506,19.3174381256104,15.3685712814331,14.7106266021729
578,1210,-76.2749984543771,3.37499930523336,1016.87878417969,2015,34,3.09753465652466,17.2642860412598,17.256326675415,15.1585712432861,14.8554315567017
284,797,-76.5749984588474,3.924999313429,1864.33435058594,2025,13,71.5507431030273,23.8928565979004,21.1042728424072,14.4242858886719,14.6790704727173
647,1308,-76.9249984640628,3.22499930299818,1228.59436035156,2022,50,36.9633636474609,20.3828563690186,21.3380661010742,14.0671424865723,14.0339298248291
656,1317,-76.4749984573573,3.22499930299818,960.66845703125,2016,5,0,16.8485717773438,18.9618358612061,16.1257133483887,16.5813045501709
392,947,-76.4749984573573,3.72499931044877,1560.30322265625,2020,20,13.7411813735962,17.1200008392334,20.2593364715576,15.6314287185669,15.5887060165405
70,367,-75.8749984484166,4.5249993223697,1190.78796386719,2017,42,32.4846534729004,15.8199996948242,18.3940410614014,16.3371429443359,15.6651802062988
233,735,-75.9749984499067,4.02499931491912,2511.76440429688,2012,10,48.1833648681641,18.0928573608398,17.0504169464111,16.0414295196533,15.6399040222168
661,1338,-77.2749984692782,3.17499930225313,83.2518539428711,2012,43,138.227142333984,24.5457134246826,23.4110889434814,12.5285711288452,13.3568525314331
515,1128,-76.6749984603375,3.47499930672347,2031.27136230469,2024,2,0,23.5514278411865,21.4604568481445,15.8371429443359,15.8602247238159
394,949,-76.3749984558672,3.72499931044877,956.173645019531,2018,18,84.1665115356445,16.3471431732178,18.5330677032471,15.9471426010132,15.9706525802612
90,438,-76.0249984506518,4.42499932087958,982.905700683594,2022,50,15.9659795761108,20.6871433258057,18.3121814727783,13.3999996185303,14.5433540344238
570,1202,-76.6749984603375,3.37499930523336,2920.78637695312,2012,25,16.1443748474121,22.8871421813965,20.3105087280273,17.2542858123779,17.1986408233643
668,1346,-76.8749984633177,3.17499930225313,1258.95385742188,2024,42,61.6181373596191,22.1000003814697,22.5434837341309,17.6957149505615,16.9348468780518
252,758,-76.6749984603375,3.97499931417406,1085.41931152344,2016,36,124.261367797852,23.9742851257324,22.3015174865723,16.4099998474121,16.3477516174316
453,1046,-77.074998466298,3.57499930821359,114.683685302734,2021,28,28.2877292633057,23.0628566741943,24.2985897064209,14.915714263916,14.9068269729614
399,954,-76.1249984521419,3.72499931044877,3119.93505859375,2011,40,36.582576751709,15.6128568649292,16.8396739959717,15.251428604126,15.7415018081665
442,1023,-76.3749984558672,3.62499930895865,970.272277832031,2023,15,29.6873416900635,16.6957149505615,18.462553024292,15.1928567886353,15.0606279373169
30,248,-76.2749984543771,4.67499932460487,1931.55126953125,2016,15,84.5346527099609,21.8500003814697,22.046760559082,12.6728572845459,12.8314304351807
94,466,-76.4749984573573,4.37499932013452,938.381652832031,2017,7,43.5492515563965,21.3285713195801,22.0703430175781,19.3085708618164,19.263463973999
367,911,-76.4249984566122,3.77499931119382,1241.67163085938,2014,4,14.0083694458008,18.1599998474121,18.9455509185791,15.4342861175537,14.8600978851318
384,939,-76.8749984633177,3.72499931044877,795.774475097656,2015,5,13.624228477478,22.9599990844727,23.5070533752441,15.5299997329712,14.7975873947144
223,725,-76.4749984573573,4.02499931491912,2178.845703125,2021,33,64.1856155395508,18.2714290618896,20.3007183074951,15.7414283752441,15.1146879196167
341,874,-76.4249984566122,3.82499931193888,1383.0556640625,2020,6,0,19.5114288330078,20.2911911010742,18.8242855072021,18.5520267486572
350,883,-75.9749984499067,3.82499931193888,3143.79321289062,2017,23,13.8741893768311,18.5514278411865,17.7367935180664,16.5285720825195,15.11900806427
75,398,-76.1749984528869,4.47499932162464,1518.87634277344,2023,17,33.122257232666,21.7057151794434,20.8205165863037,17.7714290618896,16.9797992706299
152,596,-77.3749984707683,4.17499931715429,-2.9171736240387,2014,33,124.218124389648,26.9200000762939,26.5264530181885,16.2700004577637,16.0206031799316
476,1079,-77.2749984692782,3.52499930746853,20.7280311584473,2017,17,120.770904541016,26.4300003051758,25.2504997253418,12.1300001144409,12.7847146987915
122,516,-75.8249984476715,4.32499931938946,1276.90734863281,2012,16,80.01611328125,14.7628574371338,16.5545845031738,13.4671430587769,14.4382839202881
588,1229,-77.1749984677881,3.3249993044883,102.661003112793,2024,44,192.333160400391,22.9785709381104,24.1585159301758,12.8014287948608,13.0361909866333
14,175,-76.224998453632,4.77499932609499,1927.39086914062,2011,38,33.9910163879395,21.331428527832,20.95823097229,16.4857139587402,16.7381649017334
198,688,-76.4749984573573,4.07499931566417,2505.2177734375,2025,2,20.51686668396,18.6785717010498,20.829496383667,13.9099998474121,14.5743207931519
63,360,-76.224998453632,4.5249993223697,1644.48071289062,2018,17,45.5216331481934,21.6042861938477,21.3502731323242,13.9799995422363,14.027024269104
105,477,-75.9249984491616,4.37499932013452,1204.27709960938,2021,24,47.5542297363281,14.6800003051758,17.3429851531982,16.1071434020996,15.768871307373
24,215,-76.0749984513968,4.72499932534993,1471.33935546875,2020,13,0,21.5,20.2709465026855,12.6000003814697,13.8020133972168
253,759,-76.6249984595924,3.97499931417406,1934.77416992188,2025,18,115.463027954102,23.7814292907715,21.5817279815674,14.1857147216797,14.7617483139038
13,144,-75.9249984491616,4.82499932684005,918.29443359375,2015,42,147.465087890625,16.0942859649658,18.648904800415,17.4271430969238,16.8799419403076
445,1026,-76.224998453632,3.62499930895865,1125.55969238281,2011,20,45.9903678894043,15.5685710906982,16.1907577514648,16.1885719299316,16.0636386871338
167,626,-75.8749984484166,4.17499931715429,2064.24365234375,2022,28,12.7717485427856,16.5371437072754,17.401704788208,16.0599994659424,15.5193548202515
637,1297,-77.4749984722584,3.22499930299818,12.6908264160156,2013,19,216.912704467773,25.2685718536377,25.589319229126,14.627142906189,14.3503255844116
542,1164,-76.7249984610826,3.42499930597842,2395.0126953125,2021,51,0,21.6499996185303,20.1196842193604,12.957142829895,12.4174709320068
193,675,-77.124998467043,4.07499931566417,50.9182891845703,2010,21,152.201553344727,24.2328567504883,25.4640350341797,13.210000038147,12.886700630188
147,586,-76.0249984506518,4.22499931789935,1056.12963867188,2021,38,5.85090684890747,18.7385711669922,18.6535739898682,17.1571426391602,17.7987251281738
425,993,-76.0249984506518,3.67499930970371,2793.95141601562,2019,9,0,16.4914283752441,17.515811920166,15.9642858505249,15.4149532318115
117,511,-76.0749984513968,4.32499931938946,949.865661621094,2020,37,14.6109809875488,21.8999996185303,19.6053657531738,16.9357147216797,17.6889190673828
684,1388,-76.6249984595924,3.12499930150807,1079.39135742188,2025,31,20.7446441650391,21.6785717010498,19.402624130249,14.917142868042,14.832368850708
242,748,-77.1749984677881,3.97499931417406,58.3577308654785,2018,16,64.5669174194336,24.2428569793701,25.4752559661865,16.5342864990234,14.6810321807861
10,141,-76.0749984513968,4.82499932684005,1619.07836914062,2022,36,11.4585208892822,21.7914295196533,20.0917739868164,17.1499996185303,17.3050231933594
474,1067,-76.0249984506518,3.57499930821359,3396.17236328125,2025,3,0,16.5671424865723,17.6813125610352,17.5085716247559,19.7150821685791
653,1314,-76.6249984595924,3.22499930299818,1270.81750488281,2021,38,15.8747577667236,21.6457138061523,19.5216808319092,17.5957145690918,17.4265003204346
681,1385,-76.7749984618276,3.12499930150807,1989.61437988281,2012,2,120.758003234863,20.1114292144775,19.6323833465576,14.8257141113281,14.4739294052124
112,506,-76.3249984551221,4.32499931938946,1734.82946777344,2014,48,64.2012100219727,21.5657138824463,20.9757690429688,14.6999998092651,15.1970596313477
504,1117,-77.2249984685331,3.47499930672347,51.3187103271484,2020,7,17.4761276245117,27.5271434783936,26.0990657806396,18.4671421051025,18.4821681976318
556,1188,-77.3749984707683,3.37499930523336,20.3139991760254,2025,7,95.5551300048828,26.0757141113281,25.0413455963135,18.3642864227295,17.4762191772461
375,919,-76.0249984506518,3.77499931119382,3203.84790039062,2017,5,0,18.7842864990234,17.9450492858887,15.2557144165039,15.9743385314941
646,1307,-76.9749984648078,3.22499930299818,1249.63293457031,2017,5,0,21.2700004577637,22.5991592407227,15.2557144165039,15.6895389556885
212,706,-77.4249984715133,4.02499931491912,17.280309677124,2023,25,97.9061889648438,28.0228576660156,27.7135276794434,14.542857170105,14.9166040420532
24,215,-76.0749984513968,4.72499932534993,1471.33935546875,2016,30,17.2174453735352,21.8214282989502,20.0146465301514,16.5985717773438,16.8517589569092
191,673,-77.2249984685331,4.07499931566417,26.1690692901611,2024,46,0,26.3014278411865,24.899486541748,19.4300003051758,17.8628940582275
395,950,-76.3249984551221,3.72499931044877,980.789001464844,2018,49,11.0352792739868,15.6028575897217,17.344123840332,15.5185718536377,15.6607217788696
236,738,-75.8249984476715,4.02499931491912,3019.25927734375,2019,22,37.821159362793,16.2071437835693,16.873607635498,14.6871433258057,14.9208374023438
244,750,-77.074998466298,3.97499931417406,42.0651397705078,2018,17,88.5627136230469,24.0385723114014,24.7619209289551,16.3928565979004,15.1652917861938
197,679,-76.9249984640628,4.07499931566417,50.095085144043,2015,7,33.7869758605957,24.4214286804199,24.6645622253418,13.8828573226929,14.6665439605713
187,669,-77.4249984715133,4.07499931566417,20.8973960876465,2015,7,29.8610534667969,26.6814289093018,26.4209632873535,13.6899995803833,14.4070978164673
133,549,-76.0249984506518,4.27499931864441,1024.43237304688,2025,18,92.9197998046875,21.2585716247559,18.3949375152588,15.2428569793701,14.8142356872559
327,848,-75.8749984484166,3.87499931268394,3619.875,2022,52,46.1185684204102,16.3242855072021,16.9644985198975,18.5185718536377,16.233959197998
611,1260,-77.4749984722584,3.27499930374324,16.1504573822021,2024,27,207.339096069336,26.5,25.9698257446289,13.8414287567139,13.762619972229
505,1118,-77.1749984677881,3.47499930672347,52.6558036804199,2011,33,160.63330078125,22.2657146453857,23.8703918457031,15.6328573226929,15.5477294921875
140,579,-76.3749984558672,4.22499931789935,1777.88012695312,2011,27,28.5825576782227,18.3057136535645,20.6891555786133,15.7228574752808,15.6598148345947
213,707,-77.3749984707683,4.02499931491912,29.9297866821289,2016,19,149.676742553711,26.7842864990234,26.2267074584961,13.8471431732178,14.2525815963745
222,724,-76.5249984581023,4.02499931491912,2697.52026367188,2023,19,23.9645442962646,19.6257133483887,22.4226341247559,15.332857131958,15.8812170028687
262,768,-76.1749984528869,3.97499931417406,1398.26879882812,2024,30,0,19.3228569030762,18.9289321899414,13.374285697937,14.3731212615967
617,1266,-77.1749984677881,3.27499930374324,100.638824462891,2018,34,32.3665237426758,23.0885715484619,24.1707649230957,13.4328575134277,14.7667388916016
126,542,-76.3749984558672,4.27499931864441,1886.16650390625,2025,22,25.0474720001221,22.1157150268555,21.4685573577881,14.0299997329712,14.1998195648193
357,901,-76.9249984640628,3.77499931119382,144.505172729492,2024,26,64.4159164428711,24.1885719299316,23.7905139923096,14.3971424102783,14.2413749694824
395,950,-76.3249984551221,3.72499931044877,980.789001464844,2018,19,39.8807373046875,16.0571422576904,17.6903953552246,14.8914289474487,14.9826307296753
239,745,-77.3249984700232,3.97499931417406,42.1595687866211,2013,41,319.598052978516,26.16428565979,25.3377914428711,13.627142906189,13.2168016433716
146,585,-76.0749984513968,4.22499931789935,1072.90844726562,2015,51,58.9703674316406,19.4557151794434,19.6865291595459,14.6885709762573,16.3293571472168
5,104,-76.0749984513968,4.8749993275851,1850.22033691406,2025,14,66.1504440307617,21.6700000762939,20.2279872894287,16.9485721588135,16.3923740386963
204,694,-76.1749984528869,4.07499931566417,1041.10437011719,2015,28,25.1450824737549,18.418571472168,18.5814361572266,14.5514287948608,14.704891204834
217,713,-77.074998466298,4.02499931491912,42.8142318725586,2020,13,21.8567924499512,23.832857131958,24.5907020568848,14.124285697937,13.3327922821045
468,1061,-76.3249984551221,3.57499930821359,994.394287109375,2020,32,2.79337358474731,16.41428565979,17.5973281860352,13.0242853164673,13.2699556350708
153,597,-77.3249984700232,4.17499931715429,8.98410320281982,2018,15,46.650764465332,26.3257141113281,25.564567565918,18.1885719299316,17.688648223877
408,976,-76.8749984633177,3.67499930970371,633.796020507812,2022,24,67.7995300292969,21.8171424865723,22.2726268768311,13.1400003433228,13.5563554763794
181,658,-76.1249984521419,4.12499931640923,1089.72973632812,2020,2,0,19.0171432495117,19.2436294555664,17.6271419525146,19.4899616241455
612,1261,-77.4249984715133,3.27499930374324,16.776762008667,2019,12,55.441535949707,25.8128566741943,25.1755886077881,15.8071432113647,15.1617279052734
135,551,-75.9249984491616,4.27499931864441,1527.74743652344,2018,17,50.615909576416,15.1842861175537,17.8451099395752,14.1314287185669,14.2498931884766
298,811,-75.8749984484166,3.924999313429,3357.85034179688,2011,26,18.4378509521484,16.1271419525146,16.9725551605225,18.2085704803467,16.875373840332
561,1193,-77.124998467043,3.37499930523336,91.8039016723633,2014,6,80.859245300293,22.4771423339844,23.4789180755615,15.8514289855957,15.7406911849976
381,936,-77.0249984655529,3.72499931044877,38.0001258850098,2019,20,81.2934494018555,22.6942863464355,24.171106338501,18.3585720062256,17.0206565856934
85,433,-76.2749984543771,4.42499932087958,1971.39819335938,2012,43,43.3643074035645,20.1942863464355,19.9469242095947,15.2714281082153,16.0153636932373
590,1231,-77.074998466298,3.3249993044883,380.697998046875,2022,46,162.022476196289,21.6299991607666,22.4168109893799,12.1199998855591,12.5076370239258
425,993,-76.0249984506518,3.67499930970371,2793.95141601562,2014,41,69.7273406982422,15.748571395874,16.8832015991211,14.1371431350708,14.0110521316528
232,734,-76.0249984506518,4.02499931491912,2323.89013671875,2021,46,51.8523559570312,17.9500007629395,17.7627792358398,14.041428565979,15.3164176940918
569,1201,-76.7249984610826,3.37499930523336,2898.4990234375,2024,35,6.10666227340698,23.9071426391602,21.9494953155518,18.1200008392334,17.8864669799805
236,738,-75.8249984476715,4.02499931491912,3019.25927734375,2019,43,35.0541610717773,16.3671436309814,16.8650493621826,16.1242866516113,16.1139678955078
209,699,-75.9249984491616,4.07499931566417,2503.4677734375,2023,11,150.135482788086,16.3571434020996,16.7704277038574,13.3585710525513,14.1737365722656
310,831,-76.7249984610826,3.87499931268394,1260.00366210938,2014,9,69.0106201171875,23.4957141876221,21.6484966278076,13.917142868042,14.164439201355
636,1296,-77.5249984730035,3.22499930299818,10.0182275772095,2018,25,90.4964218139648,25.2028579711914,25.6162128448486,15.3628568649292,15.0634994506836
640,1301,-77.2749984692782,3.22499930299818,80.1293792724609,2024,39,114.026916503906,25.5214290618896,24.6309070587158,13.3842859268188,13.8762178421021
387,942,-76.7249984610826,3.72499931044877,1316.92004394531,2025,9,50.5319595336914,22.3842849731445,21.6764755249023,14.2628574371338,15.1037740707397
352,885,-75.8749984484166,3.82499931193888,3856.46630859375,2025,32,45.1286239624023,16.0371437072754,16.9582843780518,17.0342864990234,16.5223236083984
625,1274,-76.7749984618276,3.27499930374324,2670.37817382812,2025,38,39.4164886474609,22.4514293670654,20.8622398376465,14.9242858886719,15.0856266021729
390,945,-76.5749984588474,3.72499931044877,1386.21984863281,2010,10,20.585994720459,23.8657150268555,22.0114688873291,15.2457141876221,14.8819799423218
491,1094,-76.5249984581023,3.52499930746853,1165.43579101562,2024,52,38.3236999511719,16.0314292907715,18.6458911895752,12.418571472168,12.4050493240356
262,768,-76.1749984528869,3.97499931417406,1398.26879882812,2016,27,33.8934364318848,18.5685710906982,18.1798973083496,14.5557146072388,14.7801275253296
664,1341,-77.124998467043,3.17499930225313,191.504211425781,2014,12,88.9303588867188,21.1885719299316,23.1709041595459,14.294285774231,14.4910316467285
153,597,-77.3249984700232,4.17499931715429,8.98410320281982,2011,7,88.0808639526367,26.3057136535645,25.5570678710938,13.2299995422363,14.1338224411011
222,724,-76.5249984581023,4.02499931491912,2697.52026367188,2015,25,13.3675880432129,19.2371425628662,22.1223564147949,17.8585720062256,17.1440925598145
592,1233,-76.9749984648078,3.3249993044883,1232.02868652344,2018,48,116.328132629395,21.9742851257324,22.067756652832,13.5257139205933,13.3003234863281
471,1064,-76.1749984528869,3.57499930821359,1674.81616210938,2018,15,62.407585144043,15.3485717773438,15.9435606002808,15.7685718536377,15.3360166549683
492,1095,-76.4749984573573,3.52499930746853,953.00390625,2012,20,27.6875228881836,15.4300003051758,18.0114974975586,13.9314289093018,14.0081071853638
622,1271,-76.9249984640628,3.27499930374324,1571.60046386719,2011,44,107.706039428711,21.8557147979736,21.5131683349609,14.6185712814331,13.693603515625
279,792,-76.8249984625727,3.924999313429,180.514312744141,2010,9,61.5982780456543,24.6428565979004,24.0564517974854,14.9771432876587,15.2208261489868
492,1095,-76.4749984573573,3.52499930746853,953.00390625,2013,35,2.43946218490601,15.8057146072388,18.3327503204346,15.497142791748,15.5394763946533
552,1174,-76.224998453632,3.42499930597842,1154.78125,2013,6,123.903579711914,15.5200004577637,15.4940729141235,12.4499998092651,12.7641439437866
553,1175,-76.1749984528869,3.42499930597842,1738.416015625,2013,12,70.5256195068359,16.1499996185303,16.4916915893555,14.6071424484253,14.900318145752
641,1302,-77.2249984685331,3.22499930299818,90.8140335083008,2013,27,134.436981201172,24.9300003051758,23.7374935150146,15.9714288711548,15.6214809417725
79,402,-75.9749984499067,4.47499932162464,992.092590332031,2016,43,64.3358154296875,20.4428577423096,18.1386604309082,16.5400009155273,15.540563583374
503,1116,-77.2749984692782,3.47499930672347,33.4105911254883,2021,20,148.348861694336,26.3757133483887,25.1666049957275,16.0914287567139,15.8106803894043
148,587,-75.9749984499067,4.22499931789935,1191.93664550781,2025,6,57.6483459472656,18.0271434783936,17.7297706604004,13.0485715866089,12.9635324478149
421,989,-76.224998453632,3.67499930970371,1212.46728515625,2010,51,97.6831436157227,14.7028570175171,15.4298276901245,12.6285715103149,13.0880928039551
540,1162,-76.8249984625727,3.42499930597842,1463.97534179688,2016,30,5.23223829269409,22.5400009155273,21.8532886505127,16.0071430206299,15.6950960159302
478,1081,-77.1749984677881,3.52499930746853,67.1327896118164,2011,36,67.1949920654297,22.4328575134277,24.0569858551025,15.2214288711548,15.1014270782471
683,1387,-76.6749984603375,3.12499930150807,1266.634765625,2020,24,21.772912979126,21.1128578186035,19.5013122558594,15.2385711669922,14.8203573226929
23,214,-76.1249984521419,4.72499932534993,1627.42236328125,2023,20,23.9264316558838,22.6328563690186,21.4212417602539,13.2299995422363,13.964241027832
385,940,-76.8249984625727,3.72499931044877,1343.96459960938,2024,38,35.7790298461914,23.9685707092285,24.0175075531006,16.1900005340576,15.0392589569092
224,726,-76.4249984566122,4.02499931491912,1748.56201171875,2011,24,11.8382587432861,18.5571422576904,20.3382186889648,14.9428567886353,14.9358148574829
537,1159,-76.9749984648078,3.42499930597842,808.31884765625,2022,10,30.143705368042,22.4071426391602,22.7641315460205,16.8814277648926,19.0664386749268
627,1276,-76.6749984603375,3.27499930374324,2289.12963867188,2016,44,84.0695190429688,21.7299995422363,19.4026737213135,15.3514289855957,15.0280771255493
485,1088,-76.8249984625727,3.52499930746853,1195.12939453125,2020,29,6.65025758743286,23.1900005340576,22.6789722442627,17.0942859649658,16.96315574646
504,1117,-77.2249984685331,3.47499930672347,51.3187103271484,2011,41,301.597900390625,25.2085704803467,23.5227756500244,11.7228574752808,12.5124607086182
211,701,-75.8249984476715,4.07499931566417,2897.23559570312,2024,27,49.9399871826172,16.0085716247559,16.8744716644287,15.6914281845093,15.2432308197021
393,948,-76.4249984566122,3.72499931044877,1146.73999023438,2010,17,23.5865325927734,17.2271423339844,19.8649864196777,13.7171430587769,13.9259347915649
101,473,-76.1249984521419,4.37499932013452,930.004577636719,2016,34,20.8554935455322,22.8899993896484,20.8005523681641,17.5642852783203,18.0679035186768
252,758,-76.6749984603375,3.97499931417406,1085.41931152344,2016,7,22.8822536468506,25.0928573608398,23.5696754455566,14.3957147598267,14.0215215682983
392,947,-76.4749984573573,3.72499931044877,1560.30322265625,2010,9,18.3578910827637,17.6814289093018,20.5214786529541,14.9771432876587,15.0200414657593
595,1236,-76.8249984625727,3.3249993044883,2533.68286132812,2020,8,43.3859901428223,23.4242858886719,22.4224472045898,13.1899995803833,13.1249341964722
1,30,-76.0749984513968,4.97499932907522,2018.1494140625,2016,20,46.3932838439941,22.9814281463623,21.3459167480469,15.710000038147,16.2765731811523
675,1353,-76.5249984581023,3.17499930225313,970.681884765625,2016,31,40.4136161804199,15.1899995803833,18.5279884338379,14.1871433258057,13.6408863067627
2,67,-76.0749984513968,4.92499932833016,1929.56372070312,2021,24,49.0044059753418,21.2357139587402,19.6027050018311,15.4685716629028,15.7631435394287
507,1120,-77.074998466298,3.47499930672347,192.82975769043,2010,19,38.1183242797852,24.165714263916,25.0904083251953,16.8171424865723,16.0186061859131
263,769,-76.1249984521419,3.97499931417406,1617.15026855469,2013,4,12.5505514144897,19.0357151031494,18.8248538970947,14.0642852783203,14.3300647735596
332,865,-76.8749984633177,3.82499931193888,274.782989501953,2022,13,51.2723579406738,23.7342853546143,23.2382698059082,13.997142791748,14.7946043014526
14,175,-76.224998453632,4.77499932609499,1927.39086914062,2015,10,88.5282745361328,22.832857131958,22.4033241271973,13.9757146835327,15.0329113006592
25,216,-76.0249984506518,4.72499932534993,1077.3818359375,2021,28,6.76699495315552,22.0257148742676,19.7532482147217,15.2557144165039,15.8116807937622
29,220,-75.8249984476715,4.72499932534993,1125.88415527344,2012,14,29.0776100158691,15.1871433258057,17.375093460083,14.8942861557007,14.792254447937
452,1045,-77.124998467043,3.57499930821359,87.1513366699219,2014,22,164.884735107422,22.8799991607666,24.3806629180908,14.2614288330078,14.1731157302856
19,180,-75.9749984499067,4.77499932609499,929.821899414062,2024,17,56.7441291809082,21.8228569030762,19.5339469909668,15.0957145690918,14.9795188903809
58,328,-75.9749984499067,4.57499932311476,947.509887695312,2017,6,27.1780891418457,22.1142864227295,19.5013179779053,20.4685707092285,17.9513206481934
374,918,-76.0749984513968,3.77499931119382,3317.1259765625,2012,44,78.9715118408203,17.8185710906982,16.9716567993164,16.3600006103516,17.2534770965576
590,1231,-77.074998466298,3.3249993044883,380.697998046875,2012,52,24.7355098724365,22.5785713195801,23.2087421417236,11.5971431732178,12.4650135040283
408,976,-76.8749984633177,3.67499930970371,633.796020507812,2015,5,13.1365804672241,22.9599990844727,23.3854827880859,15.5299997329712,14.8846321105957
11,142,-76.0249984506518,4.82499932684005,1331.10864257812,2010,15,80.6098098754883,21.5785713195801,19.5891456604004,13.9614286422729,14.9466762542725
192,674,-77.1749984677881,4.07499931566417,56.5449752807617,2019,49,112.493827819824,23.5085716247559,24.9021148681641,13.7228574752808,14.4451694488525
272,785,-77.1749984677881,3.924999313429,44.9210433959961,2011,48,246.956604003906,22.5885715484619,23.8671283721924,12.9614286422729,12.7655000686646
103,475,-76.0249984506518,4.37499932013452,977.905578613281,2011,7,60.7640190124512,20.0614280700684,17.6970291137695,13.998571395874,14.1508798599243
492,1095,-76.4749984573573,3.52499930746853,953.00390625,2021,25,19.9555072784424,15.2557144165039,17.9950618743896,15.374285697937,15.4178371429443
106,478,-75.8749984484166,4.37499932013452,1128.56555175781,2021,23,44.4775772094727,14.9799995422363,17.2876281738281,13.9728574752808,13.4029064178467
654,1315,-76.5749984588474,3.22499930299818,1024.43579101562,2022,40,87.1741561889648,21.1585712432861,18.6440811157227,16.247142791748,16.0500564575195
52,322,-76.2749984543771,4.57499932311476,1385.66784667969,2024,29,29.0384311676025,22.4828567504883,22.7200450897217,15.9042854309082,16.4282493591309
169,633,-77.3749984707683,4.12499931640923,33.3020477294922,2013,12,68.1415405273438,25.8442859649658,25.4316387176514,16.2700004577637,16.0098190307617
277,790,-76.9249984640628,3.924999313429,75.8914642333984,2014,46,207.374588012695,23.1957149505615,23.2171649932861,14.7214288711548,15.173565864563
162,621,-76.1249984521419,4.17499931715429,1053.16821289062,2012,43,61.2051658630371,17.5614280700684,17.8812618255615,15.2714281082153,16.570405960083
651,1312,-76.7249984610826,3.22499930299818,2273.73974609375,2015,6,66.0469512939453,20.4414291381836,19.7164325714111,12.9828567504883,13.4867973327637
123,539,-76.5249984581023,4.27499931864441,1492.77465820312,2015,21,76.5271453857422,21.9028568267822,22.3869724273682,14.9285717010498,14.8556547164917
363,907,-76.6249984595924,3.77499931119382,1170.0478515625,2015,34,15.5562181472778,24.2585716247559,21.6461124420166,15.1585712432861,15.0965633392334
401,956,-76.0249984506518,3.72499931044877,3136.94555664062,2023,3,41.7076950073242,15.1085710525513,16.1746845245361,14,14.57981300354
541,1163,-76.7749984618276,3.42499930597842,1763.32446289062,2021,28,0,23.0628566741943,21.6766510009766,15.0242853164673,14.9626874923706
662,1339,-77.2249984685331,3.17499930225313,114.255386352539,2015,17,57.5047950744629,25.8471431732178,24.5722351074219,15.8285713195801,15.7155160903931
51,321,-76.3249984551221,4.57499932311476,1590.77282714844,2014,2,56.0760078430176,20.7700004577637,21.2748394012451,13.2799997329712,13.5985479354858
4,103,-76.1249984521419,4.8749993275851,2051.62963867188,2025,6,34.7535438537598,21.002857208252,19.8542003631592,12.7714281082153,12.1535520553589
400,955,-76.0749984513968,3.72499931044877,2950.63208007812,2017,51,0,16.6028575897217,17.6875858306885,16.0628566741943,16.9421043395996
116,510,-76.1249984521419,4.32499931938946,918.968994140625,2013,9,7.48767757415771,21.6385707855225,19.8688583374023,13.0642852783203,13.4330863952637
189,671,-77.3249984700232,4.07499931566417,40.0574073791504,2017,29,119.503189086914,26.7385711669922,25.9780387878418,14.5957145690918,15.0240812301636
450,1043,-77.2249984685331,3.57499930821359,36.294807434082,2018,20,177.708465576172,26.1214294433594,24.5685119628906,17.252857208252,16.8943119049072
631,1280,-76.4749984573573,3.27499930374324,957.891784667969,2018,21,25.8190536499023,15.8957147598267,17.668285369873,14.5371427536011,14.2680740356445
78,401,-76.0249984506518,4.47499932162464,941.884094238281,2019,22,64.9430694580078,21.1028575897217,18.8361415863037,13.7314281463623,14.209077835083
32,250,-76.1749984528869,4.67499932460487,1403.42895507812,2011,26,44.3265686035156,21.2085704803467,20.5358219146729,15.1314287185669,15.6748523712158
86,434,-76.224998453632,4.42499932087958,1863.85180664062,2021,16,106.049530029297,21.2457141876221,20.6064510345459,16.5957145690918,16.912317276001
394,949,-76.3749984558672,3.72499931044877,956.173645019531,2011,8,39.3046226501465,15.3014287948608,17.510139465332,15.9757146835327,15.7210712432861
220,716,-76.9249984640628,4.02499931491912,53.3857765197754,2025,38,95.0805816650391,23.8228569030762,24.0787773132324,15.0742855072021,15.3559055328369
246,752,-76.9749984648078,3.97499931417406,38.8596954345703,2014,52,16.507360458374,24.0585708618164,24.3579196929932,15.4742860794067,14.2750673294067
17,178,-76.0749984513968,4.77499932609499,1523.64990234375,2017,11,82.2611236572266,20.7742862701416,19.180456161499,15.3157138824463,14.7187938690186
11,142,-76.0249984506518,4.82499932684005,1331.10864257812,2021,19,49.6465339660645,22.5685710906982,20.1987380981445,16.4771423339844,17.5540390014648
161,620,-76.1749984528869,4.17499931715429,968.035400390625,2013,51,39.3966217041016,17.4571437835693,18.0582027435303,11.7299995422363,12.0533761978149
539,1161,-76.8749984633177,3.42499930597842,1570.08190917969,2025,4,9.49688816070557,23.0314292907715,22.8308391571045,15.8871431350708,16.3734893798828
319,840,-76.2749984543771,3.87499931268394,1157.02990722656,2011,46,67.0182113647461,16.8999996185303,16.6528835296631,14.9828567504883,15.1860818862915
415,983,-76.5249984581023,3.67499930970371,1516.34509277344,2013,19,30.9555892944336,16.2000007629395,19.5892105102539,14.1828575134277,14.1903762817383
319,840,-76.2749984543771,3.87499931268394,1157.02990722656,2013,50,13.9899873733521,18.1757144927979,17.8846836090088,14.8371429443359,14.7609434127808
172,636,-77.2249984685331,4.12499931640923,44.725414276123,2019,30,65.163200378418,26.7128562927246,25.5967788696289,15.3442859649658,15.5065307617188
212,706,-77.4249984715133,4.02499931491912,17.280309677124,2019,6,69.315559387207,26.2228565216064,25.9596691131592,11.8085718154907,12.123083114624
337,870,-76.6249984595924,3.82499931193888,1641.71081542969,2017,36,0,23.7457141876221,21.0158977508545,16.8814277648926,17.0382556915283
412,980,-76.6749984603375,3.67499930970371,1189.70886230469,2017,5,0,22.7928562164307,21.336483001709,15.2557144165039,15.5000114440918
183,660,-76.0249984506518,4.12499931640923,1416.64794921875,2015,45,71.1638641357422,18.2342853546143,17.8260326385498,15.4342861175537,15.27015209198
559,1191,-77.2249984685331,3.37499930523336,96.9115753173828,2015,48,153.16015625,26.9685707092285,25.290018081665,14.9428567886353,15.1195764541626
254,760,-76.5749984588474,3.97499931417406,2530.06274414062,2012,7,86.8060150146484,23.1428565979004,20.0816459655762,17.0799999237061,16.9328327178955
106,478,-75.8749984484166,4.37499932013452,1128.56555175781,2024,26,45.202220916748,15.1457147598267,17.6203422546387,15.3571424484253,15.1323013305664
366,910,-76.4749984573573,3.77499931119382,1487.794921875,2012,6,2.47587966918945,17.58571434021,18.7029323577881,13.2014284133911,13.4187507629395
645,1306,-77.0249984655529,3.22499930299818,1051.82604980469,2021,33,68.1690444946289,20.9657135009766,22.5251808166504,15.455714225769,14.9782371520996
3,68,-76.0249984506518,4.92499932833016,1489.58618164062,2015,38,19.2873725891113,22.0657138824463,19.9939765930176,15.705714225769,16.5738182067871
318,839,-76.3249984551221,3.87499931268394,955.476013183594,2015,21,14.7782402038574,18.7885723114014,18.9360961914062,14.6528568267822,14.9854078292847
633,1286,-76.1749984528869,3.27499930374324,1767.70764160156,2013,14,16.0214538574219,17.1328563690186,17.2031936645508,14.9328575134277,14.9830303192139
467,1060,-76.3749984558672,3.57499930821359,969.375061035156,2019,22,26.2194213867188,16.0342864990234,17.5888538360596,14.207142829895,14.4057312011719
49,292,-75.9249984491616,4.62499932385981,1092.27197265625,2016,16,87.0054016113281,16.5200004577637,19.7214126586914,18.7071437835693,16.40869140625
634,1287,-76.1249984521419,3.27499930374324,2786.06616210938,2012,10,15.2915601730347,15.6928567886353,15.744348526001,15.4728574752808,15.6415271759033
640,1301,-77.2749984692782,3.22499930299818,80.1293792724609,2011,33,190.65754699707,24.9257144927979,23.8901119232178,15.6328573226929,15.2302255630493
345,878,-76.224998453632,3.82499931193888,1719.88049316406,2020,41,16.7296810150146,18.7928562164307,18.055046081543,17.3557147979736,17.1035041809082
662,1339,-77.2249984685331,3.17499930225313,114.255386352539,2024,22,108.201461791992,26.6585712432861,25.3232173919678,16.5214290618896,16.1284523010254
158,617,-76.3249984551221,4.17499931715429,1192.64526367188,2012,46,77.2352523803711,17.8700008392334,19.3372993469238,12.6942853927612,13.4295930862427
509,1122,-76.9749984648078,3.47499930672347,665.512451171875,2014,9,145.002456665039,21.9471435546875,22.4798793792725,13.917142868042,14.9810838699341
215,711,-77.1749984677881,4.02499931491912,64.1255569458008,2025,13,94.5241012573242,23.8928565979004,25.5324878692627,14.6199998855591,15.5473508834839
410,978,-76.7749984618276,3.67499930970371,1539.41430664062,2011,50,26.8256359100342,20.834285736084,20.4044094085693,12.5185718536377,12.2432613372803
119,513,-75.9749984499067,4.32499931938946,1092.11450195312,2016,26,13.531177520752,21.8742866516113,18.2214870452881,17.5514278411865,16.3455142974854
579,1211,-76.224998453632,3.37499930523336,1127.34692382812,2010,8,7.4579496383667,17.9714279174805,17.8662948608398,14.2757139205933,14.8227128982544
489,1092,-76.6249984595924,3.52499930746853,1729.04504394531,2011,16,67.2948303222656,21.5271434783936,19.0718383789062,15.2799997329712,15.6403932571411
341,874,-76.4249984566122,3.82499931193888,1383.0556640625,2022,31,42.2180137634277,18.0142860412598,18.8562278747559,14.7771425247192,14.7278442382812
666,1344,-76.9749984648078,3.17499930225313,951.094604492188,2023,39,19.0586547851562,22.6299991607666,23.6396636962891,16.6942863464355,15.8135166168213
208,698,-75.9749984499067,4.07499931566417,2115.47900390625,2017,24,48.6504592895508,18.1557140350342,17.5047073364258,15.6157140731812,15.4387359619141
300,820,-77.2749984692782,3.87499931268394,44.451602935791,2021,19,70.3368988037109,27.2785720825195,26.1682071685791,14.292857170105,14.9400024414062
444,1025,-76.2749984543771,3.62499930895865,1034.16809082031,2024,18,38.3755073547363,17.4457149505615,18.1681976318359,14.6171426773071,14.8788366317749
289,802,-76.3249984551221,3.924999313429,980.649169921875,2018,21,32.2431411743164,18.2757148742676,18.5976066589355,14.5371427536011,14.5285930633545
86,434,-76.224998453632,4.42499932087958,1863.85180664062,2025,29,3.78700923919678,22.0985717773438,21.339485168457,14.6585712432861,15.0738906860352
143,582,-76.224998453632,4.22499931789935,971.425109863281,2012,26,10.0514059066772,17.3700008392334,18.7178268432617,15.5200004577637,15.4190263748169
23,214,-76.1249984521419,4.72499932534993,1627.42236328125,2019,47,26.7081413269043,20.6100006103516,19.7781429290771,15.622857093811,15.6339349746704
520,1133,-76.4249984566122,3.47499930672347,951.803405761719,2010,46,74.7456207275391,14.5200004577637,16.1676006317139,12.8271427154541,12.8998117446899
295,808,-76.0249984506518,3.924999313429,2543.1728515625,2013,6,104.94694519043,17.4371433258057,17.043420791626,12.4499998092651,12.7019186019897
434,1015,-76.7749984618276,3.62499930895865,1478.14538574219,2023,39,19.9171848297119,23.8500003814697,23.2063407897949,16.6942863464355,16.2215557098389
450,1043,-77.2249984685331,3.57499930821359,36.294807434082,2022,33,79.007194519043,26.3028564453125,24.8329792022705,15.0357141494751,15.3165769577026
310,831,-76.7249984610826,3.87499931268394,1260.00366210938,2010,29,78.0393524169922,23.7428569793701,22.0642547607422,14.9357147216797,15.1130619049072
618,1267,-77.124998467043,3.27499930374324,160.329238891602,2023,37,73.9831771850586,23.9114284515381,24.7092761993408,17.418571472168,17.2444248199463
26,217,-75.9749984499067,4.72499932534993,914.086608886719,2012,14,33.3117370605469,21.0271434783936,18.6862831115723,14.8942861557007,14.6745481491089
172,636,-77.2249984685331,4.12499931640923,44.725414276123,2022,1,104.48316192627,25.9785709381104,24.9168224334717,9.36714267730713,10.6631240844727
194,676,-77.074998466298,4.07499931566417,37.778995513916,2010,46,206.167129516602,22.0528564453125,23.0579605102539,11.9014282226562,12.3800411224365
500,1103,-76.0749984513968,3.52499930746853,3323.83471679688,2018,26,14.5595970153809,15.1142854690552,15.8489265441895,14.1728572845459,14.4629936218262
42,285,-76.2749984543771,4.62499932385981,1601.16870117188,2023,14,56.8247833251953,21.5785713195801,21.7882633209229,14.6628570556641,14.6560010910034
237,739,-75.7749984469265,4.02499931491912,3564.9765625,2022,13,54.0525398254395,16.4642848968506,16.9198722839355,14.1328573226929,14.0726919174194
229,731,-76.1749984528869,4.02499931491912,1180.38696289062,2016,34,2.54483270645142,19.5371437072754,19.4012870788574,17.5642852783203,17.8445816040039
353,897,-77.124998467043,3.77499931119382,15.67751121521,2016,28,33.8429985046387,24.2871437072754,24.7864055633545,12.417142868042,13.7205114364624
4,103,-76.1249984521419,4.8749993275851,2051.62963867188,2010,27,44.7812690734863,20.4542865753174,19.4045581817627,15.1114282608032,15.0393733978271
630,1279,-76.5249984581023,3.27499930374324,968.276794433594,2015,4,28.7803821563721,15.874285697937,17.8927536010742,14.8214282989502,14.8847990036011
422,990,-76.1749984528869,3.67499930970371,2044.90270996094,2025,32,34.1251373291016,15.7271432876587,16.671142578125,15.4771432876587,16.0555667877197
502,1115,-77.3249984700232,3.47499930672347,18.8155994415283,2014,1,26.8398876190186,25.5499992370605,24.6429061889648,14.5785713195801,14.5300798416138
227,729,-76.2749984543771,4.02499931491912,938.959777832031,2013,6,68.7508087158203,17.4371433258057,17.7821235656738,11.9628572463989,12.3930711746216
512,1125,-76.8249984625727,3.47499930672347,1252.81640625,2013,45,42.5049705505371,21.7342853546143,21.1676082611084,15.3028573989868,14.5937585830688
462,1055,-76.6249984595924,3.57499930821359,1567.6259765625,2025,18,105.41641998291,22.3842849731445,20.1787548065186,14.1857147216797,14.4011764526367
294,807,-76.0749984513968,3.924999313429,2026.95727539062,2013,45,115.691619873047,17.3557147979736,16.9574127197266,15.3028573989868,15.5133390426636
159,618,-76.2749984543771,4.17499931715429,1048.84631347656,2010,44,64.9633026123047,17.1428565979004,18.2001762390137,12.1899995803833,12.9331951141357
350,883,-75.9749984499067,3.82499931193888,3143.79321289062,2014,24,0,18.7657146453857,17.4174137115479,17.0985717773438,16.9679584503174
279,792,-76.8249984625727,3.924999313429,180.514312744141,2021,44,110.981155395508,23.6900005340576,23.0110015869141,16.9957141876221,16.4471740722656
59,329,-75.9249984491616,4.57499932311476,1171.45202636719,2019,9,10.5860290527344,15.6028575897217,18.5267696380615,14.8714284896851,14.8503351211548
293,806,-76.1249984521419,3.924999313429,2108.3916015625,2015,6,49.4858894348145,17.6100006103516,17.1894683837891,12.9828567504883,13.1056680679321
354,898,-77.074998466298,3.77499931119382,16.4034767150879,2023,24,29.1451377868652,25.3985710144043,25.7670249938965,14.375714302063,15.2001180648804
109,503,-76.4749984573573,4.32499931938946,1158.12756347656,2017,39,70.9601287841797,20.9757137298584,21.3604927062988,15.9399995803833,15.9963073730469
66,363,-76.0749984513968,4.5249993223697,936.696350097656,2022,22,44.1511116027832,20.7814292907715,19.0972137451172,14.0342855453491,13.8881750106812
683,1387,-76.6749984603375,3.12499930150807,1266.634765625,2015,36,5.98075771331787,22.5300006866455,20.9614410400391,15.7242860794067,15.2966814041138
315,836,-76.4749984573573,3.87499931268394,1520.09106445312,2011,18,30.7091732025146,18.7385711669922,20.3193969726562,14.9857139587402,14.2975082397461
283,796,-76.6249984595924,3.924999313429,1494.21716308594,2022,43,98.8511810302734,23.0157146453857,20.6334552764893,13.1871433258057,12.5301742553711
663,1340,-77.1749984677881,3.17499930225313,140.60969543457,2021,47,75.2926025390625,20.0557136535645,22.548511505127,13.4757146835327,13.1578168869019
313,834,-76.5749984588474,3.87499931268394,1702.04138183594,2011,45,25.901912689209,22.6785717010498,19.767427444458,14.6542854309082,14.4250030517578
232,734,-76.0249984506518,4.02499931491912,2323.89013671875,2021,9,13.6886377334595,18.6271419525146,17.9998836517334,14.8814287185669,14.4442749023438
160,619,-76.224998453632,4.17499931715429,942.686706542969,2022,30,26.6815814971924,17.6757144927979,18.5790672302246,14.0314283370972,14.2455949783325
490,1093,-76.5749984588474,3.52499930746853,1739.09912109375,2023,23,20.1703414916992,23.2085704803467,19.9685573577881,14.5128574371338,14.638988494873
547,1169,-76.4749984573573,3.42499930597842,951.992858886719,2024,40,53.872386932373,16.9314289093018,18.961555480957,16.9342861175537,16.9741020202637
323,844,-76.0749984513968,3.87499931268394,2526.13598632812,2018,43,39.7801933288574,18.3757133483887,17.767240524292,15.4314289093018,15.6531352996826
261,767,-76.224998453632,3.97499931417406,1103.67211914062,2023,50,17.5987281799316,19.4314289093018,19.2737064361572,13.0971431732178,13.3442497253418
39,257,-75.8249984476715,4.67499932460487,1126.17407226562,2020,45,21.2975883483887,15.5200004577637,17.2535991668701,14.4099998474121,14.0114135742188
503,1116,-77.2749984692782,3.47499930672347,33.4105911254883,2017,36,40.219898223877,26.2971420288086,24.8830604553223,16.4771423339844,16.5660266876221
460,1053,-76.7249984610826,3.57499930821359,1506.79833984375,2024,52,35.8031349182129,21.7785720825195,20.6292304992676,12.418571472168,12.3088979721069
628,1277,-76.6249984595924,3.27499930374324,1573.88928222656,2022,3,0,22.9085712432861,19.8720550537109,15.8699998855591,15.6193494796753
605,1246,-76.3249984551221,3.3249993044883,993.938415527344,2023,16,51.8283157348633,16.4128570556641,16.7771167755127,13.8385715484619,13.6646642684937
619,1268,-77.074998466298,3.27499930374324,376.554351806641,2014,9,90.7736206054688,21.9471435546875,22.5453186035156,16.2371425628662,14.8893947601318
557,1189,-77.3249984700232,3.37499930523336,41.2873725891113,2010,4,40.2171745300293,25.7928562164307,24.7729053497314,11.3571424484253,11.9333124160767
146,585,-76.0749984513968,4.22499931789935,1072.90844726562,2023,21,81.6317291259766,19.2600002288818,19.3066291809082,14.5585718154907,14.6382312774658
70,367,-75.8749984484166,4.5249993223697,1190.78796386719,2021,28,4.98330497741699,14.5342855453491,17.5942516326904,16.2028579711914,15.8671798706055
421,989,-76.224998453632,3.67499930970371,1212.46728515625,2014,20,13.2203636169434,16.4242858886719,17.2115993499756,14.2200002670288,14.5181655883789
313,834,-76.5749984588474,3.87499931268394,1702.04138183594,2013,36,18.8774948120117,23.3899993896484,20.308084487915,16.5728569030762,16.5709819793701
579,1211,-76.224998453632,3.37499930523336,1127.34692382812,2013,16,77.4603042602539,16.1328563690186,15.9726343154907,15.3285713195801,15.6508541107178
233,735,-75.9749984499067,4.02499931491912,2511.76440429688,2025,4,5.10179424285889,18.7085704803467,17.8496608734131,17.7442855834961,16.5073223114014
366,910,-76.4749984573573,3.77499931119382,1487.794921875,2010,49,50.4478988647461,17.4228572845459,18.498649597168,12.8271427154541,13.0564451217651
267,773,-75.9249984491616,3.97499931417406,3306.1455078125,2015,1,0,15.8485717773438,17.0379505157471,22.6028575897217,20.8497943878174
218,714,-77.0249984655529,4.02499931491912,34.4981155395508,2022,28,18.1387557983398,23.7171421051025,24.4013633728027,14.0900001525879,14.2616786956787
274,787,-77.074998466298,3.924999313429,22.607105255127,2025,21,59.7580032348633,24.7914295196533,25.5244789123535,15.3428573608398,15.334644317627
572,1204,-76.5749984588474,3.37499930523336,1236.39611816406,2024,1,20.3301773071289,23.6185722351074,20.3338966369629,17.0385723114014,17.2184104919434
351,884,-75.9249984491616,3.82499931193888,3613.14111328125,2024,30,0,16.7900009155273,18.036548614502,13.539999961853,14.214563369751
323,844,-76.0749984513968,3.87499931268394,2526.13598632812,2014,31,4.90356540679932,18.5871429443359,17.869010925293,15.2285718917847,15.6971750259399
1,30,-76.0749984513968,4.97499932907522,2018.1494140625,2019,20,71.6263122558594,21.5642852783203,20.116626739502,15.9899997711182,16.1808185577393
92,440,-75.9249984491616,4.42499932087958,1145.52404785156,2015,14,27.1346187591553,15.2871427536011,18.1791019439697,15.1885709762573,14.5582628250122
253,759,-76.6249984595924,3.97499931417406,1934.77416992188,2016,35,18.6765251159668,23.5414295196533,21.4120140075684,15.9514284133911,15.5271692276001
326,847,-75.9249984491616,3.87499931268394,3033.53002929688,2012,12,14.547926902771,16.4314289093018,17.1216697692871,15.041428565979,14.1401720046997
571,1203,-76.6249984595924,3.37499930523336,1953.40356445312,2018,35,0,22.6942863464355,19.7980537414551,16.0171432495117,15.6248483657837
134,550,-75.9749984499067,4.27499931864441,1139.69897460938,2014,49,36.2734909057617,20.6885719299316,17.6965770721436,14.791428565979,13.9732074737549
90,438,-76.0249984506518,4.42499932087958,982.905700683594,2016,15,73.1876220703125,21.8500003814697,19.6699028015137,12.6728572845459,13.3333282470703
80,403,-75.9249984491616,4.47499932162464,1138.18579101562,2018,13,50.4680213928223,15.1114282608032,17.955961227417,14.0714282989502,13.3092393875122
190,672,-77.2749984692782,4.07499931566417,29.325927734375,2016,16,60.7430229187012,26.7671432495117,26.108491897583,13.044285774231,13.8987684249878
82,430,-76.4249984566122,4.42499932087958,1064.16577148438,2023,2,33.840705871582,19.8257141113281,20.4843902587891,13.9271430969238,13.9148778915405
26,217,-75.9749984499067,4.72499932534993,914.086608886719,2016,7,71.8438034057617,23.3728580474854,20.8440055847168,17.2557144165039,15.4716358184814
592,1233,-76.9749984648078,3.3249993044883,1232.02868652344,2021,49,141.671463012695,22.9642848968506,23.029935836792,13.8142852783203,12.4323616027832
204,694,-76.1749984528869,4.07499931566417,1041.10437011719,2012,20,49.6481170654297,17.8514289855957,17.9664287567139,14.418571472168,14.8855419158936
524,1137,-76.224998453632,3.47499930672347,1197.71923828125,2010,3,0,18.1457138061523,18.2022743225098,15.9242858886719,16.9041976928711
387,942,-76.7249984610826,3.72499931044877,1316.92004394531,2019,34,14.832447052002,23.7871437072754,22.7797679901123,19.2242851257324,18.6604957580566
599,1240,-76.6249984595924,3.3249993044883,1824.98937988281,2022,49,71.9930267333984,21.1499996185303,18.3097991943359,13.789999961853,13.9791431427002
479,1082,-77.124998467043,3.52499930746853,86.6690444946289,2020,32,24.8917579650879,23.4428577423096,24.7241058349609,10.5128574371338,11.4637355804443
299,812,-75.8249984476715,3.924999313429,3582.49291992188,2023,24,0,15.8900003433228,16.9423637390137,16.2414283752441,16.4716625213623
616,1265,-77.2249984685331,3.27499930374324,80.242057800293,2018,33,86.9177322387695,26.2614288330078,24.2754688262939,15.2857141494751,15.5384283065796
142,581,-76.2749984543771,4.22499931789935,1253.56604003906,2010,11,22.4153423309326,19.8728580474854,21.0956134796143,14.8400001525879,15.2319240570068
386,941,-76.7749984618276,3.72499931044877,1091.05712890625,2016,25,60.1672744750977,22.6914291381836,22.2728214263916,14.4385709762573,14.6695222854614
103,475,-76.0249984506518,4.37499932013452,977.905578613281,2016,20,57.8324508666992,22.7842864990234,19.8622970581055,15.710000038147,16.4639835357666
106,478,-75.8749984484166,4.37499932013452,1128.56555175781,2025,24,60.8135604858398,15.2657146453857,17.4794158935547,15.6814289093018,15.7283926010132
231,733,-76.0749984513968,4.02499931491912,1860.69812011719,2022,39,38.7960891723633,18.3414287567139,17.9771995544434,15.3157138824463,16.6378536224365
619,1268,-77.074998466298,3.27499930374324,376.554351806641,2010,35,39.4420166015625,22.1399993896484,22.696102142334,14.2728567123413,14.0680265426636
312,833,-76.6249984595924,3.87499931268394,1621.7841796875,2013,5,0,23.831428527832,21.4277000427246,14.1285715103149,13.6645307540894
125,541,-76.4249984566122,4.27499931864441,2301.95874023438,2014,3,16.4075202941895,21.5585708618164,21.3803577423096,12.6400003433228,13.2724466323853
619,1268,-77.074998466298,3.27499930374324,376.554351806641,2011,4,86.8586349487305,21.6014289855957,22.0014381408691,12.955714225769,14.438009262085
309,830,-76.7749984618276,3.87499931268394,701.246459960938,2012,52,18.9367733001709,23.7057151794434,22.5124263763428,13.4757146835327,12.5424060821533
164,623,-76.0249984506518,4.17499931715429,1243.7666015625,2022,27,20.811315536499,18.5728569030762,18.274076461792,15.0157146453857,15.0065002441406
355,899,-77.0249984655529,3.77499931119382,33.2381858825684,2021,4,19.4754505157471,23.9814281463623,24.0687446594238,17.1985721588135,15.6866674423218
114,508,-76.224998453632,4.32499931938946,1328.78076171875,2019,20,29.1510543823242,21.3685722351074,20.2116394042969,15.9899997711182,15.7746505737305
33,251,-76.1249984521419,4.67499932460487,1669.60241699219,2025,12,24.1387062072754,22.7842864990234,21.6002559661865,15.2542858123779,16.0371150970459
82,430,-76.4249984566122,4.42499932087958,1064.16577148438,2025,5,24.9581680297852,22.1800003051758,22.5389595031738,13.4642858505249,13.7433786392212
214,708,-77.3249984700232,4.02499931491912,52.9896926879883,2021,21,144.763641357422,27.1228580474854,26.4436855316162,11.9828567504883,13.6377563476562
445,1026,-76.224998453632,3.62499930895865,1125.55969238281,2012,50,34.5462417602539,15.8257141113281,16.3747882843018,13.7185716629028,14.4220094680786
483,1086,-76.9249984640628,3.52499930746853,962.422607421875,2014,36,26.2863521575928,23.2114276885986,23.4977264404297,15.9485712051392,15.2721138000488
355,899,-77.0249984655529,3.77499931119382,33.2381858825684,2017,3,96.6134948730469,23.3771419525146,23.4761581420898,16.6842861175537,16.0106773376465
279,792,-76.8249984625727,3.924999313429,180.514312744141,2022,44,326.22509765625,23.4585704803467,22.8272132873535,15.16428565979,15.0314817428589
213,707,-77.3749984707683,4.02499931491912,29.9297866821289,2011,27,116.031402587891,26.6442852020264,26.1624221801758,16.8857135772705,16.3964042663574
137,553,-75.8249984476715,4.27499931864441,1634.38244628906,2022,49,96.2659072875977,14.627142906189,16.2100315093994,13.915714263916,13.7582921981812
282,795,-76.6749984603375,3.924999313429,1065.53100585938,2016,29,0,23.7585716247559,21.7514266967773,14.3471431732178,14.4117383956909
510,1123,-76.9249984640628,3.47499930672347,1030.67517089844,2015,33,28.3938159942627,23.3971424102783,23.5885200500488,15.6357145309448,15.3871784210205
122,516,-75.8249984476715,4.32499931938946,1276.90734863281,2017,48,41.3036117553711,15.3185710906982,17.0375957489014,15.5957145690918,14.8119688034058
542,1164,-76.7249984610826,3.42499930597842,2395.0126953125,2024,12,31.7259502410889,23.4114284515381,21.9343166351318,15.6171426773071,15.9230842590332
314,835,-76.5249984581023,3.87499931268394,1571.81726074219,2015,39,21.8792591094971,19.5157146453857,21.4663124084473,18.3142852783203,17.8687953948975
664,1341,-77.124998467043,3.17499930225313,191.504211425781,2015,47,228.230346679688,20.9428577423096,23.1686744689941,17.0499992370605,15.8312959671021
407,975,-76.9249984640628,3.67499930970371,322.251586914062,2019,30,27.5519504547119,22.7728576660156,23.4932899475098,15.2685718536377,15.52854347229
651,1312,-76.7249984610826,3.22499930299818,2273.73974609375,2012,39,24.8531265258789,21.4400005340576,20.3853549957275,16.7671432495117,15.9927024841309
489,1092,-76.6249984595924,3.52499930746853,1729.04504394531,2010,11,10.663125038147,23.3700008392334,21.2384414672852,15.0657138824463,15.2755823135376
381,936,-77.0249984655529,3.72499931044877,38.0001258850098,2017,34,72.8605194091797,22.5357151031494,23.9097385406494,16.5685710906982,16.6424121856689
217,713,-77.074998466298,4.02499931491912,42.8142318725586,2013,7,40.4774017333984,23.2328567504883,23.9181251525879,16.4014282226562,15.1908006668091
451,1044,-77.1749984677881,3.57499930821359,57.2176208496094,2013,37,145.789215087891,22.251428604126,24.0145530700684,14.4671430587769,14.9129991531372
320,841,-76.224998453632,3.87499931268394,1474.36791992188,2012,12,17.4244976043701,17.8685722351074,17.3301239013672,13.4771432876587,13.7766361236572
201,691,-76.3249984551221,4.07499931566417,1014.76501464844,2022,27,26.3638439178467,18.5728569030762,19.6634006500244,15.0157146453857,14.9070711135864
666,1344,-76.9749984648078,3.17499930225313,951.094604492188,2016,18,113.918991088867,21.4571437835693,22.5444049835205,14.1871433258057,15.2723579406738
198,688,-76.4749984573573,4.07499931566417,2505.2177734375,2017,49,33.3830451965332,18.2314281463623,20.41921043396,14.331428527832,14.8975419998169
631,1280,-76.4749984573573,3.27499930374324,957.891784667969,2020,26,0,16.001428604126,17.895679473877,15.0200004577637,14.9559841156006
359,903,-76.8249984625727,3.77499931119382,1036.05334472656,2020,39,4.50049304962158,23.8299999237061,22.8407020568848,15.6342859268188,14.8150043487549
155,600,-77.1749984677881,4.17499931715429,30.8549346923828,2020,25,91.5625610351562,24.3957138061523,25.6968250274658,15.3900003433228,15.7474184036255
675,1353,-76.5249984581023,3.17499930225313,970.681884765625,2012,12,75.0735092163086,14.7371425628662,17.6387176513672,13.4771432876587,13.5456275939941
146,585,-76.0749984513968,4.22499931789935,1072.90844726562,2023,33,17.4602279663086,19.0128574371338,19.3554916381836,14.8000001907349,15.5699777603149
522,1135,-76.3249984551221,3.47499930672347,978.887817382812,2025,42,60.8836822509766,15.8785715103149,16.5532493591309,15.8242855072021,15.9915399551392
477,1080,-77.2249984685331,3.52499930746853,39.6812057495117,2014,43,156.179504394531,25.8928565979004,24.2678127288818,12.9871425628662,13.5013780593872
256,762,-76.4749984573573,3.97499931417406,1839.12805175781,2021,18,56.812614440918,17.7328567504883,19.9066066741943,15.374285697937,16.0893688201904
122,516,-75.8249984476715,4.32499931938946,1276.90734863281,2020,51,58.5982818603516,15.4714288711548,17.3499183654785,16.1014289855957,15.6314535140991
26,217,-75.9749984499067,4.72499932534993,914.086608886719,2018,5,51.171802520752,21.9685707092285,19.710880279541,16.0871429443359,14.3086776733398
591,1232,-77.0249984655529,3.3249993044883,1003.97448730469,2014,40,45.5737533569336,22.9328575134277,23.3832588195801,15.0985717773438,15.3346996307373
26,217,-75.9749984499067,4.72499932534993,914.086608886719,2021,22,47.0795249938965,21.4642848968506,19.0830421447754,16.4628562927246,16.1580753326416
122,516,-75.8249984476715,4.32499931938946,1276.90734863281,2018,34,8.56640243530273,14.2257146835327,16.5939540863037,19.8514289855957,18.6073951721191
97,469,-76.3249984551221,4.37499932013452,1647.77099609375,2025,30,8.36846923828125,21.9114284515381,21.5308589935303,16.2585716247559,16.4669971466064
272,785,-77.1749984677881,3.924999313429,44.9210433959961,2022,46,230.805221557617,22.9514293670654,24.2992515563965,12.1199998855591,11.5426931381226
552,1174,-76.224998453632,3.42499930597842,1154.78125,2015,28,12.8356046676636,16.2600002288818,16.2585849761963,14.1071424484253,14.4183311462402
460,1053,-76.7249984610826,3.57499930821359,1506.79833984375,2025,42,35.050708770752,21.9657135009766,20.7346858978271,15.8242855072021,15.8605556488037
43,286,-76.224998453632,4.62499932385981,1379.88671875,2021,33,93.6491088867188,21.3028564453125,21.0689563751221,15.7414283752441,15.5739641189575
635,1288,-76.0749984513968,3.27499930374324,3644.865234375,2017,39,30.5561084747314,15.9885711669922,16.879508972168,16.1114292144775,16.338830947876
334,867,-76.7749984618276,3.82499931193888,734.865966796875,2019,7,22.7870674133301,24.3028564453125,23.0373344421387,16.0628566741943,15.2823648452759
637,1297,-77.4749984722584,3.22499930299818,12.6908264160156,2016,51,104.038932800293,24.7999992370605,25.0447082519531,15.4842853546143,15.030366897583
420,988,-76.2749984543771,3.67499930970371,1023.16107177734,2010,38,3.41979384422302,15.75,16.6593074798584,13.5385713577271,13.9398002624512
9,140,-76.1249984521419,4.82499932684005,1975.30212402344,2023,46,16.8710861206055,22.3471431732178,21.1132564544678,13.4200000762939,14.6333923339844
475,1078,-77.3249984700232,3.52499930746853,10.4228353500366,2025,52,0,25.832857131958,24.8818340301514,12.667142868042,12.8601331710815
617,1266,-77.1749984677881,3.27499930374324,100.638824462891,2023,36,105.174919128418,23.5485706329346,24.7193069458008,14.789999961853,15.3661794662476
682,1386,-76.7249984610826,3.12499930150807,1441.38708496094,2023,22,107.085815429688,21.8971424102783,20.6407661437988,15.6085710525513,15.47878074646
193,675,-77.124998467043,4.07499931566417,50.9182891845703,2017,10,46.987476348877,23.9857139587402,25.0979785919189,17.8971424102783,15.9785385131836
383,938,-76.9249984640628,3.72499931044877,294.245849609375,2020,29,12.8597269058228,23.1900005340576,24.0350914001465,17.0942859649658,16.8392810821533
413,981,-76.6249984595924,3.67499930970371,1421.43811035156,2013,17,37.9998474121094,22.5799999237061,20.580982208252,16.6457138061523,16.4660453796387
230,732,-76.1249984521419,4.02499931491912,1432.49975585938,2016,19,26.2901077270508,18.7242851257324,18.3960208892822,14.1714286804199,15.4488925933838
613,1262,-77.3749984707683,3.27499930374324,46.6648941040039,2010,8,0,26.5228576660156,25.7120628356934,14.6971426010132,14.3653831481934
71,394,-76.3749984558672,4.47499932162464,1291.14721679688,2024,10,12.0568180084229,23.1342849731445,23.4899044036865,13.8928575515747,14.1689987182617
489,1092,-76.6249984595924,3.52499930746853,1729.04504394531,2023,40,25.4280242919922,23.1757144927979,20.9928417205811,15.8999996185303,15.6197538375854
238,744,-77.3749984707683,3.97499931417406,30.7737560272217,2011,39,329.912139892578,26.5414295196533,26.0115509033203,13.457142829895,13.3850498199463
638,1299,-77.3749984707683,3.22499930299818,52.8435401916504,2015,40,102.289970397949,25.9714279174805,25.5794906616211,14.081428527832,14.6232709884644
609,1250,-76.1249984521419,3.3249993044883,2637.75122070312,2013,38,0,16.831428527832,17.2077236175537,16.3885707855225,16.5820541381836
561,1193,-77.124998467043,3.37499930523336,91.8039016723633,2012,22,98.7104187011719,23.4728565216064,24.479061126709,14.9871425628662,15.358304977417
242,748,-77.1749984677881,3.97499931417406,58.3577308654785,2015,28,148.090744018555,24.252857208252,25.5204544067383,13.7685718536377,13.9430723190308
466,1059,-76.4249984566122,3.57499930821359,952.574890136719,2010,38,7.45941638946533,15.75,17.7543315887451,13.5385713577271,13.6948804855347
431,1012,-76.9249984640628,3.62499930895865,514.394958496094,2018,24,53.1527900695801,22.8057136535645,23.4068336486816,15.2700004577637,14.7656221389771
301,821,-77.2249984685331,3.87499931268394,44.7871398925781,2020,20,228.410552978516,27.5157146453857,26.1189632415771,17.0228576660156,16.1320629119873
626,1275,-76.7249984610826,3.27499930374324,2760.34399414062,2010,49,71.4994812011719,21.3928565979004,19.3527812957764,12.8271427154541,12.8310642242432
413,981,-76.6249984595924,3.67499930970371,1421.43811035156,2015,44,23.5291709899902,22.2328567504883,20.3184967041016,14.9728574752808,14.8725414276123
248,754,-76.8749984633177,3.97499931417406,80.5778579711914,2022,29,16.6286735534668,24.0785713195801,24.008768081665,14.3214282989502,14.2777462005615
11,142,-76.0249984506518,4.82499932684005,1331.10864257812,2024,42,25.4299755096436,22.0957145690918,19.9761829376221,16.4257144927979,17.3418006896973
161,620,-76.1749984528869,4.17499931715429,968.035400390625,2024,43,28.3289203643799,19.2442855834961,19.8390502929688,15.4671430587769,15.9538326263428
175,652,-76.4249984566122,4.12499931640923,1952.27136230469,2010,49,99.2136764526367,17.4228572845459,19.3985862731934,13.584285736084,13.306544303894
181,658,-76.1249984521419,4.12499931640923,1089.72973632812,2018,9,0,18.1242866516113,18.3725624084473,17.3700008392334,17.4545078277588
224,726,-76.4249984566122,4.02499931491912,1748.56201171875,2019,10,29.3675384521484,19.1857147216797,20.7603244781494,13.9957141876221,14.4570627212524
459,1052,-76.7749984618276,3.57499930821359,1123.77429199219,2025,34,40.8608551025391,23.0471420288086,22.2421798706055,15.708571434021,15.5945281982422
421,989,-76.224998453632,3.67499930970371,1212.46728515625,2011,26,9.39163017272949,15.7628574371338,16.6266078948975,16.0985717773438,16.4858570098877
560,1192,-77.1749984677881,3.37499930523336,83.5121688842773,2017,39,105.883155822754,22.1871433258057,23.7974166870117,14.3514289855957,14.8502836227417
333,866,-76.8249984625727,3.82499931193888,614.76953125,2023,29,27.3818950653076,26.0157146453857,24.9463081359863,16.6285705566406,17.1034870147705
96,468,-76.3749984558672,4.37499932013452,1649.54296875,2010,44,97.5805816650391,19.6157150268555,19.8064880371094,12.1899995803833,12.5484628677368
650,1311,-76.7749984618276,3.22499930299818,2425.02880859375,2021,47,0,20.0557136535645,19.8137245178223,12.872857093811,13.01149559021
78,401,-76.0249984506518,4.47499932162464,941.884094238281,2017,6,7.62622880935669,22.1142864227295,19.8182411193848,15.1942853927612,17.7517623901367
540,1162,-76.8249984625727,3.42499930597842,1463.97534179688,2013,16,96.085823059082,22.3385715484619,21.6111145019531,15.3285713195801,15.3855314254761
394,949,-76.3749984558672,3.72499931044877,956.173645019531,2016,16,37.7500610351562,17.6971435546875,19.8371410369873,16.3171424865723,16.0842170715332
381,936,-77.0249984655529,3.72499931044877,38.0001258850098,2023,47,133.569458007812,22.9614276885986,24.4354648590088,17.7228565216064,16.9771347045898
474,1067,-76.0249984506518,3.57499930821359,3396.17236328125,2018,20,41.4584083557129,16.0257148742676,16.8803749084473,16.0542850494385,16.6282196044922
113,507,-76.2749984543771,4.32499931938946,1652.77587890625,2017,26,25.2466354370117,21.3985710144043,20.5193862915039,16.9871425628662,16.673526763916
179,656,-76.224998453632,4.12499931640923,941.107849121094,2018,50,12.9188833236694,18.3471431732178,19.035472869873,13.3485717773438,14.8093090057373
265,771,-76.0249984506518,3.97499931417406,2669.6220703125,2025,41,93.2080078125,17.8614292144775,17.2876682281494,14.5942859649658,15.2093954086304
425,993,-76.0249984506518,3.67499930970371,2793.95141601562,2010,38,14.0123538970947,15.75,17.0973320007324,13.5385713577271,14.2142200469971
520,1133,-76.4249984566122,3.47499930672347,951.803405761719,2010,39,31.7144832611084,16.1057147979736,17.7143516540527,15.9642858505249,16.0318450927734
571,1203,-76.6249984595924,3.37499930523336,1953.40356445312,2011,14,55.6882820129395,21.8685722351074,19.2179851531982,14.9657144546509,15.1934537887573
318,839,-76.3249984551221,3.87499931268394,955.476013183594,2013,47,67.91455078125,17.2042865753174,17.4351978302002,13.8714284896851,13.822416305542
147,586,-76.0249984506518,4.22499931789935,1056.12963867188,2017,10,24.7689456939697,18.334285736084,18.2234210968018,13.5657138824463,13.9533605575562
177,654,-76.3249984551221,4.12499931640923,1147.91540527344,2019,50,24.6643905639648,17.9799995422363,19.2642269134521,13.8385715484619,14.0440721511841
653,1314,-76.6249984595924,3.22499930299818,1270.81750488281,2021,49,82.8433685302734,21.6371421813965,19.8897132873535,13.8142852783203,13.6675863265991
613,1262,-77.3749984707683,3.27499930374324,46.6648941040039,2024,48,60.9523048400879,26.167142868042,25.0914764404297,13.2414283752441,13.1484394073486
158,617,-76.3249984551221,4.17499931715429,1192.64526367188,2019,26,49.8131256103516,18.8842849731445,20.5918750762939,14.1328573226929,14.7308521270752
656,1317,-76.4749984573573,3.22499930299818,960.66845703125,2018,20,36.8774604797363,15.0685710906982,17.6416549682617,16.0542850494385,15.7750263214111
342,875,-76.3749984558672,3.82499931193888,985.87744140625,2020,11,31.0985527038574,19.1599998474121,19.47682762146,13.6071424484253,13.4271507263184
390,945,-76.5749984588474,3.72499931044877,1386.21984863281,2017,14,39.3612899780273,23.1000003814697,20.9659118652344,18.2099990844727,18.0554256439209
584,1225,-77.3749984707683,3.3249993044883,27.1932239532471,2010,43,255.402908325195,25.2642860412598,24.0735740661621,13.3528575897217,13.3847770690918
571,1203,-76.6249984595924,3.37499930523336,1953.40356445312,2012,5,30.620548248291,21.5142860412598,18.8051986694336,14.4757146835327,14.5009136199951
65,362,-76.1249984521419,4.5249993223697,1249.92761230469,2010,27,45.2633590698242,20.3014278411865,19.2213573455811,15.1114282608032,14.8381233215332
421,989,-76.224998453632,3.67499930970371,1212.46728515625,2013,25,8.79596328735352,16.3014278411865,17.1404724121094,15.7671432495117,16.2925853729248
60,330,-75.8749984484166,4.57499932311476,1274.43444824219,2016,15,69.218505859375,16.2828578948975,18.5929718017578,13.997142791748,13.4850692749023
549,1171,-76.3749984558672,3.42499930597842,966.371765136719,2020,3,0,17.2785720825195,18.480152130127,15.917142868042,15.8058423995972
36,254,-75.9749984499067,4.67499932460487,904.67041015625,2010,24,10.0658988952637,21.3700008392334,18.7037525177002,16.4857139587402,16.218563079834
146,585,-76.0749984513968,4.22499931789935,1072.90844726562,2024,3,5.41138887405396,20.1528568267822,20.5226173400879,14.6999998092651,16.9320411682129
498,1101,-76.1749984528869,3.52499930746853,1742.09216308594,2020,13,0,16.7357139587402,17.1623439788818,13.0557146072388,13.7209053039551
289,802,-76.3249984551221,3.924999313429,980.649169921875,2015,22,23.9863376617432,18.5699996948242,18.9446392059326,14.3057146072388,14.5562887191772
669,1347,-76.8249984625727,3.17499930225313,1872.87890625,2016,47,45.6816253662109,20.3728580474854,20.463228225708,17.5585708618164,17.0037174224854
130,546,-76.1749984528869,4.27499931864441,924.531494140625,2018,11,19.5084438323975,21.3999996185303,19.7566833496094,14.122857093811,16.804048538208
663,1340,-77.1749984677881,3.17499930225313,140.60969543457,2017,35,52.4292488098145,21.1599998474121,23.5437679290771,16.8885707855225,16.5888614654541
525,1138,-76.1749984528869,3.47499930672347,1941.87316894531,2019,1,28.4016227722168,16.4885711669922,16.8134517669678,16.9314289093018,17.9538764953613
508,1121,-77.0249984655529,3.47499930672347,465.142120361328,2017,3,69.2127685546875,21.6842861175537,22.6090831756592,16.6842861175537,15.9166126251221
146,585,-76.0749984513968,4.22499931789935,1072.90844726562,2017,40,53.3324966430664,17.4771423339844,17.8255195617676,13.9828567504883,14.6705522537231
577,1209,-76.3249984551221,3.37499930523336,989.5107421875,2025,41,62.062629699707,15.7257146835327,16.170768737793,14.5942859649658,14.8227519989014
335,868,-76.7249984610826,3.82499931193888,1374.62133789062,2023,23,29.6791877746582,24.497142791748,22.5545768737793,14.5128574371338,14.9031505584717
194,676,-77.074998466298,4.07499931566417,37.778995513916,2011,48,190.754760742188,22.5885715484619,23.5880661010742,11.5257139205933,12.7556524276733
222,724,-76.5249984581023,4.02499931491912,2697.52026367188,2021,19,82.5550994873047,19.0457134246826,21.6634140014648,16.4771423339844,16.4106464385986
419,987,-76.3249984551221,3.67499930970371,988.557006835938,2016,17,16.6086845397949,17.0599994659424,18.4212017059326,13.7842855453491,13.9250011444092
426,994,-75.9749984499067,3.67499930970371,3580.73046875,2011,4,0,15.6942853927612,17.1719608306885,20.83571434021,18.1963748931885
458,1051,-76.8249984625727,3.57499930821359,854.671569824219,2016,24,27.2003479003906,22.7385711669922,22.4117698669434,15.2285718917847,15.3098630905151
88,436,-76.1249984521419,4.42499932087958,942.146179199219,2024,24,42.607063293457,21.9814281463623,20.3911533355713,14.1057138442993,14.3673048019409
70,367,-75.8749984484166,4.5249993223697,1190.78796386719,2025,6,46.0747108459473,15.0600004196167,17.2940559387207,13.0485715866089,12.9068002700806
125,541,-76.4249984566122,4.27499931864441,2301.95874023438,2012,45,26.9717273712158,20.7685718536377,20.7421894073486,14.9385709762573,15.067512512207
545,1167,-76.5749984588474,3.42499930597842,1253.45971679688,2015,5,12.429141998291,22.9599990844727,19.5198307037354,15.5299997329712,15.3826818466187
360,904,-76.7749984618276,3.77499931119382,788.459350585938,2016,42,59.8292770385742,23.5885715484619,22.2954883575439,16.4028568267822,15.2628793716431
556,1188,-77.3749984707683,3.37499930523336,20.3139991760254,2021,51,0,25.3028564453125,24.3334884643555,10.4642858505249,10.8123035430908
434,1015,-76.7749984618276,3.62499930895865,1478.14538574219,2019,14,63.1201019287109,22.5771427154541,21.9508838653564,15.0271425247192,15.5136137008667
555,1177,-76.0749984513968,3.42499930597842,3203.0234375,2013,50,19.8667106628418,16.1485710144043,16.7568626403809,14.8371429443359,15.8804206848145
676,1376,-77.2249984685331,3.12499930150807,103.631950378418,2013,1,0,25.3128566741943,23.8703327178955,13.8142852783203,14.2778873443604
190,672,-77.2749984692782,4.07499931566417,29.325927734375,2025,30,95.633659362793,26.9471435546875,26.0179672241211,13.997142791748,14.3400506973267
263,769,-76.1249984521419,3.97499931417406,1617.15026855469,2014,52,0,19.0042858123779,18.5930519104004,15.4742860794067,16.5477390289307
134,550,-75.9749984499067,4.27499931864441,1139.69897460938,2019,3,5.2584662437439,22.4942855834961,18.9652862548828,15.8457145690918,14.3184232711792
443,1024,-76.3249984551221,3.62499930895865,995.829956054688,2017,4,17.3715133666992,15.627142906189,16.8502960205078,17.7928562164307,17.7044773101807
71,394,-76.3749984558672,4.47499932162464,1291.14721679688,2022,5,13.7573728561401,20.8199996948242,21.3539028167725,14.3842859268188,14.8822650909424
436,1017,-76.6749984603375,3.62499930895865,1209.05310058594,2017,50,17.3555030822754,22.1585712432861,20.5700263977051,15.208571434021,15.2656288146973
642,1303,-77.1749984677881,3.22499930299818,127.398765563965,2018,18,212.45231628418,21.3071422576904,23.7810516357422,16.2714290618896,15.8921737670898
649,1310,-76.8249984625727,3.22499930299818,1915.40002441406,2019,2,17.8513221740723,20.4328575134277,20.6797027587891,14.6714286804199,15.6321382522583
477,1080,-77.2249984685331,3.52499930746853,39.6812057495117,2024,40,58.0836601257324,26.5885715484619,25.0488224029541,17.2228565216064,17.1197872161865
440,1021,-76.4749984573573,3.62499930895865,1068.1484375,2010,18,62.4384117126465,16.3771419525146,19.1490955352783,15.3457145690918,15.5269546508789
114,508,-76.224998453632,4.32499931938946,1328.78076171875,2019,7,2.93254399299622,22.0485706329346,20.9594497680664,13.252857208252,15.0655784606934
545,1167,-76.5749984588474,3.42499930597842,1253.45971679688,2024,39,23.8073234558105,23.0114288330078,19.9881248474121,15.457142829895,15.3446464538574
97,469,-76.3249984551221,4.37499932013452,1647.77099609375,2021,33,74.7835540771484,21.3028564453125,20.9552593231201,15.7414283752441,15.5171012878418
303,823,-77.124998467043,3.87499931268394,18.5444183349609,2025,27,77.197265625,23.9799995422363,24.8767776489258,14.5942859649658,15.3242635726929
87,435,-76.1749984528869,4.42499932087958,1293.01037597656,2021,49,77.4982757568359,21.7671432495117,20.7516193389893,12.1128568649292,13.4075803756714
103,475,-76.0249984506518,4.37499932013452,977.905578613281,2024,10,4.10468864440918,23.1342849731445,20.7549438476562,13.8928575515747,14.8542747497559
151,590,-75.8249984476715,4.22499931789935,1733.38916015625,2014,38,76.3125915527344,16.8171424865723,17.0511817932129,16.9685707092285,16.8098239898682
684,1388,-76.6249984595924,3.12499930150807,1079.39135742188,2017,23,19.3174915313721,21.2257137298584,19.1999111175537,14.1557140350342,13.9601354598999
112,506,-76.3249984551221,4.32499931938946,1734.82946777344,2016,2,105.499618530273,21.0271434783936,20.6678943634033,12.4842853546143,13.4355049133301
671,1349,-76.7249984610826,3.17499930225313,1801.310546875,2017,15,73.0680160522461,21.331428527832,20.3681564331055,15.1999998092651,15.1676292419434
380,935,-77.074998466298,3.72499931044877,19.0779399871826,2010,30,26.0724639892578,22.6471424102783,24.0710506439209,14.0500001907349,14.1098136901855
415,983,-76.5249984581023,3.67499930970371,1516.34509277344,2020,34,25.7899932861328,16.1128578186035,19.2274150848389,14.5328569412231,14.3978843688965
505,1118,-77.1749984677881,3.47499930672347,52.6558036804199,2025,1,41.6455726623535,21.7457141876221,23.4581699371338,15.0257139205933,14.367826461792
155,600,-77.1749984677881,4.17499931715429,30.8549346923828,2021,10,55.2616729736328,23.8642864227295,25.3510837554932,14.4200000762939,13.9531354904175
34,252,-76.0749984513968,4.67499932460487,1275.46557617188,2011,15,96.1753082275391,20.0628566741943,18.6790637969971,15.1757144927979,14.6270027160645
535,1157,-77.074998466298,3.42499930597842,234.027435302734,2024,43,41.3839378356934,23.2642860412598,24.1997489929199,13.3157138824463,14.2142496109009
197,679,-76.9249984640628,4.07499931566417,50.095085144043,2011,21,76.4821090698242,23.502857208252,23.8073215484619,14.9099998474121,14.7754716873169
121,515,-75.8749984484166,4.32499931938946,1293.12609863281,2016,35,10.4147005081177,14.708571434021,17.4021301269531,16.6814289093018,16.3502655029297
369,913,-76.3249984551221,3.77499931119382,978.866821289062,2013,18,74.2441635131836,18.0699996948242,17.8857135772705,16.1214294433594,16.073657989502
326,847,-75.9249984491616,3.87499931268394,3033.53002929688,2015,9,26.1056518554688,17.0314292907715,17.7965126037598,17.6985721588135,16.5014190673828
665,1343,-77.0249984655529,3.17499930225313,789.271606445312,2025,49,197.737564086914,20.5585708618164,22.1415843963623,15.3842859268188,17.3200950622559
404,972,-77.074998466298,3.67499930970371,33.0118370056152,2018,39,37.240650177002,22.7071437835693,24.1743869781494,13.7200002670288,15.0903854370117
490,1093,-76.5749984588474,3.52499930746853,1739.09912109375,2013,20,57.2249145507812,22.3928565979004,19.5057735443115,13.791428565979,13.7866287231445
500,1103,-76.0749984513968,3.52499930746853,3323.83471679688,2019,43,58.9032363891602,15.9342861175537,16.715690612793,15.7785711288452,16.1006641387939
198,688,-76.4749984573573,4.07499931566417,2505.2177734375,2010,1,21.455774307251,19.4885711669922,21.7076988220215,16.4028568267822,17.4282455444336
584,1225,-77.3749984707683,3.3249993044883,27.1932239532471,2010,17,227.76252746582,26.8457145690918,25.833776473999,13.8000001907349,13.8326740264893
105,477,-75.9249984491616,4.37499932013452,1204.27709960938,2022,27,23.1028823852539,14.9285717010498,18.0055694580078,15.3628568649292,15.1426429748535
423,991,-76.1249984521419,3.67499930970371,2956.97436523438,2022,35,0,15.8685712814331,17.0301609039307,15.6085710525513,15.9860181808472
521,1134,-76.3749984558672,3.47499930672347,962.728698730469,2020,23,56.8023376464844,16.5514278411865,17.8033390045166,14.3957147598267,14.678521156311
342,875,-76.3749984558672,3.82499931193888,985.87744140625,2014,38,26.1010665893555,18.1171436309814,18.5464401245117,16.4342861175537,16.3660259246826
590,1231,-77.074998466298,3.3249993044883,380.697998046875,2015,45,38.1880912780762,22.4928569793701,23.3069496154785,18.3757133483887,16.5738945007324
559,1191,-77.2249984685331,3.37499930523336,96.9115753173828,2025,21,46.5235214233398,27.0757141113281,25.1522750854492,15.3428573608398,15.0864400863647
291,804,-76.224998453632,3.924999313429,1293.07446289062,2016,47,38.3337249755859,17.7957134246826,17.5215110778809,17.5585708618164,16.5707511901855
245,751,-77.0249984655529,3.97499931417406,38.5890617370605,2021,46,39.7831993103027,23.2657146453857,23.9189758300781,11.3371429443359,12.5397462844849
319,840,-76.2749984543771,3.87499931268394,1157.02990722656,2010,22,19.1449851989746,18.5228576660156,18.2349700927734,13.710000038147,14.5468273162842
644,1305,-77.074998466298,3.22499930299818,523.903686523438,2019,12,84.7457656860352,21.332857131958,23.1035575866699,15.8071432113647,14.2323713302612
299,812,-75.8249984476715,3.924999313429,3582.49291992188,2017,22,24.1966667175293,16.3899993896484,17.2709617614746,18.5114288330078,17.2311172485352
193,675,-77.124998467043,4.07499931566417,50.9182891845703,2014,6,30.6993160247803,23.752857208252,24.7501792907715,16.0485706329346,15.5177040100098
545,1167,-76.5749984588474,3.42499930597842,1253.45971679688,2024,50,34.5897026062012,22.9457149505615,19.8455829620361,12.9514284133911,12.736499786377
287,800,-76.4249984566122,3.924999313429,1474.76770019531,2012,50,39.7381629943848,17.6971435546875,18.9979114532471,13.7185716629028,13.7134265899658
118,512,-76.0249984506518,4.32499931938946,1018.87927246094,2011,47,64.6858749389648,19.5228576660156,17.227108001709,15.8042860031128,15.5509805679321
635,1288,-76.0749984513968,3.27499930374324,3644.865234375,2011,29,28.109977722168,15.4928569793701,15.8238039016724,16.0900001525879,16.4663677215576
618,1267,-77.124998467043,3.27499930374324,160.329238891602,2020,22,236.13134765625,22.2714290618896,23.2856731414795,13.1842861175537,13.3506383895874
347,880,-76.1249984521419,3.82499931193888,2924.48999023438,2024,25,11.4585523605347,18.6585712432861,17.6899108886719,14.1071424484253,15.1680669784546
302,822,-77.1749984677881,3.87499931268394,29.5522956848145,2018,46,223.938186645508,23.7542858123779,24.9121913909912,10.3242855072021,11.3472194671631
157,616,-76.3749984558672,4.17499931715429,1537.67614746094,2015,49,56.8985862731934,18.7857151031494,20.7372283935547,13.6542854309082,14.4458312988281
220,716,-76.9249984640628,4.02499931491912,53.3857765197754,2025,49,53.9945678710938,23.4485721588135,23.7138843536377,15.3028573989868,16.1508541107178
485,1088,-76.8249984625727,3.52499930746853,1195.12939453125,2024,35,9.7783670425415,23.9071426391602,23.4209823608398,18.1200008392334,17.7589683532715
674,1352,-76.5749984588474,3.17499930225313,1018.42047119141,2012,6,32.6308135986328,19.9671421051025,17.7764492034912,13.2014284133911,13.1540050506592
465,1058,-76.4749984573573,3.57499930821359,988.337341308594,2025,12,18.866455078125,17.168571472168,19.7998867034912,15.8800001144409,15.8547191619873
112,506,-76.3249984551221,4.32499931938946,1734.82946777344,2011,24,10.5149364471436,21.7914295196533,21.1424751281738,14.9428567886353,15.3357858657837
375,919,-76.0249984506518,3.77499931119382,3203.84790039062,2025,28,10.5175333023071,18.3985710144043,16.8880844116211,15.9014282226562,15.8989934921265
348,881,-76.0749984513968,3.82499931193888,3246.38012695312,2014,11,66.6708755493164,17.4442863464355,16.9708061218262,13.6700000762939,13.7424488067627
623,1272,-76.8749984633177,3.27499930374324,1747.73608398438,2010,39,61.5400505065918,22.0371437072754,21.3743419647217,15.9642858505249,16.3469982147217
135,551,-75.9249984491616,4.27499931864441,1527.74743652344,2018,15,105.413482666016,14.4371433258057,16.9750118255615,15.1157140731812,15.3058080673218
332,865,-76.8749984633177,3.82499931193888,274.782989501953,2020,7,20.9281311035156,25.7271423339844,25.2646255493164,18.5742855072021,17.4705467224121
149,588,-75.9249984491616,4.22499931789935,1666.83215332031,2014,46,61.9021949768066,15.7700004577637,16.7068138122559,14.1014289855957,14.7285623550415
358,902,-76.8749984633177,3.77499931119382,502.203186035156,2025,22,43.8881416320801,24.4714279174805,23.9076251983643,13.9014282226562,13.1526374816895
651,1312,-76.7249984610826,3.22499930299818,2273.73974609375,2016,34,7.94921255111694,22.6800003051758,21.4836502075195,17.6214294433594,17.1999492645264
576,1208,-76.3749984558672,3.37499930523336,971.900207519531,2012,22,8.03180122375488,16.0685710906982,17.1879081726074,16.1071434020996,15.8762702941895
253,759,-76.6249984595924,3.97499931417406,1934.77416992188,2011,48,57.8426704406738,22.5885715484619,20.2573261260986,13.7157144546509,13.4483098983765
299,812,-75.8249984476715,3.924999313429,3582.49291992188,2022,15,56.6008071899414,16.7171421051025,17.5317687988281,16.084285736084,15.9206800460815
220,716,-76.9249984640628,4.02499931491912,53.3857765197754,2013,52,0,24.0785713195801,24.2987194061279,15.0900001525879,15.3997268676758
334,867,-76.7749984618276,3.82499931193888,734.865966796875,2016,19,78.1959609985352,23.9728565216064,22.5996494293213,14.957142829895,14.6088953018188
611,1260,-77.4749984722584,3.27499930374324,16.1504573822021,2012,19,167.575500488281,26.0057144165039,25.4368953704834,17.5714282989502,17.0314807891846
458,1051,-76.8249984625727,3.57499930821359,854.671569824219,2023,29,21.5203838348389,24.58571434021,24.1853084564209,16.6285705566406,16.9763813018799
573,1205,-76.5249984581023,3.37499930523336,983.987060546875,2018,46,26.029447555542,16.7299995422363,18.9797992706299,14.0799999237061,13.9961080551147
607,1248,-76.224998453632,3.3249993044883,1118.78332519531,2024,49,0,16.584285736084,16.4448471069336,13.0100002288818,14.0218448638916
203,693,-76.224998453632,4.07499931566417,965.065246582031,2015,48,17.3316688537598,19.4057140350342,19.7039337158203,13.6985712051392,15.0486755371094
420,988,-76.2749984543771,3.67499930970371,1023.16107177734,2020,19,2.61163449287415,17.4099998474121,18.4124965667725,13.8842859268188,14.2191219329834
512,1125,-76.8249984625727,3.47499930672347,1252.81640625,2025,38,55.9264221191406,22.4514293670654,21.8883838653564,14.9242858886719,15.2808265686035
599,1240,-76.6249984595924,3.3249993044883,1824.98937988281,2023,16,66.0089492797852,22.9300003051758,19.7822246551514,13.8385715484619,13.9942283630371
648,1309,-76.8749984633177,3.22499930299818,1254.04504394531,2020,37,13.3067378997803,21.8642864227295,22.3348407745361,16.8257141113281,16.230598449707
352,885,-75.8749984484166,3.82499931193888,3856.46630859375,2025,9,15.2447280883789,17.3828563690186,17.9206581115723,13.7228574752808,14.1291189193726
445,1026,-76.224998453632,3.62499930895865,1125.55969238281,2011,26,8.99305057525635,15.7628574371338,16.407642364502,16.0985717773438,16.5409908294678
136,552,-75.8749984484166,4.27499931864441,1611.0869140625,2015,48,0,15.6742858886719,18.1411457061768,16.6157150268555,15.6516466140747
155,600,-77.1749984677881,4.17499931715429,30.8549346923828,2013,38,264.260070800781,24.3199996948242,25.3263835906982,12.705714225769,13.6055507659912
54,324,-76.1749984528869,4.57499932311476,1807.22802734375,2012,24,17.5718536376953,21.2357139587402,20.4811897277832,14.0728569030762,14.4001913070679
140,579,-76.3749984558672,4.22499931789935,1777.88012695312,2025,52,41.2931632995605,18.3528575897217,20.4792423248291,12.2200002670288,13.0833759307861
356,900,-76.9749984648078,3.77499931119382,63.629997253418,2019,45,114.255844116211,23.7271423339844,23.6868019104004,15.0785713195801,13.9265289306641
134,550,-75.9749984499067,4.27499931864441,1139.69897460938,2024,31,36.6393623352051,22.3371429443359,18.6964836120605,18.0642852783203,16.7444820404053
62,359,-76.2749984543771,4.5249993223697,1527.30285644531,2014,7,34.6640090942383,20.8485717773438,20.9878826141357,14.3585710525513,14.9037981033325
595,1236,-76.8249984625727,3.3249993044883,2533.68286132812,2014,5,0,21.9057140350342,20.8872718811035,14.1628570556641,13.9890460968018
94,466,-76.4749984573573,4.37499932013452,938.381652832031,2020,27,76.0885772705078,21.2700004577637,21.7182598114014,13.6142854690552,13.7110376358032
271,784,-77.2249984685331,3.924999313429,52.9343872070312,2014,15,142.971771240234,26.5128574371338,25.4559726715088,15.6400003433228,14.5195903778076
219,715,-76.9749984648078,4.02499931491912,39.1597785949707,2012,7,115.383514404297,23.1428565979004,23.6606769561768,16.3771419525146,17.830997467041
411,979,-76.7249984610826,3.67499930970371,1444.50146484375,2011,33,29.7776927947998,22.2657146453857,21.2150020599365,15.4657144546509,15.6212205886841
85,433,-76.2749984543771,4.42499932087958,1971.39819335938,2025,27,5.32235860824585,21.6399993896484,21.261402130127,15.8257141113281,16.1795291900635
665,1343,-77.0249984655529,3.17499930225313,789.271606445312,2011,20,153.778244018555,20.6628570556641,22.3819828033447,16.7000007629395,16.2382526397705
10,141,-76.0749984513968,4.82499932684005,1619.07836914062,2012,25,31.269681930542,21.9028568267822,20.0416202545166,17.4842853546143,18.2864990234375
382,937,-76.9749984648078,3.72499931044877,57.4907684326172,2019,21,131.046798706055,22.5614280700684,23.8124923706055,15.082857131958,15.8711204528809
279,792,-76.8249984625727,3.924999313429,180.514312744141,2025,48,110.615684509277,23.6628570556641,22.998477935791,12.7185716629028,11.5792303085327
653,1314,-76.6249984595924,3.22499930299818,1270.81750488281,2015,51,34.7978363037109,22.83571434021,20.6169528961182,16.6857147216797,16.6776351928711
645,1306,-77.0249984655529,3.22499930299818,1051.82604980469,2017,12,23.8127899169922,20.6014289855957,22.5126552581787,17.3199996948242,16.058765411377
331,864,-76.9249984640628,3.82499931193888,116.476638793945,2010,26,16.1927375793457,23.8828563690186,23.7112636566162,14.3671426773071,14.6334962844849
37,255,-75.9249984491616,4.67499932460487,977.351684570312,2020,30,35.5172004699707,14.6514282226562,17.9446334838867,14.8100004196167,15.1457033157349
50,293,-75.8749984484166,4.62499932385981,1273.04272460938,2015,27,18.1778221130371,14.9371433258057,18.0377674102783,17.1028575897217,15.8854293823242
668,1346,-76.8749984633177,3.17499930225313,1258.95385742188,2025,52,76.9788208007812,20.6000003814697,21.1979827880859,13.9885711669922,13.6463689804077
660,1337,-77.3249984700232,3.17499930225313,68.7179946899414,2020,31,28.3341732025146,25.9514293670654,25.2414779663086,16.0757141113281,16.2246036529541
404,972,-77.074998466298,3.67499930970371,33.0118370056152,2021,9,0,22.4871425628662,24.1439361572266,16.1571426391602,15.3958759307861
647,1308,-76.9249984640628,3.22499930299818,1228.59436035156,2012,44,66.0258483886719,20.4328575134277,21.3823089599609,16.3600006103516,16.0955791473389
682,1386,-76.7249984610826,3.12499930150807,1441.38708496094,2024,43,0,22.0071430206299,20.9513549804688,15.3428573608398,15.0934858322144
78,401,-76.0249984506518,4.47499932162464,941.884094238281,2010,44,52.0527648925781,19.6157150268555,17.7202663421631,12.1899995803833,13.0393466949463
387,942,-76.7249984610826,3.72499931044877,1316.92004394531,2022,51,0,22.0085716247559,21.1458911895752,14.8628568649292,14.3725118637085
654,1315,-76.5749984588474,3.22499930299818,1024.43579101562,2025,37,3.34461402893066,21.7299995422363,19.2230625152588,14.874285697937,14.5876407623291
96,468,-76.3749984558672,4.37499932013452,1649.54296875,2020,13,0,21.5,21.5399875640869,12.6000003814697,12.9490661621094
487,1090,-76.7249984610826,3.52499930746853,1570.28674316406,2021,1,29.8641204833984,21.66428565979,20.2805023193359,13.872857093811,13.980357170105
616,1265,-77.2249984685331,3.27499930374324,80.242057800293,2020,26,85.6095199584961,26.2542858123779,24.2660980224609,13.8628568649292,14.1915998458862
185,662,-75.9249984491616,4.12499931640923,2200.30541992188,2022,14,61.1549263000488,16.6828575134277,17.9343490600586,16.2114276885986,15.9012432098389
327,848,-75.8749984484166,3.87499931268394,3619.875,2021,39,36.6440353393555,15.8071432113647,16.9404964447021,17.9685707092285,17.8389301300049
610,1251,-76.0749984513968,3.3249993044883,3589.83447265625,2012,42,58.3571319580078,15.1899995803833,15.8925685882568,13.044285774231,13.0542259216309
38,256,-75.8749984484166,4.67499932460487,1164.96606445312,2015,15,50.874568939209,15.374285697937,18.3481407165527,16.7000007629395,16.6542949676514
217,713,-77.074998466298,4.02499931491912,42.8142318725586,2012,31,204.153945922852,23.83571434021,24.6231136322021,13.6400003433228,14.2254600524902
589,1230,-77.124998467043,3.3249993044883,142.798477172852,2024,49,0,22.1114292144775,23.2528591156006,14.8800001144409,14.0521850585938
661,1338,-77.2749984692782,3.17499930225313,83.2518539428711,2014,45,151.629150390625,24.8400001525879,23.7629241943359,13.6599998474121,14.0329437255859
78,401,-76.0249984506518,4.47499932162464,941.884094238281,2012,11,21.8967990875244,21.9814281463623,19.2630310058594,14.4657144546509,15.8017311096191
199,689,-76.4249984566122,4.07499931566417,1927.99951171875,2020,30,29.5626430511475,17.9271430969238,19.8343906402588,15.1957139968872,14.8454999923706
679,1383,-76.8749984633177,3.12499930150807,1090.28063964844,2021,44,90.7834625244141,20.6514282226562,21.0503406524658,16.9957141876221,16.6047115325928
147,586,-76.0249984506518,4.22499931789935,1056.12963867188,2014,41,56.519603729248,17.7557144165039,17.7311973571777,14.8299999237061,14.3548021316528
604,1245,-76.3749984558672,3.3249993044883,974.757263183594,2011,32,4.24013566970825,16.0242862701416,16.9250659942627,16.4357147216797,16.3965187072754
604,1245,-76.3749984558672,3.3249993044883,974.757263183594,2016,2,61.863899230957,16.6571426391602,17.5211410522461,14.3042860031128,14.5067615509033
442,1023,-76.3749984558672,3.62499930895865,970.272277832031,2013,15,13.1257572174072,17.3242855072021,18.9044132232666,15.6971426010132,15.696270942688
448,1029,-76.0749984513968,3.62499930895865,2128.43432617188,2016,7,0,18.5042858123779,19.497875213623,14.3957147598267,15.0859403610229
514,1127,-76.7249984610826,3.47499930672347,2002.93566894531,2012,14,29.3900241851807,22.2385711669922,20.6564197540283,14.8371429443359,15.6678457260132
315,836,-76.4749984573573,3.87499931268394,1520.09106445312,2024,48,0,18.7042865753174,20.1741561889648,14.5642852783203,14.568263053894
104,476,-75.9749984499067,4.37499932013452,1041.40734863281,2012,44,44.5832748413086,20.3985710144043,17.6206588745117,18.6714286804199,17.3919734954834
170,634,-77.3249984700232,4.12499931640923,44.0760688781738,2012,50,149.625762939453,25.7657146453857,25.112865447998,11.8414287567139,12.6250696182251
210,700,-75.8749984484166,4.07499931566417,2429.47045898438,2011,9,91.0151519775391,16.0771427154541,16.5999374389648,15.2957143783569,15.6519184112549
549,1171,-76.3749984558672,3.42499930597842,966.371765136719,2018,45,26.7426166534424,16.1242866516113,17.1958122253418,15.3028573989868,15.3639965057373
353,897,-77.124998467043,3.77499931119382,15.67751121521,2020,34,51.7539329528809,23.1328563690186,23.8859195709229,13.5128574371338,13.76198387146
49,292,-75.9249984491616,4.62499932385981,1092.27197265625,2011,51,78.3132095336914,15.0671424865723,17.6442718505859,15.7642860412598,14.7400484085083
455,1048,-76.9749984648078,3.57499930821359,422.921905517578,2017,36,14.6160097122192,22.4942855834961,23.2725830078125,16.8814277648926,16.7233333587646
684,1388,-76.6249984595924,3.12499930150807,1079.39135742188,2017,31,8.52737712860107,21.3957138061523,19.1191253662109,16.168571472168,15.7184143066406
268,774,-75.8749984484166,3.97499931417406,3120.8056640625,2010,12,21.2743282318115,18.5257148742676,19.4240970611572,20.1014289855957,19.2405529022217
472,1065,-76.1249984521419,3.57499930821359,2178.15234375,2023,31,0,16.6042861938477,17.2740726470947,16.3028564453125,16.1912269592285
386,941,-76.7749984618276,3.72499931044877,1091.05712890625,2011,48,100.964294433594,21.2542858123779,20.9125499725342,13.7157144546509,13.3849639892578
424,992,-76.0749984513968,3.67499930970371,2389.328125,2014,26,0,15.9099998474121,16.9677200317383,15.7614288330078,16.145959854126
527,1140,-76.0749984513968,3.47499930672347,3530.49462890625,2020,14,21.1602935791016,17.5171432495117,18.2162685394287,15.5914287567139,15.7184629440308
228,730,-76.224998453632,4.02499931491912,992.002014160156,2020,8,41.0259399414062,19.415714263916,19.4888324737549,14.0042858123779,13.7674446105957
370,914,-76.2749984543771,3.77499931119382,1074.56494140625,2017,7,0,18.1628570556641,17.3864803314209,19.0085716247559,19.036491394043
558,1190,-77.2749984692782,3.37499930523336,64.4851531982422,2025,4,94.0173797607422,26.1857147216797,24.8057041168213,17.3400001525879,16.835506439209
674,1352,-76.5749984588474,3.17499930225313,1018.42047119141,2017,11,134.267059326172,20.5714282989502,18.2089996337891,14.9700002670288,14.9303321838379
132,548,-76.0749984513968,4.27499931864441,1007.36413574219,2016,26,13.9604663848877,21.8742866516113,18.942024230957,15.1742858886719,16.1065635681152
81,404,-75.8749984484166,4.47499932162464,1135.48974609375,2025,48,34.2456932067871,14.9242858886719,17.1923713684082,12.9271430969238,12.3988161087036
389,944,-76.6249984595924,3.72499931044877,1279.23059082031,2017,33,34.1507186889648,22.5257148742676,20.7296543121338,17.1357135772705,16.8878784179688
564,1196,-76.9749984648078,3.37499930523336,901.396423339844,2017,37,73.0091094970703,22.5157146453857,22.8014183044434,16.0714282989502,16.4777030944824
2,67,-76.0749984513968,4.92499932833016,1929.56372070312,2025,23,51.1140518188477,22.3700008392334,20.6371421813965,13.7414283752441,14.8521537780762
659,1336,-77.3749984707683,3.17499930225313,45.9602584838867,2012,12,161.514434814453,24.5900001525879,24.0566310882568,15.1371431350708,14.8480997085571
204,694,-76.1749984528869,4.07499931566417,1041.10437011719,2012,25,22.9935436248779,18.3885707855225,18.5616874694824,17.4842853546143,18.050537109375
58,328,-75.9749984499067,4.57499932311476,947.509887695312,2014,5,20.2378196716309,20.4485721588135,18.2525386810303,16.2728576660156,14.4555444717407
309,830,-76.7749984618276,3.87499931268394,701.246459960938,2012,40,150.499389648438,23.8371429443359,22.5946846008301,16.2785720825195,16.2846698760986
31,249,-76.224998453632,4.67499932460487,1546.88195800781,2011,14,40.7829666137695,20.332857131958,20.265983581543,15.9514284133911,15.8813934326172
683,1387,-76.6749984603375,3.12499930150807,1266.634765625,2021,48,151.760650634766,20.6271419525146,19.2450714111328,14.5357141494751,14.7022161483765
308,829,-76.8249984625727,3.87499931268394,336.093811035156,2018,34,57.211051940918,24.33571434021,23.5258541107178,17.1842861175537,15.9574556350708
566,1198,-76.8749984633177,3.37499930523336,1891.66418457031,2017,26,43.0214881896973,22.7914295196533,22.3849811553955,15.4357147216797,15.9146394729614
258,764,-76.3749984558672,3.97499931417406,1419.33825683594,2024,37,9.2910327911377,20.2171421051025,21.1374702453613,17.0742855072021,17.1049385070801
221,717,-76.8749984633177,4.02499931491912,79.6684188842773,2022,22,71.1591644287109,23.4785709381104,23.5132007598877,14.0342855453491,13.9202928543091
677,1381,-76.9749984648078,3.12499930150807,606.530883789062,2010,49,118.707962036133,20.0057144165039,20.9534034729004,12.8271427154541,12.7989635467529
84,432,-76.3249984551221,4.42499932087958,1796.77758789062,2019,46,56.5578918457031,20.2142848968506,20.314661026001,13.0528573989868,13.2508411407471
22,213,-76.1749984528869,4.72499932534993,1504.03527832031,2013,44,43.7105140686035,19.668571472168,19.2392063140869,14.7457141876221,14.8403186798096
25,216,-76.0249984506518,4.72499932534993,1077.3818359375,2013,44,37.8503913879395,19.668571472168,18.0217895507812,14.7457141876221,14.8206367492676
583,1224,-77.4249984715133,3.3249993044883,17.2762908935547,2025,52,0,25.832857131958,25.0385322570801,12.667142868042,12.7836399078369
463,1056,-76.5749984588474,3.57499930821359,1801.29064941406,2018,38,14.1348829269409,23.2785720825195,20.3956298828125,18.7628574371338,18.3948707580566
525,1138,-76.1749984528869,3.47499930672347,1941.87316894531,2019,11,30.0228729248047,17.2414283752441,17.5336112976074,14.0900001525879,14.5389881134033
202,692,-76.2749984543771,4.07499931566417,937.056701660156,2019,46,78.1304626464844,17.6785717010498,18.2723197937012,13.0528573989868,13.2573404312134
35,253,-76.0249984506518,4.67499932460487,940.085693359375,2018,23,24.7493133544922,21.9471435546875,19.6775417327881,13.5642852783203,14.8618755340576
92,440,-75.9249984491616,4.42499932087958,1145.52404785156,2019,8,93.3820877075195,15.8185710906982,18.4791030883789,16.75,15.6239223480225
271,784,-77.2249984685331,3.924999313429,52.9343872070312,2018,15,67.9578094482422,26.3257141113281,24.9895515441895,17.8928565979004,17.4026298522949
332,865,-76.8749984633177,3.82499931193888,274.782989501953,2012,13,83.7701263427734,24.2371425628662,23.771125793457,15.708571434021,16.2481842041016
188,670,-77.3749984707683,4.07499931566417,34.8767967224121,2016,6,35.4557113647461,26.8700008392334,26.5120086669922,13.6885709762573,14.0450983047485
11,142,-76.0249984506518,4.82499932684005,1331.10864257812,2016,25,61.6596183776855,21.832857131958,19.3376560211182,15.4542856216431,16.2090358734131
485,1088,-76.8249984625727,3.52499930746853,1195.12939453125,2014,49,77.0231323242188,22.2214279174805,21.7816734313965,13.7342853546143,13.3813676834106
597,1238,-76.7249984610826,3.3249993044883,3279.88671875,2020,28,58.4979782104492,22.5085716247559,20.4330959320068,16.1985721588135,16.3760929107666
244,750,-77.074998466298,3.97499931417406,42.0651397705078,2021,2,139.980499267578,23.5257148742676,24.3796997070312,17.0771427154541,15.6398134231567
31,249,-76.224998453632,4.67499932460487,1546.88195800781,2016,3,0,22.7557144165039,22.5864543914795,14.6157140731812,16.3051624298096
526,1139,-76.1249984521419,3.47499930672347,2649.87182617188,2023,35,22.0341415405273,17.6900005340576,18.2662925720215,18.7557144165039,19.3105373382568
678,1382,-76.9249984640628,3.12499930150807,615.463073730469,2013,18,104.013633728027,20.7042865753174,21.4835147857666,16.1214294433594,15.5228404998779
237,739,-75.7749984469265,4.02499931491912,3564.9765625,2016,19,47.458854675293,16.5871429443359,17.0873031616211,16.4042854309082,16.2928562164307
249,755,-76.8249984625727,3.97499931417406,119.161689758301,2010,20,191.150451660156,25.1128578186035,24.6402950286865,15.958571434021,14.9702014923096
637,1297,-77.4749984722584,3.22499930299818,12.6908264160156,2011,42,258.001007080078,23.5971431732178,23.9259757995605,15.3471431732178,15.2940406799316
614,1263,-77.3249984700232,3.27499930374324,68.4806976318359,2019,8,143.473159790039,25.7299995422363,24.5378684997559,17.2900009155273,16.6649589538574
424,992,-76.0749984513968,3.67499930970371,2389.328125,2019,8,26.2350234985352,16.9728565216064,17.9481391906738,15.4700002670288,16.1371669769287
526,1139,-76.1249984521419,3.47499930672347,2649.87182617188,2010,27,45.2268600463867,15.6700000762939,16.1595630645752,13.3128566741943,14.1606636047363
344,877,-76.2749984543771,3.82499931193888,1161.52758789062,2019,30,21.0436820983887,18.2814292907715,17.6832294464111,15.2685718536377,15.324631690979
86,434,-76.224998453632,4.42499932087958,1863.85180664062,2025,52,24.115608215332,21.1228580474854,20.515604019165,12.2200002670288,13.2542858123779
247,753,-76.9249984640628,3.97499931417406,55.1700057983398,2017,1,59.2406120300293,23.4685707092285,23.6336402893066,14.334285736084,13.5109920501709
515,1128,-76.6749984603375,3.47499930672347,2031.27136230469,2021,14,131.329223632812,22.9871425628662,20.8037796020508,15.4700002670288,15.3437328338623
598,1239,-76.6749984603375,3.3249993044883,2755.703125,2020,28,75.5989837646484,22.5085716247559,19.913610458374,16.1985721588135,16.3061428070068
560,1192,-77.1749984677881,3.37499930523336,83.5121688842773,2025,4,78.9216918945312,23.0314292907715,24.2785625457764,17.3400001525879,16.7102565765381
676,1376,-77.2249984685331,3.12499930150807,103.631950378418,2020,15,97.3479461669922,25.6942863464355,24.2449474334717,13.4314289093018,13.168869972229
622,1271,-76.9249984640628,3.27499930374324,1571.60046386719,2022,52,35.6491203308105,21.6914291381836,21.3520851135254,13.9714288711548,13.772310256958
516,1129,-76.6249984595924,3.47499930672347,1789.14611816406,2024,39,23.1534309387207,23.0114288330078,20.5638847351074,15.457142829895,15.2115039825439
350,883,-75.9749984499067,3.82499931193888,3143.79321289062,2012,15,48.3020706176758,17.1100006103516,16.4721145629883,13.3057146072388,14.1644039154053
535,1157,-77.074998466298,3.42499930597842,234.027435302734,2017,33,150.768371582031,22.5257148742676,23.5076580047607,14.7042856216431,15.727427482605
34,252,-76.0749984513968,4.67499932460487,1275.46557617188,2019,36,16.4409103393555,22.3442859649658,20.4925289154053,16.252857208252,17.8319187164307
684,1388,-76.6249984595924,3.12499930150807,1079.39135742188,2025,6,82.7338562011719,20.6028575897217,18.8051280975342,12.6971426010132,12.5544853210449
495,1098,-76.3249984551221,3.52499930746853,987.3486328125,2017,22,17.140380859375,16.4300003051758,17.3467464447021,15.3828573226929,15.9163961410522
331,864,-76.9249984640628,3.82499931193888,116.476638793945,2022,13,56.4620666503906,23.7342853546143,23.4839725494385,13.997142791748,14.8933181762695
84,432,-76.3249984551221,4.42499932087958,1796.77758789062,2010,4,14.6186361312866,21.8614292144775,21.8494186401367,10.8814287185669,11.6817407608032
414,982,-76.5749984588474,3.67499930970371,1476.03137207031,2015,12,15.848705291748,22.3171424865723,19.620792388916,16.2771434783936,16.3763637542725
112,506,-76.3249984551221,4.32499931938946,1734.82946777344,2024,52,46.2838401794434,20.5871429443359,20.1467323303223,12.2028570175171,12.431734085083
48,291,-75.9749984499067,4.62499932385981,915.839233398438,2011,36,3.74581360816956,20.9357147216797,18.3105564117432,16.5542850494385,16.1836032867432
235,737,-75.8749984484166,4.02499931491912,2776.21411132812,2015,32,21.4518852233887,16.7571430206299,17.5545654296875,16.9928569793701,15.5614356994629
50,293,-75.8749984484166,4.62499932385981,1273.04272460938,2011,24,17.7418766021729,14.5528573989868,17.6982669830322,17.6599998474121,16.7392444610596
446,1027,-76.1749984528869,3.62499930895865,1674.27648925781,2024,52,61.385082244873,16.0314292907715,16.7065734863281,12.418571472168,13.0520572662354
470,1063,-76.224998453632,3.57499930821359,1133.84167480469,2023,16,43.4301681518555,16.4128570556641,16.7958450317383,13.8385715484619,13.8376874923706
4,103,-76.1249984521419,4.8749993275851,2051.62963867188,2014,22,65.8808746337891,21.7071437835693,20.6212005615234,14.0885715484619,14.7994661331177
498,1101,-76.1749984528869,3.52499930746853,1742.09216308594,2018,7,34.8599319458008,16.3685722351074,16.7379970550537,14.8800001144409,14.9024133682251
635,1288,-76.0749984513968,3.27499930374324,3644.865234375,2017,52,0,15.4300003051758,15.9225873947144,12.8071432113647,13.2931966781616
456,1049,-76.9249984640628,3.57499930821359,956.927490234375,2021,39,0,22.8557147979736,23.3347988128662,17.1985721588135,17.0164928436279
215,711,-77.1749984677881,4.02499931491912,64.1255569458008,2019,50,74.9022827148438,23.6200008392334,25.0419902801514,11.5328569412231,12.90358543396
434,1015,-76.7749984618276,3.62499930895865,1478.14538574219,2025,46,53.6705093383789,22.0757141113281,21.4792404174805,13.5328569412231,13.4488620758057
538,1160,-76.9249984640628,3.42499930597842,1335.34338378906,2011,25,75.3299102783203,22.5614280700684,22.608003616333,14.7014284133911,14.8610038757324
368,912,-76.3749984558672,3.77499931119382,963.49365234375,2023,52,18.1702346801758,18.5542850494385,18.7881698608398,13.6514282226562,13.5948266983032
290,803,-76.2749984543771,3.924999313429,1044.35791015625,2022,4,7.19917345046997,18.1414279937744,18.0693130493164,14.6999998092651,14.0689163208008
476,1079,-77.2749984692782,3.52499930746853,20.7280311584473,2021,20,167.665176391602,26.3757133483887,25.257396697998,16.0914287567139,15.8240156173706
49,292,-75.9249984491616,4.62499932385981,1092.27197265625,2022,50,14.7495832443237,14.6899995803833,17.7227268218994,15.6914281845093,14.6943874359131
607,1248,-76.224998453632,3.3249993044883,1118.78332519531,2014,38,41.4999694824219,16.1471424102783,15.9915494918823,16.4342861175537,16.8118686676025
228,730,-76.224998453632,4.02499931491912,992.002014160156,2021,40,0,19.1885719299316,19.2688503265381,15.8171424865723,16.5295715332031
528,1141,-76.0249984506518,3.47499930672347,3787.95874023438,2011,21,52.373706817627,15.6714286804199,16.4230651855469,14.542857170105,15.6349182128906
668,1346,-76.8749984633177,3.17499930225313,1258.95385742188,2010,7,76.2355575561523,22.167142868042,22.6936283111572,15.6457147598267,15.1210069656372
456,1049,-76.9249984640628,3.57499930821359,956.927490234375,2017,30,63.3070068359375,22.9799995422363,23.4438877105713,14.9385709762573,14.0841360092163
77,400,-76.0749984513968,4.47499932162464,919.498229980469,2016,32,10.9176406860352,22.6857147216797,20.5114822387695,15.6085710525513,16.6561717987061
396,951,-76.2749984543771,3.72499931044877,1030.00476074219,2024,37,6.20433187484741,18.1985721588135,19.3297100067139,17.0742855072021,17.5964431762695
78,401,-76.0249984506518,4.47499932162464,941.884094238281,2020,12,0,21.5657138824463,19.2578296661377,17.6571426391602,17.1529788970947
683,1387,-76.6749984603375,3.12499930150807,1266.634765625,2023,27,34.5360298156738,21.6214294433594,20.0098247528076,14.374285697937,14.3121452331543
639,1300,-77.3249984700232,3.22499930299818,94.3567123413086,2018,17,113.692962646484,25.4571437835693,24.6648216247559,16.3928565979004,15.6417407989502
657,1324,-76.1249984521419,3.22499930299818,3007.64990234375,2015,16,30.4460868835449,15.168571472168,16.2954502105713,16.6557140350342,16.3736915588379
153,597,-77.3249984700232,4.17499931715429,8.98410320281982,2010,19,75.5424957275391,27.7614288330078,27.1901226043701,17.5242862701416,17.1092624664307
211,701,-75.8249984476715,4.07499931566417,2897.23559570312,2018,45,36.5717277526855,16.7000007629395,17.130350112915,16.0157146453857,15.7887916564941
113,507,-76.2749984543771,4.32499931938946,1652.77587890625,2022,1,38.5701637268066,20.8442859649658,20.0784378051758,11.7557144165039,12.4291410446167
672,1350,-76.6749984603375,3.17499930225313,1414.98168945312,2011,44,71.6774673461914,20.4485721588135,19.1442565917969,14.6185712814331,14.4235019683838
194,676,-77.074998466298,4.07499931566417,37.778995513916,2023,23,67.0955657958984,24.497142791748,25.5441780090332,14.7385711669922,15.0999727249146
415,983,-76.5249984581023,3.67499930970371,1516.34509277344,2012,20,19.5220069885254,15.4300003051758,19.1459045410156,13.9314289093018,14.0155534744263
31,249,-76.224998453632,4.67499932460487,1546.88195800781,2025,9,54.0189666748047,20.7757148742676,20.6194343566895,15.251428604126,14.8023271560669
552,1174,-76.224998453632,3.42499930597842,1154.78125,2020,44,26.9925518035889,16.6514282226562,16.685791015625,16.3957138061523,16.2883796691895
482,1085,-76.9749984648078,3.52499930746853,559.199157714844,2021,30,117.962966918945,22.4500007629395,23.1019344329834,14.081428527832,13.6360702514648
311,832,-76.6749984603375,3.87499931268394,1607.46252441406,2015,46,147.73698425293,24.0328578948975,21.920726776123,13.4899997711182,12.8648376464844
679,1383,-76.8749984633177,3.12499930150807,1090.28063964844,2019,11,76.8118057250977,21.8999996185303,22.1989135742188,14.0900001525879,14.4937267303467
100,472,-76.1749984528869,4.37499932013452,1157.849609375,2012,35,21.2659130096436,21.748571395874,20.145866394043,16.6014289855957,16.5835266113281
592,1233,-76.9749984648078,3.3249993044883,1232.02868652344,2013,14,94.8889617919922,23.1142864227295,23.1494464874268,14.9328575134277,15.0221691131592
502,1115,-77.3249984700232,3.47499930672347,18.8155994415283,2024,41,93.1603393554688,26.6357135772705,25.5336284637451,13.7028570175171,14.0850563049316
358,902,-76.8749984633177,3.77499931119382,502.203186035156,2015,23,25.1190299987793,23.9385719299316,23.320125579834,13.7442855834961,13.794322013855
396,951,-76.2749984543771,3.72499931044877,1030.00476074219,2023,42,18.3549766540527,16.9200000762939,18.1014938354492,15.6999998092651,15.7147169113159
215,711,-77.1749984677881,4.02499931491912,64.1255569458008,2022,8,77.5443267822266,23.7785720825195,25.1449928283691,15.7600002288818,15.3641443252563
188,670,-77.3749984707683,4.07499931566417,34.8767967224121,2013,22,175.33967590332,26.4899997711182,25.9174652099609,16.5799999237061,16.3372535705566
130,546,-76.1749984528869,4.27499931864441,924.531494140625,2022,5,25.6996479034424,20.8199996948242,19.193338394165,14.3842859268188,15.669150352478
414,982,-76.5749984588474,3.67499930970371,1476.03137207031,2013,30,8.55673503875732,23.1471424102783,20.4492931365967,16.5385723114014,16.4319171905518
484,1087,-76.8749984633177,3.52499930746853,997.434204101562,2014,50,63.1948280334473,21.8171424865723,21.8841972351074,15.710000038147,16.2936096191406
607,1248,-76.224998453632,3.3249993044883,1118.78332519531,2017,33,12.7099533081055,16.334285736084,16.2283325195312,17.1357135772705,17.716438293457
195,677,-77.0249984655529,4.07499931566417,35.3288154602051,2014,33,83.70166015625,24.9242858886719,25.4315719604492,16.2700004577637,16.2969379425049
352,885,-75.8749984484166,3.82499931193888,3856.46630859375,2013,40,15.4637298583984,16.7985706329346,17.8398151397705,19.66428565979,18.5318126678467
585,1226,-77.3249984700232,3.3249993044883,43.1082382202148,2022,9,213.500427246094,25.2871437072754,23.822452545166,15.4285717010498,14.8964242935181
587,1228,-77.2249984685331,3.3249993044883,120.872703552246,2022,27,6.56103944778442,25.9871425628662,24.1556758880615,13.9085712432861,14.1147928237915
573,1205,-76.5249984581023,3.37499930523336,983.987060546875,2022,48,9.27532577514648,15.0757141113281,17.454568862915,12.9042854309082,12.8698530197144
594,1235,-76.8749984633177,3.3249993044883,2133.19482421875,2023,36,32.810977935791,23.5485706329346,23.1030540466309,16.2614288330078,15.7398633956909
517,1130,-76.5749984588474,3.47499930672347,1410.84558105469,2011,47,24.2235527038574,21.3014278411865,18.1595649719238,15.0042858123779,15.0267429351807
582,1214,-76.0749984513968,3.37499930523336,3559.00219726562,2020,27,54.7851982116699,15.9728574752808,16.5592212677002,14.1999998092651,14.7851810455322
468,1061,-76.3249984551221,3.57499930821359,994.394287109375,2025,13,56.3679046630859,16.6371421813965,17.6107807159424,14.4242858886719,14.6174554824829
106,478,-75.8749984484166,4.37499932013452,1128.56555175781,2019,45,72.2251663208008,15.1899995803833,17.4504871368408,16.0771427154541,15.4725255966187
563,1195,-77.0249984655529,3.37499930523336,675.032287597656,2017,35,18.7653770446777,22.5214290618896,23.0808029174805,16.8885707855225,16.5921287536621
355,899,-77.0249984655529,3.77499931119382,33.2381858825684,2010,27,92.610107421875,23.4342861175537,23.5851345062256,15.1099996566772,14.5735864639282
606,1247,-76.2749984543771,3.3249993044883,1018.24938964844,2015,41,16.7940998077393,16.9414291381836,16.8921203613281,14.3171424865723,14.5425825119019
517,1130,-76.5749984588474,3.47499930672347,1410.84558105469,2022,10,39.1323051452637,22.4071426391602,19.0403518676758,16.8814277648926,17.2115592956543
275,788,-77.0249984655529,3.924999313429,27.1637363433838,2013,37,134.249649047852,23.3128566741943,23.8468742370605,14.4671430587769,14.8644104003906
234,736,-75.9249984491616,4.02499931491912,2898.54467773438,2023,8,43.1863136291504,16.3500003814697,17.3730850219727,15.6085710525513,14.9382944107056
204,694,-76.1749984528869,4.07499931566417,1041.10437011719,2018,38,12.0112943649292,19.0514278411865,19.1666774749756,17.4657135009766,18.9332962036133
32,250,-76.1749984528869,4.67499932460487,1403.42895507812,2019,12,56.3789901733398,21.3171424865723,20.7699680328369,12.1214284896851,12.3262825012207
52,322,-76.2749984543771,4.57499932311476,1385.66784667969,2024,52,54.1900863647461,20.5871429443359,20.7379322052002,12.2028570175171,12.3577527999878
494,1097,-76.3749984558672,3.52499930746853,964.829650878906,2018,40,31.8812408447266,16.3971424102783,17.6904106140137,17.7014293670654,17.6821975708008
95,467,-76.4249984566122,4.37499932013452,1373.88610839844,2018,31,38.249942779541,21.2114276885986,21.4571304321289,16.9914283752441,16.782922744751
14,175,-76.224998453632,4.77499932609499,1927.39086914062,2013,35,27.1842384338379,21.4642848968506,21.060718536377,16.2314281463623,16.8556518554688
135,551,-75.9249984491616,4.27499931864441,1527.74743652344,2021,45,0,15.5799999237061,17.922212600708,16.1828575134277,15.702787399292
443,1024,-76.3249984551221,3.62499930895865,995.829956054688,2022,10,50.4605598449707,15.5328569412231,16.8691387176514,16.8814277648926,16.8332347869873
433,1014,-76.8249984625727,3.62499930895865,1008.32122802734,2016,27,94.6259918212891,22.8542861938477,22.6687965393066,14.5557146072388,14.1061143875122
472,1065,-76.1249984521419,3.57499930821359,2178.15234375,2025,24,46.7252388000488,16.0799999237061,16.7402591705322,14.7028570175171,15.3083229064941
225,727,-76.3749984558672,4.02499931491912,1341.99377441406,2017,34,23.9660568237305,18.3428573608398,19.5566825866699,16.7757148742676,16.9801235198975
275,788,-77.0249984655529,3.924999313429,27.1637363433838,2015,41,112.024711608887,23.831428527832,24.3587093353271,16.2800006866455,15.2682266235352
136,552,-75.8749984484166,4.27499931864441,1611.0869140625,2013,40,16.7707595825195,15.0200004577637,17.556432723999,19.0057144165039,18.2381076812744
38,256,-75.8749984484166,4.67499932460487,1164.96606445312,2025,6,52.3777961730957,15.0600004196167,17.5019149780273,13.0485715866089,12.6797380447388
569,1201,-76.7249984610826,3.37499930523336,2898.4990234375,2023,17,42.5873603820801,22.8957138061523,20.9301109313965,16.1085720062256,16.4675846099854
460,1053,-76.7249984610826,3.57499930821359,1506.79833984375,2015,12,22.7563381195068,22.3171424865723,20.9088039398193,16.2771434783936,16.8129291534424
394,949,-76.3749984558672,3.72499931044877,956.173645019531,2014,17,57.5489883422852,16.5685710906982,18.7941398620605,15.5585718154907,15.6823072433472
543,1165,-76.6749984603375,3.42499930597842,2571.05322265625,2021,18,86.5923385620117,22.4128570556641,19.9576835632324,15.374285697937,15.4840602874756
175,652,-76.4249984566122,4.12499931640923,1952.27136230469,2024,25,41.406379699707,18.6585712432861,20.8101844787598,14.5128574371338,14.5069942474365
183,660,-76.0249984506518,4.12499931640923,1416.64794921875,2020,46,119.447196960449,17.5528564453125,17.5114936828613,14.2399997711182,13.9809675216675
160,619,-76.224998453632,4.17499931715429,942.686706542969,2024,17,70.8571624755859,19.167142868042,19.951208114624,14.8614282608032,15.0901222229004
429,1010,-77.0249984655529,3.62499930895865,102.140502929688,2010,41,138.417037963867,23.1614284515381,23.9628925323486,13.4671430587769,14.7755718231201
540,1162,-76.8249984625727,3.42499930597842,1463.97534179688,2012,1,30.9616260528564,21.5785713195801,20.8465976715088,13.4514284133911,13.8318395614624
337,870,-76.6249984595924,3.82499931193888,1641.71081542969,2021,9,12.4041748046875,23.9485721588135,21.2178840637207,14.6128568649292,14.8318328857422
56,326,-76.0749984513968,4.57499932311476,1005.66693115234,2021,24,44.9863510131836,20.7442855834961,19.1444644927979,15.4685716629028,15.7440557479858
518,1131,-76.5249984581023,3.47499930672347,1063.49499511719,2023,20,31.1937046051025,17.1257133483887,20.0216865539551,14.0228567123413,13.9868259429932
155,600,-77.1749984677881,4.17499931715429,30.8549346923828,2025,52,133.054870605469,23.7185707092285,25.0799255371094,11.1871433258057,12.0343046188354
600,1241,-76.5749984588474,3.3249993044883,1237.10485839844,2017,16,79.5218811035156,22.5542850494385,19.0184535980225,15.9514284133911,15.8946714401245
542,1164,-76.7249984610826,3.42499930597842,2395.0126953125,2012,20,84.5073699951172,22.3171424865723,20.4471302032471,13.9314289093018,13.9199314117432
16,177,-76.1249984521419,4.77499932609499,1759.52185058594,2019,9,4.32212066650391,21.8985710144043,20.5953426361084,14.9528570175171,14.6587648391724
158,617,-76.3249984551221,4.17499931715429,1192.64526367188,2012,13,81.741325378418,18.5242862701416,20.142972946167,14.6700000762939,15.2542448043823
585,1226,-77.3249984700232,3.3249993044883,43.1082382202148,2022,10,33.2714157104492,26.0799999237061,24.6981887817383,21.9342861175537,20.4080696105957
26,217,-75.9749984499067,4.72499932534993,914.086608886719,2020,17,28.4667835235596,21.5642852783203,19.2724113464355,16.6742858886719,16.1844234466553
332,865,-76.8749984633177,3.82499931193888,274.782989501953,2015,2,27.7367553710938,24.5599994659424,24.1204833984375,14.9328575134277,13.7516565322876
617,1266,-77.1749984677881,3.27499930374324,100.638824462891,2021,1,63.4396820068359,21.66428565979,22.9822406768799,14.4257144927979,14.1103515625
566,1198,-76.8749984633177,3.37499930523336,1891.66418457031,2013,28,6.22069978713989,22.5057144165039,22.1592674255371,14.5871429443359,13.8389759063721
650,1311,-76.7749984618276,3.22499930299818,2425.02880859375,2012,41,89.681037902832,20.7885723114014,20.4694690704346,15.3014287948608,14.7820243835449
182,659,-76.0749984513968,4.12499931640923,1389.56604003906,2015,12,39.098804473877,17.415714263916,17.5346069335938,15.8100004196167,15.7471780776978
40,258,-75.7749984469265,4.67499932460487,1251.02160644531,2024,32,45.537956237793,15.2828569412231,17.1880836486816,16.3671436309814,16.2186641693115
115,509,-76.1749984528869,4.32499931938946,977.605102539062,2016,40,23.6487464904785,20.747142791748,19.4494571685791,14.6371431350708,15.2435111999512
436,1017,-76.6749984603375,3.62499930895865,1209.05310058594,2025,43,15.7994995117188,22.1114292144775,20.6600971221924,15.415714263916,15.506365776062
542,1164,-76.7249984610826,3.42499930597842,2395.0126953125,2015,18,30.92653465271,22.9699993133545,21.2670631408691,15.9899997711182,15.6780576705933
341,874,-76.4249984566122,3.82499931193888,1383.0556640625,2018,48,32.6920852661133,17.7042865753174,18.6693286895752,13.5257139205933,13.6711282730103
460,1053,-76.7249984610826,3.57499930821359,1506.79833984375,2024,22,55.2878684997559,24.1285705566406,22.7580337524414,16.1900005340576,16.328239440918
44,287,-76.1749984528869,4.62499932385981,1565.08154296875,2018,7,18.9219226837158,21.0428562164307,20.4839286804199,12.6114282608032,13.1470308303833
200,690,-76.3749984558672,4.07499931566417,1449.77307128906,2015,33,10.0606365203857,19.3985710144043,20.7886714935303,15.8557138442993,15.7545309066772
423,991,-76.1249984521419,3.67499930970371,2956.97436523438,2022,26,26.2976150512695,15.3100004196167,16.2760562896729,14.834285736084,15.6794662475586
97,469,-76.3249984551221,4.37499932013452,1647.77099609375,2010,49,78.0086975097656,20.0414295196533,19.8243026733398,13.584285736084,13.4089546203613
42,285,-76.2749984543771,4.62499932385981,1601.16870117188,2012,39,43.1923141479492,20.9942855834961,21.201135635376,15.498571395874,15.6630840301514
34,252,-76.0749984513968,4.67499932460487,1275.46557617188,2012,35,18.7755470275879,21.748571395874,19.8633918762207,16.6014289855957,17.1454296112061
177,654,-76.3249984551221,4.12499931640923,1147.91540527344,2022,49,0,16.9757137298584,18.2276992797852,13.0257139205933,13.4507293701172
93,465,-76.5249984581023,4.37499932013452,658.717590332031,2018,45,118.160362243652,20.7600002288818,21.845516204834,15.1528568267822,15.1980257034302
208,698,-75.9749984499067,4.07499931566417,2115.47900390625,2014,33,8.5962438583374,18.7942848205566,17.9140224456787,17.2385711669922,16.5313091278076
608,1249,-76.1749984528869,3.3249993044883,1682.33666992188,2018,37,59.1786117553711,15.877142906189,16.1382846832275,14.6628570556641,14.8502511978149
85,433,-76.2749984543771,4.42499932087958,1971.39819335938,2021,44,41.8248405456543,20.8557147979736,20.5804004669189,16.9257144927979,16.8436470031738
480,1083,-77.074998466298,3.52499930746853,165.392303466797,2014,9,116.653305053711,21.9471435546875,23.2220458984375,16.2371425628662,15.2238388061523
348,881,-76.0749984513968,3.82499931193888,3246.38012695312,2024,32,8.86708068847656,18.7985706329346,17.9734497070312,14.6928567886353,15.4313325881958
225,727,-76.3749984558672,4.02499931491912,1341.99377441406,2022,2,22.5876522064209,17.497142791748,18.7790679931641,14.5228567123413,14.8636388778687
253,759,-76.6249984595924,3.97499931417406,1934.77416992188,2010,20,63.3479919433594,25.1128578186035,22.974100112915,15.958571434021,15.4180793762207
595,1236,-76.8249984625727,3.3249993044883,2533.68286132812,2010,4,21.250904083252,22.8257141113281,21.85693359375,12.9899997711182,12.923282623291
316,837,-76.4249984566122,3.87499931268394,1391.37622070312,2024,10,0,20.41428565979,21.3074569702148,14.8371429443359,14.5244340896606
450,1043,-77.2249984685331,3.57499930821359,36.294807434082,2024,34,51.6748657226562,26.3157138824463,25.131383895874,13,13.4358797073364
419,987,-76.3249984551221,3.67499930970371,988.557006835938,2021,8,52.1767463684082,16.6271419525146,18.1014213562012,15.7399997711182,15.521409034729
503,1116,-77.2749984692782,3.47499930672347,33.4105911254883,2025,17,59.4844245910645,27.0200004577637,25.4250965118408,17.6800003051758,16.8938751220703
38,256,-75.8749984484166,4.67499932460487,1164.96606445312,2010,48,70.4249572753906,14.3971424102783,16.4910583496094,14.7299995422363,14.2173280715942
462,1055,-76.6249984595924,3.57499930821359,1567.6259765625,2025,34,30.6635684967041,23.0471420288086,20.753511428833,15.708571434021,15.6739158630371
560,1192,-77.1749984677881,3.37499930523336,83.5121688842773,2019,25,72.0950698852539,23.8099994659424,25.2164192199707,11.127142906189,12.067214012146
292,805,-76.1749984528869,3.924999313429,1807.48754882812,2020,22,23.0757751464844,18.2728576660156,17.847957611084,13.0271425247192,13.9052753448486
432,1013,-76.8749984633177,3.62499930895865,598.751647949219,2022,1,86.3253936767578,22.1457138061523,22.4571266174316,12.3942861557007,11.9010963439941
323,844,-76.0749984513968,3.87499931268394,2526.13598632812,2023,44,43.1890678405762,18.1571426391602,17.602855682373,15.4499998092651,15.1098499298096
483,1086,-76.9249984640628,3.52499930746853,962.422607421875,2021,35,76.4930419921875,22.3799991607666,22.7558517456055,15.8928575515747,16.0378971099854
279,792,-76.8249984625727,3.924999313429,180.514312744141,2016,28,32.3021049499512,24.2871437072754,23.636890411377,16.3271427154541,14.8645877838135
161,620,-76.1749984528869,4.17499931715429,968.035400390625,2013,50,31.3991222381592,18.1757144927979,18.7258186340332,12.9785718917847,14.5402717590332
553,1175,-76.1749984528869,3.42499930597842,1738.416015625,2010,29,35.92626953125,16.0214290618896,16.100830078125,14.9357147216797,15.8591804504395
110,504,-76.4249984566122,4.32499931938946,1558.78186035156,2015,48,62.9041938781738,22.1985721588135,22.2942790985107,13.6985712051392,14.2141618728638
679,1383,-76.8749984633177,3.12499930150807,1090.28063964844,2025,16,18.9363651275635,21.9228572845459,22.3156967163086,14.7985715866089,14.2292432785034
543,1165,-76.6749984603375,3.42499930597842,2571.05322265625,2013,24,0,22.9285717010498,20.5519218444824,15.167142868042,15.0201177597046
680,1384,-76.8249984625727,3.12499930150807,1833.25561523438,2015,32,32.2743072509766,22.1871433258057,21.9469394683838,14.7642860412598,13.7127895355225
327,848,-75.8749984484166,3.87499931268394,3619.875,2014,18,33.3778953552246,16.7114276885986,17.6269264221191,18.3971424102783,16.7730617523193
565,1197,-76.9249984640628,3.37499930523336,1399.70300292969,2018,22,74.1954574584961,22.9385719299316,22.8783321380615,15.4871425628662,15.234691619873
11,142,-76.0249984506518,4.82499932684005,1331.10864257812,2022,5,16.5576934814453,21.25,19.2658519744873,14.3842859268188,16.376823425293
551,1173,-76.2749984543771,3.42499930597842,1015.86108398438,2022,11,7.47303056716919,16.3028564453125,16.3889083862305,16.5100002288818,16.6024265289307
366,910,-76.4749984573573,3.77499931119382,1487.794921875,2014,48,0,18.5942859649658,19.7413063049316,15.6385717391968,15.4438648223877
146,585,-76.0749984513968,4.22499931789935,1072.90844726562,2013,26,23.5489654541016,17.9857139587402,18.2389755249023,13.5571432113647,15.1020393371582
273,786,-77.124998467043,3.924999313429,32.9652671813965,2017,15,56.5885620117188,24.3114280700684,25.1930351257324,16.4657135009766,15.9447746276855
634,1287,-76.1249984521419,3.27499930374324,2786.06616210938,2014,44,64.9041748046875,15.9428567886353,16.2930946350098,15.2399997711182,15.7214488983154
679,1383,-76.8749984633177,3.12499930150807,1090.28063964844,2025,47,112.768127441406,20.752857208252,21.1196269989014,13.5271425247192,13.3752021789551
502,1115,-77.3249984700232,3.47499930672347,18.8155994415283,2021,17,59.1930313110352,26.1971435546875,25.0579719543457,15.6571426391602,15.4502487182617
225,727,-76.3749984558672,4.02499931491912,1341.99377441406,2025,19,42.9621734619141,18.8999996185303,20.2276821136475,14.7571430206299,15.0490951538086
416,984,-76.4749984573573,3.67499930970371,1266.03271484375,2025,28,14.3473224639893,15.7399997711182,19.0850257873535,15.9014282226562,15.9387130737305
445,1026,-76.224998453632,3.62499930895865,1125.55969238281,2010,42,14.274585723877,15.6199998855591,16.1713447570801,14.1800003051758,14.4406795501709
50,293,-75.8749984484166,4.62499932385981,1273.04272460938,2015,22,4.32743072509766,14.960000038147,17.8754119873047,15.4514284133911,15.3210945129395
486,1089,-76.7749984618276,3.52499930746853,1344.21545410156,2024,15,15.7034187316895,24.4885711669922,23.567440032959,17.3428573608398,17.2925930023193
580,1212,-76.1749984528869,3.37499930523336,1846.11926269531,2020,27,4.51873588562012,15.9728574752808,16.0900783538818,14.1999998092651,14.6358947753906
35,253,-76.0249984506518,4.67499932460487,940.085693359375,2012,34,33.5955963134766,20.9614276885986,18.8621997833252,16.7900009155273,16.9942302703857
266,772,-75.9749984499067,3.97499931417406,3218.48510742188,2017,25,66.1231842041016,18.2614288330078,17.2330093383789,15.5628566741943,15.3900089263916
435,1016,-76.7249984610826,3.62499930895865,1506.36157226562,2021,40,34.0285377502441,22.9114284515381,21.8487129211426,16.0185718536377,15.8571882247925
197,679,-76.9249984640628,4.07499931566417,50.095085144043,2010,17,130.805404663086,24.7985706329346,25.0461559295654,14.0100002288818,13.6184244155884
156,615,-76.4249984566122,4.17499931715429,2304.2626953125,2020,14,0,19.7014293670654,21.8187561035156,14.2385711669922,14.793586730957
637,1297,-77.4749984722584,3.22499930299818,12.6908264160156,2022,15,80.9845275878906,25.6542854309082,25.9577922821045,15.2028570175171,15.1556949615479
139,578,-76.4249984566122,4.22499931789935,2460.28784179688,2018,8,15.00168800354,17.3700008392334,20.1412868499756,15.877142906189,15.9603147506714
126,542,-76.3749984558672,4.27499931864441,1886.16650390625,2019,27,19.5767478942871,21.9042854309082,21.2399005889893,16.7414283752441,16.8686046600342
385,940,-76.8249984625727,3.72499931044877,1343.96459960938,2014,47,97.6405334472656,21.5771427154541,21.7189235687256,13.7342853546143,13.2893533706665
277,790,-76.9249984640628,3.924999313429,75.8914642333984,2023,10,52.538143157959,23.4099998474121,23.3898773193359,12.3057146072388,12.7318820953369
127,543,-76.3249984551221,4.27499931864441,1862.18957519531,2023,30,17.9856605529785,22.5599994659424,21.649923324585,16.6057147979736,16.5711574554443
161,620,-76.1749984528869,4.17499931715429,968.035400390625,2016,41,58.2468681335449,17.918571472168,18.424825668335,15.1442861557007,15.0542268753052
210,700,-75.8749984484166,4.07499931566417,2429.47045898438,2017,26,6.88363122940063,15.75,16.8939476013184,16.4557151794434,16.5181655883789
326,847,-75.9249984491616,3.87499931268394,3033.53002929688,2011,7,42.5058860778809,16.1185722351074,16.6884994506836,14.794285774231,14.3850231170654
415,983,-76.5249984581023,3.67499930970371,1516.34509277344,2024,34,6.98811721801758,17.4242858886719,20.6150379180908,14.834285736084,14.760950088501
126,542,-76.3749984558672,4.27499931864441,1886.16650390625,2025,10,19.6268692016602,19.9942855834961,19.9232711791992,14.7299995422363,14.5444536209106
621,1270,-76.9749984648078,3.27499930374324,1228.84057617188,2020,8,90.9317932128906,23.4242858886719,23.326286315918,13.1899995803833,13.0337905883789
681,1385,-76.7749984618276,3.12499930150807,1989.61437988281,2010,42,46.5438499450684,20.1771430969238,19.6467990875244,14.1800003051758,13.5102157592773
266,772,-75.9749984499067,3.97499931417406,3218.48510742188,2014,13,30.3118228912354,19.0157146453857,18.380521774292,18.6214294433594,17.7682304382324
492,1095,-76.4749984573573,3.52499930746853,953.00390625,2015,15,59.266902923584,16.6842861175537,19.1208953857422,16.5914287567139,16.5839748382568
131,547,-76.1249984521419,4.27499931864441,934.678955078125,2021,36,30.3895034790039,21.5200004577637,19.3463020324707,17.1385707855225,17.0846385955811
260,766,-76.2749984543771,3.97499931417406,957.653869628906,2010,22,10.3692073822021,18.5228576660156,18.6296558380127,13.710000038147,14.6468954086304
212,706,-77.4249984715133,4.02499931491912,17.280309677124,2013,23,189.729263305664,26.6771430969238,26.3720817565918,12.4457139968872,12.518759727478
405,973,-77.0249984655529,3.67499930970371,64.2014541625977,2025,4,23.2677707672119,23.0314292907715,24.1268081665039,17.3400001525879,16.1976985931396
172,636,-77.2249984685331,4.12499931640923,44.725414276123,2011,24,72.7485656738281,26.918571472168,25.8798084259033,13.4228572845459,13.5346984863281
329,862,-77.0249984655529,3.82499931193888,19.4706172943115,2022,16,80.4672317504883,23.6628570556641,23.9292507171631,14.2542858123779,14.2119741439819
471,1064,-76.1749984528869,3.57499930821359,1674.81616210938,2019,6,24.4301452636719,16.8428573608398,17.3879508972168,13.3500003814697,13.6767330169678
561,1193,-77.124998467043,3.37499930523336,91.8039016723633,2020,46,69.8974151611328,21.8128566741943,23.1372013092041,14.8928575515747,14.6316728591919
484,1087,-76.8749984633177,3.52499930746853,997.434204101562,2024,43,23.5318450927734,23.2642860412598,23.3203411102295,15.3428573608398,14.5821857452393
115,509,-76.1749984528869,4.32499931938946,977.605102539062,2011,37,46.8525810241699,21.2685718536377,19.4775485992432,17.6828575134277,17.7625370025635
193,675,-77.124998467043,4.07499931566417,50.9182891845703,2012,47,120.080238342285,23.418571472168,24.5398216247559,13.4285717010498,13.6608753204346
554,1176,-76.1249984521419,3.42499930597842,2421.17333984375,2011,12,26.5959033966064,15.5071430206299,15.8936061859131,14.955714225769,14.8221597671509
110,504,-76.4249984566122,4.32499931938946,1558.78186035156,2020,27,69.0998840332031,21.2700004577637,21.2208881378174,13.6142854690552,13.7894945144653
92,440,-75.9249984491616,4.42499932087958,1145.52404785156,2020,43,46.0314254760742,15.4399995803833,18.2192649841309,16.2199993133545,15.6850185394287
303,823,-77.124998467043,3.87499931268394,18.5444183349609,2019,22,65.3331909179688,23.6842861175537,24.6704902648926,13.6800003051758,13.629979133606
12,143,-75.9749984499067,4.82499932684005,1023.81231689453,2019,25,39.1393814086914,22.5614280700684,19.260274887085,15.5214281082153,14.6511545181274
434,1015,-76.7749984618276,3.62499930895865,1478.14538574219,2023,21,62.7257194519043,22.9885711669922,22.4327411651611,14.2171430587769,14.6542482376099
280,793,-76.7749984618276,3.924999313429,382.861480712891,2013,10,28.4202423095703,24.5614280700684,23.5110683441162,15.3242855072021,14.9516315460205
604,1245,-76.3749984558672,3.3249993044883,974.757263183594,2016,42,47.2478141784668,16.9457149505615,17.7627716064453,16.4028568267822,16.7302627563477
657,1324,-76.1249984521419,3.22499930299818,3007.64990234375,2018,44,32.6084518432617,14.8271427154541,16.033052444458,14.9628572463989,15.3974170684814
244,750,-77.074998466298,3.97499931417406,42.0651397705078,2011,44,285.474548339844,23.1485710144043,23.9411315917969,11.8371429443359,12.7204618453979
304,825,-77.0249984655529,3.87499931268394,14.0575695037842,2010,30,50.3639831542969,23.7371425628662,24.1248912811279,14.0500001907349,14.1223497390747
6,105,-76.0249984506518,4.8749993275851,1470.26306152344,2020,1,10.7562704086304,21.7014293670654,19.7985153198242,16.5714282989502,18.0865955352783
543,1165,-76.6749984603375,3.42499930597842,2571.05322265625,2011,13,38.6261329650879,22.8114280700684,20.5240173339844,16.5200004577637,16.4192523956299
172,636,-77.2249984685331,4.12499931640923,44.725414276123,2014,46,274.084320068359,25.9414291381836,24.7726783752441,16.3142852783203,15.5809803009033
34,252,-76.0749984513968,4.67499932460487,1275.46557617188,2023,43,23.2422618865967,20.8785705566406,19.5265789031982,13.9528570175171,14.0409593582153
375,919,-76.0249984506518,3.77499931119382,3203.84790039062,2013,41,12.0553064346313,17.8657150268555,17.2413215637207,13.9128570556641,14.5065793991089
295,808,-76.0249984506518,3.924999313429,2543.1728515625,2017,26,9.55834007263184,18.4085712432861,17.3266372680664,15.4357147216797,16.379919052124
626,1275,-76.7249984610826,3.27499930374324,2760.34399414062,2010,37,23.1837215423584,22.4385719299316,20.4160575866699,16.1814289093018,15.5909376144409
505,1118,-77.1749984677881,3.47499930672347,52.6558036804199,2021,26,67.6465606689453,22.3600006103516,24.0724411010742,16.8057136535645,16.4092254638672
610,1251,-76.0749984513968,3.3249993044883,3589.83447265625,2020,50,41.4201545715332,16.5657138824463,17.3366432189941,15.957142829895,17.0349082946777
1,30,-76.0749984513968,4.97499932907522,2018.1494140625,2011,12,60.2383155822754,20.6200008392334,19.1905860900879,14.7714281082153,14.7982063293457
303,823,-77.124998467043,3.87499931268394,18.5444183349609,2018,7,83.7397537231445,23.7085704803467,24.424991607666,16.4014282226562,14.6168985366821
423,991,-76.1249984521419,3.67499930970371,2956.97436523438,2025,5,13.549352645874,17.0771427154541,18.0551147460938,14.8871431350708,15.2633647918701
335,868,-76.7249984610826,3.82499931193888,1374.62133789062,2022,17,46.3429946899414,23.9242858886719,21.9953937530518,14.7114286422729,15.512864112854
522,1135,-76.3249984551221,3.47499930672347,978.887817382812,2021,42,65.4424514770508,16.3400001525879,17.0083122253418,15.7557144165039,16.0427188873291
246,752,-76.9749984648078,3.97499931417406,38.8596954345703,2018,36,88.8627548217773,24.0342864990234,24.3796901702881,15.542857170105,16.0986061096191
48,291,-75.9749984499067,4.62499932385981,915.839233398438,2018,1,49.8455581665039,20.0142860412598,17.7865142822266,16.0285720825195,15.8089065551758
347,880,-76.1249984521419,3.82499931193888,2924.48999023438,2015,24,9.63427066802979,19.0057144165039,17.9944095611572,15.8171424865723,16.1309108734131
235,737,-75.8749984484166,4.02499931491912,2776.21411132812,2016,28,3.35367465019226,16.2314281463623,17.2378787994385,18.497142791748,17.5817794799805
625,1274,-76.7749984618276,3.27499930374324,2670.37817382812,2010,30,0,22.6471424102783,20.9476699829102,14.289999961853,14.1316213607788
565,1197,-76.9249984640628,3.37499930523336,1399.70300292969,2021,10,80.1024551391602,22.4028568267822,22.3024597167969,12.584285736084,13.2225017547607
658,1325,-76.0749984513968,3.22499930299818,3761.01391601562,2019,33,3.09803986549377,15.002857208252,16.759069442749,15.6814289093018,14.5699110031128
387,942,-76.7249984610826,3.72499931044877,1316.92004394531,2018,5,32.8565673828125,22.9371433258057,22.2567863464355,15.3685712814331,14.6364479064941
66,363,-76.0749984513968,4.5249993223697,936.696350097656,2010,20,31.9570941925049,22.7171421051025,20.9257698059082,15.4099998474121,16.6011447906494
146,585,-76.0749984513968,4.22499931789935,1072.90844726562,2012,7,33.0002746582031,16.9500007629395,17.5506000518799,16.3771419525146,17.9298267364502
429,1010,-77.0249984655529,3.62499930895865,102.140502929688,2014,14,87.9016418457031,23.1499996185303,24.1047058105469,14.0900001525879,14.9486789703369
614,1263,-77.3249984700232,3.27499930374324,68.4806976318359,2013,10,144.614166259766,26.2985706329346,25.1326389312744,15.9842853546143,15.5912866592407
145,584,-76.1249984521419,4.22499931789935,994.6552734375,2021,14,62.0519332885742,18.8142852783203,19.3136138916016,14.3100004196167,14.9804706573486
167,626,-75.8749984484166,4.17499931715429,2064.24365234375,2015,30,34.8849105834961,16.2542858123779,17.4542465209961,17.9657135009766,16.9342002868652
514,1127,-76.7249984610826,3.47499930672347,2002.93566894531,2016,19,53.0452423095703,22.5628566741943,21.0718669891357,14.957142829895,14.8744277954102
445,1026,-76.224998453632,3.62499930895865,1125.55969238281,2017,17,39.302848815918,16.6599998474121,17.2649421691895,15.082857131958,15.8785724639893
271,784,-77.2249984685331,3.924999313429,52.9343872070312,2022,21,96.3499755859375,27.0242862701416,25.6111888885498,13.9285717010498,14.0734233856201
642,1303,-77.1749984677881,3.22499930299818,127.398765563965,2013,27,117.168006896973,21.1599998474121,23.4535846710205,15.9714288711548,15.6414966583252
640,1301,-77.2749984692782,3.22499930299818,80.1293792724609,2017,10,83.7422027587891,25.3785705566406,24.2837734222412,16.5414295196533,15.436840057373
582,1214,-76.0749984513968,3.37499930523336,3559.00219726562,2014,15,8.67982387542725,16.6957149505615,17.2847785949707,15.7785711288452,15.8199682235718
654,1315,-76.5749984588474,3.22499930299818,1024.43579101562,2016,51,24.1125679016113,20.2800006866455,18.2706699371338,13.5900001525879,13.7374219894409
437,1018,-76.6249984595924,3.62499930895865,1478.58081054688,2010,34,3.540691614151,22.6871433258057,20.4449119567871,13.2871427536011,13.4901552200317
397,952,-76.224998453632,3.72499931044877,1356.76586914062,2011,6,0,15.5914287567139,16.4991512298584,12.4242858886719,12.981650352478
423,991,-76.1249984521419,3.67499930970371,2956.97436523438,2011,27,23.7745876312256,15.748571395874,16.7299842834473,14.6499996185303,15.5767431259155
472,1065,-76.1249984521419,3.57499930821359,2178.15234375,2022,37,3.44107389450073,16.3271427154541,17.1768188476562,14.167142868042,15.0677480697632
170,634,-77.3249984700232,4.12499931640923,44.0760688781738,2013,40,219.26513671875,26.2099990844727,25.5908374786377,17.0100002288818,16.8756866455078
465,1058,-76.4749984573573,3.57499930821359,988.337341308594,2022,11,7.45832681655884,16.3028564453125,18.8916168212891,16.5100002288818,16.5889644622803
391,946,-76.5249984581023,3.72499931044877,1427.79724121094,2019,11,28.8065795898438,17.2414283752441,20.5239276885986,14.0900001525879,13.811017036438
558,1190,-77.2749984692782,3.37499930523336,64.4851531982422,2018,21,126.937728881836,26.08571434021,24.4521312713623,16.0057144165039,15.4525814056396
398,953,-76.1749984528869,3.72499931044877,2102.953125,2018,1,0,15.4085712432861,16.4183197021484,15.3000001907349,15.6580791473389
102,474,-76.0749984513968,4.37499932013452,931.21435546875,2022,10,80.2039184570312,20.5328578948975,18.5619010925293,18.2571430206299,17.2094478607178
205,695,-76.1249984521419,4.07499931566417,1224.22973632812,2014,16,17.7522640228271,18.6285705566406,18.5114765167236,14.9814281463623,15.5746755599976
143,582,-76.224998453632,4.22499931789935,971.425109863281,2024,29,6.03688716888428,18.9871425628662,20.3497772216797,15.9042854309082,16.3056697845459
459,1052,-76.7749984618276,3.57499930821359,1123.77429199219,2015,18,27.4854583740234,22.9699993133545,22.176851272583,15.9899997711182,15.597526550293
477,1080,-77.2249984685331,3.52499930746853,39.6812057495117,2020,48,111.286865234375,26.0285720825195,24.3634376525879,11.7200002670288,12.4404582977295
298,811,-75.8749984484166,3.924999313429,3357.85034179688,2012,31,17.4343090057373,16.4457149505615,17.1798839569092,15.5200004577637,15.7132549285889
150,589,-75.8749984484166,4.22499931789935,2000.95092773438,2024,12,29.2759666442871,18.9699993133545,19.3330345153809,16.7171421051025,16.1352081298828
368,912,-76.3749984558672,3.77499931119382,963.49365234375,2025,37,0,19.0428562164307,19.1078109741211,14.874285697937,15.1607646942139
550,1172,-76.3249984551221,3.42499930597842,983.023986816406,2018,7,52.7188110351562,16.3685722351074,16.9289817810059,14.8800001144409,14.8839645385742
358,902,-76.8749984633177,3.77499931119382,502.203186035156,2019,18,51.9077072143555,24.8714294433594,24.2992687225342,16.252857208252,15.5115795135498
195,677,-77.0249984655529,4.07499931566417,35.3288154602051,2025,1,41.943531036377,23.0428562164307,23.8346614837646,12.918571472168,13.4930238723755
361,905,-76.7249984610826,3.77499931119382,987.20703125,2014,50,64.3070526123047,23.1585712432861,21.0790824890137,15.710000038147,15.8397064208984
455,1048,-76.9749984648078,3.57499930821359,422.921905517578,2024,26,103.648788452148,22.7328567504883,23.5265979766846,14.3971424102783,14.1616153717041
671,1349,-76.7249984610826,3.17499930225313,1801.310546875,2010,44,130.179000854492,19.7642860412598,18.9842185974121,13.3785715103149,13.2108888626099
211,701,-75.8249984476715,4.07499931566417,2897.23559570312,2024,21,22.5135612487793,17.3371429443359,18.1386299133301,15.6300001144409,14.8142986297607
213,707,-77.3749984707683,4.02499931491912,29.9297866821289,2016,31,215.436538696289,26.582857131958,26.0865077972412,12.127142906189,12.4620523452759
481,1084,-77.0249984655529,3.52499930746853,420.870574951172,2022,23,131.611114501953,21.5557136535645,22.6252708435059,14.4799995422363,14.1280632019043
544,1166,-76.6249984595924,3.42499930597842,1881.70971679688,2014,8,35.6877975463867,21.7442855834961,19.2347412109375,12.6942853927612,12.6161708831787
3,68,-76.0249984506518,4.92499932833016,1489.58618164062,2022,24,61.783275604248,20.6399993896484,18.6820659637451,13.6628570556641,13.8538064956665
560,1192,-77.1749984677881,3.37499930523336,83.5121688842773,2018,29,46.1815414428711,22.9285717010498,24.302604675293,12.9071426391602,13.2991981506348
375,919,-76.0249984506518,3.77499931119382,3203.84790039062,2016,24,9.09831047058105,18.4014282226562,17.0739517211914,15.2285718917847,16.265832901001
180,657,-76.1749984528869,4.12499931640923,997.589050292969,2012,11,39.5475769042969,18.5528564453125,18.9464435577393,14.4657144546509,15.6442441940308
55,325,-76.1249984521419,4.57499932311476,1418.26391601562,2016,43,48.556999206543,20.4428577423096,19.4673728942871,14.3914289474487,15.1974811553955
116,510,-76.1249984521419,4.32499931938946,918.968994140625,2024,28,3.62994074821472,22.0328578948975,19.7671966552734,17.3228569030762,17.6461753845215
544,1166,-76.6249984595924,3.42499930597842,1881.70971679688,2012,6,11.9224796295166,21.6428565979004,18.9448833465576,13.2014284133911,13.3486757278442
199,689,-76.4249984566122,4.07499931566417,1927.99951171875,2016,2,99.246223449707,18.3757133483887,20.3901309967041,12.4842853546143,13.4984722137451
587,1228,-77.2249984685331,3.3249993044883,120.872703552246,2011,50,220.919403076172,24.6214294433594,22.5584335327148,11.7971429824829,11.9781179428101
516,1129,-76.6249984595924,3.47499930672347,1789.14611816406,2011,5,16.6204719543457,22.2185707092285,19.637825012207,15.4700002670288,15.6306457519531
473,1066,-76.0749984513968,3.57499930821359,2664.85620117188,2012,5,0,15.5714282989502,16.5069980621338,14.4757146835327,15.8888120651245
93,465,-76.5249984581023,4.37499932013452,658.717590332031,2019,16,115.567222595215,21.2014293670654,22.2861309051514,13.7171430587769,13.862621307373
651,1312,-76.7249984610826,3.22499930299818,2273.73974609375,2022,47,67.5603485107422,20.5257148742676,19.8655281066895,14.3885717391968,13.8524723052979
278,791,-76.8749984633177,3.924999313429,108.119552612305,2023,8,80.8623275756836,24.1142864227295,23.9134845733643,13.8214282989502,13.8193511962891
34,252,-76.0749984513968,4.67499932460487,1275.46557617188,2010,11,26.2136211395264,22.25,20.6128063201904,14.8400001525879,15.4809656143188
191,673,-77.2249984685331,4.07499931566417,26.1690692901611,2016,42,233.287963867188,26.1371421813965,25.0416164398193,11.7799997329712,13.3898572921753
133,549,-76.0249984506518,4.27499931864441,1024.43237304688,2020,51,24.964786529541,21.001428604126,18.5365753173828,13.9928569793701,15.2669477462769
199,689,-76.4249984566122,4.07499931566417,1927.99951171875,2016,51,8.11367702484131,17.8942852020264,19.7531661987305,12.7357139587402,13.2541465759277
542,1164,-76.7249984610826,3.42499930597842,2395.0126953125,2012,44,45.6316184997559,21.8385715484619,20.2146472930908,16.3600006103516,16.2771492004395
409,977,-76.8249984625727,3.67499930970371,1230.88500976562,2017,3,82.2138137817383,21.6842861175537,21.7783851623535,15.1571426391602,15.6457681655884
204,694,-76.1749984528869,4.07499931566417,1041.10437011719,2011,16,97.7328414916992,17.2314281463623,17.3725490570068,15.4899997711182,15.2846088409424
612,1261,-77.4249984715133,3.27499930374324,16.776762008667,2023,41,289.187194824219,27.1414279937744,26.217752456665,14.8271427154541,14.9430418014526
149,588,-75.9249984491616,4.22499931789935,1666.83215332031,2018,31,70.0948104858398,15.5085716247559,17.1157360076904,15.8085718154907,16.3127288818359
657,1324,-76.1249984521419,3.22499930299818,3007.64990234375,2025,7,62.4361267089844,14.9642858505249,16.1340084075928,13.5471429824829,13.6426391601562
467,1060,-76.3749984558672,3.57499930821359,969.375061035156,2017,13,48.7893447875977,16.0057144165039,17.4981689453125,13.9700002670288,14.4056644439697
64,361,-76.1749984528869,4.5249993223697,1640.04479980469,2023,6,0,22.0142860412598,21.2184257507324,13.955714225769,15.3350839614868
503,1116,-77.2749984692782,3.47499930672347,33.4105911254883,2011,30,49.0069961547852,26.0100002288818,24.7504367828369,11.957142829895,12.4348211288452
282,795,-76.6749984603375,3.924999313429,1065.53100585938,2018,43,43.9909782409668,23.5728569030762,21.6874046325684,15.4314289093018,15.1834373474121
261,767,-76.224998453632,3.97499931417406,1103.67211914062,2017,9,34.4528160095215,17.7857151031494,17.6551074981689,15.3157138824463,15.2002258300781
529,1151,-77.3749984707683,3.42499930597842,14.0463418960571,2013,6,266.364685058594,24.7642860412598,24.0162048339844,13.0642852783203,12.8837432861328
534,1156,-77.124998467043,3.42499930597842,71.2607345581055,2025,4,51.9894943237305,23.0314292907715,24.1262474060059,17.3400001525879,16.7066497802734
665,1343,-77.0249984655529,3.17499930225313,789.271606445312,2020,27,56.0418739318848,21.0357151031494,22.3905467987061,14.5285711288452,14.1968250274658
228,730,-76.224998453632,4.02499931491912,992.002014160156,2012,50,39.6089401245117,17.6971435546875,17.7874374389648,13.2571430206299,14.1561946868896
136,552,-75.8749984484166,4.27499931864441,1611.0869140625,2016,27,45.2297058105469,14.8571424484253,17.3745727539062,15.4414281845093,15.0555276870728
398,953,-76.1749984528869,3.72499931044877,2102.953125,2011,22,0,15.7214288711548,16.7846279144287,12.9799995422363,13.4753370285034
158,617,-76.3249984551221,4.17499931715429,1192.64526367188,2016,2,98.6356506347656,18.3757133483887,19.9469318389893,12.4842853546143,13.6658296585083
351,884,-75.9249984491616,3.82499931193888,3613.14111328125,2012,39,8.18504905700684,16.001428604126,17.1574077606201,15.627142906189,16.1921730041504
593,1234,-76.9249984640628,3.3249993044883,1683.08374023438,2016,22,86.6710052490234,22.6528568267822,22.5085887908936,14.0471429824829,13.2384300231934
414,982,-76.5749984588474,3.67499930970371,1476.03137207031,2022,12,0,22.3542861938477,20.2167816162109,14.8485717773438,15.0029325485229
665,1343,-77.0249984655529,3.17499930225313,789.271606445312,2011,40,150.492309570312,20.2928562164307,21.8909492492676,14.707142829895,14.827995300293
495,1098,-76.3249984551221,3.52499930746853,987.3486328125,2025,34,10.6430463790894,16.6628570556641,17.5446929931641,15.708571434021,15.8358469009399
464,1057,-76.5249984581023,3.57499930821359,1349.96069335938,2021,19,26.2616729736328,16.5614280700684,19.8210182189941,16.4357147216797,16.3862171173096
579,1211,-76.224998453632,3.37499930523336,1127.34692382812,2012,31,0,15.8185710906982,15.6934366226196,15.5299997329712,15.3720035552979
122,516,-75.8249984476715,4.32499931938946,1276.90734863281,2019,40,34.3541488647461,15.3957147598267,17.1576690673828,17.0528564453125,16.8260498046875
433,1014,-76.8249984625727,3.62499930895865,1008.32122802734,2010,12,27.246166229248,24.4914283752441,24.3157844543457,17.8471431732178,18.3507385253906
381,936,-77.0249984655529,3.72499931044877,38.0001258850098,2021,45,0,21.8099994659424,23.2991981506348,13.3971424102783,14.1571807861328
97,469,-76.3249984551221,4.37499932013452,1647.77099609375,2013,51,0,19.9757137298584,19.8475284576416,11.7299995422363,11.9019117355347
377,921,-75.9249984491616,3.77499931119382,3800.29443359375,2015,40,21.8129215240479,17.8228569030762,18.8740768432617,16.5200004577637,16.565299987793
393,948,-76.4249984566122,3.72499931044877,1146.73999023438,2013,35,3.73205876350403,15.8057146072388,18.5531044006348,15.497142791748,15.7414216995239
420,988,-76.2749984543771,3.67499930970371,1023.16107177734,2024,16,62.9611358642578,17.7399997711182,18.5922584533691,15.1357145309448,15.3686981201172
468,1061,-76.3249984551221,3.57499930821359,994.394287109375,2016,37,4.32933235168457,16.2642860412598,17.2670917510986,15.1871433258057,15.4306964874268
69,366,-75.9249984491616,4.5249993223697,1154.38159179688,2025,41,62.4814376831055,14.6800003051758,17.5262622833252,15.1999998092651,15.0101547241211
177,654,-76.3249984551221,4.12499931640923,1147.91540527344,2025,38,40.1323661804199,18.5628566741943,19.8286285400391,15.0742855072021,15.2601318359375
