"anio","semana","termino","beta_mco","se_mco","beta_mcg","se_mcg"
2011,1,"(Intercept)",-1328.82239098816,63.4158756505136,-831.162385164218,287.531046185195
2011,1,"temperatura_bilineal_c",27.1139740317272,0.885931961719313,24.1900534370397,4.62815177353119
2011,1,"radiacion_bilineal_mj_m2_dia",61.4931503244999,3.92121400198917,32.6693807496293,16.760274599031
2011,1,"altitud_m",-0.0289993463480791,0.00267199048323028,-0.0142755277170098,0.00430565526038075
2012,1,"(Intercept)",-68.6210855230216,3.60605647167277,-25.4616541819798,15.9656724684041
2012,1,"x_km",-0.097812517817359,0.00295287681200646,-0.0847386970795088,0.0120038493716472
2012,1,"y_km",0.0661716373276543,0.00285276385632592,0.0349543007494455,0.0140065034605311
2012,1,"radiacion_bilineal_mj_m2_dia",5.60111900905803,0.262918116330585,2.46612833640263,1.15551789182408
2012,1,"altitud_m",-0.000293459827171123,0.00013317929509535,0.000199226354032471,0.00022029218138131
2013,1,"(Intercept)",2.62421611826373,0.173424392288919,2.94213300195588,0.588434620543611
2013,1,"x_km",-0.0570476164792241,0.00264325118714563,-0.0550769899521464,0.00955937802289906
2013,1,"y_km",0.0234167631226833,0.00195552836689494,0.0262811508942079,0.00907542752857959
2013,1,"altitud_m",-0.000148541742956456,0.000127074715982895,-1.40265103694093e-05,0.000190915717811499
2014,1,"(Intercept)",9.25208453325776,0.510779131981157,16.7211421325115,3.8208734501966
2014,1,"x_km",-0.227300879177569,0.0120021256217453,-0.267834160764299,0.0628280913206746
2014,1,"y_km",0.000145538781665464,0.0119895622923139,-0.0240685561058119,0.0632518949279235
2015,1,"(Intercept)",1.72801265494125,0.139042915589599,4.33148344495228,1.54272712879148
2015,1,"x_km",-0.0739082603633785,0.00326718621656936,-0.0987740250659071,0.0219122804910177
2015,1,"y_km",0.0375123749674506,0.00326376626096765,0.0300296463959701,0.0220900790730655
2016,1,"(Intercept)",-41.7573137302853,2.49393711003787,-19.5694732249015,13.4861026285476
2016,1,"temperatura_bilineal_c",0.687110401080692,0.0270642216510505,0.406893842389681,0.159690808065215
2016,1,"radiacion_bilineal_mj_m2_dia",2.36108718529241,0.147571542131202,1.31857276165456,0.756286938602079
2016,1,"altitud_m",0.000161117156887753,7.35570044392304e-05,-5.66981722103875e-05,0.000127122923273736
2017,1,"(Intercept)",66.9368352102495,2.78401767279003,72.9530457971395,10.1492238399521
2017,1,"x_km",-0.420137088540658,0.04243265852924,-0.358002231931778,0.161709302882766
2017,1,"y_km",-0.0273880426810869,0.0313925017191807,-0.0761535499005689,0.153011972137379
2017,1,"altitud_m",0.00363368346294184,0.0020399567234566,0.00630066027261515,0.00329580692691571
2018,1,"(Intercept)",-731.81669812342,102.421136235169,-85.911389378354,484.784421314894
2018,1,"x_km",-0.593706402647499,0.0403790363615878,-0.347448385501108,0.179575321589051
2018,1,"y_km",-0.0353252000873126,0.0305671570101865,0.0204066489704557,0.176141301696982
2018,1,"radiacion_bilineal_mj_m2_dia",50.7482694931319,6.5668705596396,9.4111479862779,30.8437850721042
2018,1,"altitud_m",-0.00416568587443998,0.00194182824803588,-0.00350872379124133,0.00257001973672759
2019,1,"(Intercept)",-36.3170174646715,2.34921996383894,-22.8437376478723,9.4690839018315
2019,1,"temperatura_bilineal_c",0.76749226203905,0.0265797365283763,0.600729849303412,0.11002242050903
2019,1,"radiacion_bilineal_mj_m2_dia",1.66325449915757,0.112310026823923,1.07204471327158,0.437794636748414
2019,1,"altitud_m",-0.000226746415207689,6.51614522466654e-05,-7.79672964654299e-05,0.000112795608370016
2020,1,"(Intercept)",4.74035621651725,0.146085831874781,4.46913473208913,0.362643763353565
2020,1,"x_km",-0.0131412468053897,0.00222656999647936,-0.0120473332921169,0.00593778731884271
2020,1,"y_km",-0.00955938829094087,0.00164725956056203,-0.0134701050306271,0.00511455494146465
2020,1,"altitud_m",-0.00125710227611039,0.000107042702295801,-0.000766986553844365,0.000203758460846616
2021,1,"(Intercept)",-5.14034148001335,1.94147285783648,-3.20275104744839,7.24181435273442
2021,1,"x_km",-0.0146339933926261,0.00123428559879038,-0.0133384651470022,0.00416457532260114
2021,1,"y_km",0.0129163024440482,0.000810753131421041,0.00873249912270408,0.00320166471399314
2021,1,"radiacion_bilineal_mj_m2_dia",0.637468418572465,0.137644298502505,0.495865197619807,0.51434257486502
2021,1,"altitud_m",-0.000123628638266111,5.23384747335822e-05,1.93515115344971e-05,9.69506851456621e-05
2022,1,"(Intercept)",-49.7392682960492,3.10605708151991,-38.8244258814302,11.066870450426
2022,1,"temperatura_bilineal_c",1.16426754100681,0.0514684240032333,0.936360549260431,0.1945696189152
2022,1,"radiacion_bilineal_mj_m2_dia",2.85702726034624,0.176579432973626,2.3770487733692,0.595870298465475
2022,1,"altitud_m",-0.000372620868499807,8.65100897017567e-05,-0.000250734604614455,0.000149563775390569
2023,1,"(Intercept)",-13.4385097501808,8.21104149727895,40.9285623028511,31.5359162157255
2023,1,"x_km",0.0125853759606448,0.00473589433965949,-0.0226147368287128,0.0172187450841306
2023,1,"y_km",-0.0192576337431102,0.00212851911414978,-0.010485677797817,0.00991532156500528
2023,1,"radiacion_bilineal_mj_m2_dia",1.49709082882662,0.58761192588564,-2.35788055603022,2.25371233060014
2023,1,"altitud_m",-0.000676673997976635,0.000127574237492998,-0.000202420793632725,0.00014660529292475
2024,1,"(Intercept)",-218.70813555489,36.2524340315688,-9.63150113296222,144.613761941203
2024,1,"x_km",-0.163295264131523,0.0300541619648196,-0.187846849012908,0.15903692240603
2024,1,"y_km",-0.0233254073737419,0.0225380040353877,-0.18252367779199,0.12780553002241
2024,1,"radiacion_bilineal_mj_m2_dia",13.1852988234589,2.08132635995547,2.48772012433614,8.12831051700414
2025,1,"(Intercept)",-167.123487016584,27.2885471010773,-185.148384512376,110.964018991587
2025,1,"temperatura_bilineal_c",2.73611667072294,0.376275897986911,1.89797520244765,1.38349430371942
2025,1,"radiacion_bilineal_mj_m2_dia",10.146618412102,1.99069351559448,13.045763859295,8.02296943176285
2025,1,"altitud_m",0.00202557362593261,0.00108684841118354,0.0014117974843241,0.00200707525840002
2011,2,"(Intercept)",-242.030833325777,41.9888109012907,-86.3803621567905,202.109952047129
2011,2,"x_km",-0.706717017795353,0.0569092941353929,-0.374442598099818,0.262112827801075
2011,2,"y_km",0.0701317194827967,0.0284008009652323,-0.0332298626091846,0.14444345654971
2011,2,"radiacion_bilineal_mj_m2_dia",19.3971708249148,2.93886035411545,8.85280801496606,14.0637530578677
2011,2,"altitud_m",0.00190918612584088,0.00167741918050009,0.000553827702308984,0.00283865621655989
2012,2,"(Intercept)",8.44506381699978,0.0672006179419738,8.65416105130723,0.568359859704292
2012,2,"x_km",-0.0493493527453484,0.00157905875142181,-0.0228219987277872,0.00860498859247217
2012,2,"y_km",-0.000647901304596894,0.00157740585793353,-0.00588554000699111,0.00864947732906424
2014,2,"(Intercept)",-133.268303148547,21.0134709198858,4.70509169305054,80.9840953998407
2014,2,"x_km",-0.427341711712788,0.0179642801543943,-0.398673029193977,0.0677401721727912
2014,2,"y_km",0.00994276400998858,0.015394244958451,-0.0191836685791992,0.0626596456062186
2014,2,"radiacion_bilineal_mj_m2_dia",14.8837592095513,1.45333834846162,5.56915080716644,5.55986497258243
2015,2,"(Intercept)",2.63942476243966,0.110138262418861,2.6291868670439,0.489715879157389
2015,2,"x_km",-0.0419060022675236,0.00167867443008716,-0.0365399737897485,0.00682688649579927
2015,2,"y_km",0.0193748714928031,0.00124191582047922,0.0254154206057479,0.00647430250801325
2015,2,"altitud_m",-5.89072284214683e-05,8.07025368865641e-05,-0.000103796667976632,0.000135295679542115
2016,2,"(Intercept)",-438.654120872256,41.63216210111,-198.927148057681,226.766148730552
2016,2,"temperatura_bilineal_c",19.8643233955541,0.538690266357716,11.5233361585886,4.04653241221079
2016,2,"radiacion_bilineal_mj_m2_dia",9.33118062481475,2.49463622881419,4.20983165013446,12.3374032437273
2017,2,"(Intercept)",9.08641312084635,1.36859294742162,16.0763706457146,7.21061923648749
2017,2,"temperatura_bilineal_c",0.375632601580419,0.0134204715053631,0.247881266702158,0.0708840530892688
2017,2,"radiacion_bilineal_mj_m2_dia",-0.774093689004939,0.097286626953649,-1.08906326614812,0.501656086412041
2018,2,"(Intercept)",494.982967797897,74.9752614555651,148.023848943202,306.77620326779
2018,2,"temperatura_bilineal_c",-1.56103042858289,0.756915881941458,1.42424871172974,3.29279249111978
2018,2,"radiacion_bilineal_mj_m2_dia",-27.0209792424683,4.24630314525763,-6.45710673947253,16.9089435580913
2018,2,"altitud_m",0.00398574286764991,0.00164210063797643,-0.00228129792298058,0.00273570362822734
2019,2,"(Intercept)",-126.235171518991,12.5670648494027,-87.3974034962263,47.0791421467257
2019,2,"temperatura_bilineal_c",2.9335292088518,0.436093506638301,3.9467113116288,1.74670184228919
2019,2,"radiacion_bilineal_mj_m2_dia",5.95554888971193,1.26095124105828,2.16833155205878,4.94536973905107
2019,2,"altitud_m",-0.00171910720410389,0.000654797821242098,0.00059198759282235,0.00117196929435619
2020,2,"(Intercept)",-0.0142773605506253,0.0448225009927167,0.649613225937472,0.549488465780235
2020,2,"x_km",-0.00292788887657125,0.0006831630049045,-0.0190436175204841,0.00417881615522183
2020,2,"y_km",0.0018955185214465,0.000505417208096135,0.0121430030833729,0.00418017054225976
2020,2,"altitud_m",4.33669918631001e-05,3.2843168761425e-05,3.25453109818054e-05,1.97614169979245e-05
2021,2,"(Intercept)",-220.75979589429,48.417232566594,43.6812164187196,205.194494492483
2021,2,"x_km",-0.340884600265546,0.0436502186833469,-0.122389824622684,0.155944446371429
2021,2,"y_km",0.157948705161853,0.0320756619234441,0.117766146336067,0.144908518142533
2021,2,"radiacion_bilineal_mj_m2_dia",16.885482118572,3.11327286939324,0.472481643210647,13.1688952122058
2021,2,"altitud_m",0.00404090745089759,0.00207784474796304,-0.000459942635112623,0.00356601097890598
2022,2,"(Intercept)",29.3438065781887,0.678909228434896,28.8350840223356,6.29213042870268
2022,2,"x_km",-0.368277542795668,0.0159527931648907,-0.153874845879432,0.0903755072657157
2022,2,"y_km",0.277164577095756,0.0159360944398317,0.214172862046384,0.0904864426923747
2023,2,"(Intercept)",50.6529837745966,0.842241198930372,58.7290213625386,5.69639281756396
2023,2,"x_km",0.03713270814727,0.0197907158700145,0.090019647933888,0.0991081691697235
2023,2,"y_km",-0.196660174144121,0.0197699997659681,-0.248127313841854,0.0995401907434979
2024,2,"(Intercept)",-178.908709015627,17.5834307451958,-92.7337343559069,87.6078143814
2024,2,"x_km",-0.0184695435788026,0.0213130439375799,-0.0579973652356184,0.118165300391143
2024,2,"y_km",0.078714663973031,0.0149347778208332,-0.117483554387651,0.0833993008011484
2024,2,"radiacion_bilineal_mj_m2_dia",11.9870321327644,1.09600922817786,6.89611748073269,5.38572879204739
2025,2,"(Intercept)",-347.696777924573,22.3986591673782,-267.696800205233,88.4040951170823
2025,2,"x_km",-0.543469798074541,0.027072288515455,-0.528654663447853,0.117870596886241
2025,2,"y_km",0.243653048431299,0.016006577324205,0.116091539526932,0.0696853465052093
2025,2,"radiacion_bilineal_mj_m2_dia",24.0536799859429,1.46889009886949,19.1633772900293,5.75116036413647
2011,3,"(Intercept)",7.08890491541521,0.199429216338631,6.71796175359569,0.677995460626078
2011,3,"x_km",-0.0693672418450756,0.00303960420954171,-0.0688193857664263,0.0110297881857557
2011,3,"y_km",0.0379034461164336,0.00224875800105509,0.0464678216228191,0.0104845560538239
2011,3,"altitud_m",-0.000797503834870727,0.000146129449787568,-0.000377271108200364,0.00021787545825736
2012,3,"(Intercept)",-14.3576988537045,0.717210367753482,-11.1696617336515,4.05716587424526
2012,3,"radiacion_bilineal_mj_m2_dia",1.16478111163695,0.0458630807411359,0.968275635970396,0.264527045946355
2012,3,"altitud_m",-0.000253255795674911,3.35271250383132e-05,-8.54431593026028e-05,6.91397507906206e-05
2013,3,"(Intercept)",-70.8898743685267,3.12380431693535,-57.8281008635593,13.9005508285504
2013,3,"temperatura_bilineal_c",1.31730086614656,0.048527598444895,1.12565366365165,0.220352059875691
2013,3,"radiacion_bilineal_mj_m2_dia",3.47798191511226,0.173182619184459,2.72126790069274,0.743201354118155
2013,3,"altitud_m",-0.000768942101134931,9.35663263601815e-05,-5.07428892174511e-05,0.000189967115433361
2014,3,"(Intercept)",-12.9189140635749,0.629105913438449,-12.889152612681,2.60363565908621
2014,3,"temperatura_bilineal_c",0.850899148639786,0.0266598017774625,0.84921886316331,0.119846897704426
2014,3,"altitud_m",-0.000449383472993802,8.16852913937097e-05,-0.000221582651365339,0.000121578942360425
2015,3,"(Intercept)",-704.344157986194,45.6094540570992,-364.519305538589,216.559128731912
2015,3,"temperatura_bilineal_c",12.8185460069291,0.40114555607068,9.2493149662178,1.86140723577962
2015,3,"radiacion_bilineal_mj_m2_dia",38.4628636957127,3.14568798867604,19.1736041058267,14.489666054489
2015,3,"altitud_m",-0.00181722878345282,0.00118402898653762,-0.00300625889073543,0.00184672848130418
2016,3,"(Intercept)",-80.4981764280265,10.3192211966325,-32.1735265885078,37.1097789982571
2016,3,"x_km",-0.121439352672431,0.0163210499740866,-0.0590495624333309,0.0622066932399005
2016,3,"y_km",0.0305051017479571,0.00744289709406711,0.00435257310798935,0.029541504073228
2016,3,"radiacion_bilineal_mj_m2_dia",5.04174969759909,0.622940046141237,2.11552825268956,2.22396520465798
2017,3,"(Intercept)",-662.407953470301,36.5453610711477,-122.33058924072,132.045882519326
2017,3,"temperatura_bilineal_c",-1.33272111771125,0.615662182801204,2.38229821373646,2.42823766556365
2017,3,"radiacion_bilineal_mj_m2_dia",48.0331241221159,3.0001988923931,9.05396092057782,11.2963770301267
2017,3,"altitud_m",0.0105863342620125,0.00110895370850106,-0.00182119866696884,0.00186475209939343
2018,3,"(Intercept)",133.110649590114,18.9587249032638,91.3351732041776,61.914604211973
2018,3,"temperatura_bilineal_c",7.11030941656841,0.431033013846689,6.52205640729512,1.41452864692191
2018,3,"radiacion_bilineal_mj_m2_dia",-16.8908950823219,1.64738770034473,-13.3604373147298,5.42617355801225
2018,3,"altitud_m",-0.00207971354779547,0.000877365638779779,-2.51768315819354e-05,0.00181735263487714
2019,3,"(Intercept)",-1.01459968285981,0.850618953440584,-2.11723367181007,2.46062264595324
2019,3,"temperatura_bilineal_c",0.263473380827535,0.0138018079147312,0.249179569131716,0.0374314027003787
2019,3,"radiacion_bilineal_mj_m2_dia",-0.133044302855434,0.0532331720788483,-0.0361444042214455,0.15362266343601
2019,3,"altitud_m",-0.000112425058243331,4.11495800877133e-05,-2.51897366050327e-05,8.44601677132171e-05
2020,3,"(Intercept)",-11.119944532081,0.502108889811259,-11.1324018155543,1.58301684556473
2020,3,"temperatura_bilineal_c",0.677672479061846,0.020319607991366,0.66272296743676,0.0677345527729231
2020,3,"altitud_m",-0.000310125842738313,6.47979421843891e-05,-0.000103846105921568,0.000130377506295111
2021,3,"(Intercept)",-225.413706253601,21.5899829382255,-142.354206271561,86.9158138820641
2021,3,"x_km",-0.387536054446257,0.0307127915363443,-0.396983457685153,0.12336107427778
2021,3,"y_km",0.046516246721822,0.0172326329525299,-0.0352918574131101,0.0770086730190498
2021,3,"radiacion_bilineal_mj_m2_dia",14.2305263877902,1.31775973412457,9.73994204655252,5.29242729034497
2021,3,"altitud_m",0.00331479709634862,0.000936577302791096,0.000201502956544949,0.00158065490330056
2022,3,"(Intercept)",-127.281580830211,21.106807922969,-325.306955520722,83.2829433326427
2022,3,"temperatura_bilineal_c",1.32959463144369,0.224732491014531,4.32667411845293,0.994008163461979
2022,3,"radiacion_bilineal_mj_m2_dia",6.51165614192746,1.11600436729568,15.4727564086438,4.29837762605409
2022,3,"altitud_m",0.00213074447145681,0.000429338330614122,0.00162826294870434,0.000691887571985766
2023,3,"(Intercept)",-222.334048154355,54.7266577339822,-55.9377135060557,209.547593027481
2023,3,"temperatura_bilineal_c",8.90704824896297,0.423382271884792,6.18136932550426,1.50494743084461
2023,3,"radiacion_bilineal_mj_m2_dia",8.37360467559128,3.77998305703945,0.788049737257497,14.3715749129594
2023,3,"altitud_m",0.00274190910435503,0.00134049933352841,0.000359515517645007,0.00244481086244154
2024,3,"(Intercept)",-187.202618768618,20.6648622515876,-53.2626177781147,92.6895664378871
2024,3,"x_km",-0.587477441875954,0.0275363009206197,-0.413993158251349,0.133607122688056
2024,3,"y_km",0.0533792918021776,0.0114662133724296,0.0607111989489813,0.0632885514227556
2024,3,"radiacion_bilineal_mj_m2_dia",12.8683802282346,1.29578090553074,4.76758622453411,5.75569134840747
2025,3,"(Intercept)",-7.40706183203047,8.36790441964221,31.627218296518,35.29738604165
2025,3,"x_km",-0.0535787675213315,0.0078536458918223,-0.053657077668209,0.0389016814616741
2025,3,"y_km",-0.0334615335765511,0.00650328420860016,-0.0948093668913446,0.0323628774904616
2025,3,"radiacion_bilineal_mj_m2_dia",0.591084157720488,0.464131342279622,-1.37669773700115,1.92916336111745
2011,4,"(Intercept)",10.6548466806141,1.82242894070053,21.4958377748195,7.24750955064597
2011,4,"x_km",-0.0912004269143458,0.0277765855045929,-0.131716525641996,0.107341608755691
2011,4,"y_km",-0.0731604837338301,0.0205496553463656,-0.148078604548406,0.103085192226472
2011,4,"altitud_m",-0.00187316178048547,0.00133536371084822,-0.00164420553106035,0.00183321476033797
2012,4,"(Intercept)",-1.5562388906743,3.04441217248847,5.89063374964308,10.0997000834919
2012,4,"x_km",-0.0090357773906169,0.0035568696618306,-0.0178586941486289,0.0138694801940869
2012,4,"y_km",-0.0269156269824784,0.00240704688055342,-0.00920711748166576,0.0134293328164422
2012,4,"radiacion_bilineal_mj_m2_dia",0.793615995326246,0.204139364119287,0.319882344389196,0.672429365757297
2012,4,"altitud_m",-0.000166902871786521,0.000151268349058631,-0.000113817824047616,0.000123824739129512
2013,4,"(Intercept)",-752.895888518766,20.3379627143141,-639.853826335973,81.0052735260758
2013,4,"temperatura_bilineal_c",19.4479190265985,0.394012785485323,18.0368109899173,1.52283172694378
2013,4,"radiacion_bilineal_mj_m2_dia",29.3932635582911,1.03923210515546,22.6571064877838,3.97391080848832
2013,4,"altitud_m",-0.0131475900324826,0.0008732498756444,-0.00348945325094146,0.00121036735382137
2014,4,"(Intercept)",-43.3975539625453,1.05521101999772,-28.5244576991339,5.15178309765845
2014,4,"temperatura_bilineal_c",1.24351556612408,0.0191805497485175,1.00276595971734,0.0857631715115935
2014,4,"radiacion_bilineal_mj_m2_dia",1.72899486895557,0.0543709559104456,1.07606184007372,0.258561392060806
2014,4,"altitud_m",-0.000472821021316123,5.13730478510078e-05,-0.000430168679718758,9.99426475908696e-05
2015,4,"(Intercept)",-981.888849965225,51.5724974074765,-686.366291259231,189.281947206045
2015,4,"x_km",-0.730402176182708,0.0153979381175774,-0.594910236960265,0.0612390087955994
2015,4,"y_km",0.530087380425133,0.019531433747522,0.352224053302414,0.0741701956684963
2015,4,"radiacion_bilineal_mj_m2_dia",69.1750988456328,3.46044238690422,49.4404554260821,12.688876744007
2016,4,"(Intercept)",-246.331668159926,21.2724340779274,-293.483195775556,94.3564409204331
2016,4,"x_km",-0.693159419041803,0.0356896921614833,-0.898839539653173,0.157926648909189
2016,4,"y_km",0.317781284361226,0.0239740377092803,0.450776283943589,0.11224058851422
2016,4,"radiacion_bilineal_mj_m2_dia",15.6054161789395,1.30215356016411,18.6779044690283,5.73376580905377
2016,4,"altitud_m",0.00249875341955444,0.00103825577232591,0.00206244994314223,0.00169100516150384
2017,4,"(Intercept)",178.479129985981,57.6015108218448,259.211343499016,221.405760951947
2017,4,"x_km",-0.298835704379915,0.0493481437662583,-0.406100428167125,0.184875147554778
2017,4,"y_km",-0.00258634893266847,0.0227011066291155,-0.0996574397539697,0.118882957312211
2017,4,"radiacion_bilineal_mj_m2_dia",-7.70055048265885,3.18372616537931,-12.0062826750376,12.2292392565889
2017,4,"altitud_m",-0.00749032852275268,0.00148000805883151,0.000491479839466554,0.00231368356174256
2018,4,"(Intercept)",6.19986753981688,0.0990966821344139,6.27433990121171,0.363558491894742
2018,4,"x_km",-0.0365140797355784,0.00151038397330869,-0.0312906868676489,0.00570059544585899
2018,4,"y_km",0.00330006660284696,0.00111741128466045,0.00160830532491419,0.00550149219558332
2018,4,"altitud_m",-0.000214234409715318,7.26119467444867e-05,-2.54221747918535e-05,9.30978498290451e-05
2019,4,"(Intercept)",-42.0302232321417,6.06018007023803,-32.4728427106711,13.5447922791873
2019,4,"temperatura_bilineal_c",0.797297229809483,0.111284034617187,0.658237169330766,0.249027878215227
2019,4,"radiacion_bilineal_mj_m2_dia",1.76383483308277,0.27062526418084,1.30606993860925,0.592805867602349
2019,4,"altitud_m",-0.000750922275015206,0.000227392751979505,-0.000482095638448785,0.000416757021851476
2020,4,"(Intercept)",-241.149812769284,28.6747240282548,81.5571279321564,154.306805294786
2020,4,"temperatura_bilineal_c",5.56566694948452,0.47680943384451,5.87807815000213,2.06530520428974
2020,4,"radiacion_bilineal_mj_m2_dia",11.0856150922194,2.00359528955454,-9.23746079863958,10.8646400285426
2020,4,"altitud_m",0.00657426329055493,0.00133877684314317,0.00145586533565719,0.0020857290678897
2021,4,"(Intercept)",-75.3770355448672,15.9405524545138,-89.565133508194,46.4016093441354
2021,4,"x_km",-0.214795688514825,0.0086072400329903,-0.20379836476867,0.0262187383751588
2021,4,"y_km",0.0665165977558595,0.00861165778893955,0.0621631239039738,0.0270358641522276
2021,4,"radiacion_bilineal_mj_m2_dia",5.64534180413794,1.03738533258868,6.64209964368316,3.01657247973821
2022,4,"(Intercept)",1.91742359230884,17.4368200311723,140.854780721595,105.251605054062
2022,4,"temperatura_bilineal_c",2.067861741354,0.313554934518586,-0.565865692017256,2.06733930559365
2022,4,"radiacion_bilineal_mj_m2_dia",-1.8020062105352,0.896641195426548,-7.72078894462537,5.14991163567652
2023,4,"(Intercept)",-139.391948469723,22.6224512026237,-89.1883429012087,81.4365585023138
2023,4,"x_km",-0.039860725288625,0.0241394180176818,-0.00534342718010294,0.0740717221998926
2023,4,"y_km",-0.0595434870257415,0.0182239959053966,-0.0456268077041144,0.0657062542038311
2023,4,"radiacion_bilineal_mj_m2_dia",10.1811014745538,1.33887662017325,8.08449248785874,4.82238999813806
2023,4,"altitud_m",0.00560667379463545,0.00106187925423361,0.000652313326958951,0.00166622573306073
2024,4,"(Intercept)",-48.7169940393376,2.83526984153869,-13.4156666986369,13.0217910467446
2024,4,"temperatura_bilineal_c",1.03467398159973,0.05010735054183,0.542890780118195,0.245170991359445
2024,4,"radiacion_bilineal_mj_m2_dia",1.55973852510673,0.101191662777248,0.243107766332869,0.433203653525665
2024,4,"altitud_m",-0.000606803100136544,9.75279793623221e-05,-0.000363437993657006,0.000170261542924286
2025,4,"(Intercept)",-12.5996303430285,0.698372609160644,-10.3715838708734,2.67711939898228
2025,4,"temperatura_bilineal_c",0.273887862438731,0.00836673427427267,0.266342366025434,0.035000668361043
2025,4,"radiacion_bilineal_mj_m2_dia",0.600236640688281,0.0398829682231083,0.481010607861556,0.146562667723424
2011,5,"(Intercept)",-1258.39300953296,68.6168423842657,-864.328294015466,279.262854249161
2011,5,"temperatura_bilineal_c",19.1298941338587,0.836580504783316,24.2660101077411,3.46686967861838
2011,5,"radiacion_bilineal_mj_m2_dia",60.5322175926746,4.11307742360794,29.693994971617,15.975427878791
2011,5,"altitud_m",-0.0111936388384227,0.00245585637401449,-0.000474968327861755,0.00209235276214369
2012,5,"(Intercept)",-269.394339576565,29.6464371856762,-243.148168487392,103.18125251629
2012,5,"x_km",-0.345272686265625,0.032179241372785,-0.247813601451937,0.101085946039932
2012,5,"y_km",0.0255458787674699,0.0211855479091827,0.0159998968703615,0.0765959669594752
2012,5,"radiacion_bilineal_mj_m2_dia",20.6681300394701,1.97757893835618,19.0200690164683,6.89057076613428
2012,5,"altitud_m",-0.00210809871660238,0.00133770691442084,-0.0018255630258888,0.00269267955947768
2013,5,"(Intercept)",73.1820429884213,20.1354014991049,110.765544205127,89.1679234847983
2013,5,"x_km",-0.127383896395306,0.0177603017054529,0.0328402967395983,0.100906275431355
2013,5,"y_km",-0.00685147967756649,0.0219037971247483,-0.101957012366016,0.113926061587306
2013,5,"radiacion_bilineal_mj_m2_dia",-4.40080378539218,1.4067402445353,-7.01218182494403,6.17113616935953
2014,5,"(Intercept)",-346.096968107198,26.5406239233667,-239.735621789781,115.084187110331
2014,5,"temperatura_bilineal_c",7.61005803295817,0.430175778596311,6.98925349023745,2.06479019689563
2014,5,"radiacion_bilineal_mj_m2_dia",15.5620137723361,1.38277892723842,8.72998713679386,5.67270435686322
2014,5,"altitud_m",-0.00643387284615,0.000819177301330142,-0.00167735853663853,0.00153286367824093
2015,5,"(Intercept)",4.0812569738113,0.106300952604253,3.50125656758914,0.335220375969882
2015,5,"x_km",-0.0122446564522854,0.00162018799926253,-0.0234732522877687,0.00550854950132955
2015,5,"y_km",0.00382567604133626,0.00119864642742563,0.0026646005696805,0.00506400145051094
2015,5,"altitud_m",-0.000980791188000111,7.78907925385297e-05,-0.000375416487562693,0.000140755663053452
2016,5,"(Intercept)",-47.5825817402169,15.582383971453,-9.48301145777174,51.6514912145973
2016,5,"temperatura_bilineal_c",1.12931042955074,0.29242189838648,0.514900228160619,0.963608983309793
2016,5,"radiacion_bilineal_mj_m2_dia",1.71646232910343,0.668957019876977,-0.0568600421444997,2.15972481258754
2016,5,"altitud_m",-0.00106210163459192,0.000554391748982097,0.000804002651701084,0.00110295673173471
2017,5,"(Intercept)",-36.3743700937621,8.20760711534709,-22.7011236846956,33.8535805945798
2017,5,"x_km",-0.0158113638520864,0.0079401318051018,0.00595975549538802,0.032125710763418
2017,5,"y_km",0.0348866938824402,0.00563266763600414,-0.00947548508931798,0.0294340632873358
2017,5,"radiacion_bilineal_mj_m2_dia",2.65257530802409,0.521546461083896,1.62687571001915,2.14088909942806
2017,5,"altitud_m",-0.00146229683484793,0.000365973765422325,-0.000347876578728119,0.000636403738635147
2018,5,"(Intercept)",-302.448979843209,21.7175326880828,-239.456088495474,127.292071746554
2018,5,"temperatura_bilineal_c",6.46375303522718,0.320235230056403,5.66038818591292,2.0386770019564
2018,5,"radiacion_bilineal_mj_m2_dia",13.9810895298985,1.1245728698405,11.1374735785312,6.30099085907837
2019,5,"(Intercept)",26.0185492082598,1.22873846197641,32.2778689618213,4.04114304503182
2019,5,"x_km",-0.211228245628643,0.0187278407347671,-0.185678422075744,0.0662278418338597
2019,5,"y_km",0.0263500466147105,0.013855218900734,0.0347372502339125,0.0625344921916697
2019,5,"altitud_m",-0.00143894143415036,0.000900343884802469,-0.0022051909182802,0.00139941283117607
2020,5,"(Intercept)",-108.39079815856,19.4869671752161,-64.9895083722852,70.1116309693975
2020,5,"x_km",-0.112064420986847,0.0172970835546838,-0.156249340879159,0.0545017125215391
2020,5,"y_km",0.146893238871708,0.0135091851284246,0.128321493309952,0.0500193956744804
2020,5,"radiacion_bilineal_mj_m2_dia",6.97864500553359,1.11942076400754,4.64661520926987,4.03720274670297
2020,5,"altitud_m",-0.00110851336008003,0.0007707933819358,-0.000946607983337721,0.00128658129490881
2021,5,"(Intercept)",-28.5629741575767,17.8619069695666,-31.1087030549693,35.979705778844
2021,5,"x_km",-0.425230873015522,0.0166056597557198,-0.409979695823899,0.0340248550009227
2021,5,"y_km",0.104275950106468,0.0132186923937041,0.101234064284462,0.0270955335574997
2021,5,"radiacion_bilineal_mj_m2_dia",3.3722384444759,1.06503306687045,3.52096188759423,2.14088216915022
2022,5,"(Intercept)",0.167695387134815,1.10110256358647,6.19955451404838,3.74546109217241
2022,5,"x_km",-0.00624801926121791,0.00103780434618522,-0.00532874343463036,0.00329312477406347
2022,5,"y_km",-0.00381792466569607,0.00060453386522126,-0.00478489897897306,0.00228098088774916
2022,5,"radiacion_bilineal_mj_m2_dia",0.224195579976139,0.0707088713778608,-0.176461353822444,0.240972720075247
2022,5,"altitud_m",-0.00019899915152322,3.93611312957704e-05,-6.20801090381742e-05,7.14749203225402e-05
2023,5,"(Intercept)",-13.8045625238412,1.07216092332887,-3.38190464407321,4.62568301527346
2023,5,"x_km",-0.0609221720071392,0.00180301208798344,-0.042767444104199,0.00858421650393171
2023,5,"y_km",0.00932741534765788,0.00128968819984922,0.00182591461316244,0.00610658173052982
2023,5,"radiacion_bilineal_mj_m2_dia",0.954496130951018,0.0656494777017973,0.34278384656536,0.278633159675066
2024,5,"(Intercept)",-764.976438998257,38.7054988328048,-390.67038052477,172.688070096949
2024,5,"temperatura_bilineal_c",6.82565805639818,0.547264065433104,6.30667653665734,2.26948466660272
2024,5,"radiacion_bilineal_mj_m2_dia",45.6392243761701,2.50549668314256,21.5747264556663,11.1023645232035
2024,5,"altitud_m",-0.00978910468611431,0.00157407779816087,-0.00250826202952477,0.00220819448839364
2025,5,"(Intercept)",5.34017616599036,0.143539018301418,5.88702797000529,0.669379821992752
2025,5,"x_km",-0.0696979298254275,0.00218775268876168,-0.0625684445599344,0.00899163048759792
2025,5,"y_km",-0.000814699366781945,0.00161854176531897,-0.00247193956328666,0.00856061116737327
2025,5,"altitud_m",-0.000249559454235215,0.000105176554130453,-8.19953807048903e-05,0.000169521993356538
2011,6,"(Intercept)",-189.6509985936,32.1151912669253,19.6683833455598,136.634331416468
2011,6,"x_km",-0.14970208208229,0.0340753082127414,-0.0914957962943991,0.117611779505728
2011,6,"y_km",-0.098182314022104,0.0227879291952401,-0.143163541797224,0.09358276429969
2011,6,"radiacion_bilineal_mj_m2_dia",17.3953759603592,2.44621573069449,1.6335058367474,10.3393312415659
2011,6,"altitud_m",-0.00334141753401265,0.00145700709881563,-0.00243682174463289,0.00258287768923994
2012,6,"(Intercept)",-28.9738423899589,3.33312483322107,-10.4283406443958,12.858896334726
2012,6,"x_km",-0.0261502482450823,0.0023073317492385,-0.0237180658550659,0.00772217791879104
2012,6,"y_km",-0.0338740397488324,0.00192564597217617,-0.0250810126203909,0.00741750092736217
2012,6,"radiacion_bilineal_mj_m2_dia",2.35323191390335,0.23957029304649,0.976439599916534,0.92312418377789
2012,6,"altitud_m",-0.0005793364946638,0.000111108738420487,-0.000141672653434372,0.000208020777728831
2013,6,"(Intercept)",-27.5411471691581,4.37095619413448,-7.58361696749062,18.6767642804472
2013,6,"x_km",-0.0320808296571694,0.00265250937571558,-0.020534550931709,0.00934739209927455
2013,6,"y_km",-0.00255537338459791,0.0019949224282034,-0.00172524407630878,0.0088612710495829
2013,6,"radiacion_bilineal_mj_m2_dia",3.1653946681974,0.34953332930991,1.54456788104401,1.48803224065703
2013,6,"altitud_m",-0.000668027548341782,0.000125684604011491,-0.000291804079429493,0.000180896148433448
2014,6,"(Intercept)",30.2498090329741,0.584616905847108,36.2085119690374,3.49923262590709
2014,6,"x_km",-0.106522747227819,0.0137371421525339,-0.159465126586939,0.0626656965938127
2014,6,"y_km",-0.064735671169576,0.0137227626794516,-0.0241149986979091,0.0629403264231941
2015,6,"(Intercept)",0.459353073051712,1.09763094924117,13.5745798634121,4.75964315818028
2015,6,"temperatura_bilineal_c",0.526130066109057,0.0157617054971795,0.354566738824779,0.0712796801494733
2015,6,"radiacion_bilineal_mj_m2_dia",-0.146484126693859,0.0834519572012718,-0.889128428478736,0.352161193496543
2016,6,"(Intercept)",262.113603169921,20.542438166116,302.475493312284,70.518260243963
2016,6,"x_km",-0.221805169507471,0.0142130482058548,-0.132726965094064,0.0491641997638988
2016,6,"y_km",0.220026659754135,0.0102687495529287,0.165165563306815,0.043483038127412
2016,6,"radiacion_bilineal_mj_m2_dia",-17.3429120552943,1.43276617883905,-19.8209878633709,4.9542039788607
2016,6,"altitud_m",0.00173451134196702,0.00066225082433912,0.000191322458535155,0.00106878665987297
2017,6,"(Intercept)",-316.997762467134,17.9645179978656,-105.671243765796,68.7978739874202
2017,6,"x_km",-0.906812132213298,0.0237193138626775,-0.613725206899853,0.0845697899434341
2017,6,"y_km",0.594720489681514,0.0193162221187567,0.442113073046397,0.0727156933489913
2017,6,"radiacion_bilineal_mj_m2_dia",19.5701179176337,1.002893196787,8.01831753354258,3.84503851217103
2017,6,"altitud_m",0.00186322272660755,0.000838872471548595,0.000605609347643081,0.00141617261071532
2018,6,"(Intercept)",5.0111843013551,0.826417264266401,8.99550457412636,5.87085238070132
2018,6,"x_km",-0.015595764366252,0.0125958545163049,0.0623638131549482,0.062461163136369
2018,6,"y_km",0.0517913027489624,0.00931865686155802,0.0401587817882915,0.060069047928811
2018,6,"altitud_m",0.0013559129266583,0.000605547684232679,5.24135381895901e-06,0.000989879000688452
2019,6,"(Intercept)",-843.603862650112,29.8464579894498,-442.088368109775,140.152058172907
2019,6,"temperatura_bilineal_c",14.8704216973127,0.483770061445331,8.80893889786192,2.29582423886418
2019,6,"radiacion_bilineal_mj_m2_dia",44.9687716841729,1.74436565369625,23.7628254834078,7.86708597522061
2019,6,"altitud_m",-0.00323586332344403,0.00108059043903572,-0.00167039292358455,0.00195145614718801
2020,6,"(Intercept)",-95.8646742983693,15.3400391844762,-29.0501749912055,66.3297867775062
2020,6,"x_km",-0.11576702574992,0.0166842643019613,-0.0697905446520518,0.0694879931609183
2020,6,"y_km",0.0074753160302829,0.0121882327007001,-0.0180983097334283,0.0560797400981862
2020,6,"radiacion_bilineal_mj_m2_dia",5.36761000136516,0.801804154876363,1.76889974136704,3.43372531690245
2020,6,"altitud_m",-0.00151730825901,0.000611497726865626,-0.000370738594976929,0.00100772497210994
2021,6,"(Intercept)",4.99682936329621,0.0641673736267669,5.1756681096933,0.425969506588365
2021,6,"x_km",-0.0400557547817491,0.00150778454103786,-0.0347229456715747,0.00742519484860939
2021,6,"y_km",-0.000804770256450155,0.0015062062544495,-0.00446595013190337,0.00745656620993288
2022,6,"(Intercept)",-17.3986983961623,6.43562498242943,0.161402647762204,22.0377498127534
2022,6,"temperatura_bilineal_c",1.51197292489517,0.28422654743858,0.71790697521576,1.03194385613692
2022,6,"altitud_m",-0.00140545183305708,0.000830841673655805,-0.00128643423011457,0.00165923687298797
2023,6,"(Intercept)",-37.192028861086,2.19620641877296,-27.3184160424845,7.06187885950816
2023,6,"temperatura_bilineal_c",0.702303154405097,0.0307594276516493,0.609760767960552,0.0962205128831211
2023,6,"radiacion_bilineal_mj_m2_dia",1.58042409835407,0.112685253393409,1.07772179673158,0.358499045062334
2023,6,"altitud_m",-0.000579811852662084,9.04253120351563e-05,-0.000289642120521623,0.000177783450967974
2024,6,"(Intercept)",3.98101616190795,0.0326917799747972,3.99361290235103,0.105020598679006
2024,6,"x_km",-0.00865449370989632,0.000498272388836319,-0.00772704897269338,0.00173970397774244
2024,6,"y_km",0.00085516823467351,0.000368631553273656,0.00226828451591631,0.0016471798387953
2024,6,"altitud_m",-3.30219607188241e-05,2.3954523354199e-05,-4.89471371865814e-05,3.60345215581799e-05
2025,6,"(Intercept)",4.22134791681519,0.0277356908615119,4.51046850709091,0.0845144961987812
2025,6,"x_km",-0.00778542140826207,0.000422734061964361,-0.00395886894747538,0.00141188697909456
2025,6,"y_km",0.000483356724248325,0.000312746837623377,0.000216147275202319,0.00132150667559614
2025,6,"altitud_m",9.07661850074265e-05,2.03230064254417e-05,-6.82287332467923e-05,3.23428180155396e-05
2011,7,"(Intercept)",-19.3626194270955,3.48142010611399,-19.1131807306448,11.8932149761399
2011,7,"x_km",-0.0103954659600481,0.00247015043873814,-0.00741495765257233,0.00754777604172482
2011,7,"y_km",-0.021109539357715,0.00174543730334344,-0.0135199508173634,0.00620525120877578
2011,7,"radiacion_bilineal_mj_m2_dia",1.92617452816262,0.241115904347747,1.92091146166326,0.826737890557854
2011,7,"altitud_m",-0.000570031269940673,0.00010885751405618,-0.000533723306265673,0.000195225182114831
2012,7,"(Intercept)",0.6449143405733,0.4749369153584,2.05597453080854,1.51929498544449
2012,7,"x_km",-0.00942363738173321,0.000428273311810882,-0.00815697723564657,0.00142059298156235
2012,7,"y_km",-0.000933348012941435,0.000424325639113899,-0.000466307186864797,0.00144616359935292
2012,7,"radiacion_bilineal_mj_m2_dia",0.19479721308632,0.026416226534252,0.121728539871025,0.0840645298971748
2013,7,"(Intercept)",-315.176715891827,22.9048061742316,-311.743655473115,83.5659951883065
2013,7,"x_km",0.17930133451612,0.0249178368423865,0.246842974487075,0.097651097860241
2013,7,"y_km",0.00226674866882056,0.0134023430099552,0.035395129504882,0.0699195538143944
2013,7,"radiacion_bilineal_mj_m2_dia",23.509514972057,1.61350367039654,23.771836799295,5.82136172749005
2014,7,"(Intercept)",-11.4368940686268,1.01159065527423,-6.56647634478353,3.8806036637943
2014,7,"temperatura_bilineal_c",0.335405842442837,0.0132798597571143,0.26150404953968,0.0539489956334265
2014,7,"radiacion_bilineal_mj_m2_dia",0.545578382345366,0.0526101390858265,0.334971650173107,0.195697594750886
2014,7,"altitud_m",-0.000159631281733635,2.88391327949128e-05,-0.000148973646622903,5.86500098277355e-05
2015,7,"(Intercept)",-13.0295633818245,0.53679569667562,-9.12994878365842,1.82770648739543
2015,7,"temperatura_bilineal_c",0.762160065275918,0.0225074708030696,0.597002989607917,0.081650858998718
2015,7,"altitud_m",-0.00013272281704365,6.6795653835218e-05,-0.000185722469436809,0.000129785387520188
2016,7,"(Intercept)",-181.833656575485,24.3222873913957,63.4563280550785,107.20422683727
2016,7,"x_km",-0.234226579173309,0.0250173398717098,-0.0345332716308958,0.1090008308881
2016,7,"y_km",0.233015912701066,0.0167074317106903,0.125633631282515,0.0970383041317225
2016,7,"radiacion_bilineal_mj_m2_dia",15.0425336956285,1.64790783718171,-1.32930715876929,7.2707353838086
2016,7,"altitud_m",-0.00368847487490918,0.00109954788964539,-0.00188914760342797,0.00134904285417708
2017,7,"(Intercept)",-429.725008999027,36.8035529684595,-300.860414431101,124.187387712764
2017,7,"x_km",-0.0838919143102267,0.0388346343615805,-0.133484836981103,0.130929249428889
2017,7,"y_km",0.0890042899814561,0.0195445640945039,0.147168785324296,0.0697513007860081
2017,7,"radiacion_bilineal_mj_m2_dia",23.5622291057433,1.87306810068342,17.114624617293,6.31242205386726
2018,7,"(Intercept)",-1.48536829241428,0.415244105357422,1.02562237431841,2.44145656893202
2018,7,"temperatura_bilineal_c",0.0265386446301059,0.0100606668243119,0.00578242311843221,0.0461787083669743
2018,7,"radiacion_bilineal_mj_m2_dia",0.359856133902787,0.025969537311785,0.200087363464586,0.153676682331081
2018,7,"altitud_m",-0.00034827966731313,2.86509145513466e-05,-0.000278671073480466,5.35731443773614e-05
2019,7,"(Intercept)",19.7485384248845,6.29573683359119,16.7287124988617,24.0256600845326
2019,7,"x_km",0.021099539222445,0.00660815118569173,0.0345367280745177,0.0281001701210111
2019,7,"y_km",-0.0293718104877977,0.00729158056934481,-0.0490397044184686,0.0289733868593905
2019,7,"radiacion_bilineal_mj_m2_dia",-1.14365441060806,0.396587518040284,-0.87586106328268,1.50406983322636
2020,7,"(Intercept)",-124.017910224849,7.12985125556339,-62.9732995365157,30.8748369158378
2020,7,"temperatura_bilineal_c",3.3271885400124,0.101682858639294,2.34395935337488,0.477353098258656
2020,7,"radiacion_bilineal_mj_m2_dia",3.30550073385027,0.313541394761497,1.0823149572521,1.28022724661361
2021,7,"(Intercept)",30.9141420715194,1.16961028431412,32.7673887945221,3.03338785672203
2021,7,"x_km",-0.236764226612512,0.0178266374856922,-0.152152258512052,0.0501584109156119
2021,7,"y_km",0.0607510697285854,0.0131884913016037,0.0720974519239952,0.0440783020379056
2021,7,"altitud_m",0.00154648948799794,0.000857018397056175,0.00059804690028631,0.00160500091211863
2022,7,"(Intercept)",-995.631462384468,109.586992937213,578.490069735339,381.063174981088
2022,7,"temperatura_bilineal_c",7.23733522192248,0.849816897348714,-3.83386288375388,3.32586177608596
2022,7,"radiacion_bilineal_mj_m2_dia",68.2883939314734,7.15085962792431,-32.0619131425299,24.1889276175567
2022,7,"altitud_m",-0.00617400963266298,0.00150475567321816,-0.00233739430315095,0.00252255598889544
2023,7,"(Intercept)",-496.173263279352,14.869040936599,-396.688016722008,54.255390013963
2023,7,"temperatura_bilineal_c",11.1486652149222,0.283059000831996,9.94797492495661,0.899133665390569
2023,7,"radiacion_bilineal_mj_m2_dia",22.9720707943241,0.907701334173299,17.5010111987398,3.3554662070647
2023,7,"altitud_m",-0.00608251394985339,0.000862885436258353,-0.00504588425178205,0.00164482805867664
2024,7,"(Intercept)",-30.9048851048592,1.88444385808711,-17.871666573939,7.09476958160283
2024,7,"temperatura_bilineal_c",0.792895916006556,0.0265545976115881,0.753198840948289,0.0963497205158951
2024,7,"radiacion_bilineal_mj_m2_dia",0.914476096287629,0.1052486991357,0.189524453000205,0.397063359301182
2024,7,"altitud_m",-0.000220160282193472,7.85940839038825e-05,9.26937653573585e-05,0.000137730481872962
2025,7,"(Intercept)",-497.284912586645,28.7991894582691,-201.373060560849,113.935085535444
2025,7,"x_km",0.665113236885921,0.04955696936156,0.249189262341663,0.190046362437699
2025,7,"y_km",-0.348844851384932,0.0241761105515479,-0.0952924570854457,0.0908583796848563
2025,7,"radiacion_bilineal_mj_m2_dia",39.2337319180845,1.95051685437722,19.2003780601599,7.66648065789712
2011,8,"(Intercept)",-499.648648819358,47.1147088046366,-104.417528694051,180.821339907126
2011,8,"x_km",0.347286653010579,0.0511178862428212,0.194097747835861,0.187382112151151
2011,8,"y_km",-0.00874674745871952,0.0263011614864723,-0.140251081472203,0.111119464299576
2011,8,"radiacion_bilineal_mj_m2_dia",34.6243785124819,2.92241063706245,11.0947057765244,11.2661552220491
2011,8,"altitud_m",0.0102929838763178,0.00153844902745551,-0.000596082318245904,0.00233414334271313
2012,8,"(Intercept)",-19.9287769948386,8.07662957375921,0.092860067941968,29.6670039144113
2012,8,"x_km",-0.0303133469814932,0.0105414043471075,-0.0774138228646802,0.040710802033707
2012,8,"y_km",-0.00829971061087846,0.00802398183858184,-0.0567933018377644,0.0400710809756717
2012,8,"radiacion_bilineal_mj_m2_dia",1.47459157934856,0.500512071295506,0.46617483339187,1.81622727906845
2012,8,"altitud_m",-0.00128599096900831,0.000505894663535124,-0.000774828705559268,0.000528363463665138
2013,8,"(Intercept)",-152.910051981626,36.2186957957913,198.614358566206,151.759666222514
2013,8,"x_km",-0.465361717464481,0.0440206948676226,-0.525506044324358,0.184739359233262
2013,8,"y_km",0.138920899994552,0.0329548829497199,-0.060132189318351,0.176006692216277
2013,8,"radiacion_bilineal_mj_m2_dia",12.4398473242577,2.36272149476616,-9.22461532374191,9.83552672312087
2013,8,"altitud_m",-0.00456864128641356,0.002113604770113,-0.00161246620165543,0.00333488085998089
2014,8,"(Intercept)",-783.185043957225,80.9478789533535,-57.3518547417788,334.24822380797
2014,8,"temperatura_bilineal_c",14.9195236446811,0.96313032437153,7.3416084381642,4.38996553737745
2014,8,"radiacion_bilineal_mj_m2_dia",44.1753943055476,5.16945519032039,-1.79606217446035,20.5107964630093
2014,8,"altitud_m",-0.0110299140362051,0.00166469241382594,-0.000720577086036149,0.00245337167890479
2015,8,"(Intercept)",30.5841917226826,2.94125366783695,38.2440385765309,12.3298865273007
2015,8,"x_km",0.0203713847145952,0.0021871100577892,0.0138592971213493,0.0093932086332947
2015,8,"y_km",0.0104266008300201,0.00179094792214165,0.00745151502726379,0.00859755622883028
2015,8,"radiacion_bilineal_mj_m2_dia",-1.70020027198958,0.175110546165604,-2.13025598372399,0.730473154017449
2015,8,"altitud_m",-0.000405356238040339,9.69117621170243e-05,-0.000160769901947432,0.000160195530162087
2016,8,"(Intercept)",84.8330312111453,31.4046767826591,222.030965879869,121.975455390256
2016,8,"x_km",-0.0719885585725683,0.0289094766463387,0.0711608309323995,0.107637425623251
2016,8,"y_km",0.138287545805983,0.0291441328720793,0.0453773406903806,0.105786239777654
2016,8,"radiacion_bilineal_mj_m2_dia",-4.72921628768135,2.29270245914344,-14.5371630730858,8.92991570321282
2016,8,"altitud_m",-0.00390462478411337,0.00091606243613784,-0.00263908115675993,0.00158571806662641
2017,8,"(Intercept)",1.46822721380345,9.25491088132022,32.974833337101,36.3427193497305
2017,8,"temperatura_bilineal_c",1.07662006290795,0.279595370094681,0.936894731740754,1.27099613374521
2017,8,"radiacion_bilineal_mj_m2_dia",-1.0507150900772,0.780865196816859,-2.90155754114897,3.21856061205764
2017,8,"altitud_m",-0.00157594698883809,0.000513022284529835,8.41410901048057e-05,0.000932571059124892
2018,8,"(Intercept)",26.0751353799282,9.01889240242288,60.7673113622708,39.3864726910831
2018,8,"temperatura_bilineal_c",-2.98612818135608,0.489210950981451,-0.907737319045801,2.47197322582183
2018,8,"radiacion_bilineal_mj_m2_dia",3.43357168410256,0.824331564921791,-0.424693995116487,4.32185700954979
2018,8,"altitud_m",0.00319271980135325,0.000950248682724301,-0.000294469275495096,0.00170591249974791
2019,8,"(Intercept)",-557.147529914358,37.066855201926,45.9150371266801,163.627102412556
2019,8,"temperatura_bilineal_c",8.22309201491785,0.715145289546212,-2.5907146527944,3.34711826147232
2019,8,"radiacion_bilineal_mj_m2_dia",29.8149859309255,2.24241304818521,4.50747471169607,8.78241559052056
2019,8,"altitud_m",-0.00692389012423735,0.00194720839804394,-0.00163155035581614,0.00154978071596025
2020,8,"(Intercept)",7.08170648262834,1.67026623514762,8.81916318407683,6.70743411901934
2020,8,"temperatura_bilineal_c",0.475646796132619,0.0250264565133271,0.346586985023477,0.0863146964916429
2020,8,"radiacion_bilineal_mj_m2_dia",-0.79368941388489,0.107121439856158,-0.704339668334519,0.441090516304819
2020,8,"altitud_m",-0.000217917668808826,7.09026745538896e-05,-0.000159896097611261,0.000126842106944862
2021,8,"(Intercept)",7.75884787413718,0.149516698413159,8.66276973679501,0.463908816416786
2021,8,"x_km",-0.0222209801470735,0.00227886161434702,-0.00506018514857326,0.00769868665733928
2021,8,"y_km",-0.0220926998985744,0.0016859459111398,-0.0202693915018012,0.00727827779452489
2021,8,"altitud_m",-7.61065868288732e-05,0.000109556630037944,-0.000365076339104833,0.000161576791672363
2022,8,"(Intercept)",-75.034884369321,13.0209106495226,-26.4875248961778,52.3401624893071
2022,8,"temperatura_bilineal_c",7.07930743728766,0.561370290659213,5.88569460502248,2.43294203226222
2022,8,"altitud_m",0.00575425087877446,0.00165975636743807,-0.00185847432446636,0.00265089278712771
2023,8,"(Intercept)",49.0778701162249,1.4571432637727,51.5555815464662,3.69842974622943
2023,8,"x_km",-0.390298032652639,0.0222090768834399,-0.322764326989835,0.0607038996009409
2023,8,"y_km",0.0542630572077567,0.0164307047545553,0.0603763549018589,0.0524878214860543
2023,8,"altitud_m",0.00184912244514675,0.00106770485942846,0.00168879714772772,0.00205862620278827
2024,8,"(Intercept)",16.9911036298054,4.01550528024792,22.6355083582703,15.7519040788991
2024,8,"x_km",-0.0585834298324564,0.00267901189111996,-0.0455231973180736,0.00896742197238033
2024,8,"y_km",0.00591393005549113,0.00274889174462948,-0.00391222165864118,0.00982043393807754
2024,8,"radiacion_bilineal_mj_m2_dia",-0.735916567505051,0.232953918653371,-1.04177703222594,0.912130340078267
2024,8,"altitud_m",-0.000587008006984595,0.000124749752555294,-0.000363856993737925,0.000197415727862628
2025,8,"(Intercept)",-250.711013813005,21.7937115506499,-264.607717922094,85.9056369430355
2025,8,"temperatura_bilineal_c",-4.77143127718597,0.894218415282859,-7.39405328230774,3.64740630735575
2025,8,"radiacion_bilineal_mj_m2_dia",26.4366148371958,2.31592189330078,31.7877549629112,9.37588586008093
2025,8,"altitud_m",0.00292775021844074,0.0014475790355666,0.00141740413988128,0.0027283224260816
2011,9,"(Intercept)",-14.9045886237559,4.8225862172679,-5.02959522780777,18.5556738184327
2011,9,"x_km",0.00716423435015096,0.00325376679332453,0.00312615423041701,0.0117161057696531
2011,9,"y_km",-0.0183620438296887,0.00168619535243332,-0.0130604389858835,0.0065561612337732
2011,9,"radiacion_bilineal_mj_m2_dia",1.44463647350949,0.300609882665099,0.83732046248451,1.15898977980153
2011,9,"altitud_m",-0.00013787801188403,9.52147932225102e-05,2.78241788846393e-05,0.000155576184690757
2012,9,"(Intercept)",-248.975124211599,29.659430392509,-16.5981829014136,108.421413563774
2012,9,"x_km",-0.390435910095788,0.0263853924041896,-0.406473527615334,0.0994129596402967
2012,9,"y_km",0.100816853997931,0.0174635835594494,-0.00456881863926422,0.076049411724571
2012,9,"radiacion_bilineal_mj_m2_dia",16.9972145150776,1.83116266962699,2.85214055090111,6.66844839576115
2013,9,"(Intercept)",-316.487619831982,35.5907607391857,-92.6541234166995,129.119236778952
2013,9,"x_km",-0.561689163123832,0.0327001367728318,-0.580063132135789,0.0943775262541989
2013,9,"y_km",0.174481757656236,0.024218332952804,0.121214515941928,0.0905425784364612
2013,9,"radiacion_bilineal_mj_m2_dia",26.6095797733127,2.63937408577429,10.2899311716619,9.5973029132462
2013,9,"altitud_m",-0.003166458453452,0.00157602123569601,-0.000783195374044957,0.00185883115060981
2014,9,"(Intercept)",1.01211002070838,0.384735261364012,1.87971817280534,1.65883088571734
2014,9,"temperatura_bilineal_c",0.100856542569113,0.00956225912411937,0.0695889327652648,0.0399226248608296
2014,9,"radiacion_bilineal_mj_m2_dia",0.0803897039670971,0.0352349699988776,0.072106866100314,0.159600487219469
2014,9,"altitud_m",-2.53104536657402e-05,2.0237880447412e-05,-5.56743538081998e-05,3.70813689567219e-05
2015,9,"(Intercept)",-5.13263021619402,0.777846353176834,-3.63048809851491,2.81877653050337
2015,9,"temperatura_bilineal_c",0.527347062991962,0.0335077194873852,0.461378213204878,0.130090903628746
2015,9,"altitud_m",-0.000586044828168917,9.58319846644089e-05,-0.000493373561042457,0.000174268334366517
2016,9,"(Intercept)",90.2820357446087,8.06166386862894,119.393605279945,45.0976933586005
2016,9,"radiacion_bilineal_mj_m2_dia",-4.22855903518852,0.668084541713509,-6.56749806692512,3.47631303766492
2016,9,"altitud_m",-0.0023963634525344,0.00091867719349969,-0.0023898386221371,0.00137941238956511
2017,9,"(Intercept)",-197.792100062559,21.4250381856691,-15.2935636452991,86.4723710771198
2017,9,"x_km",0.196666434234429,0.0284220541866589,0.00629180351126689,0.113239813955084
2017,9,"y_km",0.0938782809646723,0.0150851548348757,0.0274879025125154,0.0732137801884064
2017,9,"radiacion_bilineal_mj_m2_dia",14.9506520744361,1.34433480940351,3.51966587668492,5.3816432192075
2018,9,"(Intercept)",2.27507923504663,0.253797398657191,1.26181674829433,0.63230884248156
2018,9,"x_km",0.0322952780259385,0.00386825789867829,0.0176404410624927,0.0103867236968613
2018,9,"y_km",-0.0269269387739103,0.00286181203213589,-0.0163499313157929,0.00893231395628782
2018,9,"altitud_m",-0.0011152308097208,0.000185967106044869,-0.000354522547194861,0.000358632683691625
2019,9,"(Intercept)",24.1999961281865,1.21483306234112,29.5420447956165,3.73247720554499
2019,9,"x_km",-0.0457900392349512,0.0185159013206593,-0.0093211913920523,0.0620520236848812
2019,9,"y_km",-0.0901601380972012,0.0136984220218122,-0.0734427688709686,0.0585612020978488
2019,9,"altitud_m",-0.00272493977445673,0.000890154864181083,-0.00253561700769592,0.00132227677976519
2020,9,"(Intercept)",-30.8327412965978,4.6210666013208,-12.7221869474368,13.1192649517776
2020,9,"x_km",0.00602041630730205,0.00187758819141672,0.0101781450736738,0.00501192232240641
2020,9,"y_km",-0.0200994395353667,0.00125701030483279,-0.0164708777172989,0.00408380048393409
2020,9,"radiacion_bilineal_mj_m2_dia",2.42516410127415,0.302356997817966,1.24943421459247,0.860523563355973
2020,9,"altitud_m",-0.000322310857259246,8.3041943245118e-05,-0.000220889052057135,0.000149768072657559
2021,9,"(Intercept)",-353.067601982084,53.9039938377046,-420.730042884998,190.43931489267
2021,9,"radiacion_bilineal_mj_m2_dia",26.6965105260779,3.54645547579385,31.6812243535575,12.7838591655566
2021,9,"altitud_m",-0.00592040358626868,0.00153270156185856,-0.00399218582787324,0.0019482291113851
2022,9,"(Intercept)",-19.9071604796415,1.92736289967991,-9.81619898881074,8.34199221337252
2022,9,"x_km",0.0200666160020197,0.00177075455909561,0.00873265491574554,0.00685066783777269
2022,9,"y_km",-0.0136093201852346,0.00084624729902058,-0.00881102458105311,0.00371553888475003
2022,9,"radiacion_bilineal_mj_m2_dia",1.74454268184073,0.141462074754806,0.989006783283508,0.609974707719306
2022,9,"altitud_m",-0.00025816663948666,5.38274422157985e-05,-4.85264055159118e-06,9.48820725082376e-05
2023,9,"(Intercept)",84.300903778713,22.4050265902022,103.851572339372,88.1540352393764
2023,9,"x_km",0.0964329497201367,0.0143326375219942,0.153850556499878,0.0668426448825055
2023,9,"y_km",-0.0579283467633564,0.0142091557213568,-0.0738193926960448,0.0655948857281397
2023,9,"radiacion_bilineal_mj_m2_dia",-4.35779469190433,1.53215744482427,-5.58804797010432,5.99128695040352
2024,9,"(Intercept)",-18.7972067116938,24.8810229981985,125.73124238748,100.764272189751
2024,9,"x_km",0.0427457113580042,0.019206826059792,-0.104137297416683,0.0769862273155209
2024,9,"y_km",-0.132794794829419,0.0139773796310805,-0.110231881956431,0.0745603301728101
2024,9,"radiacion_bilineal_mj_m2_dia",3.31293139569917,1.65446171353153,-6.63546966959488,6.67436659903461
2024,9,"altitud_m",-0.00616016426498139,0.000871930579834519,-0.000902972088036626,0.00124664010960606
2025,9,"(Intercept)",-100.957125423043,9.74373451145392,34.1002695076985,46.2489847036955
2025,9,"temperatura_bilineal_c",8.0230136656908,0.41773218378323,1.78902514556911,2.12734602822488
2025,9,"altitud_m",-0.00650402040367086,0.00123509860097876,-0.00273086564578168,0.00199372785514319
2011,10,"(Intercept)",-191.912613825763,14.2303670726624,-171.864395478854,60.6518635027597
2011,10,"radiacion_bilineal_mj_m2_dia",14.6143200062061,0.916368969758293,13.7068945907689,3.87175060695359
2012,10,"(Intercept)",-400.980179031468,32.7852685385151,25.2634129814157,165.219739938583
2012,10,"temperatura_bilineal_c",5.24113390142948,0.376803588327016,2.602760022875,1.78098247720405
2012,10,"radiacion_bilineal_mj_m2_dia",23.2055703971547,2.0796257953792,-1.08079706628229,10.444792983854
2012,10,"altitud_m",-0.00913769442955111,0.00121807361035569,-0.00371059884991682,0.00187373270286512
2013,10,"(Intercept)",-56.8580393087498,3.35912628316562,-24.9032114277934,13.102813032826
2013,10,"x_km",-0.0671906512995135,0.00176995259794201,-0.0478643870273444,0.00869886170427752
2013,10,"y_km",0.0425718002254524,0.00166031671806773,0.0205067769595418,0.0078234205632006
2013,10,"radiacion_bilineal_mj_m2_dia",4.04512987177213,0.218825597343138,1.99687342380316,0.852031602413957
2014,10,"(Intercept)",-30.5326917883518,2.1839381834616,-9.17916339608968,9.81067546809461
2014,10,"x_km",0.0280575782623894,0.00255347935684699,0.00939023168573598,0.0105604638577695
2014,10,"y_km",-0.0245756886610353,0.00147879152798043,-0.0139083278596116,0.00755169223177662
2014,10,"radiacion_bilineal_mj_m2_dia",2.69533627184125,0.157632054379841,1.1914806482632,0.702323269891083
2014,10,"altitud_m",-6.42441465071761e-05,9.13020708930247e-05,5.16671197557081e-05,0.000147330917506889
2015,10,"(Intercept)",93.8692422563532,29.6725123376907,148.951869163112,108.303961848549
2015,10,"x_km",0.130806428300033,0.0203474544469827,0.125425278793998,0.098021485564399
2015,10,"y_km",0.161100481234234,0.0204225611623182,0.00964741037109743,0.0972316752702716
2015,10,"radiacion_bilineal_mj_m2_dia",-3.07139204696629,1.87991999563843,-6.30793079848014,6.85224915655561
2016,10,"(Intercept)",25.9435857221012,1.26091161024198,32.9417333454728,4.38205783147738
2016,10,"x_km",0.0767383212983552,0.0192182083885023,0.0743764126926057,0.0681235486322307
2016,10,"y_km",-0.21362710068273,0.0142180023780479,-0.182947143839212,0.062704928402687
2016,10,"altitud_m",0.00561491500616994,0.000923918386775127,0.000920519122659806,0.00173980000233266
2017,10,"(Intercept)",7.90342041034656,1.7011801316803,19.3984075271382,6.936447600334
2017,10,"x_km",-0.0306576836496471,0.00200735003626684,-0.0285264020258974,0.00909359960568686
2017,10,"y_km",0.00310098624085358,0.00126076760878097,-0.000893512922548963,0.0067157558999172
2017,10,"radiacion_bilineal_mj_m2_dia",-0.193486106504879,0.117385042393087,-0.936762286346579,0.473788635365282
2018,10,"(Intercept)",-54.802040355124,6.42052143966984,-43.4797681554514,21.9042469420856
2018,10,"x_km",0.01313088742163,0.006774789606374,-0.0118812486920558,0.0201326522123574
2018,10,"y_km",0.000281342836398265,0.00501562727823223,0.0054175092237773,0.0182129595652049
2018,10,"radiacion_bilineal_mj_m2_dia",3.50874034506036,0.379960898577629,2.71082759641502,1.2987416218029
2018,10,"altitud_m",-0.000869136348196434,0.000328013013062717,0.000604231576372871,0.00057603854761622
2019,10,"(Intercept)",544.71565901453,39.3738749036343,551.078350936313,119.563402263949
2019,10,"x_km",0.126647059146074,0.027340990033489,0.000539770484418885,0.0815172961289418
2019,10,"y_km",0.135103862568667,0.0187683872345513,0.0581232559791349,0.0799933032560876
2019,10,"radiacion_bilineal_mj_m2_dia",-34.1613447037735,2.71863331214795,-34.2464346481822,8.30023852065658
2019,10,"altitud_m",-0.00468551779483149,0.00122235908801971,-0.0044924055648455,0.000426030389044712
2020,10,"(Intercept)",-27.1283919768693,2.6262162188007,-5.41538274806796,9.9112110078391
2020,10,"temperatura_bilineal_c",0.553353286248118,0.0310495675759546,0.366671951644992,0.120005101385801
2020,10,"radiacion_bilineal_mj_m2_dia",1.39867292621263,0.139157240750572,0.233814667745395,0.515743892815135
2020,10,"altitud_m",-0.000443264070557835,6.79753798778641e-05,-0.000104308731177937,0.000130890417258311
2021,10,"(Intercept)",-168.082164514676,41.8424940098405,-5.12472340284248,177.957619326421
2021,10,"x_km",-0.246516428242089,0.026432076015745,-0.27006022578244,0.109265239807452
2021,10,"y_km",-0.107035711518111,0.0239622917528433,-0.0369810990460281,0.0979765768861214
2021,10,"radiacion_bilineal_mj_m2_dia",16.6829211983774,3.1645258923866,4.55887235596198,13.3887263946359
2022,10,"(Intercept)",63.0359748040389,1.42384845019894,65.001163729886,3.70325415997402
2022,10,"x_km",0.207879810274375,0.0217016133464883,0.219790318572838,0.0618135893204417
2022,10,"y_km",0.144600504521914,0.0160552734120859,0.120091698378935,0.0552253853952931
2022,10,"altitud_m",-0.00500296058512771,0.00104330847018501,-0.00309905017211191,0.00185487654921097
2023,10,"(Intercept)",308.816286259503,54.9411932729081,217.677588642897,165.528670707834
2023,10,"temperatura_bilineal_c",6.10000810646705,0.666551398955896,3.81410413724873,2.24510397306333
2023,10,"radiacion_bilineal_mj_m2_dia",-32.4616499883544,5.2341811520074,-21.3800593291847,16.0231376817454
2023,10,"altitud_m",-0.0041178857572165,0.00109867488429137,-0.00133638261063446,0.00113022208241825
2024,10,"(Intercept)",3.56573491958418,0.217479841274217,6.52262977706949,1.32049895449485
2025,10,"(Intercept)",58.6593758130235,1.9286904738435,69.3204254524347,5.95553678241165
2025,10,"x_km",-0.03236467237268,0.0293961726913835,0.102379186277633,0.0988027232314407
2025,10,"y_km",-0.205234870630345,0.0217478572811007,-0.250761392609924,0.0971750698920413
2025,10,"altitud_m",0.00394187175849702,0.0014132256192328,-0.00146216772061531,0.00124594500919341
2011,11,"(Intercept)",-20.1180806156078,2.50993724319968,7.46397404792999,8.67818143282783
2011,11,"x_km",0.0103158479193493,0.00298515209817323,-0.0173744297102685,0.0102308690281452
2011,11,"y_km",-0.0265500628941397,0.00171371420440089,-0.00600435212860222,0.00790446637453799
2011,11,"radiacion_bilineal_mj_m2_dia",1.54538451203497,0.140643622141574,0.0507584085408612,0.482168520596068
2011,11,"altitud_m",-8.18828503904152e-05,9.84145852446891e-05,-0.000175141730975082,6.66179573456027e-05
2012,11,"(Intercept)",-33.9112761919508,2.79181949414418,8.86439818164038,8.94518767940079
2012,11,"temperatura_bilineal_c",0.535330131151986,0.0245405012639556,0.240982332553608,0.08179567022421
2012,11,"radiacion_bilineal_mj_m2_dia",1.89633505977934,0.162548172493439,-0.430672880016835,0.52230545040222
2012,11,"altitud_m",-0.00015536347781182,7.81162929099301e-05,-0.000213964572992261,6.51712641588268e-05
2013,11,"(Intercept)",3.20669233167084,2.42568776527169,32.908067632584,10.2883751197585
2013,11,"temperatura_bilineal_c",0.381752864178051,0.0314397292022411,0.286901466497115,0.129228849756784
2013,11,"radiacion_bilineal_mj_m2_dia",-0.153468936162846,0.179688045100494,-2.13838867751819,0.750421142308227
2013,11,"altitud_m",-0.00040461208992982,8.30095933430023e-05,-0.000548388633721612,0.000137451929969492
2014,11,"(Intercept)",-739.00876931602,61.005317290613,-40.0846902765601,232.775548993617
2014,11,"temperatura_bilineal_c",4.50782299007388,0.349642386565931,1.74704592453308,1.33802473800696
2014,11,"radiacion_bilineal_mj_m2_dia",51.6423382963364,4.39524129825188,4.89821347793842,16.6864633953702
2014,11,"altitud_m",0.00283523967123621,0.00108046213089496,-0.00149983917134187,0.00171629966958506
2015,11,"(Intercept)",24.5748126721035,2.13696473629499,30.1081819382704,8.93186722020355
2015,11,"x_km",0.0427424711644629,0.00258943737588533,0.0439238406706812,0.0119178543839614
2015,11,"y_km",-0.0149957645930863,0.00307000741373325,-0.0226083355645248,0.0126292798476034
2015,11,"radiacion_bilineal_mj_m2_dia",-1.54633351858486,0.153378920779327,-1.92557951850238,0.639272040301643
2016,11,"(Intercept)",36.8528474857786,0.670180355079741,37.5588641302677,7.09271901920882
2016,11,"x_km",0.122148594199069,0.0157476848744668,0.177297815812823,0.0996647804263352
2016,11,"y_km",-0.0800960159893983,0.0157312008482955,-0.00801773037468239,0.100060844765245
2017,11,"(Intercept)",-117.335366704311,30.1153483740185,237.645640463431,125.156646991931
2017,11,"x_km",-0.0751171277917336,0.0331137861096297,-0.317810130233438,0.142775654565564
2017,11,"y_km",-0.110299305839121,0.0203476157734572,-0.0850655058244207,0.0911760043054564
2017,11,"radiacion_bilineal_mj_m2_dia",14.6465489467607,1.91944772630489,-7.70325243864243,7.93058341278766
2018,11,"(Intercept)",-159.626848128116,16.3631788288651,-21.1719202548053,70.7183572953035
2018,11,"temperatura_bilineal_c",4.19339787617263,0.325860249725913,1.90258361891874,1.50501822040396
2018,11,"radiacion_bilineal_mj_m2_dia",5.14065309343678,0.615328865609247,-0.393336259253139,2.50842548378765
2018,11,"altitud_m",-0.0023766446916218,0.000491399268800944,-0.00031774476634671,0.000941910270535888
2019,11,"(Intercept)",-439.574137820029,23.5319861320017,-215.299491547762,141.196231923334
2019,11,"temperatura_bilineal_c",7.69242985131964,0.358090431220813,4.74339141038781,1.94083669091729
2019,11,"radiacion_bilineal_mj_m2_dia",23.8470502634189,1.54801097156902,11.6558223803757,8.71917642407396
2019,11,"altitud_m",-0.00562261737929046,0.00100488833284774,-0.00236122232782535,0.00159675124784463
2020,11,"(Intercept)",-186.416657037416,36.1474359874362,-96.9000511479835,169.489239940464
2020,11,"x_km",-0.130046852914462,0.0326551587480342,0.000187956719369289,0.148120293999994
2020,11,"y_km",-0.0795311823371928,0.0305174315022709,-0.00422481904008044,0.163159828901395
2020,11,"radiacion_bilineal_mj_m2_dia",16.7835509027179,2.61233394398206,9.87528511540411,12.1491543865581
2020,11,"altitud_m",0.00344998241861598,0.00156781359082481,-0.000959683105409169,0.00205156935637557
2021,11,"(Intercept)",-299.345499491235,9.7313137805069,-234.349625435735,40.8376086785078
2021,11,"radiacion_bilineal_mj_m2_dia",23.8464298099122,0.622743789638812,19.7484925612121,2.59601263452037
2022,11,"(Intercept)",30.0855256204554,8.11458090985341,47.5713523606015,27.803359837429
2022,11,"x_km",0.0150228715221205,0.0102660818493731,0.0119944944851091,0.032314306675389
2022,11,"y_km",-0.0550684951840112,0.00626303423190376,-0.0662281555163826,0.0213198235090138
2022,11,"radiacion_bilineal_mj_m2_dia",-1.54680050421903,0.459889368650173,-2.4552689317248,1.57801286374309
2022,11,"altitud_m",0.000828277829481461,0.000361076294903148,0.000463142209583257,0.000709762079903203
2023,11,"(Intercept)",-177.097075208519,40.889662281445,145.366436512179,163.281172026637
2023,11,"x_km",0.250156785561654,0.0736770844921176,0.0657512370240715,0.268579211183927
2023,11,"y_km",-0.176547869233468,0.0351575411876357,-0.0630720486696421,0.142944973851136
2023,11,"radiacion_bilineal_mj_m2_dia",19.5285245190175,2.75369109819709,-1.46189446672011,10.9240989251102
2023,11,"altitud_m",-0.0048206829476765,0.00197737619626324,-0.00593179958984918,0.0018618662484251
2024,11,"(Intercept)",-186.076251855834,9.72487349183873,-132.587887968607,37.1702428593302
2024,11,"temperatura_bilineal_c",5.52621294545489,0.216644963251729,5.07419943155151,0.756698613380814
2024,11,"radiacion_bilineal_mj_m2_dia",4.99740925279661,0.592595883940886,2.29852202944566,2.34054205755594
2024,11,"altitud_m",-0.00119250920735398,0.000544510784943847,-0.00111545514630567,0.00106783739356033
2025,11,"(Intercept)",-92.3178306840487,16.4048339189387,23.5282234474228,72.7755739532088
2025,11,"radiacion_bilineal_mj_m2_dia",10.2207669086735,1.05347660374131,2.39380993354283,4.85000095268374
2025,11,"altitud_m",0.00210249728808597,0.00114606164080427,0.000201432355831917,0.00150567976223738
2011,12,"(Intercept)",-19.4995999730702,1.46476105543867,-13.4418583256015,6.68093875750292
2011,12,"temperatura_bilineal_c",0.0984334674101003,0.0293731597510284,0.0387527371516234,0.130570019366295
2011,12,"radiacion_bilineal_mj_m2_dia",1.55519728826081,0.120453944729205,1.26305790227508,0.56125362390291
2011,12,"altitud_m",-6.48375576553903e-05,6.16122562806101e-05,-0.000133892602906015,0.00010245672264191
2012,12,"(Intercept)",-576.494660013572,37.4592683871401,-133.808070442614,189.840285661644
2012,12,"temperatura_bilineal_c",10.8696212327452,0.496154386351876,8.00297031030937,2.33820399909598
2012,12,"radiacion_bilineal_mj_m2_dia",31.4908970020168,2.93959063417925,3.35773640919858,14.5613440525596
2012,12,"altitud_m",-0.0103524065935743,0.00127481309822968,-0.00348451902706092,0.00215996015467663
2013,12,"(Intercept)",-32.3748474320662,3.13143677009577,21.4426675853387,10.636213889634
2013,12,"x_km",0.00348298642907315,0.00220944484286628,-0.00975329438596729,0.00891124243885951
2013,12,"y_km",-0.014367379892893,0.00138512953134916,-0.0114545441335917,0.0081350337532653
2013,12,"radiacion_bilineal_mj_m2_dia",2.7585356039776,0.208880017975645,-0.769009990305422,0.703514801363826
2013,12,"altitud_m",-0.000261852590923199,8.91347108268993e-05,-0.000130934404670077,6.83935492460699e-05
2014,12,"(Intercept)",3.97533340910389,3.75340005365729,28.0550273936211,16.8766574006912
2014,12,"temperatura_bilineal_c",0.783743046298128,0.0536923741045266,0.465978476927087,0.225152651932657
2014,12,"radiacion_bilineal_mj_m2_dia",-0.98676924571272,0.186309424065829,-2.0871684824938,0.870248014842523
2014,12,"altitud_m",-0.000725738338071687,0.000116507638921505,0.000111428549044739,0.000130468933052924
2015,12,"(Intercept)",5.70977635503068,0.050726601481671,6.24187888909932,0.36569979795439
2015,12,"x_km",0.00395861887312113,0.00119195755117437,0.008252210230435,0.00613133347134341
2015,12,"y_km",0.0154101813057,0.00119070985923582,0.011480141637936,0.0061716741316423
2016,12,"(Intercept)",4.81313833544272,14.2229820424927,10.6426980768234,58.5323397787977
2016,12,"x_km",-0.359371891222218,0.0190340701523726,-0.267903410705882,0.0697148931823737
2016,12,"y_km",-0.00825987474459181,0.0140817026023568,-0.0258383065831717,0.0657026528288702
2016,12,"radiacion_bilineal_mj_m2_dia",2.10472304344109,0.926540820742506,1.9566831201819,3.82688369465152
2016,12,"altitud_m",0.00269469221977973,0.000927416603382692,0.00073909499333694,0.00148554716691439
2017,12,"(Intercept)",27.273301431806,0.612735394753291,30.0288258332365,4.28866755681575
2017,12,"x_km",0.0977568216827346,0.0143978614635142,0.12979145846361,0.0732235429285639
2017,12,"y_km",-0.0782425507097607,0.0143827903767438,-0.0699436156505004,0.0735495406762098
2018,12,"(Intercept)",-10.7099671877138,0.989751030011563,3.3995821792474,4.29589697475458
2018,12,"x_km",0.0127664080545521,0.00134719496535987,0.00416870781748251,0.00476647634958942
2018,12,"y_km",-0.000410211952372506,0.000885124722875717,0.00114209929386487,0.00381933309597551
2018,12,"radiacion_bilineal_mj_m2_dia",1.21640875231632,0.0648259355284191,0.305222850752675,0.280143579798471
2018,12,"altitud_m",-0.000249559097863515,5.75457013807219e-05,-0.000208482473672148,8.99934609321369e-05
2019,12,"(Intercept)",-273.940494570225,26.005667670107,112.533017732576,113.937850109153
2019,12,"x_km",0.0965291938782791,0.0351887380721598,-0.108338185622422,0.140991831139949
2019,12,"y_km",0.301261591120164,0.0167103284840084,0.191083733631014,0.078930281970383
2019,12,"radiacion_bilineal_mj_m2_dia",24.726039880933,1.95983092016124,-3.54783010645335,8.56873049585334
2019,12,"altitud_m",0.00354962349375479,0.00106642119949241,-0.000935773752403549,0.00169162620700008
2020,12,"(Intercept)",3.0215475704855,0.478407388825678,4.02205575362329,1.1315191209407
2020,12,"x_km",0.00412901296110755,0.00729165535345234,0.0132297344947421,0.0186506588500397
2020,12,"y_km",0.0166700303043266,0.00539450770121298,0.00893712759907799,0.016252118231816
2020,12,"altitud_m",-0.000660531225549519,0.000350547476377268,-0.000504631091174657,0.000616309238085899
2021,12,"(Intercept)",3.86942176557403,0.0099740825037384,3.93018465338651,0.0549461775786125
2021,12,"x_km",-0.00530453761013744,0.000234367819035991,-0.00361523158389554,0.0010149863250178
2021,12,"y_km",-0.00112314985960426,0.000234122492482057,-0.00215079165849352,0.00102174721663378
2022,12,"(Intercept)",-241.449222964674,28.5848650605548,209.026467188386,124.183411034327
2022,12,"x_km",0.12433186277453,0.0193911555269243,-0.026182477292543,0.0912919525044445
2022,12,"y_km",0.00647880554985745,0.0128638636375279,0.0617210896615909,0.073477163263476
2022,12,"radiacion_bilineal_mj_m2_dia",18.1145407384602,1.87868248640781,-10.9807024864737,8.15627291121188
2023,12,"(Intercept)",-30.9714443080105,2.60236370873913,-6.41457828615054,8.17550063263459
2023,12,"temperatura_bilineal_c",-0.550966435505637,0.0386333216657046,-0.360777135611058,0.134625246056239
2023,12,"radiacion_bilineal_mj_m2_dia",3.10669605771802,0.209170421118599,1.33376586934633,0.675095186415694
2023,12,"altitud_m",0.000549082423379206,6.22151538621739e-05,9.32780071870573e-05,0.000104789927687589
2024,12,"(Intercept)",-36.9352233482781,2.31672559103881,-26.7170460283957,8.20908048923811
2024,12,"temperatura_bilineal_c",0.44830247024826,0.0238664573921249,0.504499251387263,0.0884612001659125
2024,12,"radiacion_bilineal_mj_m2_dia",2.0275654635748,0.156391323498448,1.31159728220001,0.538810648953372
2025,12,"(Intercept)",-708.399182529121,31.5919107536728,-362.409406937432,116.483703536753
2025,12,"x_km",-0.453615450234327,0.0131793329491202,-0.346213017355514,0.0602316660402392
2025,12,"y_km",0.027157512840095,0.0130710821635233,-0.0599755219118456,0.0606031736390512
2025,12,"radiacion_bilineal_mj_m2_dia",47.0439783346815,1.96583084370906,25.8710079203776,7.22766361663592
2011,13,"(Intercept)",-22.6750068932784,2.77982177891866,-7.71329202946303,10.0143015478911
2011,13,"x_km",-0.0358200442854937,0.00222034494890204,-0.0161598362518258,0.00809656680473375
2011,13,"y_km",-0.000487837768725315,0.00132578088674095,-0.00497135149587449,0.00590957078804276
2011,13,"radiacion_bilineal_mj_m2_dia",1.82091287004282,0.16769122790017,0.934788783182798,0.603066098951149
2011,13,"altitud_m",-0.000235619361206396,7.99885556811832e-05,-0.000177307096289099,7.31547348011698e-05
2012,13,"(Intercept)",-71.1477163031184,24.5590514181902,154.151759357768,107.668007735417
2012,13,"temperatura_bilineal_c",3.09059245630364,0.426990131974524,2.74774546999,1.72916983598899
2012,13,"radiacion_bilineal_mj_m2_dia",5.32990075221066,1.66593809910233,-7.7443247270997,7.2976026470937
2012,13,"altitud_m",0.00205399692388497,0.00121067617946683,-0.00404928778644924,0.00124280347913607
2013,13,"(Intercept)",-58.5920648130736,3.3134325344575,-45.9379494371179,12.7090522588533
2013,13,"x_km",-0.0848195011674466,0.00185393968450108,-0.0741507598801783,0.00770116875054237
2013,13,"y_km",0.00423456331012398,0.00133387389214421,0.00327739448455242,0.00559688978552565
2013,13,"radiacion_bilineal_mj_m2_dia",3.98847382065572,0.207274508623004,3.21435459819527,0.792181249458824
2014,13,"(Intercept)",-49.7440332323982,3.64081563188641,-21.4012616070593,15.7227425224839
2014,13,"temperatura_bilineal_c",1.36273461840726,0.0476403403750718,0.842560662308032,0.229070691825642
2014,13,"radiacion_bilineal_mj_m2_dia",1.76996236998251,0.163835250915217,0.723322660979769,0.688813203136504
2014,13,"altitud_m",-0.000682892928442494,7.11810205812302e-05,-0.000189503363980185,0.000106196460763279
2015,13,"(Intercept)",-6.35125669212334,2.57111058805858,10.6795121042726,11.6419954837258
2015,13,"x_km",0.0190573977295574,0.00297111933572406,0.00617795458166836,0.0125474850270714
2015,13,"y_km",0.0169821238851909,0.00191370731777504,0.0143303488038119,0.0103927834370316
2015,13,"radiacion_bilineal_mj_m2_dia",0.999043628944057,0.173329757498415,-0.197203826862266,0.784936133433336
2015,13,"altitud_m",-0.00053526039665242,0.000124176906521042,5.45125888683111e-05,0.000167980349615906
2016,13,"(Intercept)",-15.2476841663624,0.53028347143007,-11.473892714788,3.5410726099738
2016,13,"temperatura_bilineal_c",0.891039931142407,0.0237683616227355,0.721300541457264,0.155265482608759
2017,13,"(Intercept)",-472.592602555464,28.1825085719657,-408.473175692623,125.0910441452
2017,13,"x_km",-0.0807576104873127,0.0272249251337931,-0.0900217065611737,0.0933821034090991
2017,13,"y_km",-0.130015510859361,0.0211048892572959,-0.230198975788035,0.0834660019620262
2017,13,"radiacion_bilineal_mj_m2_dia",37.3300547497822,1.89218638599839,32.8573959462251,8.31438431440345
2017,13,"altitud_m",-0.00868423213052797,0.00120370555866687,-0.0045254350259682,0.00200737906566147
2018,13,"(Intercept)",8.63639660971865,0.126069250931422,10.1746771745985,0.395902877704543
2018,13,"x_km",-0.00955469526244879,0.00192148689575275,0.00858890413215284,0.00658408864981505
2018,13,"y_km",-0.0125018424662273,0.00142155318024052,-0.0182956568840634,0.00643482834680748
2018,13,"altitud_m",0.000512901006098131,9.23757843106507e-05,-9.53648212923555e-05,9.52410758828865e-05
2019,13,"(Intercept)",7.06782732399061,0.0362077414365134,7.4543310483306,0.257902180719362
2019,13,"x_km",-0.0157326325956687,0.000850797994654056,-0.00975360516695765,0.00430378697573289
2019,13,"y_km",-0.00837705506714601,0.000849907414449909,-0.00586299169941029,0.00433259397421483
2020,13,"(Intercept)",-109.897712923094,17.0270708164512,-11.2195241472895,61.1461830064269
2020,13,"x_km",-0.212805138853275,0.0146517264116725,-0.0940939330132547,0.0465637755695615
2020,13,"y_km",-0.0253716401416951,0.0102493112305673,-0.019874519504054,0.0399347998909663
2020,13,"radiacion_bilineal_mj_m2_dia",8.86004036494921,1.27155984258525,2.18472050208659,4.56115417587384
2020,13,"altitud_m",0.00236232799731408,0.00064168911758622,-0.00147016845833402,0.00111636802060467
2021,13,"(Intercept)",-1048.50215035214,35.7605984300548,-529.386171358082,149.504721369775
2021,13,"temperatura_bilineal_c",20.2147425598901,0.37911296224868,13.3943535642271,1.80847635470601
2021,13,"radiacion_bilineal_mj_m2_dia",49.0713379021463,2.1056110339257,22.8217256199625,8.45274889222254
2022,13,"(Intercept)",-529.696667037946,30.8793056407585,-215.296801729013,117.081798121563
2022,13,"x_km",0.233019605590791,0.0295603650153673,0.0765201322469554,0.106652806742116
2022,13,"y_km",-0.164842554942371,0.0149908524122549,-0.121736622651532,0.0593052057629738
2022,13,"radiacion_bilineal_mj_m2_dia",39.5642170218689,2.12940347161718,18.4789363788906,8.08435322248193
2022,13,"altitud_m",0.0038380975068043,0.000893089589480174,0.000241228617726686,0.0015574070929719
2023,13,"(Intercept)",-274.09189347095,30.2952049931822,148.575928332836,112.944312116052
2023,13,"x_km",0.0839938345181885,0.0244651609062147,-0.166335109266794,0.093537934770092
2023,13,"y_km",0.148590966121213,0.0117944886012816,0.07521298645695,0.0542135126859748
2023,13,"radiacion_bilineal_mj_m2_dia",21.3069990209734,2.06559447443948,-7.31479592002379,7.69676132145511
2024,13,"(Intercept)",-3.51112977478931,6.03554423772144,2.01955529961938,20.6529123965683
2024,13,"temperatura_bilineal_c",1.95260065684362,0.250570862639102,2.0348283833393,0.911392647850725
2024,13,"altitud_m",0.00373776888428068,0.000749834727729955,0.00133547050850248,0.00144331709529876
2025,13,"(Intercept)",-389.761209398202,39.1467864761286,-104.756757552738,170.506838960701
2025,13,"x_km",0.17095751021705,0.0411179244201809,0.0446539240580802,0.155222525681437
2025,13,"y_km",-0.186605829677933,0.0221918307424541,-0.169343642141221,0.104550192140618
2025,13,"radiacion_bilineal_mj_m2_dia",30.6590595087953,2.6115779898423,12.2305104347214,11.3405670331747
2025,13,"altitud_m",0.00598226446087469,0.00144286174866655,-0.000571292571103917,0.00207426875633966
2011,14,"(Intercept)",-862.780717296626,54.44832316349,-195.276800339391,259.730526006821
2011,14,"x_km",-0.071393567525829,0.0600032384055238,-0.358177288098081,0.274324891452013
2011,14,"y_km",-0.415054239190578,0.0399448549979039,-0.244259884261933,0.227821595345401
2011,14,"radiacion_bilineal_mj_m2_dia",60.1276008084701,3.4184695323042,18.6352748943583,16.0921080882919
2011,14,"altitud_m",-0.013032547929803,0.0021917960647141,-0.00535010687480774,0.00302415264703866
2012,14,"(Intercept)",3.62169275278468,0.0103112425671475,3.73132035918215,0.0692912283153162
2012,14,"x_km",-0.0104994552697931,0.000242290298993182,-0.0084631009651632,0.0011788311513028
2012,14,"y_km",0.00564460867639499,0.000242036679514415,0.00501171473685126,0.00118548812686314
2013,14,"(Intercept)",-11.5989732438826,0.655491496559107,-6.3437428329551,3.0063220724095
2013,14,"temperatura_bilineal_c",0.273350332440051,0.00727082853649746,0.234379491362338,0.0362572135365121
2013,14,"radiacion_bilineal_mj_m2_dia",0.636741057705207,0.0387400781753331,0.346255756407498,0.170845637702512
2013,14,"altitud_m",-7.04166686435515e-05,1.895820556922e-05,-3.39667500107519e-05,2.76315120479068e-05
2014,14,"(Intercept)",-1.22536712826908,0.188767380883109,-1.3402463268832,0.601022657571768
2014,14,"temperatura_bilineal_c",0.232327957764662,0.00795316750315712,0.236808808147471,0.0269726901478239
2014,14,"altitud_m",-0.000177404979432142,2.31896178315935e-05,-0.000146325881460387,4.19125318055789e-05
2015,14,"(Intercept)",-52.9854635888404,13.2064123577731,-7.39137068342473,53.959258562623
2015,14,"x_km",-0.0853560847936089,0.00787890632492417,-0.0722207423383464,0.0384888523328917
2015,14,"y_km",0.161776411386763,0.00906174310169912,0.150348655938772,0.0433019217525731
2015,14,"radiacion_bilineal_mj_m2_dia",5.41738502547696,0.908159027376324,2.41565487839839,3.70380507403111
2016,14,"(Intercept)",4.21916048123482,0.419899425410322,5.18055867380677,1.27177509794556
2016,14,"temperatura_bilineal_c",0.219379798485429,0.0174776482616047,0.180415222345878,0.0560781661678277
2016,14,"altitud_m",-0.000210553160004325,5.29708058044268e-05,-0.000190748491374852,9.8926577395776e-05
2017,14,"(Intercept)",-244.566509316755,33.8271789731007,-195.4040240554,131.278631538322
2017,14,"x_km",0.104672127739392,0.0288337671611729,0.252164476408814,0.0984698849806148
2017,14,"y_km",-0.069453728205055,0.0187474080454065,-0.0611287722001,0.076074828804815
2017,14,"radiacion_bilineal_mj_m2_dia",15.4929639275616,1.82256301354907,13.7232437873831,7.04735074097479
2017,14,"altitud_m",0.0039301367726775,0.00115542859303596,0.000129321756579817,0.00129957603318382
2018,14,"(Intercept)",5.96878465608681,4.86029695451589,15.8931424715129,30.0503402229534
2018,14,"temperatura_bilineal_c",2.06037300905668,0.24238685947424,1.57320758122062,1.4581541196136
2019,14,"(Intercept)",224.722811117056,26.7191954735885,357.124487548002,85.5235264046187
2019,14,"x_km",0.129406790195485,0.0249066181891262,0.08533574702698,0.0770797867689933
2019,14,"y_km",-0.128931584152845,0.0129313552010671,-0.126022439411509,0.0436412721232637
2019,14,"radiacion_bilineal_mj_m2_dia",-10.9938782804559,1.76382250221095,-19.727086918903,5.66836441535265
2019,14,"altitud_m",-0.00350048528302164,0.000812228187109274,-0.00226040599795297,0.00138643055292933
2020,14,"(Intercept)",14.957136249324,2.60575496228284,14.7859792076664,8.54401978734541
2020,14,"x_km",0.018855616857389,0.00206975377077591,0.0114596002291977,0.00650576794834731
2020,14,"y_km",-0.0360925215406149,0.00172146035262986,-0.0278245518863759,0.00609243536307633
2020,14,"radiacion_bilineal_mj_m2_dia",-0.855638266373444,0.165509336586716,-0.837272239821832,0.546090273531598
2020,14,"altitud_m",-0.000293344419732107,9.75898772283628e-05,5.79193499407972e-06,0.000174299264201243
2021,14,"(Intercept)",-899.905208884594,52.1022042448848,-509.97641075137,223.210847834978
2021,14,"temperatura_bilineal_c",15.1707167013169,0.34570555636825,11.6417119195779,1.84344417196484
2021,14,"radiacion_bilineal_mj_m2_dia",45.5319834021741,3.13182405051581,24.5346293048914,13.111399018953
2022,14,"(Intercept)",-294.532692046626,27.3197297749522,-124.54070643961,112.547608231063
2022,14,"temperatura_bilineal_c",8.3854261022713,0.370379640645794,9.17905112809711,1.53476667327668
2022,14,"radiacion_bilineal_mj_m2_dia",12.7150700641677,2.0171832228162,1.37344744832236,8.07019474357556
2023,14,"(Intercept)",-7.07806197674045,4.60865863350542,30.1146260909386,15.3813367158748
2023,14,"x_km",-0.010847525003393,0.00127116779035528,-0.0165276115138951,0.00486869421853821
2023,14,"y_km",0.0109951805033559,0.00120180931915425,0.00838439308471697,0.0045741259769818
2023,14,"radiacion_bilineal_mj_m2_dia",0.993080422759422,0.30501141757883,-1.45644277568112,1.01813905594035
2024,14,"(Intercept)",-218.745270820778,32.2870303825476,105.706949376938,142.293527031576
2024,14,"x_km",0.128443343787936,0.0383135773292156,-0.149551158741166,0.171679956894414
2024,14,"y_km",-0.0501105370181069,0.0194016139610352,-0.246177721390532,0.13178240601083
2024,14,"radiacion_bilineal_mj_m2_dia",19.2628801848579,2.15328450576969,-1.34551499222791,9.35067908798355
2024,14,"altitud_m",-0.00513917160142227,0.0012437507058909,-0.000445099596274236,0.00153656282361015
2025,14,"(Intercept)",9.30694147476493,0.0991875459150955,9.6488729183808,0.310946814299536
2025,14,"x_km",-0.0222809262542785,0.00151176887535728,-0.0101010800477239,0.00517518582378649
2025,14,"y_km",-0.00273307906052135,0.00111843586198951,-0.00623001560015132,0.00487782260275584
2025,14,"altitud_m",-0.000188655027846433,7.26785261279912e-05,-0.0002046136804151,0.000111538271355141
2011,15,"(Intercept)",18.6573036185567,4.83042925216693,-9.91163525023253,14.2706193575629
2011,15,"temperatura_bilineal_c",0.646439354223882,0.0650528316503748,0.0802641970552684,0.215297867470198
2011,15,"radiacion_bilineal_mj_m2_dia",-1.44152287219217,0.402409510672909,1.27708905269328,1.19259784059336
2011,15,"altitud_m",-0.000200347940003676,9.77370183380573e-05,2.13898864155297e-05,7.12478799393268e-05
2012,15,"(Intercept)",-4.5869292866511,0.312789574366749,-0.595433446025172,1.70225883431313
2012,15,"temperatura_bilineal_c",0.674541568677772,0.0155469120570323,0.499249635531473,0.0822862951084459
2013,15,"(Intercept)",24.458021071307,5.14393425367486,8.81750891954995,19.5949377962818
2013,15,"temperatura_bilineal_c",0.983473089723523,0.0437659292712637,0.477098442029723,0.194130833919783
2013,15,"radiacion_bilineal_mj_m2_dia",-2.3781057146837,0.331137747193632,-0.697190353996911,1.27320378892395
2013,15,"altitud_m",-0.000788814221842153,0.000117206928666487,2.21583959226989e-05,0.000102573202809024
2014,15,"(Intercept)",-14.9778697544004,2.29690293383883,-24.6589234695976,9.39879704589278
2014,15,"temperatura_bilineal_c",0.766250554066095,0.0275890273396723,0.855728357574685,0.125495611630739
2014,15,"radiacion_bilineal_mj_m2_dia",0.423836028989318,0.121440792443113,0.871613280095286,0.480213054834375
2014,15,"altitud_m",-0.00116282943257446,6.43523852436743e-05,-0.000473328398442405,0.000122795117410851
2015,15,"(Intercept)",4.74926595676597,2.207074290797,1.8324123603142,8.24202253832877
2015,15,"temperatura_bilineal_c",0.696488281739668,0.0268714775067062,0.642713355580239,0.102496195405799
2015,15,"radiacion_bilineal_mj_m2_dia",-0.571818667195802,0.151041738638951,-0.368285857950315,0.56925484102488
2015,15,"altitud_m",-0.00037081869956963,5.97231261765056e-05,-8.3742907725995e-05,0.000106994047663653
2016,15,"(Intercept)",-125.902037818178,18.9393656481845,-1.55515090309314,112.044594143941
2016,15,"temperatura_bilineal_c",6.15823442944511,0.319927448500668,4.87366274600234,1.53917548524317
2016,15,"radiacion_bilineal_mj_m2_dia",4.39567856569614,1.37740443336177,-2.31034375578756,8.18178217540921
2016,15,"altitud_m",0.00246347893510601,0.000885763368301006,-1.81235014991962e-05,0.00123108431880224
2017,15,"(Intercept)",3.8010732716531,0.00885393413277472,3.85173028539684,0.0459146846396787
2017,15,"x_km",-0.00251791479562207,0.000208046928808637,-0.0028172942929554,0.000846310767049522
2017,15,"y_km",-0.00212049031232125,0.00020782915387558,-0.00146035626763604,0.000850748953385698
2018,15,"(Intercept)",66.6769838277875,1.15525229674241,65.5787268636348,3.3920545550138
2018,15,"x_km",0.0532005864568558,0.017607799943908,0.095965259312394,0.0568010587591794
2018,15,"y_km",-0.0532235062930908,0.0130265910543697,-0.0260737616647225,0.052885359605129
2018,15,"altitud_m",-0.00524291674367505,0.000846497747863293,-0.00198676840282341,0.00135630941007346
2019,15,"(Intercept)",-21.3510983230374,7.3081851030585,-33.281159141922,25.7532896614501
2019,15,"temperatura_bilineal_c",3.50047931162636,0.311876327678036,4.03337113358696,1.18801933799959
2019,15,"altitud_m",-0.00555292176349281,0.000864112425601208,-0.000369639033981378,0.000996122769064248
2020,15,"(Intercept)",-19.3876643530432,3.14209303827817,11.7704705892372,11.2234854034086
2020,15,"temperatura_bilineal_c",0.391962202894648,0.0315399423705965,0.00837263788174428,0.119990838697983
2020,15,"radiacion_bilineal_mj_m2_dia",1.48866642977935,0.195153950645306,-0.173405318310864,0.683317249073425
2020,15,"altitud_m",0.000339660718969091,6.30278145281755e-05,-0.000110169075331819,0.00010820945454594
2021,15,"(Intercept)",-500.33207689337,28.3816203847864,-336.697315651948,97.1280771809905
2021,15,"temperatura_bilineal_c",6.26934655394793,0.177531851702862,5.14280063248634,0.599242546118588
2021,15,"radiacion_bilineal_mj_m2_dia",26.6690868002012,1.83508530670795,17.6450662836019,6.27284392923956
2021,15,"altitud_m",0.000940992283267706,0.00055668221829743,0.000373982711849183,0.00106392587828087
2022,15,"(Intercept)",-42.9844277315582,6.04941587906034,43.0807880455224,38.3627969374904
2022,15,"temperatura_bilineal_c",4.34051188232785,0.284644575138179,0.984016385406968,1.76397772575792
2023,15,"(Intercept)",-50.13764774104,37.2002066148117,60.0749348877317,133.866975966576
2023,15,"x_km",-0.0534158687021189,0.02402036902918,0.0454814499309149,0.0802231429264309
2023,15,"y_km",0.0815615626918747,0.025019609203117,-0.0153789399773531,0.0822730672164745
2023,15,"radiacion_bilineal_mj_m2_dia",6.41367574024015,2.52202071696462,-0.551832084611371,9.10276335980564
2023,15,"altitud_m",0.00394793047654743,0.000824426331493396,0.00128876023330069,0.00133624085612531
2024,15,"(Intercept)",-20.1955159159515,1.58875081243176,-5.74654358626859,6.20546756431575
2024,15,"x_km",-0.0618813363485629,0.00184374432029961,-0.0446441577737062,0.00684049661034242
2024,15,"y_km",0.0161230681146158,0.00127270060871073,0.0054606887872008,0.00523022450731135
2024,15,"radiacion_bilineal_mj_m2_dia",1.42699230949583,0.0909661951805355,0.623993252300668,0.356073663001689
2024,15,"altitud_m",-2.58565459591203e-05,5.85708883767085e-05,-6.19076161780617e-05,4.94663844937502e-05
2025,15,"(Intercept)",-11.1299405686396,2.48321559197667,-3.42594882038662,8.68653758396141
2025,15,"temperatura_bilineal_c",0.139297036614339,0.0175526129542392,0.0710355439702185,0.0632722006391441
2025,15,"radiacion_bilineal_mj_m2_dia",0.914388803158792,0.158631263415626,0.572213636092157,0.559749298125892
2025,15,"altitud_m",0.000178041771850332,4.58717733238724e-05,3.31035849532973e-05,7.85206480324083e-05
2011,16,"(Intercept)",-728.819575760293,57.7411904167592,-106.123352540268,258.751159940899
2011,16,"x_km",0.176131100257748,0.0553594916095778,-0.183127036110824,0.247829333320392
2011,16,"y_km",0.0721205135433608,0.0225499729916702,0.0926298779346311,0.118391442684189
2011,16,"radiacion_bilineal_mj_m2_dia",53.1296705623922,3.662493717522,14.2361483890196,16.35948825193
2012,16,"(Intercept)",54.5089657405503,1.43408947004569,55.5964788094107,4.22569694561237
2012,16,"x_km",0.072699119975339,0.0218577020460664,0.141230648862911,0.0707286867554215
2012,16,"y_km",-0.0659639060986158,0.016170750851862,-0.0204080047817118,0.0659160064176961
2012,16,"altitud_m",-0.00328716230418075,0.00105081245893322,-0.00210335654758178,0.00167684383074026
2013,16,"(Intercept)",-6.18665478888683,0.711780560090633,-0.118726542099477,2.52880792773308
2013,16,"x_km",-0.00944222142741249,0.000363954409517365,-0.00785417251632953,0.00165538394385961
2013,16,"y_km",0.00240590998678008,0.0004867089628757,-4.58400171382493e-05,0.0018462069691675
2013,16,"radiacion_bilineal_mj_m2_dia",0.690857722934204,0.0472152335443161,0.299617519212139,0.167410691731694
2014,16,"(Intercept)",-5.102829687116,0.659728215725067,-0.378427707054684,3.64526906260322
2014,16,"temperatura_bilineal_c",0.146873378769781,0.00626306795076214,0.16319999172253,0.0254433595297709
2014,16,"radiacion_bilineal_mj_m2_dia",0.402143191728942,0.0414844828933434,0.0686710755100221,0.230153971209011
2014,16,"altitud_m",-0.000232780961043553,1.91344089251152e-05,-1.05902846885004e-05,2.99864504458367e-05
2015,16,"(Intercept)",54.9190786378378,0.622318616536629,67.5816904482142,6.18438690601136
2015,16,"x_km",-0.204181951289101,0.0146230449616311,-0.256391738894283,0.0899626955300518
2015,16,"y_km",0.23592847601356,0.0146077381620747,0.258337105987389,0.0903185936761074
2016,16,"(Intercept)",203.77446842826,24.0971789684792,243.816524036127,80.8744655646495
2016,16,"x_km",0.0408911163542043,0.0346013526486431,0.183318963050254,0.125649200150253
2016,16,"y_km",0.241163648923684,0.0244488309301927,0.149460439141133,0.0836817430457096
2016,16,"radiacion_bilineal_mj_m2_dia",-8.96624866335771,1.53875551874529,-11.3063854243809,5.15034812431171
2017,16,"(Intercept)",-139.670244140762,24.1278961046876,60.3605581961573,103.022917421994
2017,16,"temperatura_bilineal_c",2.22210874376366,0.348533120836912,0.97956473375712,1.27100396253187
2017,16,"radiacion_bilineal_mj_m2_dia",11.1533547534697,1.62659602733622,0.248131642571146,7.10615705875943
2017,16,"altitud_m",-0.00347817688819062,0.000982235142071205,-0.00297803163442761,0.00103851246530209
2018,16,"(Intercept)",-78.7101022995217,8.51175560701665,-8.89747190171968,39.5445803381478
2018,16,"temperatura_bilineal_c",3.27342377079224,0.19825408030912,1.58686104538403,0.717166526053176
2018,16,"radiacion_bilineal_mj_m2_dia",3.46877569104305,0.553265134430215,1.41858651766633,2.72869012950427
2018,16,"altitud_m",0.00105341473169803,0.000622105243057945,-0.00131821930111708,0.000639632672890419
2019,16,"(Intercept)",-680.25965819094,31.3107016721113,-228.368183920086,165.58747687431
2019,16,"temperatura_bilineal_c",8.78172287025575,0.431131404132101,7.97707205361638,1.74075452270029
2019,16,"radiacion_bilineal_mj_m2_dia",41.4500893926877,2.13461880103399,11.0984865916977,11.4697524659517
2019,16,"altitud_m",-0.00636431679626422,0.0012581239916321,0.000763734736365037,0.00129997294235627
2020,16,"(Intercept)",38.6008914979427,0.944808062753053,37.6026692042831,2.47969275863747
2020,16,"x_km",-0.0217477774998806,0.0144003101324769,-0.0485288776654977,0.0409924406395639
2020,16,"y_km",0.0339488100388792,0.0106536280369755,0.0899112425275823,0.0361309515954209
2020,16,"altitud_m",-0.00533565654088762,0.000692297171396031,-0.00342342698386837,0.00129398580769332
2021,16,"(Intercept)",171.045002003271,45.5147618815538,211.856238720865,193.685844196954
2021,16,"x_km",-0.451164572777856,0.0259952364271723,-0.228836058096729,0.0926996808534524
2021,16,"y_km",0.346351525406228,0.018488239185673,0.226926511391161,0.0804820575611722
2021,16,"radiacion_bilineal_mj_m2_dia",-5.11309392107998,2.67531117633224,-7.01218154418085,11.3476995168225
2021,16,"altitud_m",0.0038999398690742,0.00120129675248247,-0.00116292757930914,0.00184133322294137
2022,16,"(Intercept)",26.256526316439,2.08647527129061,16.705828412107,9.14059912186182
2022,16,"temperatura_bilineal_c",0.159884434208355,0.00804584762961094,0.168382645983027,0.039160324614513
2022,16,"radiacion_bilineal_mj_m2_dia",-1.79996841078889,0.155945082247994,-1.13322679499883,0.694792335362212
2022,16,"altitud_m",-6.57069333358391e-05,2.04565160096484e-05,-1.22022355235578e-05,2.35706190820709e-05
2023,16,"(Intercept)",3.99332459249843,0.0103356468641044,4.12679569777585,0.069218361252495
2023,16,"x_km",-0.00423036019075884,0.000242863743402806,-0.00255419907554476,0.00117909089250309
2023,16,"y_km",-0.000429297707645605,0.000242609523666113,9.48738426944681e-05,0.0011870385061265
2024,16,"(Intercept)",-683.70255233216,44.7969393319792,-329.514771102006,171.656289142509
2024,16,"temperatura_bilineal_c",10.2774313784779,0.614348708328133,5.15546293230907,2.47494415043126
2024,16,"radiacion_bilineal_mj_m2_dia",36.4279307855816,2.27909717506575,20.2203911940281,8.40494241372935
2024,16,"altitud_m",-0.00209405535141144,0.00100659481042488,-0.00169487517791742,0.00114901007950856
2025,16,"(Intercept)",4.005466875131,3.16170450393456,-10.5117710867839,13.6148216039024
2025,16,"temperatura_bilineal_c",0.5403328101776,0.0416768044406707,0.629329032400668,0.183100474770377
2025,16,"radiacion_bilineal_mj_m2_dia",-0.694421162294913,0.160235865483666,0.189876847884388,0.687616596009685
2011,17,"(Intercept)",21.4888896877782,3.06665993214407,12.5599884837736,13.5457540478786
2011,17,"x_km",-0.0204618015875329,0.00344680063989559,0.00595870445290285,0.0155634960843433
2011,17,"y_km",-0.0212337431154803,0.00144892712461761,-0.0262752120085816,0.00856556511376829
2011,17,"radiacion_bilineal_mj_m2_dia",-0.763456634516532,0.176859511133321,-0.255737783981727,0.778626962165748
2012,17,"(Intercept)",-19.159789301449,2.12394309130511,-12.7940784376444,8.2167760635418
2012,17,"x_km",-0.0247355798944347,0.00150764147985427,-0.0207927538259909,0.00490212765227704
2012,17,"y_km",-0.00789768725920808,0.0010589100008341,-0.00616393674954607,0.00434941530610384
2012,17,"radiacion_bilineal_mj_m2_dia",1.85121994450017,0.138806217134214,1.43372345180526,0.535164005881495
2012,17,"altitud_m",-0.000143923825944054,6.7936733945709e-05,1.34353296840404e-05,6.28841011372285e-05
2013,17,"(Intercept)",-7.88853291817865,0.426761432579115,-3.36270041434065,1.65351386830657
2013,17,"temperatura_bilineal_c",0.13079216199164,0.00593364852497317,0.138714479313116,0.0201210934697679
2013,17,"radiacion_bilineal_mj_m2_dia",0.573840386890491,0.0228263129428555,0.284389229849092,0.0852372127522276
2013,17,"altitud_m",-0.000183347062540476,1.83199606643354e-05,-5.23885517347884e-05,2.37357385794852e-05
2014,17,"(Intercept)",-1201.37818151325,52.9485503430239,-742.600446619785,240.61794508466
2014,17,"x_km",-1.62506588453097,0.0391419620694294,-1.12158209881421,0.1745412258533
2014,17,"y_km",0.272832992982571,0.0230190905788726,0.112970290144287,0.122662773033183
2014,17,"radiacion_bilineal_mj_m2_dia",83.7074007931949,3.39213023725737,54.8446233068016,15.3579753772778
2014,17,"altitud_m",-0.00285873183973006,0.0013523388015265,-0.00316708247650387,0.00185004622912882
2015,17,"(Intercept)",-11.5098564844389,0.502941035370857,-9.64810437065501,2.59633522216745
2015,17,"temperatura_bilineal_c",0.247447518878136,0.00578405652552141,0.236531385226594,0.0306838580867412
2015,17,"radiacion_bilineal_mj_m2_dia",0.590238323945056,0.0253516452932568,0.489248382331478,0.128150256566885
2016,17,"(Intercept)",92.0596431968673,14.2169875468522,80.3486664928132,49.0423713013132
2016,17,"x_km",-0.000580764831049288,0.00771447117387251,0.0102263620717966,0.0289997754329603
2016,17,"y_km",0.021311552124336,0.00828056715363954,-0.0127911572211033,0.0313677560482671
2016,17,"radiacion_bilineal_mj_m2_dia",-5.09513117502787,1.01287405928332,-4.19141801082646,3.48132456528021
2017,17,"(Intercept)",4.11518571131427,0.030191341410278,4.09769848274692,0.101249690728077
2017,17,"x_km",-0.00377417300146443,0.000460161906701607,-0.00359782947223061,0.00164927757377302
2017,17,"y_km",-0.00386646488470841,0.000340436681271745,-0.00210598138632254,0.00161568716129108
2017,17,"altitud_m",-0.000140259557349156,2.21223559397697e-05,5.09527189285458e-06,2.2648587031848e-05
2018,17,"(Intercept)",-288.084445479779,16.7797525484759,-132.541711415756,89.1174174366119
2018,17,"temperatura_bilineal_c",5.78750413383831,0.260868822304933,4.19093935912918,1.44129490173812
2018,17,"radiacion_bilineal_mj_m2_dia",15.5969961712204,1.39394053104174,7.47947009592832,7.08106490737878
2019,17,"(Intercept)",-518.032178959611,27.6136280340503,-276.08711634726,96.9197708577336
2019,17,"temperatura_bilineal_c",4.84903014711058,0.196446080292624,3.69911473363439,0.656490148516391
2019,17,"radiacion_bilineal_mj_m2_dia",29.2704703520278,1.64566415561847,15.8524796811582,5.75115068380224
2019,17,"altitud_m",-0.00126440430818103,0.000595468422121505,-0.000947093178025832,0.000850779903550901
2020,17,"(Intercept)",-12.212720411708,2.73702787561113,-24.1600742126971,11.4263187299831
2020,17,"temperatura_bilineal_c",0.455405962009745,0.0367293241479411,0.529241682001367,0.130401903433598
2020,17,"radiacion_bilineal_mj_m2_dia",0.590119264967873,0.169424852216729,1.18627386154968,0.704309917499941
2020,17,"altitud_m",-0.000958968242967981,0.00010564531370838,-4.75164623485127e-05,0.000189128343966365
2021,17,"(Intercept)",0.120849835755615,1.52920255455491,4.59667719909345,5.88823671647016
2021,17,"temperatura_bilineal_c",0.455676132838901,0.0130829029921544,0.394196138474766,0.0575750315760311
2021,17,"radiacion_bilineal_mj_m2_dia",-0.164563188704155,0.0971038427242476,-0.374622160718374,0.367374837221469
2022,17,"(Intercept)",7.32890264953635,0.0486495224062329,7.8201625963933,0.292252550360151
2022,17,"x_km",-0.0121267886320906,0.00114315100754559,-0.00788033990384553,0.00525741121293244
2022,17,"y_km",-0.0127168040331414,0.00114195440428128,-0.0113038504948376,0.00528420633265981
2023,17,"(Intercept)",36.1048537438907,0.930222892729409,44.1351807187003,2.75512569587864
2023,17,"x_km",-0.0207802267822996,0.0141780099850127,0.0845366040591281,0.046056530038804
2023,17,"y_km",0.0405734535015722,0.0104891660870687,0.00655875246533696,0.0430436924813075
2023,17,"altitud_m",0.00349471870127754,0.000681610056891232,0.000476490857116555,0.00106812359681895
2024,17,"(Intercept)",6.35726780802504,1.11646577451481,14.6705553973644,2.05126997020127
2024,17,"x_km",-0.00461077666024914,0.000507114745073874,-0.00490133369513787,0.00131371685965471
2024,17,"y_km",-0.00186070592579522,0.000307195119113579,-0.00290893263356007,0.00118835180924622
2024,17,"radiacion_bilineal_mj_m2_dia",-0.132976128303521,0.072831013774046,-0.662099800589194,0.133633733297433
2024,17,"altitud_m",-2.50953469069785e-05,1.95579912116636e-05,-7.27120145109955e-05,3.50176423753472e-06
2025,17,"(Intercept)",-335.619415377311,28.8245405796498,-109.061771836091,114.867977448551
2025,17,"x_km",0.0186886545052507,0.0304019548811419,-0.12829297506585,0.117432714890338
2025,17,"y_km",-0.123990661775769,0.0187277952296615,-0.0672187673833408,0.0738986366700418
2025,17,"radiacion_bilineal_mj_m2_dia",24.8323830835275,1.88322138246218,10.3895445833985,7.46872370615759
2011,18,"(Intercept)",-30.7259346062343,1.37749941869409,-20.5632659629104,6.87058527905022
2011,18,"temperatura_bilineal_c",0.694587403639321,0.0235281344589371,0.517032778113962,0.117463781029873
2011,18,"radiacion_bilineal_mj_m2_dia",1.75451063487807,0.0949386693286164,1.31427361281183,0.443611686298119
2012,18,"(Intercept)",-333.560705723646,36.7700677596076,-129.20380612299,136.422121032645
2012,18,"x_km",-0.627744564340536,0.0368657706293595,-0.64084895804419,0.123316271418448
2012,18,"y_km",0.0696683388885443,0.0220137465900915,0.148708558229215,0.0825388694757364
2012,18,"radiacion_bilineal_mj_m2_dia",25.7383271306541,2.23357046978718,13.3171063206393,8.28498391297536
2012,18,"altitud_m",-0.00500733625666842,0.00130264871196023,-0.00120386044239469,0.00155580718447787
2013,18,"(Intercept)",22.9879658535379,0.577705408834686,19.5643679524753,2.96395429444816
2013,18,"radiacion_bilineal_mj_m2_dia",-1.17301227544998,0.0365350514732689,-0.952418225153354,0.188354308577246
2014,18,"(Intercept)",-33.2630270868735,2.36700634055944,-6.64062743233899,11.5394071706995
2014,18,"x_km",-0.0553318645115564,0.00170331295510427,-0.0390412370286381,0.00718160672191481
2014,18,"y_km",0.00445893595281373,0.00123810329694058,0.00674897427568232,0.00657588402866965
2014,18,"radiacion_bilineal_mj_m2_dia",2.60959475668465,0.149845575331339,0.946822847091653,0.724563853196483
2014,18,"altitud_m",-0.000388150606021706,8.02322721653661e-05,-4.60230784039279e-05,0.000105480138307665
2015,18,"(Intercept)",44.4886206027816,1.19556918375078,58.1729556517054,5.38440162875557
2015,18,"x_km",-0.411452544481446,0.0182222905472214,-0.436645251412588,0.0792390603738711
2015,18,"y_km",0.407587879505271,0.0134812030911725,0.335340656124942,0.0771971261495961
2015,18,"altitud_m",-0.00266010189122285,0.000876039480132234,-0.00172481843783229,0.00106434147564241
2016,18,"(Intercept)",-119.198799145402,22.3717961916864,83.5933897887104,113.665965965591
2016,18,"temperatura_bilineal_c",1.93639135305264,0.441902992262789,-2.24215929125725,2.18897903528325
2016,18,"radiacion_bilineal_mj_m2_dia",8.81570604560737,1.65891221852308,1.98877752312364,8.37332564118511
2016,18,"altitud_m",0.00192408300441033,0.00111089654601019,-0.00244604385675797,0.00144691861002077
2017,18,"(Intercept)",1.46300005589986,0.716268470215542,1.23755228024352,2.55758470437546
2017,18,"x_km",-0.00790621422242046,0.00029539754272175,-0.00748801531125661,0.000846245312223942
2017,18,"y_km",0.00374034310113332,0.000223119867028292,0.00432714816016429,0.000837056717335836
2017,18,"radiacion_bilineal_mj_m2_dia",0.189411499725431,0.0476422687387605,0.200649163314435,0.169778205913147
2017,18,"altitud_m",-9.40258721356346e-05,1.41587852688584e-05,-1.10813745541758e-05,1.24062956049074e-05
2018,18,"(Intercept)",-31.5711156148718,5.80678516534498,-6.81265911492503,18.6825773350149
2018,18,"x_km",-0.041276868736902,0.00131858843903978,-0.0363527390822547,0.00387208517534782
2018,18,"y_km",-0.0177463340921589,0.000992789236122908,-0.0182611565283764,0.00350758711240048
2018,18,"radiacion_bilineal_mj_m2_dia",2.5941886483174,0.365261922975841,1.03879450876967,1.17635287560698
2018,18,"altitud_m",-0.000134140341003132,6.35867904645368e-05,-8.1782497662895e-05,0.000108571298194992
2019,18,"(Intercept)",-0.841585931765397,0.44171197006578,1.00490041453708,1.72671170009674
2019,18,"x_km",-0.0174509965553511,0.000545997983989824,-0.0143551076059748,0.00229184792729351
2019,18,"y_km",0.000781513217404737,0.000219693592182557,0.000692381139981157,0.00102122228538831
2019,18,"radiacion_bilineal_mj_m2_dia",0.253175982440468,0.0271010955791085,0.144858578701563,0.105991499364515
2020,18,"(Intercept)",-778.489674760672,60.3704235654034,-822.412618115649,191.846250092645
2020,18,"x_km",-0.582964584045556,0.0123359422381025,-0.5157974139641,0.0449236154524532
2020,18,"y_km",-0.0385709621456658,0.0228583314924643,-0.060090402201853,0.0759950239663778
2020,18,"radiacion_bilineal_mj_m2_dia",54.4630203957831,3.97858669115928,57.4848158740287,12.6371174066847
2021,18,"(Intercept)",4.0719994805663,0.0164998357381474,4.17815505942242,0.0514129913277426
2021,18,"x_km",-0.00269257944993837,0.000251482561518266,-0.00215239906149792,0.000858265339637438
2021,18,"y_km",-0.000778673738004223,0.000186051664412353,-0.0013442225266219,0.000804714994935696
2021,18,"altitud_m",1.68389226421978e-05,1.20900636439681e-05,-8.94484057838538e-06,1.93753505050558e-05
2022,18,"(Intercept)",-0.988922791599391,0.455594900188397,0.779753451322484,1.85541754992151
2022,18,"temperatura_bilineal_c",0.413103878440687,0.0190813734919265,0.355779456510091,0.0838728882794144
2022,18,"altitud_m",-0.000123574063587268,6.14529344953909e-05,-0.000112412552642003,0.000113133913215122
2023,18,"(Intercept)",-331.668196648083,21.8877863610971,-47.2007869861603,81.4928004148648
2023,18,"x_km",-0.114533013007038,0.0146214938351228,-0.117542282495725,0.0500766482488115
2023,18,"y_km",0.00953273570273174,0.0125214777342345,0.116457624832008,0.0558586312547308
2023,18,"radiacion_bilineal_mj_m2_dia",20.6960834495557,1.23769914995763,4.61664981796685,4.63689505560916
2023,18,"altitud_m",0.00273814808963565,0.000712711996661464,0.000470894787311367,0.000565169983921168
2024,18,"(Intercept)",-133.886424584911,35.9398812878522,103.26499257433,165.464501005329
2024,18,"x_km",-0.303462248717032,0.037763360566296,-0.208251684222665,0.158290418368288
2024,18,"y_km",0.0185084544282674,0.0207854540503,0.00284254639936775,0.113215562843342
2024,18,"radiacion_bilineal_mj_m2_dia",13.4072587418814,2.3749248741805,-2.16264798508561,10.829116647645
2024,18,"altitud_m",-0.00231202515930494,0.00135120670113394,0.0020697182898313,0.00211257218510537
2025,18,"(Intercept)",46.8839330819455,2.46883604274998,28.3086549641976,13.2222722101437
2025,18,"temperatura_bilineal_c",0.25676697913498,0.0187995538849728,0.0424847800699057,0.119021525759062
2025,18,"radiacion_bilineal_mj_m2_dia",-2.85352269171062,0.181820380516901,-1.26218458641557,0.999899988437261
2011,19,"(Intercept)",-12.7767585511614,0.631612049315162,-8.68329592185347,2.30982852938561
2011,19,"temperatura_bilineal_c",1.00075033192417,0.0264626288264039,0.793182326779994,0.105867874839516
2011,19,"altitud_m",-0.000432156575433555,8.11141557131344e-05,1.59356012242562e-05,7.23630443044946e-05
2012,19,"(Intercept)",-7.64082690117287,0.573369794873503,-5.18516921823379,1.92320893893837
2012,19,"temperatura_bilineal_c",0.811754402329255,0.0247074271208604,0.694457961798502,0.0893915152305709
2012,19,"altitud_m",-0.000333210312880419,7.69508651721725e-05,-7.99802145910718e-05,0.000131845989233649
2013,19,"(Intercept)",-8.7440947866967,1.22166100423428,-3.37747411623392,4.21201580207202
2013,19,"x_km",-0.0147490448980912,0.000249935183347896,-0.0129022740341741,0.00105093114452553
2013,19,"y_km",-0.000655698132273495,0.000238848244903597,-0.00100490006218869,0.000997188326903454
2013,19,"radiacion_bilineal_mj_m2_dia",0.872500640001079,0.0852986474374687,0.504021278336994,0.293724146925333
2014,19,"(Intercept)",-2.63509735376488,1.44367853342436,-5.21946544647128,5.4456732665027
2014,19,"temperatura_bilineal_c",0.104969907641453,0.00547504811036702,0.0610605546745677,0.0246236275973114
2014,19,"radiacion_bilineal_mj_m2_dia",0.30272342654553,0.096750765747598,0.529547266399021,0.369745661481184
2015,19,"(Intercept)",-225.441299339294,17.7265293954491,-195.426055206212,83.9106728637005
2015,19,"temperatura_bilineal_c",8.4200272441635,0.19671160606094,6.67171132122236,0.926773478810605
2015,19,"radiacion_bilineal_mj_m2_dia",5.07074633321271,0.943177501231195,5.6997824275252,4.42282848668157
2015,19,"altitud_m",-0.000807188249444679,0.000532813859645071,-0.00136729565750372,0.000949071068843643
2016,19,"(Intercept)",-715.713604060233,60.6216201590612,-113.690325859097,238.63134106591
2016,19,"x_km",-1.14336001477809,0.0524106998803949,-0.58341523039963,0.190803689963512
2016,19,"y_km",0.307878962307229,0.0313800687951329,0.0327271460017431,0.125704500256687
2016,19,"radiacion_bilineal_mj_m2_dia",53.8014121632447,4.04111994575089,13.0047640999772,15.9028875112485
2016,19,"altitud_m",-0.00877430661083257,0.00151077375340889,0.00115238681427218,0.00238179356934775
2017,19,"(Intercept)",-13.4668780534659,40.6196767844867,238.102904232121,153.069006280695
2017,19,"temperatura_bilineal_c",19.8141507555329,1.01420166711331,18.5229029481696,3.92789090457896
2017,19,"radiacion_bilineal_mj_m2_dia",-18.8689298245738,3.59058236951954,-32.4617587995418,13.8281996364918
2017,19,"altitud_m",0.00337198747002823,0.0017438049159076,0.00198417713507932,0.00199692480899262
2018,19,"(Intercept)",-5.53222297969407,0.902140834294729,-6.25906468530011,3.66386295670155
2018,19,"radiacion_bilineal_mj_m2_dia",0.646271238889944,0.0580634371786311,0.688764031818324,0.239050757298292
2018,19,"altitud_m",-0.000165953164782046,2.29846488058346e-05,-4.80651483877629e-05,4.2565264246564e-05
2019,19,"(Intercept)",6.60433185377191,0.0481682865069438,6.95848532810132,0.238427141008676
2019,19,"x_km",-0.0564359181857028,0.00113184307941125,-0.0471046117021017,0.00444565226408251
2019,19,"y_km",0.00739356885515029,0.00113065831281912,0.00761195358063711,0.00446960339202522
2020,19,"(Intercept)",4.96468746086675,0.107106968494861,5.20344325534947,0.400724993571699
2020,19,"x_km",-0.0368971071597746,0.00163247290585259,-0.0355481550003401,0.00629681103853194
2020,19,"y_km",0.00663641879667756,0.00120773503899547,0.0055792961549387,0.00595096296626289
2020,19,"altitud_m",-0.000132742367877186,7.8481391352369e-05,0.000157697623523504,0.000127998881503061
2021,19,"(Intercept)",5.8334901809349,2.35846591228021,4.70679957289428,11.0009607959399
2021,19,"temperatura_bilineal_c",0.525218764284786,0.0319546858302565,0.452853254065821,0.148711695559464
2021,19,"radiacion_bilineal_mj_m2_dia",-0.570787411519138,0.1079776885615,-0.378450905379736,0.506265385019821
2022,19,"(Intercept)",-44.7781382295919,4.48723375232005,-9.74357572307735,23.6503469029967
2022,19,"temperatura_bilineal_c",0.874653410994764,0.057589949693188,0.503064747454025,0.309606752209652
2022,19,"radiacion_bilineal_mj_m2_dia",2.22185660391661,0.235519128988598,0.319786845051679,1.2118906657201
2022,19,"altitud_m",-0.00083983967644232,9.1874408402773e-05,-9.39215773216101e-05,0.000128371258030783
2023,19,"(Intercept)",-17.6723229832898,3.77316624544795,-2.06583769754376,15.3872510665857
2023,19,"temperatura_bilineal_c",0.667624902851238,0.0289462104290042,0.564126912618185,0.125945820003562
2023,19,"radiacion_bilineal_mj_m2_dia",0.43844325961702,0.197000097163809,-0.391618199181145,0.788973843647375
2023,19,"altitud_m",-0.000215953103063225,4.62457655912077e-05,1.08492281957761e-05,8.34481112509848e-05
2024,19,"(Intercept)",-667.155356361767,34.9085155003449,-395.296873524397,149.690698436767
2024,19,"temperatura_bilineal_c",9.45804321540289,0.396292312407939,7.57721598351027,1.78041146178296
2024,19,"radiacion_bilineal_mj_m2_dia",38.0574105736974,2.02568907718846,21.4731249146422,8.39823460089976
2024,19,"altitud_m",-0.00641313632739236,0.000862795798140304,-0.00237137040480419,0.00167187080426389
2025,19,"(Intercept)",-218.871516210099,37.5767544336856,-130.147063725944,132.812800259928
2025,19,"temperatura_bilineal_c",3.95595275804594,0.18517864845587,3.56341860711637,0.786645667391746
2025,19,"radiacion_bilineal_mj_m2_dia",11.7249131728597,2.50741920908238,6.66345963745922,8.70143929009683
2011,20,"(Intercept)",10.561875011169,2.51435558136708,-7.3019754370789,10.9551154260422
2011,20,"temperatura_bilineal_c",0.822205151277049,0.0194450209990706,0.728492026921041,0.0690043159108574
2011,20,"radiacion_bilineal_mj_m2_dia",-1.0800820550926,0.163292236370786,0.185133257260486,0.713856529385333
2011,20,"altitud_m",-2.73002140151431e-05,6.16150423675223e-05,-0.000147555645944753,0.000105529655042046
2012,20,"(Intercept)",-1276.31994072354,55.3540828147875,-884.094150214036,214.45819925744
2012,20,"x_km",-1.9309304443658,0.0372129174442053,-1.57242117206042,0.149591282664794
2012,20,"y_km",-0.01152409359262,0.0243516119291511,0.096807698386679,0.0944117996456451
2012,20,"radiacion_bilineal_mj_m2_dia",93.262060024058,3.82742626574943,66.1896712743171,14.7631286891281
2013,20,"(Intercept)",-2.26990976944294,0.812986213555088,-1.52924811961546,2.97075961315715
2013,20,"x_km",-0.0164504202015686,0.00066338125762415,-0.0149115768061546,0.00229910882509895
2013,20,"y_km",0.00530932791326549,0.000384474991300224,0.00498087046722636,0.00150640225236356
2013,20,"radiacion_bilineal_mj_m2_dia",0.484071814318869,0.0588789485656389,0.440782900097905,0.216407650553094
2013,20,"altitud_m",-1.30971790554053e-05,2.32222155747162e-05,-5.47805524607439e-05,3.99613380501324e-05
2014,20,"(Intercept)",-1099.20819354843,39.5300664508106,-643.760604916824,166.503861300859
2014,20,"x_km",-0.325338950040734,0.0196148019346176,-0.336134046611542,0.0711463911453396
2014,20,"y_km",-0.367218424362919,0.0202518963645447,-0.296615940806817,0.0859080744509278
2014,20,"radiacion_bilineal_mj_m2_dia",78.1212613578753,2.67612054382935,47.1920163332342,11.2418743245121
2014,20,"altitud_m",-0.00549602442267415,0.000856423608669501,-0.00249446427702972,0.0015339818115649
2015,20,"(Intercept)",-504.971613647017,71.8238907419861,-8.39139358832108,273.074265490765
2015,20,"x_km",-1.46172187142841,0.0347832736622312,-1.17133710209678,0.112880548908923
2015,20,"y_km",-0.0748306496924671,0.0324695909198455,-0.041104891101743,0.124004312811037
2015,20,"radiacion_bilineal_mj_m2_dia",40.5224586585923,4.67793955690887,8.56904376283325,17.8066954724226
2015,20,"altitud_m",0.00365058192268474,0.00156947743681449,-0.000414377147509087,0.00252600442691712
2016,20,"(Intercept)",4.20321914554762,0.0213305008912536,4.14566465995801,0.0570966094767911
2016,20,"x_km",-0.00537115682866979,0.000325109236705797,-0.0067025320720243,0.000961814272451991
2016,20,"y_km",-0.000170512113331015,0.000240522103162011,0.000256993581050133,0.000872705959855059
2016,20,"altitud_m",-6.82856607271505e-05,1.56296776177439e-05,-1.64897953304469e-05,2.69704685440986e-05
2017,20,"(Intercept)",162.744191266073,43.0410096991808,83.7662996492824,166.144553021736
2017,20,"x_km",0.0972663475976132,0.0407627620655712,0.102282501009865,0.141838901341033
2017,20,"y_km",-0.0103059052646188,0.021002776460861,-0.0692395393039033,0.0788095559477208
2017,20,"radiacion_bilineal_mj_m2_dia",-5.30149422264948,2.73051927030095,0.208476614552174,10.5055750100525
2017,20,"altitud_m",0.00457295441074657,0.00135833549044957,0.00134766993793409,0.00236125131254607
2018,20,"(Intercept)",-793.982228456272,81.0825508598275,-87.0432388727332,293.238767186521
2018,20,"x_km",-1.06760524260002,0.0401037217897043,-0.793987774778158,0.125822555979985
2018,20,"y_km",0.156897127908742,0.0287458245156375,0.0277312899805836,0.120776144725686
2018,20,"radiacion_bilineal_mj_m2_dia",53.7482870248019,4.96593957863449,10.4809296601515,17.9340103973834
2018,20,"altitud_m",-0.00528381173146381,0.00182290243329812,-0.00137980224461794,0.00163422682904852
2019,20,"(Intercept)",-9.96466470998982,1.60124885876169,-8.88021681666875,5.75681487402039
2019,20,"radiacion_bilineal_mj_m2_dia",1.14057596386411,0.0953963406577083,1.08079650642066,0.352235528288131
2019,20,"altitud_m",-0.000402397173591655,8.36396844953496e-05,-8.92236776242015e-06,8.53059698097289e-05
2020,20,"(Intercept)",-38.8101933034882,3.4883328215348,-10.3128969589086,12.0456800387857
2020,20,"temperatura_bilineal_c",0.903269787486422,0.0302224825934442,0.639715232086456,0.121995483311856
2020,20,"radiacion_bilineal_mj_m2_dia",1.7016939444795,0.225784033128397,0.268081457844312,0.768773224783145
2020,20,"altitud_m",-0.000383898335029804,9.21961923681762e-05,-7.44942716646948e-05,7.06088368995924e-05
2021,20,"(Intercept)",2.72026873771477,1.35125657127724,5.11335100732792,5.43051502025509
2021,20,"temperatura_bilineal_c",0.897827421912742,0.019787825227549,0.829052453232976,0.0677703312057505
2021,20,"radiacion_bilineal_mj_m2_dia",-0.754430499389916,0.073890026724376,-0.817451757099414,0.297882127537192
2021,20,"altitud_m",-0.000407854363918076,5.73053516697369e-05,-0.000157279934446637,0.000104184692919467
2022,20,"(Intercept)",-1130.88867035256,36.7154152387775,-982.770719469512,153.360761716203
2022,20,"x_km",-0.617453694462358,0.0205948257500981,-0.605124558371462,0.0656245191691156
2022,20,"y_km",-0.389146959587772,0.0202031315544337,-0.24314746582678,0.0764037462773359
2022,20,"radiacion_bilineal_mj_m2_dia",88.6980464060907,2.71699588162936,78.0391918144365,11.3039700986089
2022,20,"altitud_m",-0.0022571279944845,0.000964688873217791,-0.00117835633583586,0.00152400874330822
2023,20,"(Intercept)",7.24369675432209,0.101442390882508,6.95752937264095,0.364928470185381
2023,20,"x_km",-0.0150672294505149,0.00154613613799133,-0.0160721588041519,0.00568150553835014
2023,20,"y_km",-0.00166928162231617,0.00114386142778524,0.00612458693867676,0.00563886375985478
2023,20,"altitud_m",-0.000292594283254633,7.43307376769993e-05,0.000155301689192482,5.36019068378544e-05
2024,20,"(Intercept)",-621.334945253287,46.8392097425094,-533.582763809722,180.152216440591
2024,20,"x_km",-1.43949473794511,0.0299132548359167,-1.25460420102725,0.101538542564774
2024,20,"y_km",0.287849291521779,0.0180307254482527,0.270242833081596,0.0671112867744169
2024,20,"radiacion_bilineal_mj_m2_dia",48.0879685719167,3.16698298309741,42.1927323351672,12.1527789164109
2024,20,"altitud_m",-0.00149038445623721,0.00116243720376068,-4.46756059594882e-05,0.00202132268410679
2025,20,"(Intercept)",-8.28935008135196,0.471128844671149,-5.05868487115374,1.4612688907885
2025,20,"temperatura_bilineal_c",0.904900916326142,0.0201251989532206,0.7515967650277,0.0677393061558358
2025,20,"altitud_m",-0.000112546288058165,6.24040569219554e-05,-9.06243230062894e-05,8.56629026804622e-05
2011,21,"(Intercept)",-1264.14697355133,125.662272443475,-720.922687870526,365.258287177334
2011,21,"x_km",-0.978625682729011,0.0672058723775097,-1.10053826804527,0.274755648617592
2011,21,"y_km",-0.31091814388088,0.046930451525334,-0.133778423653997,0.245511740642609
2011,21,"radiacion_bilineal_mj_m2_dia",89.4016536212582,8.45809912150871,54.5489301563037,24.3129546518708
2011,21,"altitud_m",-0.0103001112407908,0.00270724707581399,0.00283684660618514,0.00167037679710946
2012,21,"(Intercept)",-37.6360058992423,3.14244623539276,-28.5780709008995,11.1451739593534
2012,21,"x_km",-0.0716781062333962,0.00258534950206565,-0.0702340114563081,0.00736308744022302
2012,21,"y_km",0.0396921105050767,0.00194028317323802,0.0325944244338815,0.00658644091973959
2012,21,"radiacion_bilineal_mj_m2_dia",2.73678512642314,0.196924022295307,2.15125032706252,0.697334762069993
2012,21,"altitud_m",-0.0006817195503777,0.000122494854433323,-0.000147769362243161,0.000219673228122302
2013,21,"(Intercept)",-108.191056306611,5.43479062592843,-64.4059814617737,20.3999175053907
2013,21,"x_km",-0.0508625604183593,0.00240167026527222,-0.0477118393561859,0.00657332544750312
2013,21,"y_km",-0.0449922564614848,0.00349024678593613,-0.0249249687529868,0.0121299930752119
2013,21,"radiacion_bilineal_mj_m2_dia",7.77722397265821,0.357984360769967,4.8845626753947,1.34118586012533
2013,21,"altitud_m",-0.000366552620503085,0.000115160165429343,-5.65892062433387e-05,8.17229353513191e-05
2014,21,"(Intercept)",-14.2669373924888,0.599809472476208,-9.39593537295282,1.99320950081312
2014,21,"temperatura_bilineal_c",1.10293912760802,0.0251913770928768,0.857039907956496,0.0918710313761478
2014,21,"altitud_m",-0.000669208237565084,8.05363668569364e-05,-0.000161999719639904,7.79241203377e-05
2015,21,"(Intercept)",-23.0198131497333,1.91404450331034,-34.6112839381179,8.92154583717901
2015,21,"temperatura_bilineal_c",0.950044161037103,0.0174186328429818,0.951638066007044,0.0734021580536608
2015,21,"radiacion_bilineal_mj_m2_dia",0.644228442518913,0.116762416195174,1.37900981186758,0.541602021335818
2015,21,"altitud_m",-0.000323345216846004,5.24444454233055e-05,-0.000136633831271579,0.000100477641974633
2016,21,"(Intercept)",-4.62960689301547,0.810266310929694,-10.4596161673814,3.45616895429329
2016,21,"temperatura_bilineal_c",0.352469900376774,0.0155015070235633,0.451964634823145,0.0666945707264626
2016,21,"radiacion_bilineal_mj_m2_dia",0.0343791755473885,0.035966252184853,0.29076568034561,0.149058263275548
2016,21,"altitud_m",-0.000214371112033608,2.90888735432803e-05,-0.000188988236810365,5.70216263784132e-05
2017,21,"(Intercept)",-3.44476690556258,1.15774770372877,3.71615724606897,5.12462040758375
2017,21,"temperatura_bilineal_c",0.220199268985666,0.0145870665477063,0.108131858865425,0.065353021509809
2017,21,"radiacion_bilineal_mj_m2_dia",0.175685032015865,0.0567619828324244,-0.121517896722202,0.246153713944287
2017,21,"altitud_m",-0.000145100671448689,3.0246369387372e-05,2.20207925849558e-05,3.09046847976089e-05
2018,21,"(Intercept)",-801.205732945562,30.1988824666299,-441.107958375729,118.289028194476
2018,21,"temperatura_bilineal_c",7.75087126131051,0.298661719597362,7.64968606626829,1.3173754868394
2018,21,"radiacion_bilineal_mj_m2_dia",47.5681949563441,2.18854410892071,23.1010260112035,8.38285698124819
2018,21,"altitud_m",-0.00473285683353747,0.000839954169415868,-0.00125795638839273,0.00147368034538801
2019,21,"(Intercept)",-391.167437205395,60.1760481787465,-213.199932971378,259.60835061305
2019,21,"x_km",-0.545297070184791,0.0317401633150025,-0.366395951514542,0.1375766265442
2019,21,"y_km",-0.0807835125707176,0.021885071246661,-0.15421998535838,0.104323362067708
2019,21,"radiacion_bilineal_mj_m2_dia",30.6916370974174,3.87810755150631,19.7205155816967,16.6647522869173
2020,21,"(Intercept)",5.86225851878523,0.0439018078283949,6.00661236910084,0.332636106887156
2020,21,"x_km",-0.0606202497986048,0.00103159072011101,-0.0476197471286687,0.00550966008740002
2020,21,"y_km",0.00888581605397343,0.00103051089354832,0.00955872318526929,0.00554375464890614
2021,21,"(Intercept)",21.4826080269004,2.38847114614284,19.7597298287452,9.53847636578039
2021,21,"temperatura_bilineal_c",0.40194322708158,0.0228510986304392,0.341357150121214,0.105184081366835
2021,21,"radiacion_bilineal_mj_m2_dia",-1.49057862052871,0.133054542426209,-1.27705194616516,0.517112341150269
2022,21,"(Intercept)",-483.642411910674,47.6794920249027,-143.447262261205,258.738992989619
2022,21,"temperatura_bilineal_c",11.0807359870074,0.466863532690825,7.23896631233767,2.43585642463509
2022,21,"radiacion_bilineal_mj_m2_dia",20.7509718021046,2.60640998393353,3.98104044149443,14.4295667740504
2023,21,"(Intercept)",-877.687144899898,51.6316960636112,-317.453793856117,214.855783576775
2023,21,"x_km",-0.447315578114562,0.032130407579513,-0.578823483684401,0.108925430178072
2023,21,"y_km",-0.00382565581608799,0.0217836350016036,0.0797535741846171,0.0946685768078111
2023,21,"radiacion_bilineal_mj_m2_dia",65.6813092313252,3.51167772444205,27.6657978613142,14.5136711462219
2023,21,"altitud_m",-0.00516442434428913,0.00136236026110816,-0.00102530484231759,0.00136301556018003
2024,21,"(Intercept)",8.07528887809834,0.113736970629646,8.33643169456907,0.363219352544505
2024,21,"x_km",-0.0682930251909588,0.00173352421001027,-0.0535294700303108,0.00595392869630815
2024,21,"y_km",0.0132092201551484,0.00128249474883806,0.00601641246985899,0.00585991446828227
2024,21,"altitud_m",-0.000300740887704146,8.333944867132e-05,-3.32329702924161e-05,7.39631472507437e-05
2025,21,"(Intercept)",-28.8735186681082,1.41919412913981,-24.3581423563921,5.96208625205292
2025,21,"temperatura_bilineal_c",0.418951013550346,0.0153610949095594,0.389457456714922,0.053071005544915
2025,21,"radiacion_bilineal_mj_m2_dia",1.67099838917946,0.0881431297733643,1.42015445451657,0.377758062661588
2025,21,"altitud_m",-0.000139862815600678,5.05132764350973e-05,4.61706525160593e-05,8.84935789538111e-05
2011,22,"(Intercept)",-17.1095154313055,33.9709609651217,-174.480389100659,225.58210086545
2011,22,"temperatura_bilineal_c",4.09586094152398,0.436263656294093,3.96332575900765,2.00500874795693
2011,22,"radiacion_bilineal_mj_m2_dia",-3.49799367652868,2.36284160322201,8.8824921391693,16.2857647428687
2011,22,"altitud_m",0.00298458576350504,0.00142775022896058,0.00065970199990105,0.0020242062954623
2012,22,"(Intercept)",-1.65197389979297,0.187446965759308,-1.16691270855558,0.659316101295955
2012,22,"temperatura_bilineal_c",0.241470592174633,0.00775560903965577,0.218474831647203,0.0296453401439697
2012,22,"altitud_m",-3.82777703311231e-05,2.70039247847557e-05,6.17574967635936e-05,4.77319242612051e-05
2013,22,"(Intercept)",-8.63365976182445,0.633245443472327,-4.51108394296803,2.50976040828903
2013,22,"temperatura_bilineal_c",0.855835494069307,0.027465174016424,0.66555880682168,0.119429205640063
2013,22,"altitud_m",-0.000233358873397535,8.77944348532638e-05,1.70118121125233e-05,9.18645664135233e-05
2014,22,"(Intercept)",-1227.83995012154,57.4964256783709,-234.889812474516,274.129660566087
2014,22,"x_km",-1.43183137571069,0.0363415226585405,-0.875863866667408,0.181423144245412
2014,22,"y_km",0.145860124616402,0.0214126600573468,0.112663966199845,0.134693468561168
2014,22,"radiacion_bilineal_mj_m2_dia",90.916729916952,4.00524278262968,22.3131788587386,18.9217301915073
2014,22,"altitud_m",-0.00905795805569105,0.00138382029973523,-0.00226037083990229,0.00162130258649463
2015,22,"(Intercept)",6.40952382621398,0.0784604346697288,6.77357189455884,0.469420457367771
2015,22,"x_km",-0.0667352611289961,0.00184363834440591,-0.0563911341798464,0.00842700714037422
2015,22,"y_km",0.000544104763577307,0.00184170849992643,0.00837770487079678,0.00846521590888055
2016,22,"(Intercept)",4.33304146118468,0.0203960582078916,4.30387371257958,0.0564580515962436
2016,22,"x_km",-0.0109913252683969,0.000310866910701266,-0.0107926227409248,0.000946711847547574
2016,22,"y_km",0.00256422502525377,0.000229985354839389,0.00289915521605518,0.000862763858514048
2016,22,"altitud_m",-7.46869262361324e-05,1.49449755581126e-05,-1.10337373321111e-05,2.57571409774167e-05
2017,22,"(Intercept)",4.64525871074747,0.115478674867138,5.17971459183263,0.412045267118984
2017,22,"x_km",-0.0201132589039894,0.00176007042840922,-0.0205176852016522,0.00657425150806014
2017,22,"y_km",0.00413650273470538,0.00130213415479592,0.00336954759019058,0.00621861920659481
2017,22,"altitud_m",-0.000166119797852095,8.46156622903175e-05,-3.80494187397724e-05,0.000134513475880366
2018,22,"(Intercept)",-518.904859291178,68.9721617820657,102.717526378954,280.665037515509
2018,22,"temperatura_bilineal_c",7.40051793651007,0.463521890957515,3.89814716929677,1.9692321242184
2018,22,"radiacion_bilineal_mj_m2_dia",27.8507378636873,4.00974827841949,-7.44369919240727,16.1931266384711
2018,22,"altitud_m",-0.00180259658092059,0.00110488225225028,0.00102505268528685,0.0017709719165044
2019,22,"(Intercept)",-541.509367315232,79.3058625308169,-182.505476080283,285.031300732419
2019,22,"temperatura_bilineal_c",7.34794858474639,0.630327658937564,2.37420541958842,2.60941146387707
2019,22,"radiacion_bilineal_mj_m2_dia",32.3083770139438,4.85163373601914,14.0038123255646,17.0440200474994
2019,22,"altitud_m",-0.0056130827403313,0.00114148728353201,-0.00148094253230284,0.00150551191289478
2020,22,"(Intercept)",-1258.58551791951,51.7958208121601,-723.785303492861,269.947487151987
2020,22,"x_km",-1.66512213330352,0.0450288254921237,-1.20556585350624,0.214599411483136
2020,22,"y_km",0.0248509475717028,0.0242862154644189,-0.0563419504999678,0.147798750141498
2020,22,"radiacion_bilineal_mj_m2_dia",100.641457181763,3.8358607699321,61.0354224908876,19.7898167207251
2020,22,"altitud_m",-0.0115768339478076,0.00157322304533553,-0.00239943200227165,0.00203508560868734
2021,22,"(Intercept)",6.86061401637995,0.0990628546621866,6.51290045127323,0.317282375612013
2021,22,"x_km",-0.0516502893318085,0.0015098683912447,-0.0552428650804918,0.00519316457140691
2021,22,"y_km",0.0324208898857505,0.0011170298470746,0.0286004561320235,0.00479287170534648
2021,22,"altitud_m",-0.000163650335369402,7.25871600557806e-05,-1.49577847268173e-05,0.000129541694468646
2022,22,"(Intercept)",-238.873833332489,29.2377933150984,-154.576313362774,136.370666612933
2022,22,"x_km",-0.518021032219766,0.0255433878708853,-0.43476549354893,0.100046707972686
2022,22,"y_km",0.0696777112639637,0.0189854954564476,0.0679814878954737,0.0849049958631369
2022,22,"radiacion_bilineal_mj_m2_dia",20.7388568015374,2.11926740684709,15.5238055669126,9.85607025447495
2022,22,"altitud_m",0.00620801294886882,0.000964846248132951,0.00196068485664356,0.00138595541964434
2023,22,"(Intercept)",-596.361877396171,53.6631990516158,-129.101123462563,247.26823442229
2023,22,"x_km",-0.777463184574305,0.0274594790604135,-0.557223245394803,0.147505434633004
2023,22,"y_km",-0.0224797934535488,0.0227166107538776,-0.108713680532029,0.120548138141881
2023,22,"radiacion_bilineal_mj_m2_dia",42.4541410960452,3.33698595617472,13.8508953558104,15.2841260273229
2024,22,"(Intercept)",1.48758840820944,3.57737840346541,-13.5868403813913,19.2732451286581
2024,22,"temperatura_bilineal_c",1.01183893139782,0.0326871082089113,0.853663866644186,0.128557421266238
2024,22,"radiacion_bilineal_mj_m2_dia",-0.983586315447357,0.198152497684605,0.130300595792617,1.08829974430184
2024,22,"altitud_m",-0.000215534755702523,0.000101618161617866,-5.87987116796855e-06,8.56700787079271e-05
2025,22,"(Intercept)",3.62527363141723,0.0126270936999051,3.8335549274808,0.0825007800280994
2025,22,"x_km",-0.0110007154865096,0.000296707432498243,-0.00948648419414303,0.00141222553987382
2025,22,"y_km",0.000828756731780907,0.000296396851411467,0.000790895895516681,0.00142160295876433
2011,23,"(Intercept)",-114.981424874258,5.67119100383329,-57.467741242874,24.8160369836778
2011,23,"x_km",-0.0907355351644364,0.00247667643329119,-0.0793088700353346,0.00962895935251701
2011,23,"y_km",-0.0306009435539285,0.0028745437671076,-0.00309875809918099,0.0122733910733124
2011,23,"radiacion_bilineal_mj_m2_dia",7.81436559037041,0.356088809275442,4.18289254093882,1.55606082507358
2011,23,"altitud_m",-0.000670354877897794,0.000111033762604738,2.64860714941879e-05,0.000164807491379758
2012,23,"(Intercept)",31.9682395135334,2.66369686765467,19.9725291993268,13.1908674963579
2012,23,"temperatura_bilineal_c",0.396839129954381,0.0508624351126707,0.552853755486681,0.243495605884396
2012,23,"radiacion_bilineal_mj_m2_dia",-2.16283427918884,0.109764701582772,-1.62363569076692,0.541420862747451
2012,23,"altitud_m",-0.000392380721548228,9.92896601941759e-05,4.41514224760125e-05,9.86563285133674e-05
2013,23,"(Intercept)",5.61990216008265,0.152216494298506,6.3211096815626,0.553921367305018
2013,23,"x_km",-0.101595631737135,0.00232001060489448,-0.0814588861462908,0.00887019206590433
2013,23,"y_km",0.0288395366315438,0.0017163887304511,0.0219908353847811,0.00851360313222857
2013,23,"altitud_m",-9.34074275069408e-05,0.000111534874221558,-3.05935068166524e-06,0.000157171442539283
2014,23,"(Intercept)",-42.3994994950543,2.00139030413686,-37.1795250057317,7.87337706294946
2014,23,"x_km",-0.0416551430824149,0.00180154060811875,-0.0395387102728423,0.00603499225640976
2014,23,"y_km",0.00327390541249526,0.00142957176730419,0.00421054377408812,0.0057064870966444
2014,23,"radiacion_bilineal_mj_m2_dia",3.11177696146465,0.131748667777812,2.79061191179781,0.516533062395942
2014,23,"altitud_m",0.000595022112881875,8.42308013923846e-05,0.000483194744890514,0.000166183220509198
2015,23,"(Intercept)",-13.2686629390485,1.64856117480406,-5.50416354973937,4.83812633534976
2015,23,"x_km",-0.0263029938009245,0.000854080941883624,-0.0216891151665362,0.00263725598129555
2015,23,"y_km",0.00701851702478348,0.000602023235399016,0.00601252940508879,0.00182113690748867
2015,23,"radiacion_bilineal_mj_m2_dia",1.13044070590547,0.11691279498876,0.588005084711642,0.342692269535968
2016,23,"(Intercept)",-22.5153587531301,1.67165033339066,-13.6488668746868,6.10486326259834
2016,23,"x_km",-0.0279297888611711,0.000725992331792562,-0.0269949857816912,0.00295603665718156
2016,23,"y_km",-0.00875930408545437,0.000756438140884375,-0.00528370827474302,0.00302667941663289
2016,23,"radiacion_bilineal_mj_m2_dia",1.76233480863051,0.103413378404695,1.23164776452004,0.375926076023821
2017,23,"(Intercept)",-0.835108765240745,0.132200917836546,-0.457629406554563,0.389875921422242
2017,23,"temperatura_bilineal_c",0.210753936049802,0.00559201772390505,0.19383293146702,0.017984583313345
2017,23,"altitud_m",-8.61717479891356e-05,1.73717756409223e-05,-4.11996518162173e-05,1.89060216522216e-05
2018,23,"(Intercept)",3.1349898981639,0.0329448693886509,3.37886314373401,0.0999732464496064
2018,23,"x_km",-0.0151581576584171,0.000502129855971094,-0.012176091275436,0.00167228586389196
2018,23,"y_km",0.00820843053630469,0.000371485382089889,0.00823927526694067,0.00164757637102547
2018,23,"altitud_m",5.86855431034978e-05,2.41399716925744e-05,-3.50090198203396e-05,2.00600506710174e-05
2019,23,"(Intercept)",7.55218773195049,0.0386025562134855,7.79134771595134,0.224293156618412
2019,23,"x_km",-0.0495939969300985,0.00090707059076139,-0.0420569157372225,0.00397567079519861
2019,23,"y_km",0.00959013341929331,0.00090612110672761,0.0132490468386171,0.00399398104266235
2020,23,"(Intercept)",7.1434763287238,0.113747686861826,7.64010895170646,0.395037853970867
2020,23,"x_km",-0.00778072377255671,0.0017336875416677,-0.0077322916530654,0.0063195571297027
2020,23,"y_km",-0.00678105817662987,0.00128261558475818,-0.00643560121382642,0.00623454629716823
2020,23,"altitud_m",-0.000311892373248483,8.33473008664043e-05,7.60816958218085e-05,7.33648769613008e-05
2021,23,"(Intercept)",-959.498910611461,30.3042949251235,-402.213847816158,198.289449797121
2021,23,"temperatura_bilineal_c",28.5903438939128,0.491176555080515,19.01884122106,2.75538043989142
2021,23,"radiacion_bilineal_mj_m2_dia",37.5240520172541,1.8759338741301,10.1885431676426,12.0750137476341
2021,23,"altitud_m",-0.00697045364478067,0.00148847039125783,-0.000871374015227074,0.00261155021342516
2022,23,"(Intercept)",-910.709104801684,72.1644515349589,-775.730010068023,364.469541887471
2022,23,"x_km",-1.12460261846309,0.0255797663941784,-0.733733052516329,0.16436391392354
2022,23,"y_km",-0.106729938426285,0.0280068903556606,-0.141390316476924,0.163771381578326
2022,23,"radiacion_bilineal_mj_m2_dia",69.8854405695236,5.0507151250569,60.3478763199287,25.3096998954085
2023,23,"(Intercept)",-5.99669806581385,0.510652822035124,-5.5920726841156,2.04418662111852
2023,23,"x_km",-0.0102368811234802,0.000424011707022835,-0.0106865652970941,0.00135496551524509
2023,23,"y_km",-0.000654272969697943,0.000335524380063244,-0.0006661978609446,0.00126270450557642
2023,23,"radiacion_bilineal_mj_m2_dia",0.618893343376342,0.0332012212837411,0.594112704457102,0.132869726094762
2023,23,"altitud_m",-2.2157733119752e-05,1.98253665140608e-05,2.64689294285572e-05,3.47755197434258e-05
2024,23,"(Intercept)",-37.0115478043335,3.79789374225531,-38.6428582879131,14.4985619802149
2024,23,"x_km",-0.0738377701932826,0.0023238746555085,-0.073582008636468,0.00807233530740608
2024,23,"y_km",0.0261648177162294,0.00127851809220516,0.0202046661130417,0.00498663347551166
2024,23,"radiacion_bilineal_mj_m2_dia",3.10616257232041,0.267703867043935,3.2238979504767,1.02313004972202
2024,23,"altitud_m",-0.000244951746642326,8.16097729260578e-05,-2.94140519117669e-05,0.000139188115146976
2025,23,"(Intercept)",-1694.54797995016,61.4138975287861,-1085.26041771572,248.717327523539
2025,23,"x_km",-1.43125607146767,0.0328955142181835,-1.30482362798766,0.134837644050822
2025,23,"y_km",0.129405710798658,0.0196936909493283,-0.0350149637322259,0.106812124533904
2025,23,"radiacion_bilineal_mj_m2_dia",123.933812256244,4.34228050967878,81.1421821752279,17.4402787341781
2025,23,"altitud_m",-0.00633573370377402,0.00124412554194366,8.9837417446493e-06,0.00178488046808003
2011,24,"(Intercept)",-7.72008336208438,0.852401228875816,-5.94521205027186,3.01506233797733
2011,24,"temperatura_bilineal_c",0.626470210857045,0.0356898570346756,0.534236410018439,0.139603074475069
2011,24,"altitud_m",-0.000975801911382717,0.000119504094632016,-3.51872688475219e-05,0.000108501930778089
2013,24,"(Intercept)",-71.8894828065612,3.40971478765355,-56.0882080945452,13.1373774716836
2013,24,"x_km",-0.135277953639327,0.00342220149495784,-0.117876075474456,0.0124602532169186
2013,24,"y_km",0.0329708551365289,0.00155868115920622,0.0245114250913257,0.00619686805714597
2013,24,"radiacion_bilineal_mj_m2_dia",5.11585184306186,0.222805304184227,4.09369774579675,0.857550146839191
2013,24,"altitud_m",-0.000405988953181877,9.573264489443e-05,-6.08319925886136e-05,0.000148309307167126
2014,24,"(Intercept)",4.63960968608257,0.0806128203889135,4.97196846128217,0.285152942875056
2014,24,"x_km",-0.0356647230822518,0.00122866184150825,-0.0289818820722481,0.00452436810390426
2014,24,"y_km",0.0131161282639779,0.000908987801112221,0.0116122887424506,0.00422831084635654
2014,24,"altitud_m",-0.000360784789808834,5.90681110096408e-05,-0.000230680115209046,0.000101700918076158
2015,24,"(Intercept)",2.93347932069637,0.139292613148247,3.40327193399691,0.487755886466451
2015,24,"x_km",-0.0343777170730932,0.0021230310235214,-0.0350031303234419,0.00784987804022357
2015,24,"y_km",0.023129456656688,0.00157065942521239,0.0197382940569625,0.00735171358712286
2015,24,"altitud_m",0.000279356230052641,0.000102065049908552,0.000353860160165356,0.000175411751562703
2016,24,"(Intercept)",4.29306169849389,0.0674903613707437,4.98730226086585,0.426054529092475
2016,24,"x_km",-0.0538050628897845,0.00158586705037616,-0.0456553869312364,0.00756086357089298
2016,24,"y_km",0.0293879337345326,0.00158420703024171,0.0184620125811786,0.00759439371847461
2017,24,"(Intercept)",6.82088387718861,0.0671462079567416,8.12785643178344,0.571003491659428
2017,24,"x_km",-0.0358439048825488,0.00157778024289054,-0.0401730095160443,0.00892991316857113
2017,24,"y_km",0.0193431623412944,0.00157612868769219,0.0163560021751928,0.00898211180664565
2018,24,"(Intercept)",5.96016050942183,0.114019712280254,6.68339119009123,0.383347844490346
2018,24,"x_km",-0.0606651413826278,0.00173783362227784,-0.0519759385000391,0.00600959256597823
2018,24,"y_km",0.0372413654881514,0.00128568293540726,0.0269922120059875,0.00599309014937869
2018,24,"altitud_m",-9.71591181300989e-05,8.35466243429391e-05,-6.76720891784745e-06,4.0619580080705e-05
2020,24,"(Intercept)",3.37295101908461,0.014520551650266,3.46886606491619,0.0879493522893034
2020,24,"x_km",-0.0166377440417816,0.000341199305319239,-0.0141617186896852,0.00155524375104713
2020,24,"y_km",0.00518080931908453,0.00034084215197744,0.00392757411690528,0.00156327435557844
2021,24,"(Intercept)",4.06868880872287,0.024115929496313,4.27425338884598,0.070511808196975
2021,24,"x_km",-0.00928228133291912,0.000367563399986166,-0.00695114953214218,0.00118288466499839
2021,24,"y_km",0.000801455916849987,0.000271930514512127,0.00084526478290685,0.00109738271401284
2021,24,"altitud_m",0.000119194720295993,1.76706681854887e-05,4.62474203805511e-05,2.89731311219973e-05
2022,24,"(Intercept)",-88.2840903468039,41.4815657162603,-48.2786016313289,190.857882375766
2022,24,"x_km",-0.359281109298033,0.0288205893540499,-0.268018392160232,0.110701423430822
2022,24,"y_km",0.016812278016209,0.0214186052298486,-0.126366923843764,0.102409670141024
2022,24,"radiacion_bilineal_mj_m2_dia",10.5960004933092,3.03423565893819,8.54516022977034,13.802318214704
2022,24,"altitud_m",0.00305949119369622,0.00139500160398501,0.00338768629925203,0.00241880888967184
2023,24,"(Intercept)",3.75007076500322,0.144575344178241,3.91910615207805,0.415704324938758
2023,24,"x_km",-0.0374181195772119,0.00220354786940512,-0.0408784286989805,0.00698800981452599
2023,24,"y_km",0.018129408532808,0.00163022734554634,0.0116595834720385,0.00659114638560406
2023,24,"altitud_m",-0.000223067850953958,0.000105935909920748,0.000164421464925302,0.000153858527933438
2024,24,"(Intercept)",-41.1363346606358,3.70624390885453,-36.2387051948996,15.4265046452839
2024,24,"x_km",-0.0430487393710704,0.00169338173284697,-0.0447894235495546,0.00852373004689419
2024,24,"y_km",-0.0041253212792775,0.00128222655191616,-0.00186750019079246,0.00648352481682182
2024,24,"radiacion_bilineal_mj_m2_dia",3.54767346525992,0.264097723738061,3.25876858931766,1.09464853754683
2025,24,"(Intercept)",-5.05575069209856,0.712836235015714,-3.68404731244343,3.40165508949765
2025,24,"x_km",-0.00672001566369499,0.000470937159180054,-0.00352984940805919,0.00181753859829777
2025,24,"y_km",-0.00188287064779102,0.000420617620229444,-0.00241223581923301,0.001793983147096
2025,24,"radiacion_bilineal_mj_m2_dia",0.590921810967165,0.0460515037189928,0.51401474687363,0.218931559048426
2025,24,"altitud_m",5.81894165603249e-05,1.98176652994981e-05,2.16717782730601e-05,2.98722518042088e-05
2011,25,"(Intercept)",-127.327460993983,3.03868985663535,-106.417266481414,11.8113766174545
2011,25,"x_km",-0.0969598571693412,0.00137717698652906,-0.0873220757798995,0.00444062107215397
2011,25,"y_km",-0.0344762183768541,0.00141267218645681,-0.0298975720041026,0.00532797868427313
2011,25,"radiacion_bilineal_mj_m2_dia",8.84319346694835,0.19978156128992,7.4744435449539,0.77527924410436
2011,25,"altitud_m",-7.55478324604736e-05,6.01728340454351e-05,-1.9456007880505e-05,9.62546091252391e-05
2012,25,"(Intercept)",-109.07985446207,3.99529621366091,-59.8183643437707,17.314289804485
2012,25,"x_km",-0.147823938546585,0.00204404825769058,-0.119990297884992,0.0100499255859903
2012,25,"y_km",0.0274909247584889,0.00140141719010177,0.023194782795336,0.00702478851097539
2012,25,"radiacion_bilineal_mj_m2_dia",6.6017216467549,0.226023792111275,3.85532497091731,0.977936543522127
2013,25,"(Intercept)",15.9489616957916,0.263993991380341,14.2010905007925,1.15739186446111
2013,25,"radiacion_bilineal_mj_m2_dia",-0.829844978040517,0.0188556805522445,-0.708817231763545,0.0777593561334038
2013,25,"altitud_m",-6.49241112868612e-05,2.6197691183297e-05,-7.87488735795875e-05,3.83081945224996e-05
2014,25,"(Intercept)",2.89160934020798,0.0184308959034018,2.84162512391736,0.109412344667256
2014,25,"x_km",-0.0165864636437297,0.000433083331137539,-0.0174455442517707,0.00197472844686305
2014,25,"y_km",0.00916052037108393,0.000432629997392184,0.0127645312281132,0.00198402222330907
2015,25,"(Intercept)",3.1991846141363,0.0120729296583215,3.20106404435957,0.0752189481998458
2015,25,"x_km",-0.0145168445321468,0.000283685862066531,-0.0133626933793495,0.00134109068956072
2015,25,"y_km",0.00177131037106616,0.000283388911421913,0.00245307204662398,0.00134715471879236
2016,25,"(Intercept)",-16.3059409081182,0.59158756702432,-15.969638010284,2.6303730280007
2016,25,"temperatura_bilineal_c",0.36748347636723,0.00866343394956772,0.350425155870089,0.0316033319689424
2016,25,"radiacion_bilineal_mj_m2_dia",0.827779089597539,0.0342129713561139,0.827979945331791,0.155637655505173
2016,25,"altitud_m",-5.59728044924911e-05,2.77381147980008e-05,-6.19840636470463e-05,5.52541549471663e-05
2017,25,"(Intercept)",-238.621683095652,33.7828054553896,26.7460380689745,146.022355166826
2017,25,"x_km",0.100758489272073,0.0247944538621852,0.0904752111514809,0.0982304927256803
2017,25,"y_km",-0.0363605722820021,0.0171906773228301,-0.0524515464503087,0.082904356158534
2017,25,"radiacion_bilineal_mj_m2_dia",16.9699018680559,2.17625835823849,0.209409195515991,9.41174752649447
2017,25,"altitud_m",0.0037761576899321,0.000972185013060932,0.00331082813157052,0.00149946174167361
2018,25,"(Intercept)",-24.9136468776346,0.983086517387993,-24.2791785649967,4.05116607966413
2018,25,"temperatura_bilineal_c",0.36245169748997,0.00902653175248628,0.365906390664916,0.0319440837716641
2018,25,"radiacion_bilineal_mj_m2_dia",1.30876535317207,0.0591732913556455,1.26002438314199,0.24667293973534
2018,25,"altitud_m",-9.1845103760505e-05,2.96128768310488e-05,-5.57526037008332e-05,5.65678115900367e-05
2019,25,"(Intercept)",3.45511370400118,0.0128679356226641,3.57464552353408,0.0876095483334507
2019,25,"x_km",-0.013245469119019,0.000302366659414432,-0.00999009042686073,0.00148807130455567
2019,25,"y_km",0.00591723725512676,0.000302050154482638,0.00592665773011965,0.00149687577662164
2020,25,"(Intercept)",2.85395669233184,0.0592188968970561,3.26128783015097,0.1813741845207
2020,25,"x_km",-0.0144924777376187,0.000902585948024105,-0.0105740952275575,0.00303601509033379
2020,25,"y_km",0.0090988353096455,0.000667750546563799,0.00715308156845483,0.00282899486111234
2020,25,"altitud_m",0.000163963851130451,4.33919612154502e-05,-2.85147456938387e-05,7.20619441843943e-05
2021,25,"(Intercept)",-6.18151422054454,1.06266532602236,3.80462799649126,3.75288883412053
2021,25,"x_km",-0.00752045662457152,0.000579407194674479,-0.0122713480661258,0.00202025892152426
2021,25,"y_km",0.0020564162594566,0.000550768771840843,0.00308106795673522,0.00195725092342215
2021,25,"radiacion_bilineal_mj_m2_dia",0.589617007782337,0.0661754979107107,-0.0333500716357344,0.232966933888741
2022,25,"(Intercept)",-25.1225018110205,2.36719431025783,-19.5639115392694,10.2559922578054
2022,25,"x_km",-0.0403428161568588,0.00127811771513088,-0.0362091778062999,0.00556576730089813
2022,25,"y_km",-0.00257230722162351,0.00130712976199124,-0.00263785088127738,0.00557015876136109
2022,25,"radiacion_bilineal_mj_m2_dia",2.28776944210527,0.163374472595062,1.90312850960565,0.703500045920045
2023,25,"(Intercept)",-7.86197334339922,0.174724073286473,-7.21884255839058,0.578929969668325
2023,25,"temperatura_bilineal_c",0.461390541914714,0.0080224196142021,0.436286878249901,0.026309084817984
2024,25,"(Intercept)",-85.4359468007327,2.70935078785835,-82.9199691048871,10.0760069948411
2024,25,"x_km",-0.0920947502415882,0.00208378881135731,-0.0870879310876341,0.006784647350137
2024,25,"y_km",0.0215370010199028,0.00129209298633578,0.018509611506568,0.00447576867304271
2024,25,"radiacion_bilineal_mj_m2_dia",6.21956767453469,0.184742626512111,6.05867175499984,0.683359269548884
2024,25,"altitud_m",-0.000281891354974055,8.19983506828523e-05,-0.000251987964354065,0.000158556431470702
2025,25,"(Intercept)",5.06475310051819,0.154501602169165,6.14156538037136,0.612601202386159
2025,25,"x_km",-0.049298929840609,0.00235483912014631,-0.0547752731851993,0.00945480209238139
2025,25,"y_km",0.0251620483949544,0.00174215553985726,0.00738895618032696,0.00913265823853386
2025,25,"altitud_m",-0.000155923221893836,0.000113209260562613,9.50202541002949e-05,0.000149581735470878
2011,26,"(Intercept)",18.9903057813463,0.524144021398942,16.9185055752941,2.69416078971097
2011,26,"radiacion_bilineal_mj_m2_dia",-0.9876644740224,0.033469784054493,-0.847366808051864,0.172805603672977
2012,26,"(Intercept)",-84.0119235035165,3.70415747232121,-44.1068179351962,16.6807482070974
2012,26,"x_km",-0.0367203530224955,0.00208365200123316,-0.03696655945713,0.00814344897446133
2012,26,"y_km",-0.0160175708145935,0.00203106197271678,-0.000810030734418084,0.00910540387561913
2012,26,"radiacion_bilineal_mj_m2_dia",5.85759896123189,0.240434335134463,3.29945482295624,1.07910805849948
2012,26,"altitud_m",0.000165062394542532,7.8530539126084e-05,2.90828591650491e-05,0.000116138074376554
2013,26,"(Intercept)",-83.4749882337037,2.8633191137717,-41.5520680766262,11.1236187415792
2013,26,"x_km",-0.153674045679235,0.00302632002129918,-0.115371003784095,0.0113668605663352
2013,26,"y_km",0.0834266372025215,0.00205220182040515,0.0473087721924728,0.00824646091783121
2013,26,"radiacion_bilineal_mj_m2_dia",6.1377094050546,0.193713007257004,3.34528101717274,0.749363374277066
2013,26,"altitud_m",-0.000228728091362965,9.08187657822157e-05,1.82630566731468e-05,8.13703913570232e-05
2014,26,"(Intercept)",-2.79307912059247,0.197841726412306,-1.83437841461371,1.09380813353192
2014,26,"temperatura_bilineal_c",0.301777901578798,0.0094577510523255,0.258511218314387,0.0512972655358071
2015,26,"(Intercept)",57.7301002383194,4.10991188469164,42.6386989585169,18.0322264570063
2015,26,"x_km",-0.0645445316789732,0.00191338628047836,-0.0555570613442946,0.00913981702551258
2015,26,"y_km",0.0737562430383643,0.00267893288625963,0.0644182014475128,0.0130555983434008
2015,26,"radiacion_bilineal_mj_m2_dia",-3.43614836727524,0.26355048271804,-2.47596799958556,1.16199298573892
2016,26,"(Intercept)",3.87087251157479,0.167101374347338,4.7334640423316,0.572850455554203
2016,26,"x_km",-0.053113840840172,0.00254687878843148,-0.0450212755153372,0.00939986495389624
2016,26,"y_km",0.03356632054372,0.00188423020182167,0.0253443212293484,0.00894843973669064
2016,26,"altitud_m",0.000581039256983072,0.000122441597778032,0.000285870143197715,0.000184725918586129
2017,26,"(Intercept)",-209.919471241898,49.535132102292,-54.670664542427,202.713544193566
2017,26,"x_km",-0.337279900804901,0.0265065666070395,-0.415951875126615,0.122573808887783
2017,26,"y_km",0.127964056294879,0.032580002483854,0.139631473761221,0.141250690817363
2017,26,"radiacion_bilineal_mj_m2_dia",16.03746274628,3.04693478491455,7.26996837325441,12.3680580388947
2017,26,"altitud_m",-0.00600440554197301,0.00109999838911052,-0.00203790131601013,0.00165404786544833
2018,26,"(Intercept)",-19.4979825383559,1.12142999562017,-6.99114541987078,4.21155820615229
2018,26,"x_km",-0.00825175301500652,0.000492587596774472,-0.00700615404720015,0.00149353374817698
2018,26,"y_km",-0.00920240714232531,0.000842770104376849,-0.00339204816931985,0.00315754479222491
2018,26,"radiacion_bilineal_mj_m2_dia",1.53848032206826,0.0754382549872245,0.715450844687154,0.283254759144035
2018,26,"altitud_m",0.000161754834596638,2.30611657026271e-05,9.70924311887714e-06,2.22939770562719e-05
2019,26,"(Intercept)",29.4568983543566,3.17556699628379,39.7249470369633,12.6696578181586
2019,26,"x_km",-0.0323143431396311,0.0021062750583899,-0.0189612544911663,0.00944339600698423
2019,26,"y_km",0.0252142242653609,0.00107284806107749,0.0119924515017962,0.00499089216662253
2019,26,"radiacion_bilineal_mj_m2_dia",-1.57746643564254,0.213465935685051,-2.23539686827137,0.847985109569324
2020,26,"(Intercept)",-4.95664513441383,0.252720816591572,-2.870015481991,2.21659302309964
2020,26,"temperatura_bilineal_c",0.363775462090895,0.0121061340316861,0.295960246382797,0.100640210443573
2021,26,"(Intercept)",5.40198057807928,0.22173275796894,6.32896773094328,0.739526418341252
2021,26,"x_km",-0.0382448274217637,0.00337954406525502,-0.0291588642353313,0.0122092939799292
2021,26,"y_km",0.0308327583757058,0.00250025208308496,0.0172176356896453,0.0115866877807094
2021,26,"altitud_m",-0.000335505786450871,0.000162472111743462,-0.00026207731769331,0.000247661659875169
2022,26,"(Intercept)",-10.2434153004232,1.04817161702511,-6.08210723369579,4.83316346632083
2022,26,"x_km",-0.00474372165703832,0.00103424557208416,-0.00264370329588238,0.00394905350703367
2022,26,"y_km",0.00153149344976041,0.000729382910471733,0.000589032201177222,0.00300400683978619
2022,26,"radiacion_bilineal_mj_m2_dia",0.871774432999427,0.0661272873469669,0.626686576844586,0.303428807276044
2022,26,"altitud_m",7.88491747739254e-05,3.82303172891183e-05,7.00495970938126e-06,6.40798541047787e-05
2023,26,"(Intercept)",-8.11152390946695,1.69399095827092,-0.0498666612462149,5.45186189088853
2023,26,"x_km",-0.0139786843260399,0.000592860559506624,-0.00920957270584575,0.00276265320285676
2023,26,"y_km",-0.00217304852288741,0.000449044757876408,-0.00153762745831306,0.00237578668518798
2023,26,"radiacion_bilineal_mj_m2_dia",0.729619198494302,0.105451336355359,0.244537240131441,0.339681795187544
2024,26,"(Intercept)",-45.5677415432157,4.95295038389396,-38.5312487417383,20.657601373147
2024,26,"x_km",-0.0776904652993372,0.00291452558643879,-0.0674874803612894,0.0128354411732853
2024,26,"y_km",0.0127450705384373,0.00118698044424112,0.00521807808434343,0.00694567979039301
2024,26,"radiacion_bilineal_mj_m2_dia",3.62068125627311,0.339507624959105,3.18507492675165,1.40802090100946
2025,26,"(Intercept)",5.02574505182054,0.142546567047953,5.89598885004883,0.390292290021491
2025,26,"x_km",-0.0230915458176244,0.00217262622402807,-0.0193536986982119,0.00616082602304765
2025,26,"y_km",0.0226554294988572,0.00160735091405926,0.0195092508982771,0.00534589778037887
2025,26,"altitud_m",0.000257697391503529,0.000104449346962555,-5.55617733544456e-05,0.000205403540860498
2011,27,"(Intercept)",-47.3043968076638,1.79893923915578,-37.3714516065989,7.09119923790458
2011,27,"x_km",-0.0469746248278241,0.000921589710596661,-0.0433546052065338,0.0038508792287516
2011,27,"y_km",-0.027143091183292,0.00152312103778809,-0.0219212680058909,0.00577736030729187
2011,27,"radiacion_bilineal_mj_m2_dia",3.46394190462882,0.115014577852328,2.85453418298468,0.450764655004216
2012,27,"(Intercept)",4.02638016742732,0.870737881618352,4.89246914092759,3.61643833214708
2012,27,"temperatura_bilineal_c",0.21152132321969,0.0121131499964011,0.216273738900477,0.0446844017144769
2012,27,"radiacion_bilineal_mj_m2_dia",-0.327344120479699,0.0449339581825308,-0.396938476955954,0.1886088579781
2012,27,"altitud_m",-0.000261811681433778,3.24869826684337e-05,-8.59068197928836e-05,6.27898877544758e-05
2013,27,"(Intercept)",-60.4580386663783,2.75265857454419,-18.6861890790824,11.8967799263179
2013,27,"x_km",-0.102523486043021,0.00210298574578557,-0.0686914861023998,0.010746352123931
2013,27,"y_km",0.0116614019700352,0.00122564678177797,0.00525573580366466,0.00758209762379865
2013,27,"radiacion_bilineal_mj_m2_dia",3.99296226106365,0.166877094834908,1.51032225473869,0.718019707953065
2014,27,"(Intercept)",3.5635935665969,0.01431285917452,3.59971533019967,0.0821764199249959
2014,27,"x_km",-0.0162917857972243,0.000336319013567839,-0.0163931831509783,0.00150055134955871
2014,27,"y_km",0.0092307245901426,0.000335966968713897,0.00909445237115417,0.00150973566424957
2015,27,"(Intercept)",2.86975757924358,0.027684466867225,3.27724368239986,0.0897173183056563
2015,27,"x_km",-0.0160350346503998,0.000421953330477157,-0.0114024899238341,0.00148181536646728
2015,27,"y_km",0.00986633787134794,0.000312169237364431,0.00680415080372394,0.00145419706590462
2015,27,"altitud_m",0.000192202497176686,2.02854726365692e-05,1.2426805393267e-05,1.97111678854681e-05
2016,27,"(Intercept)",2.47256946656094,0.735422974111257,-1.89197260015669,3.62216668868544
2016,27,"temperatura_bilineal_c",0.196636901697656,0.00786942416772118,0.232957981039791,0.0407844358926364
2016,27,"radiacion_bilineal_mj_m2_dia",-0.157167624286883,0.040992053401027,0.0989104772411722,0.201661624160582
2017,27,"(Intercept)",3.27804048824251,0.0206181835761799,3.43703453559804,0.126221324385272
2017,27,"x_km",-0.0173600680807937,0.000484479521341618,-0.0144786410669997,0.00222641333377996
2017,27,"y_km",0.00622740897268717,0.000483972388186941,0.00381777380056275,0.00223976550593352
2018,27,"(Intercept)",-12.9588647930551,1.21103079152615,-8.76772710940083,5.29248464230012
2018,27,"temperatura_bilineal_c",0.382121137958589,0.0105512041796666,0.371815867701658,0.046839685332296
2018,27,"radiacion_bilineal_mj_m2_dia",0.465715566041032,0.0766189994361808,0.230659195941668,0.33549122986745
2019,27,"(Intercept)",-135.11586003118,17.3867610775281,-74.1529459280952,93.6176147936673
2019,27,"temperatura_bilineal_c",5.43544332595964,0.255788634545522,5.14378324084743,1.36307993719456
2019,27,"radiacion_bilineal_mj_m2_dia",3.0741364852778,0.785595670398002,0.0900404405704067,4.24413912623144
2020,27,"(Intercept)",-270.921773086924,44.8592144773036,-88.8029289458483,203.68508075889
2020,27,"temperatura_bilineal_c",5.95714795944358,0.310319839469415,5.52507270796602,1.5603616555995
2020,27,"radiacion_bilineal_mj_m2_dia",14.2900137374651,2.99229723266268,2.96086816528123,13.1859107688033
2020,27,"altitud_m",0.00295535088929049,0.000909493079861234,0.00111899459195114,0.00139321292749093
2021,27,"(Intercept)",3.31772500311024,0.131000353123709,3.22189098298832,0.371289877831045
2021,27,"x_km",-0.0358731791415423,0.00199664438399111,-0.0411530691645829,0.00611776520707722
2021,27,"y_km",0.00838100035094744,0.00147715614410163,0.00573344762588888,0.00546896508462041
2021,27,"altitud_m",-0.00049049359974416,9.59889923622817e-05,-6.15764941655063e-05,0.000180758491198145
2022,27,"(Intercept)",20.718354205938,1.23473737457225,36.1646165539164,7.77792193247805
2022,27,"x_km",-0.241074908885315,0.0188192732756643,-0.297719314666004,0.0910935373628451
2022,27,"y_km",0.132953946538454,0.0139228624634235,0.102503578397963,0.0879485064391706
2022,27,"altitud_m",0.00150123181751396,0.000904739518566907,-8.16907927677014e-05,0.00137267247804706
2023,27,"(Intercept)",-2.62758147056471,1.57883927960137,2.05842749058326,6.64680909338969
2023,27,"x_km",-0.0112665992290654,0.0011147428353771,-0.0125642576426484,0.00413750780104128
2023,27,"y_km",0.00409437617525739,0.000664652418249604,0.00261268138539719,0.00308628447977661
2023,27,"radiacion_bilineal_mj_m2_dia",0.393371915509761,0.107382336654654,0.0872707595374008,0.449943944861619
2023,27,"altitud_m",-1.91295925100038e-05,3.2845039052402e-05,5.37250498527333e-05,4.8676492552169e-05
2024,27,"(Intercept)",-6.40110296316923,0.511611646682906,-5.74745107197109,2.14515504264297
2024,27,"temperatura_bilineal_c",0.184909533603397,0.00744109464867103,0.185125543468508,0.0254155576689218
2024,27,"radiacion_bilineal_mj_m2_dia",0.453119423836927,0.0297849938407287,0.409208024461895,0.127738560896492
2024,27,"altitud_m",-3.61418344234353e-05,2.20388912427321e-05,3.36871384333557e-05,4.3545572941017e-05
2025,27,"(Intercept)",4.34668776644154,0.0654315849314032,5.35562163669179,0.582661181756014
2025,27,"x_km",-0.0570817650267407,0.00153749057627039,-0.0445656545985145,0.00875489718636829
2025,27,"y_km",0.0163509912294102,0.00153588119463116,0.00102613017918298,0.00880277183524325
2011,28,"(Intercept)",2.98474320527913,0.0318217250735871,3.19695254733873,0.108099100218075
2011,28,"x_km",-0.0190753705479666,0.000485011430443141,-0.0181760087814985,0.00175027266297887
2011,28,"y_km",0.009211264006889,0.000358820839696308,0.00479661089559813,0.00165826279061243
2011,28,"altitud_m",0.000227480573346697,2.33170006966215e-05,9.00057298277202e-05,3.55639645968802e-05
2012,28,"(Intercept)",27.8290255662636,1.05153956498598,28.557501652751,5.78596681181222
2012,28,"radiacion_bilineal_mj_m2_dia",-1.65644321728425,0.0740515532309476,-1.73714003581255,0.390552902011275
2012,28,"altitud_m",-0.000398685762763778,6.09789499085951e-05,0.000148494211949393,9.9914680007048e-05
2013,28,"(Intercept)",2.41200074900911,0.190851368212511,4.22735444488926,0.692651441205352
2013,28,"x_km",-0.0715055789216629,0.00290886477350696,-0.0738269223224411,0.0110697829422234
2013,28,"y_km",0.0352807445477363,0.00215203443687734,0.0328557382188516,0.0105265854664223
2013,28,"altitud_m",0.000221585571912008,0.000139844130865676,5.39592232367367e-05,0.000215879939505062
2014,28,"(Intercept)",3.1217192685369,0.01144439012837,3.26199410996275,0.0748537176874989
2014,28,"x_km",-0.0128499855031743,0.000268916640059654,-0.0101790281992044,0.00131857498962955
2014,28,"y_km",0.00572127800097179,0.000268635149226686,0.00453119799310724,0.00132407422259012
2015,28,"(Intercept)",-0.766012804452289,0.109915447933555,-0.648639983251735,0.424611243241706
2015,28,"temperatura_bilineal_c",0.216050579409235,0.00462778946279622,0.212545905656052,0.0194337891038362
2015,28,"altitud_m",-4.21900334356302e-05,1.4933032648576e-05,-1.1532300605883e-05,2.3791605039787e-05
2016,28,"(Intercept)",2.48839025341494,0.0234372052657037,2.64556935647117,0.112739448125669
2016,28,"x_km",-0.0159580027309393,0.000550719996587456,-0.0155233707834073,0.00213844981680598
2016,28,"y_km",0.00853200577968385,0.000550143525638922,0.00796698066679409,0.00215337744099594
2017,28,"(Intercept)",-36.0852653128935,1.56597022863179,-37.9193653633389,5.85618282694998
2017,28,"temperatura_bilineal_c",0.417313137014424,0.0128551567031832,0.429878526112884,0.0399155029738962
2017,28,"radiacion_bilineal_mj_m2_dia",1.90323859591683,0.0944188738335031,1.99749226023248,0.356787529495334
2017,28,"altitud_m",-0.000235210164964214,4.25456845175952e-05,-9.51771946108093e-05,8.63835914540532e-05
2018,28,"(Intercept)",-6.00332486226781,0.168250050503512,-5.0164351117524,0.695351160327412
2018,28,"temperatura_bilineal_c",0.402918744126398,0.00798585192343905,0.361176666113901,0.032558472385271
2019,28,"(Intercept)",-40.8398539829868,3.45579045226017,-32.4714433862514,12.7376385512251
2019,28,"x_km",-0.0426126398727405,0.00157630110689181,-0.0446436213791529,0.00617958857158024
2019,28,"y_km",0.0207851375107381,0.00141838940425575,0.0214877370306286,0.00589230876816655
2019,28,"radiacion_bilineal_mj_m2_dia",2.70503786886996,0.216435911500335,2.20893362927384,0.796137890388432
2020,28,"(Intercept)",-323.3399387462,43.3700227566889,20.8573305038448,204.746036178189
2020,28,"temperatura_bilineal_c",6.89387520372756,0.380564236871201,9.168951551678,2.15107102425109
2020,28,"radiacion_bilineal_mj_m2_dia",13.3284327606815,2.84030826941394,-8.58229473934389,13.1242457788269
2021,28,"(Intercept)",2.07808461302534,0.0338702361143791,2.11775761584072,0.160132228689532
2021,28,"x_km",-0.0224461409096606,0.000795872037892789,-0.0227451033043492,0.00306795013141971
2021,28,"y_km",0.0122647093559393,0.000795038951911821,0.014521975202434,0.00308954374392235
2022,28,"(Intercept)",10.7004827360421,1.03069443208874,20.6869619280715,4.33926462433874
2022,28,"x_km",-0.155016865095865,0.0157093488709721,-0.25017972614335,0.0650036194767233
2022,28,"y_km",0.0325064786096677,0.0116220802215202,-0.101796004993959,0.0631906138045726
2022,28,"altitud_m",-0.00079315190250578,0.000755229414352674,-0.000428625481124109,0.000920939213415155
2023,28,"(Intercept)",-29.7823884721116,3.36947657807926,-18.5833297718862,13.6951665650887
2023,28,"x_km",-0.0221812567873522,0.00255592595415879,-0.0200884662325677,0.00913711855925742
2023,28,"y_km",-0.0121466071361561,0.00279447400522315,-0.0108703985158029,0.0112453691831824
2023,28,"radiacion_bilineal_mj_m2_dia",2.12122223379414,0.20504002133101,1.49695777289013,0.832739188412411
2023,28,"altitud_m",0.000276334396516047,9.31833189441e-05,9.4602504560721e-05,0.000152153374852868
2024,28,"(Intercept)",-12.3435817622128,1.04768994409729,-11.0353158815861,3.6442836830807
2024,28,"temperatura_bilineal_c",0.498425248154421,0.0120657640651616,0.450001737817554,0.0376213106518121
2024,28,"radiacion_bilineal_mj_m2_dia",0.241407090910645,0.0527866994579832,0.238813607506575,0.185373683050194
2024,28,"altitud_m",-4.18860292117348e-05,3.66945559942316e-05,-0.000137912340457557,7.09273155201201e-05
2025,28,"(Intercept)",3.0757921100079,0.0427632129380848,2.92942488571553,0.11384468679793
2025,28,"x_km",-0.0175018834970798,0.000651776326691366,-0.0186889933294443,0.0018905253016333
2025,28,"y_km",0.00342718438911398,0.000482196736319987,0.00465761792389763,0.00168522026995686
2025,28,"altitud_m",-9.11019682793919e-05,3.13342492765963e-05,7.90844869689215e-05,5.73828609966328e-05
2011,29,"(Intercept)",-1.64522037126486,1.63708589288081,-2.5296104466637,6.07677487077416
2011,29,"x_km",-0.0154389740318585,0.000740041527106899,-0.0118298222327678,0.00305844186546375
2011,29,"y_km",0.0129108907280498,0.000840303532092342,0.00779545702746776,0.00338177729556677
2011,29,"radiacion_bilineal_mj_m2_dia",0.297732959853937,0.0985356997659498,0.361421339706309,0.364360117594593
2012,29,"(Intercept)",1.34747609107624,3.51628242527197,22.5856426423391,18.0792031944941
2012,29,"temperatura_bilineal_c",0.862822382596034,0.0438901498364423,0.552604999579056,0.186583867376449
2012,29,"radiacion_bilineal_mj_m2_dia",-0.700029902070845,0.170301171723015,-1.53313509461183,0.932892557617937
2012,29,"altitud_m",-0.000685447866581917,0.000124231620723764,-0.000286897735085614,0.000107389069788954
2014,29,"(Intercept)",8.15937598764,0.827548664521715,2.60538512908466,2.94069082074462
2014,29,"temperatura_bilineal_c",0.230544881547173,0.0147671910932714,0.301070527176571,0.0526310168778993
2014,29,"radiacion_bilineal_mj_m2_dia",-0.706467526212407,0.0345204264169534,-0.436975173965395,0.120713068266637
2014,29,"altitud_m",-8.29708212408462e-06,2.88675739950466e-05,-0.00010666426932088,5.80342909679478e-05
2015,29,"(Intercept)",-56.3009724465531,3.38120291365481,-56.1615755708902,8.32349366869808
2015,29,"x_km",-0.0172692647870465,0.00279175704513995,-0.0191929217059482,0.00669134495951578
2015,29,"y_km",0.00810050039996322,0.00174229605102792,0.00802884444209624,0.00433628809328311
2015,29,"radiacion_bilineal_mj_m2_dia",3.80349859421305,0.213613939010497,3.78907059454765,0.526128611346894
2015,29,"altitud_m",-0.000505217529946784,8.53562491000497e-05,-0.000383567254388858,0.000164961660154752
2016,29,"(Intercept)",38.2928516552253,7.61166633447287,22.5010509410723,30.7952262937791
2016,29,"x_km",-0.00516779679036322,0.00358805009642676,-0.0300927522415541,0.0145194004716737
2016,29,"y_km",0.0287688380475706,0.0021902382945268,0.0271076933967877,0.00984293672610691
2016,29,"radiacion_bilineal_mj_m2_dia",-2.4270962577506,0.526925095110454,-1.26856323691808,2.13500592964198
2016,29,"altitud_m",0.00015049394922069,0.000106753887661923,0.000236383475832392,0.00017154582732352
2017,29,"(Intercept)",4.03069674155996,0.165800205799464,3.67687007137064,0.541744761582924
2017,29,"x_km",-0.0428793180993058,0.00252704700315922,-0.0466668890246239,0.00891264884503132
2017,29,"y_km",0.0351335646634963,0.00186955826339423,0.0292486439495032,0.0083447609058147
2017,29,"altitud_m",-0.000791823767432632,0.0001214881815862,0.000134120196536686,0.000201673492551589
2018,29,"(Intercept)",4.71144072035645,0.0449330882594013,5.6633832818004,0.443599715836107
2018,29,"x_km",-0.0716363286151482,0.00105582341974417,-0.0663689689173672,0.0060889584383781
2018,29,"y_km",0.0411050562432037,0.00105471822739228,0.0364891991986299,0.00609005650713924
2019,29,"(Intercept)",2.89969731853501,0.0525681821598637,3.00112319564421,0.161106992395473
2019,29,"x_km",-0.0175108601584841,0.000801218952341261,-0.0158072207983189,0.00265071719721026
2019,29,"y_km",0.00598410472088987,0.000592757282023255,0.00657783283006542,0.00245477380537018
2019,29,"altitud_m",0.000176375545077029,3.85187269768431e-05,0.000119756193019872,6.47317067741365e-05
2020,29,"(Intercept)",2.42406479289861,0.0490533505033202,2.65785028875509,0.179470413801332
2020,29,"x_km",-0.0168698435961632,0.000747647578521494,-0.0157688355753125,0.00273125823960226
2020,29,"y_km",0.00686371048968799,0.000553124143232834,0.00468620644074518,0.00252816174283794
2020,29,"altitud_m",2.64831860716049e-05,3.59432747662979e-05,0.000131350360736608,6.70329749585322e-05
2021,29,"(Intercept)",-4.54371910593225,0.177689361923522,-5.56706205512442,1.36372452853009
2021,29,"temperatura_bilineal_c",0.359246397043832,0.00838407998016542,0.398741474420829,0.0621575852114739
2022,29,"(Intercept)",-103.221997972461,13.8411040844134,-26.1929497986295,77.8438054727517
2022,29,"temperatura_bilineal_c",0.796116636570977,0.17092716662057,0.47377915322383,0.808055701617727
2022,29,"radiacion_bilineal_mj_m2_dia",6.86818448959444,0.799790046374481,2.3133386383466,4.56148442584593
2022,29,"altitud_m",0.0016385586886477,0.000497614558624052,0.000664918262304765,0.000813238153769816
2023,29,"(Intercept)",5.64844112785932,1.51066794131769,16.6767346928806,5.34718158004505
2023,29,"x_km",-0.021013507973772,0.00069054707068469,-0.0255289439591119,0.00248880900399808
2023,29,"y_km",0.00535523561634078,0.00101415915633659,0.0127912575596243,0.00371078047621517
2023,29,"radiacion_bilineal_mj_m2_dia",-0.169675382566236,0.0890290472132704,-0.821533751138123,0.315424666570498
2024,29,"(Intercept)",-5.77154256839136,0.247361346515382,-6.2650729730567,0.754331938825228
2024,29,"temperatura_bilineal_c",0.408731891422176,0.0100829602741645,0.425554174637239,0.0326308735366489
2024,29,"altitud_m",-0.000207351872765473,3.50749085855797e-05,-1.46730124515274e-05,7.07251894522639e-05
2025,29,"(Intercept)",-4.15627717262573,0.242951600125787,-5.08062687926667,0.795493217792392
2025,29,"temperatura_bilineal_c",0.306054810036532,0.0100797683822185,0.345571990675366,0.0351438549029982
2025,29,"altitud_m",-0.000182762894588138,3.39557030824984e-05,-0.000120593567941281,6.88601794723113e-05
2011,30,"(Intercept)",3.60505250426443,0.140928906355498,3.39508856075423,0.465218531002622
2011,30,"x_km",-0.0502186407488832,0.00214797061768979,-0.0570925161530299,0.0076470729658221
2011,30,"y_km",0.0322344202559898,0.00158911021948132,0.0280563262516777,0.00727410222598868
2011,30,"altitud_m",-0.000635453205518954,0.000103264024815322,-2.9940301901767e-05,0.000151595659658237
2012,30,"(Intercept)",2.80571541233422,0.420867497395196,4.87561658079204,2.09969279360151
2012,30,"temperatura_bilineal_c",0.208927930825797,0.00915303643355471,0.161215055690561,0.0406017537322243
2012,30,"radiacion_bilineal_mj_m2_dia",-0.2380798865946,0.0179646939184472,-0.318153134861361,0.0939489428824559
2012,30,"altitud_m",-0.000184143342953093,2.321471513853e-05,3.04482262180463e-05,2.30203867073638e-05
2013,30,"(Intercept)",5.6485568791433,0.138071555250942,5.81235585503423,0.469321340080418
2013,30,"x_km",-0.0531620254698261,0.00210442024625976,-0.0373471152147334,0.00742764257542023
2013,30,"y_km",0.0301670420166423,0.00155689081213388,0.0244949468096736,0.00739679299477199
2013,30,"altitud_m",-0.000105720276822567,0.000101170333868607,0.000152774070918003,5.69335688289336e-05
2014,30,"(Intercept)",3.75501512613296,0.137706448582826,4.68631650453227,0.565796467200972
2014,30,"x_km",-0.0751430485732726,0.00209885546600483,-0.0683430461574702,0.00844341027363573
2014,30,"y_km",0.0355327397072262,0.00155277388004019,0.0353604462865182,0.00838118482266874
2014,30,"altitud_m",-8.44114938492353e-05,0.000100902806183822,-0.000225771889829309,7.46116197192309e-05
2015,30,"(Intercept)",9.9831279119875,2.29174530767113,23.0362140078807,7.6119917939657
2015,30,"x_km",-0.0255526656630502,0.00117969807128374,-0.0233683582734169,0.00409190762305737
2015,30,"y_km",0.0511836017279964,0.00123773588462345,0.0499041324592636,0.00494818029740354
2015,30,"radiacion_bilineal_mj_m2_dia",-0.370558613158399,0.136302308359463,-1.11258633628006,0.455601153585612
2015,30,"altitud_m",0.00036843676914637,5.31942526863286e-05,-3.80758019019888e-05,8.75000891042155e-05
2016,30,"(Intercept)",2.51948238650855,0.0765651211025461,2.55848710510466,0.193734510397505
2016,30,"x_km",-0.0228404692434199,0.00116696875553177,-0.022717357897165,0.00317485633680552
2016,30,"y_km",0.0162693367857639,0.000863346062538531,0.012911563872217,0.00274784063009131
2016,30,"altitud_m",-0.000152379285289538,5.61022062115292e-05,-6.7429463712816e-06,0.000107004638591715
2017,30,"(Intercept)",2.83313180667161,0.368727145258139,2.46985073235073,1.47391818694772
2017,30,"temperatura_bilineal_c",0.170942165851609,0.00664997753558617,0.173709148743529,0.02634511668783
2017,30,"radiacion_bilineal_mj_m2_dia",-0.193450429524372,0.0177289965974995,-0.172233020889334,0.0710320141748526
2018,30,"(Intercept)",3.55477480052685,0.102179069254215,3.35537647237068,0.304825176676717
2018,30,"x_km",-0.0221514748406924,0.00155736423546283,-0.0210983408840874,0.00504343064188021
2018,30,"y_km",0.00954907140610091,0.00115216819152324,0.00923282496679137,0.00455963403417927
2018,30,"altitud_m",-0.000354163516299001,7.48705302264773e-05,-0.000140102087272929,0.000141557238034416
2019,30,"(Intercept)",-46.530856395543,4.67336137923096,-18.7193901063952,17.1902391732628
2019,30,"x_km",-0.0212924216794138,0.00154227336283311,-0.0238758264032208,0.00565477971770628
2019,30,"y_km",-0.00317839197627467,0.00155662429681474,0.00208342447959736,0.00722462775401873
2019,30,"radiacion_bilineal_mj_m2_dia",3.34422102729182,0.30166090483498,1.59708044497827,1.11202057871389
2019,30,"altitud_m",0.000508025695502068,7.27659203602001e-05,8.30117462693379e-05,0.00011851824430284
2020,30,"(Intercept)",-1.60524514867196,3.58654687078962,22.8371571690784,19.4961618422624
2020,30,"temperatura_bilineal_c",0.562627009310288,0.0351678207202604,0.611182529527864,0.172975313911988
2020,30,"radiacion_bilineal_mj_m2_dia",-0.264979574711143,0.245486829653986,-1.92472833028305,1.36232245246731
2020,30,"altitud_m",-3.56594057782788e-05,0.000109690057124494,0.000151596863004824,0.000152349230573794
2021,30,"(Intercept)",-1.0000793775496,0.989540826447798,3.72339671554392,3.96518079782467
2021,30,"temperatura_bilineal_c",0.270121612946657,0.0112670403040898,0.178944606037753,0.0486328212003229
2021,30,"radiacion_bilineal_mj_m2_dia",-0.0469141971410674,0.0573213163893139,-0.254211982453925,0.222740020693744
2021,30,"altitud_m",0.000100314667663597,2.08597725545677e-05,7.5648226327427e-05,3.76763373499708e-05
2022,30,"(Intercept)",13.5159255756211,1.05691445467886,23.0511778141896,4.92648548265459
2022,30,"x_km",-0.0970053213096688,0.0161089818460316,-0.163967183087277,0.0664209786874441
2022,30,"y_km",0.0945165981386165,0.0119177364281176,0.136468555661202,0.0627974970817417
2022,30,"altitud_m",0.00488924107985592,0.000774441832396806,0.000804208860630464,0.00134856987750947
2023,30,"(Intercept)",2.75202673397507,0.0127885493545752,2.9694794428292,0.0970559132692214
2023,30,"x_km",-0.014953482436743,0.000300501266130748,-0.0121846534772914,0.00161330563541103
2023,30,"y_km",0.00982706264990055,0.000300186713815605,0.00782956741964566,0.00162269784045645
2024,30,"(Intercept)",-1.21312500097418,0.490524153368478,-2.82771413640021,1.25594011968652
2024,30,"temperatura_bilineal_c",0.315553338340099,0.0114988002864779,0.345214970256204,0.0276830394738913
2024,30,"radiacion_bilineal_mj_m2_dia",-0.235726544282972,0.02362002505017,-0.174087587755604,0.061801111212739
2024,30,"altitud_m",-0.000298002868717959,3.32511444339891e-05,-0.000179144065262446,6.46740981521966e-05
2025,30,"(Intercept)",-12.1844839476832,0.56783491754161,-9.62797163781364,2.61345922673547
2025,30,"temperatura_bilineal_c",0.813749139769391,0.0238912674974089,0.728130905055266,0.118946489911409
2025,30,"altitud_m",-0.000261420575218701,7.51564247018922e-05,-0.000161777130507574,0.000124185491991989
2011,31,"(Intercept)",4.31060306255422,0.0134709239706839,4.58229921211189,0.0978211190912051
2011,31,"x_km",-0.0138430077187961,0.000316535487873246,-0.00897405904914392,0.0015886193583121
2011,31,"y_km",0.00351789478720274,0.000316204151596972,0.00153701268258089,0.00159448558721543
2012,31,"(Intercept)",3.70269382242375,1.2714336706082,-0.368458210801668,5.25019564720403
2012,31,"temperatura_bilineal_c",0.306551941008789,0.017488860478618,0.33149882191226,0.069266007113884
2012,31,"radiacion_bilineal_mj_m2_dia",-0.445470078994918,0.0646151425723225,-0.203709506759786,0.269353570004125
2012,31,"altitud_m",-1.89079358758599e-05,3.45117659282454e-05,-1.76300127317734e-05,6.93592288215523e-05
2013,31,"(Intercept)",2.16160585147436,0.0848645905606658,2.05455551700023,0.269297963277134
2013,31,"x_km",-0.0315265737176722,0.00129346527778169,-0.0328207891222001,0.00444628380598577
2013,31,"y_km",0.0214019345899071,0.000956930637011152,0.022380614037672,0.00411188629128731
2013,31,"altitud_m",-0.00034570991187504,6.21835463868043e-05,-9.72135974720374e-05,0.000109561181086864
2014,31,"(Intercept)",-6.24214432863032,0.170325946106823,-4.97668829439814,1.19238111252682
2014,31,"temperatura_bilineal_c",0.425400236202043,0.00808220365205945,0.365121525712103,0.0545504826258873
2015,31,"(Intercept)",-7.3564642411764,2.85179796216742,-14.223040364915,10.4153502755614
2015,31,"x_km",-0.0295589361914978,0.00140374327858048,-0.0286871682067366,0.00498628658330012
2015,31,"y_km",0.00515043457344825,0.00110413407595561,0.00289214879060497,0.00514393698320645
2015,31,"radiacion_bilineal_mj_m2_dia",0.584394964580857,0.171920234431087,1.00988225011361,0.633278204880184
2015,31,"altitud_m",-2.65627782156617e-05,5.02528547730309e-05,8.82076567725958e-05,7.82906085152567e-05
2016,31,"(Intercept)",-0.777510371343779,0.907410487136305,5.88175622007528,4.66588615127858
2016,31,"temperatura_bilineal_c",0.306582955509268,0.0152226161795419,0.185697105495389,0.071725895919484
2016,31,"radiacion_bilineal_mj_m2_dia",-0.164685990184251,0.0475302012870143,-0.455652594674047,0.24786928538893
2016,31,"altitud_m",-5.4337952785717e-05,3.63255862103352e-05,3.72463947215787e-05,5.89240126349104e-05
2017,31,"(Intercept)",1.18197132722054,0.0751283231157708,1.46344443237187,0.204693702739059
2017,31,"x_km",-0.0274405489280552,0.00114506977157625,-0.0235920458604379,0.00338442402265284
2017,31,"y_km",0.00938079207508123,0.000847144770531374,0.0134079483618122,0.00300293429449094
2017,31,"altitud_m",0.000136572572320326,5.50494091183147e-05,6.89145739423903e-06,0.000103775429089146
2018,31,"(Intercept)",-47.4189072538321,7.36871532596912,-66.0069431099967,26.4384591912039
2018,31,"x_km",0.00333225132374678,0.00285928182468982,0.0117101642674002,0.00929494912481364
2018,31,"y_km",-0.00721186779971294,0.00289366656705438,-0.0164610778694942,0.00964601921068061
2018,31,"radiacion_bilineal_mj_m2_dia",3.36783134050532,0.451652691976342,4.52496729592175,1.61735710808926
2018,31,"altitud_m",-0.000220788433556162,8.84029910625857e-05,-0.000196419774101925,0.000171922048085408
2019,31,"(Intercept)",5.10599684633533,0.152511271866358,5.10298734986213,0.532738698421706
2019,31,"x_km",-0.0739742939861072,0.00232450346282459,-0.0733604647597128,0.00868518161451937
2019,31,"y_km",0.045387011152115,0.00171971263367055,0.0320436967528335,0.00828795155273299
2019,31,"altitud_m",-0.000493578523164347,0.000111750869072216,-6.68754957350577e-05,0.000165407232434233
2020,31,"(Intercept)",1.5488551126114,0.0529090384131718,2.29190892523657,0.370308187515751
2020,31,"x_km",-0.0338282712844434,0.00124323976020239,-0.0360832216357948,0.00623600711792379
2020,31,"y_km",0.0281027296242845,0.00124193838816531,0.0288911802694312,0.00627559924650272
2021,31,"(Intercept)",38.091773054097,2.30579244864045,25.7488523036497,8.78589718951451
2021,31,"x_km",-0.0332255595067926,0.00159734546768384,-0.0295687862998305,0.00549433966780093
2021,31,"y_km",0.0150364923573327,0.000753024991712044,0.0073991887132237,0.00308631389998233
2021,31,"radiacion_bilineal_mj_m2_dia",-1.87454808195429,0.137695559191253,-1.09868568539123,0.527298449219422
2021,31,"altitud_m",0.000355410591981117,4.85832134430469e-05,6.38073011636338e-05,8.09470147440709e-05
2022,31,"(Intercept)",7.5281562362818,0.119854152424929,8.91204272082274,0.372396781160852
2022,31,"x_km",-0.0293526928233789,0.00182675935316955,-0.0181789994294853,0.00620190553421775
2022,31,"y_km",0.023669963127368,0.00135147191155575,0.0125059582373753,0.00584057500307364
2022,31,"altitud_m",0.000717580804175501,8.78217428226315e-05,0.000116815384264002,0.000134692870905453
2023,31,"(Intercept)",-2.60635008416535,0.255385422528753,-2.48643248292217,1.14442593724517
2023,31,"temperatura_bilineal_c",0.268933470946379,0.010303700809386,0.267423386330851,0.05034765944484
2023,31,"altitud_m",-0.00028076895571076,3.68994996521659e-05,-0.000116021405002959,6.10173259638158e-05
2024,31,"(Intercept)",6.37836727250782,0.0655689109970937,6.63347937429634,0.393341208989108
2024,31,"x_km",-0.0955727425349771,0.00154071742049397,-0.08495653002567,0.0070738296813695
2024,31,"y_km",0.0549274161292856,0.00153910466112747,0.047994309131825,0.00710938794659772
2025,31,"(Intercept)",5.03095925634234,0.0792685400435736,5.52355516032627,0.23656538931585
2025,31,"x_km",-0.0361317778291866,0.00120817296695157,-0.0344422515625166,0.0039382852196418
2025,31,"y_km",0.021633761822266,0.000893829735319539,0.0177675130617239,0.00367475287107748
2025,31,"altitud_m",-3.12361673326938e-05,5.80831051472541e-05,3.29502859166844e-05,9.17990432622232e-05
2011,32,"(Intercept)",5.89249420182397,0.185905045747622,5.36082263489425,0.620783898858081
2011,32,"x_km",-0.0664774323802969,0.00283347530519306,-0.0724026332880102,0.0101384657459476
2011,32,"y_km",0.0306432078653693,0.00209625984966826,0.0227317189282261,0.00961156036663385
2011,32,"altitud_m",-0.000667113866397693,0.000136219770335478,0.000349243807035916,0.000206230840974421
2012,32,"(Intercept)",4.64158079089211,0.195202403382287,5.38852192282599,0.701871824468661
2012,32,"x_km",-0.043153838239712,0.00297518115914354,-0.0466550285523216,0.0112246739418034
2012,32,"y_km",0.0358755127908945,0.00220109658198596,0.0267791263920299,0.0105791253863388
2012,32,"altitud_m",-0.000468742150786477,0.000143032301521103,-0.000157871892252333,0.000237339645272224
2013,32,"(Intercept)",4.2662852055345,0.0262162456210727,4.45548837785977,0.0888761925814339
2013,32,"x_km",-0.0144168620520836,0.00039957540831371,-0.0116201732014052,0.00144217331604888
2013,32,"y_km",0.00316128393119866,0.000295613617605098,9.67672460885239e-05,0.00141409584595717
2013,32,"altitud_m",-1.14230240947171e-05,1.92096505137848e-05,-2.52834729236737e-05,1.94034287888972e-05
2014,32,"(Intercept)",-57.2598896122748,3.98109445249058,-27.5960333815075,15.6432083191412
2014,32,"x_km",0.0118068291194978,0.00376241443856077,-0.0133891666949175,0.0135465730732747
2014,32,"y_km",-0.0317414769183352,0.00337924271841451,-0.00918092373393044,0.0127814977637302
2014,32,"radiacion_bilineal_mj_m2_dia",3.84229056273106,0.246698642648313,2.02280633307241,0.967057290713145
2014,32,"altitud_m",-0.000918547319523259,0.000114870078701517,-0.000683290209654988,0.000187263270667304
2016,32,"(Intercept)",2.64848044249959,0.0188402774992614,2.7405397250748,0.144927835978059
2016,32,"x_km",-0.019132655686076,0.000442702849698682,-0.0185726322908156,0.00239260082766363
2016,32,"y_km",0.0123593075498631,0.000442239446638568,0.0119605887745287,0.00241048035321258
2017,32,"(Intercept)",-3.64059783156295,0.161957705998225,-4.09569531477413,0.505863228972937
2017,32,"temperatura_bilineal_c",0.291235603030872,0.00696134110727485,0.307546145523731,0.0228369898166956
2017,32,"altitud_m",-0.000104576415896361,1.96883041128369e-05,4.86570033219849e-05,4.00777323152372e-05
2018,32,"(Intercept)",12.3755058679398,1.86539813576973,5.03278665010082,7.61263592376047
2018,32,"x_km",-0.0319500642111364,0.00252619743680055,-0.0379629470175512,0.00952663997155524
2018,32,"y_km",0.0223658510524497,0.00131856658908178,0.0188868998447202,0.00563282517010382
2018,32,"radiacion_bilineal_mj_m2_dia",-0.48544016616268,0.104818599338329,-0.0821645639120819,0.4315468418692
2018,32,"altitud_m",-0.000317479815257876,7.53837102163458e-05,8.20624359751345e-05,0.000138682534083139
2019,32,"(Intercept)",2.85288946325038,0.0734201754726118,3.48691033692388,0.612403461744736
2019,32,"x_km",-0.0697195690381157,0.00172520393653314,-0.0574102442926121,0.0098966291358798
2019,32,"y_km",0.036134017581992,0.00172339806430066,0.0345555364341647,0.00996606689488028
2020,32,"(Intercept)",2.1501243494306,0.0153119829338331,2.02192248260687,0.0962683525189584
2020,32,"x_km",-0.0232663257418598,0.000359796105954982,-0.023714460798291,0.00147958631711856
2020,32,"y_km",0.0125683153166139,0.000359419486250297,0.0134360363935901,0.00148361691384306
2021,32,"(Intercept)",-5.98034246976335,2.20417380945222,-20.6026494311633,10.801889538134
2021,32,"temperatura_bilineal_c",0.98866952506889,0.0392215175556407,1.19194122060028,0.176610818964108
2021,32,"radiacion_bilineal_mj_m2_dia",-0.611273028846986,0.104769114399951,0.0496561544803889,0.510855777312854
2021,32,"altitud_m",-0.000484403935662667,9.45854596641746e-05,0.000108355740002428,0.000158856174872958
2022,32,"(Intercept)",-27.7649227514044,2.77511152911123,-19.2875181376995,15.5063839259989
2022,32,"temperatura_bilineal_c",0.795227038848397,0.0385188559212742,0.759902456984111,0.181202245157744
2022,32,"radiacion_bilineal_mj_m2_dia",1.18653939030037,0.14581109768921,0.691292544577878,0.815294248155207
2022,32,"altitud_m",-0.000403144105300203,0.00010717944221835,-4.04199595516703e-05,0.000191315955917615
2023,32,"(Intercept)",-7.73357085952689,2.88019255889332,-18.3751883036937,13.6840825727309
2023,32,"temperatura_bilineal_c",0.969510098501582,0.024737476095747,1.12694402394023,0.105204966674238
2023,32,"radiacion_bilineal_mj_m2_dia",-0.448669472147375,0.158926863570848,-0.0364826453122098,0.754892371605433
2023,32,"altitud_m",-0.000861413506588066,6.47056351834217e-05,-4.22487092037998e-05,0.000105152739980388
2024,32,"(Intercept)",-17.7380108587219,1.63400956098304,-16.0200453657618,6.76090627484289
2024,32,"x_km",-0.0177227283945125,0.000740798656444501,-0.0196639559087707,0.00256699935079258
2024,32,"y_km",0.00175403203156318,0.00080526649660295,0.00284274791740685,0.00312122261512434
2024,32,"radiacion_bilineal_mj_m2_dia",1.40472165142171,0.106754954750289,1.27457516403692,0.440422609968192
2024,32,"altitud_m",-0.00028361656304057,3.50237043831192e-05,4.95650852658053e-06,6.60513238967709e-05
2025,32,"(Intercept)",-21.268832713542,2.94597349355733,-10.9240542334428,11.5636792403058
2025,32,"x_km",-0.0104869619381089,0.00230724604725964,-0.0148000428869136,0.00750284192014257
2025,32,"y_km",0.0107865953131776,0.00190315918007018,0.00623164538049946,0.00714968641264694
2025,32,"radiacion_bilineal_mj_m2_dia",1.71130488609672,0.18037278807259,1.10199281245831,0.706695963301584
2025,32,"altitud_m",0.000109774812473409,9.80752210164937e-05,5.19848812143684e-05,0.000164822133150699
2011,33,"(Intercept)",5.52239886354241,0.213046116823437,5.26637439017221,0.753482401679786
2011,33,"x_km",-0.0821013673940862,0.00324714645833762,-0.081215832789086,0.0121905643408177
2011,33,"y_km",0.0186867335109139,0.0024023017720078,0.00527172754768646,0.011663235878614
2011,33,"altitud_m",-0.000623869703920074,0.000156107075995946,-8.1727015888273e-05,0.000224458074453158
2012,33,"(Intercept)",-5.58819177317558,0.413633757731609,-6.18895590583228,1.29466130375521
2012,33,"temperatura_bilineal_c",0.45173946562301,0.0180400409032758,0.474448133746298,0.0599354411168933
2012,33,"altitud_m",-0.000506237653826774,5.59022716655515e-05,-0.000423373017113291,0.000111386016951899
2013,33,"(Intercept)",8.69265445071104,0.225021903202285,10.1232396659834,0.690006778469632
2013,33,"x_km",-0.0918251609327704,0.00342967563514544,-0.0682147461039297,0.0109113952819954
2013,33,"y_km",0.031006770682858,0.002537340388379,0.0371595168886495,0.0109067609786675
2013,33,"altitud_m",-0.000458593081063303,0.000164882194839832,-0.000127668783929709,4.79822837173117e-05
2014,33,"(Intercept)",61.3758116285403,3.54721908451579,47.8006134561728,13.6291744285544
2014,33,"x_km",-0.0416270019997625,0.00180967185563904,-0.0441452930817076,0.00575903115108768
2014,33,"y_km",0.0562060913673781,0.00210730285019626,0.0472575100352059,0.00862413057702733
2014,33,"radiacion_bilineal_mj_m2_dia",-3.48530726431641,0.216278935270784,-2.67509742384942,0.835678448716268
2014,33,"altitud_m",-0.000236625878710527,7.78511471004528e-05,9.35469654616209e-05,0.000147895736062831
2015,33,"(Intercept)",-3.58300132636573,0.183261343805502,-1.99336872881639,0.940908660578921
2015,33,"temperatura_bilineal_c",0.308904389932816,0.00763677003732089,0.244558806957216,0.041670800888522
2015,33,"altitud_m",-0.000127097935544282,2.18312729482154e-05,-0.000113999993238831,3.51982416496932e-05
2016,33,"(Intercept)",4.93589175628311,0.170433593560202,4.76868382153017,0.606330119762676
2016,33,"x_km",-0.0900367056385458,0.00259766687120337,-0.0668898660416819,0.00961840513442907
2016,33,"y_km",0.0534561676230588,0.0019218042080469,0.0374700248815838,0.00947911933405769
2016,33,"altitud_m",-0.000221229880762839,0.000124883242834295,0.000355843568468433,0.000113595063963353
2017,33,"(Intercept)",1.46634184907097,0.745764262696315,9.47422049923684,3.38192372015823
2017,33,"temperatura_bilineal_c",0.267116224440957,0.0125050424978396,0.15120200090182,0.0541022570469998
2017,33,"radiacion_bilineal_mj_m2_dia",-0.168650853087287,0.0307723617048403,-0.505425246398116,0.138962464188605
2017,33,"altitud_m",-0.000273996303202606,2.31096954630896e-05,-0.000129650724441708,4.44715205331073e-05
2018,33,"(Intercept)",-0.42351983324166,0.220414723383036,-1.60605051947567,0.630956905768436
2018,33,"temperatura_bilineal_c",0.191187864807544,0.00939237093959213,0.234237131867542,0.0282719877738897
2018,33,"altitud_m",-0.000320031250498203,3.03870396448296e-05,-5.35306358335608e-05,6.16763527836553e-05
2019,33,"(Intercept)",40.8645221547092,3.53977222760901,30.1084840707054,14.6301672567705
2019,33,"x_km",-0.048595715486382,0.00231349010814293,-0.0415482224701051,0.00897114666738423
2019,33,"y_km",0.0224761377805039,0.00144198022770311,0.0239214183293693,0.00692849003098878
2019,33,"radiacion_bilineal_mj_m2_dia",-2.52050644994663,0.233872041613296,-1.79843716008022,0.980918563220965
2019,33,"altitud_m",-0.000265176014970542,9.04475850732682e-05,-0.000133244646367924,0.000142268582153274
2021,33,"(Intercept)",4.15627638591047,0.00855352546948529,4.24350806847918,0.0509961813118226
2021,33,"x_km",-0.00627609248701782,0.000200988021564961,-0.0056509651246715,0.000919722865911922
2021,33,"y_km",0.00517415386380234,0.000200777635604484,0.00336880900656791,0.000924582035773237
2022,33,"(Intercept)",22.2322027139689,1.26027709488931,19.7324547501331,3.86253627428825
2022,33,"x_km",-0.192845290851409,0.0192085374106366,-0.210308893345953,0.0641104203179812
2022,33,"y_km",0.0396867652309928,0.0142108476015197,0.0818862362149434,0.0595251642285835
2022,33,"altitud_m",-0.00286415254969376,0.000923453452995265,-0.00069985435661727,0.00154234678708303
2023,33,"(Intercept)",-34.3833080606785,1.95087693604329,-28.0568374425141,7.79939895227734
2023,33,"x_km",-0.051214409937777,0.00155317344121675,-0.0561361155131797,0.00522693595930711
2023,33,"y_km",-0.00273015279684441,0.0012449800087536,-0.000519095546019601,0.00488337554682545
2023,33,"radiacion_bilineal_mj_m2_dia",2.68841991234725,0.129432933215764,2.26164647516029,0.5125338926663
2023,33,"altitud_m",-0.000416434569679504,6.95775497322994e-05,-4.81799386577714e-05,5.80802611676072e-05
2024,33,"(Intercept)",-5.06436379778583,0.361416158785636,-4.77201620488697,1.22026265251156
2024,33,"temperatura_bilineal_c",0.352812060085093,0.0147729303290839,0.340210611694713,0.0530447232677811
2024,33,"altitud_m",-0.000173632649527601,4.58329362495787e-05,-8.34788297145814e-05,9.28741127195629e-05
2025,33,"(Intercept)",-2.55110152644301,0.434001262276844,-2.32968414052394,0.990279143753209
2025,33,"temperatura_bilineal_c",0.27764053976454,0.0186191515928623,0.271434971002261,0.0433780895067162
2025,33,"altitud_m",-0.000266282961076202,5.62571292362498e-05,-0.000325541810250144,0.000111131825960941
2011,34,"(Intercept)",-10.9923662327339,0.481488084121613,-6.42655937104197,2.20928506453002
2011,34,"temperatura_bilineal_c",0.807209510563862,0.0236377259439623,0.613321847658694,0.106679525349293
2012,34,"(Intercept)",-65.9634365114378,3.38004030539062,-59.9873727411379,12.845787080671
2012,34,"x_km",-0.0671762231178717,0.00229980050861665,-0.0615289786071529,0.00759420148640793
2012,34,"y_km",0.0051713008961811,0.0018182980303306,0.00608825934804739,0.00678326296846694
2012,34,"radiacion_bilineal_mj_m2_dia",4.41936246343623,0.200138926330644,4.04293577504823,0.760107852168033
2012,34,"altitud_m",-0.000458320809330239,9.25118521843552e-05,6.93484813080944e-05,0.000160570498919167
2013,34,"(Intercept)",-4.0266257056401,0.315523268903919,-4.45319916819182,1.35784770529733
2013,34,"temperatura_bilineal_c",0.377203469944208,0.0136759231176128,0.387291410466541,0.0634742379584069
2013,34,"altitud_m",-0.000310836286870545,4.18233807934645e-05,-7.74789345001512e-05,7.53019734801274e-05
2014,34,"(Intercept)",-6.60442335013961,0.394699511873249,-7.28143197200558,1.68459394100363
2014,34,"temperatura_bilineal_c",0.44176684556662,0.0169877170521724,0.471987034418969,0.0777812557285919
2014,34,"altitud_m",-3.98788035006527e-06,5.17683109990056e-05,5.53249741565616e-05,9.32654558132645e-05
2015,34,"(Intercept)",50.5581914534747,4.80744434853444,32.7298683233946,15.1585398235661
2015,34,"x_km",-0.0472411613802751,0.00126975607946373,-0.0483619308081146,0.00476951036471788
2015,34,"y_km",0.043537067070548,0.00127088786416183,0.0347490533083291,0.00600451578212265
2015,34,"radiacion_bilineal_mj_m2_dia",-3.00051619115917,0.318208954641409,-1.81368733775681,1.00957063579197
2015,34,"altitud_m",-0.000252827177490633,4.80995168157741e-05,-0.000207930231192007,7.85537334753136e-05
2016,34,"(Intercept)",4.96825836972215,0.10622392561162,4.79131356628393,0.353205928151541
2016,34,"x_km",-0.0642611849525385,0.00161901399088325,-0.0538858123454062,0.00577682235537806
2016,34,"y_km",0.0386673863903474,0.00119777787331324,0.0321321284987669,0.0055064904356092
2016,34,"altitud_m",-0.000184636862726814,7.78343519013004e-05,-0.000123970221276903,0.000111732883688043
2017,34,"(Intercept)",-70.7205896950214,4.59917801046948,6.65310127292136,16.7413806587108
2017,34,"x_km",-0.0672231298652971,0.00267996814555299,-0.0228761758239806,0.0100042554427688
2017,34,"y_km",0.038432331931855,0.00133495515946286,0.0327501637221313,0.00639560559211949
2017,34,"radiacion_bilineal_mj_m2_dia",4.61276110234877,0.271173278973075,0.0857670634870733,0.983432424669587
2017,34,"altitud_m",-0.00032849575351332,8.53470304608701e-05,8.87650698228427e-06,6.27513487109309e-05
2018,34,"(Intercept)",4.20521678530752,0.1301707943099,4.05269696727963,0.453599099067255
2018,34,"x_km",-0.044595265987639,0.00198400064748745,-0.0522850995850557,0.00727475770929736
2018,34,"y_km",0.0274407941038903,0.00146780206321946,0.030317185969968,0.00714470211960355
2018,34,"altitud_m",-0.000264883336637138,9.53811427439863e-05,-4.4530536477534e-06,9.37373774340286e-05
2019,34,"(Intercept)",61.5310107936107,3.60700571771041,31.4870259648665,15.933793802834
2019,34,"x_km",-0.0447813380657911,0.00253750975657347,-0.0561965864079502,0.00906695640180188
2019,34,"y_km",0.0441492222767871,0.00164387549986622,0.0419515765441526,0.00832502064285719
2019,34,"radiacion_bilineal_mj_m2_dia",-3.12259547007254,0.193556453669558,-1.53610920924005,0.864924027885563
2019,34,"altitud_m",-0.000710208187215775,9.78015831454488e-05,0.000169933636796326,0.000150688102305744
2020,34,"(Intercept)",-761.737900933973,40.1014603612024,-218.057184398519,158.062515298472
2020,34,"temperatura_bilineal_c",9.89758649046532,0.521995845798894,4.1416696174499,2.29365883771278
2020,34,"radiacion_bilineal_mj_m2_dia",42.3186841714162,2.12198668053894,13.4669292546114,8.0754818925374
2020,34,"altitud_m",-0.00814244964760247,0.000821887493051692,-0.00163680722292596,0.00128882562198354
2021,34,"(Intercept)",-90.8104874766898,4.76099266385955,-63.7571281018326,18.6041923026021
2021,34,"x_km",-0.0711466902104147,0.00152882453602212,-0.0594190246458112,0.00647713150775806
2021,34,"y_km",0.0258742393290591,0.00108420028679638,0.0199143594224605,0.00450082008663708
2021,34,"radiacion_bilineal_mj_m2_dia",6.12371263690794,0.302672329080725,4.42742678301783,1.18022916689384
2022,34,"(Intercept)",25.2648345727268,0.579953825624513,33.2135657435905,3.9113686769853
2022,34,"x_km",-0.165628432265952,0.0136275705762662,-0.152866831488944,0.0674744058249309
2022,34,"y_km",-0.00566528867329018,0.0136133057981848,-0.00902914821785202,0.0678146442613183
2023,34,"(Intercept)",4.1133848052105,8.84783289911449,28.0805609264364,40.9930699678653
2023,34,"temperatura_bilineal_c",0.698261203308432,0.0437465998087775,0.798644413715235,0.202368303054887
2023,34,"radiacion_bilineal_mj_m2_dia",-0.757771773426076,0.536548545651938,-2.29860696088621,2.49626018945032
2023,34,"altitud_m",-0.000262960124557683,0.000127905649331943,-6.86397415628631e-05,0.000169886081727006
2025,34,"(Intercept)",-3.8101398182898,0.327433516829348,-4.05372979975813,1.26870297331097
2025,34,"temperatura_bilineal_c",0.33249297064001,0.0137909069936866,0.338823817266418,0.0570792072826719
2025,34,"altitud_m",-1.33704231598344e-05,4.0456149612964e-05,9.88297654616375e-05,7.90119133490522e-05
2011,35,"(Intercept)",-3.58924133717637,0.365839256689737,-3.0687218948726,1.40188813178837
2011,35,"temperatura_bilineal_c",0.351058526621379,0.0155561355442805,0.328942090215357,0.0641589188806338
2011,35,"altitud_m",-0.000171552893444382,4.84829445558286e-05,-0.000119391314663742,9.10472723606587e-05
2012,35,"(Intercept)",5.34789536523172,0.240527465799256,4.99416933123304,0.968478351687554
2012,35,"x_km",-0.0792617067132745,0.00366600396359374,-0.0955337939830614,0.0150048952165393
2012,35,"y_km",0.0596316372131585,0.00271218065797917,0.0479504628322245,0.0145074340023942
2012,35,"altitud_m",-0.000852861372850228,0.00017624371634877,0.000345914942726746,0.000235196355024311
2013,35,"(Intercept)",-6.16158948170197,0.256632113329128,-6.84285895033801,0.767168819417719
2013,35,"temperatura_bilineal_c",0.436137551135707,0.0110718008326894,0.460939347158651,0.0352628779946403
2013,35,"altitud_m",-0.00027404958751098,3.5186983593319e-05,-8.82145268485493e-06,6.49414584611859e-05
2014,35,"(Intercept)",75.9326630463918,7.61481772654012,59.0486530020926,22.2880705922701
2014,35,"x_km",0.00326744713387197,0.0043024099324983,-0.00293041443273489,0.0131534418276387
2014,35,"y_km",0.0196734764246997,0.00171185734086174,0.0191123659312855,0.00536864590232473
2014,35,"radiacion_bilineal_mj_m2_dia",-4.09010902452095,0.436582163233803,-3.1093003115217,1.27936762067741
2015,35,"(Intercept)",-71.3658553616732,1.8451370785615,-58.7219114023055,8.64130539160603
2015,35,"temperatura_bilineal_c",0.556321677751192,0.0247466462819741,0.61068625110165,0.107363827065194
2015,35,"radiacion_bilineal_mj_m2_dia",4.01540874643413,0.109268785550661,3.17532684213254,0.527738743770037
2015,35,"altitud_m",-0.00010569658405408,7.77674360819854e-05,-5.68770222914377e-07,0.000123636617108147
2016,35,"(Intercept)",2.38953865392345,0.081965159899678,2.29121413603559,0.256719398399519
2016,35,"x_km",-0.0202437084880314,0.00124927354998867,-0.0212026578959913,0.00425997168379642
2016,35,"y_km",0.020591710545488,0.000924236741818134,0.0163263438621997,0.00394852135125017
2016,35,"altitud_m",-0.000248641076849249,6.0059022132204e-05,-2.30725293682114e-05,0.000103650156258128
2017,35,"(Intercept)",-107.783153325438,5.28290409041734,-73.6557941514933,17.5633978099851
2017,35,"x_km",-0.0485634064725016,0.00142231876881637,-0.0409605382813,0.00416466843079065
2017,35,"y_km",-0.0118491785954262,0.0021093458578736,-0.00497785748001553,0.00695913178719588
2017,35,"radiacion_bilineal_mj_m2_dia",6.61828995014536,0.313659890083014,4.63370350961349,1.04229576815719
2017,35,"altitud_m",0.0005462536488016,6.87578198279263e-05,0.000121829492639303,0.00012519134829069
2018,35,"(Intercept)",4.53913083105777,0.207510936207321,4.09072263006528,0.76219855814927
2018,35,"x_km",-0.0472600405783758,0.00316278189726572,-0.0533838702167879,0.0122198883940713
2018,35,"y_km",0.0323714858304864,0.00233988723753637,0.028565998752457,0.0116828401387212
2018,35,"altitud_m",-0.00105463217953004,0.000152051236471739,-0.000221761481016032,0.000226037991761868
2019,35,"(Intercept)",25.8443910806378,2.09043339186539,13.7455621033745,9.25385372209213
2019,35,"temperatura_bilineal_c",-0.0419400927491926,0.0392958305185125,0.17976542153159,0.183411965083064
2019,35,"radiacion_bilineal_mj_m2_dia",-1.33416535132802,0.0879982314798422,-0.834391150293004,0.376780391193457
2019,35,"altitud_m",-0.000145166917606535,6.2554399438111e-05,-5.84632020943355e-05,9.59962914640564e-05
2020,35,"(Intercept)",-6.01568989168451,2.28756631406517,19.6921547213091,10.3894306296956
2020,35,"x_km",-0.00611887380424406,0.00154139666578626,0.00741864369335306,0.00684376859717026
2020,35,"y_km",0.00868094028985982,0.000856434369977821,0.0076956244734283,0.00452905400811632
2020,35,"radiacion_bilineal_mj_m2_dia",0.779256134784674,0.1462232120093,-0.829287808547656,0.660520658004008
2020,35,"altitud_m",0.000153445310646738,5.53610249308491e-05,4.02030713248673e-05,8.04827842856252e-05
2021,35,"(Intercept)",-3.42972068662396,0.888568450581485,2.44805729666435,3.38048028498267
2021,35,"x_km",-0.00961377508512395,0.000318509265678188,-0.00712183549299159,0.00102914242294385
2021,35,"y_km",0.00235927672535545,0.000310430017055042,0.00227255847580546,0.00113705494289973
2021,35,"radiacion_bilineal_mj_m2_dia",0.451763014021092,0.0545919888096876,0.0979749142003723,0.207496082905614
2021,35,"altitud_m",0.000119650907740062,1.37039538780044e-05,6.52126758809719e-05,2.49639140153345e-05
2022,35,"(Intercept)",-965.042486148024,51.7759681967446,-578.785605203062,220.110189220852
2022,35,"x_km",-0.258117731555277,0.0214198559400654,-0.505321801383751,0.0824644921480199
2022,35,"y_km",-0.0721457238339652,0.0228525155540795,0.0226569953274597,0.0951682863239891
2022,35,"radiacion_bilineal_mj_m2_dia",61.9960300579458,3.22124188731949,38.0864013773279,13.6642778112935
2022,35,"altitud_m",-0.00318539081881193,0.000795263087562584,-0.000308750019450923,0.00129001860261556
2023,35,"(Intercept)",3.64754937498548,0.0270437864068673,3.83853647833442,0.0787232092033342
2023,35,"x_km",-0.00796393484783937,0.000412188387004845,-0.00347311749991991,0.00132290544655428
2023,35,"y_km",0.00136390911612909,0.000304944943262495,0.00035971621360323,0.00130254864401532
2023,35,"altitud_m",7.1459412125804e-05,1.9816021445412e-05,6.58964973841787e-06,1.61243816389083e-05
2024,35,"(Intercept)",5.12620999663668,0.16189837829906,4.92302050903479,0.592276206828632
2024,35,"x_km",-0.0513323796342074,0.00246757722479437,-0.0451770273701078,0.00931853687760342
2024,35,"y_km",0.036027044374063,0.00182556137080568,0.0326519196559493,0.0091817041812396
2024,35,"altitud_m",-0.00053348898317324,0.00011862916265072,-1.62234308656149e-05,0.000109387510435271
2025,35,"(Intercept)",-4.82803489945069,0.243192327600143,-1.68624969050499,1.21789831805428
2025,35,"temperatura_bilineal_c",0.381778322185561,0.0115179609332744,0.246136694723607,0.0567314885194293
2011,36,"(Intercept)",4.77901045501234,0.202456920281927,4.99578169709439,0.68673938548349
2011,36,"x_km",-0.0600397416181339,0.00308575101701679,-0.0611017790266834,0.011224499787296
2011,36,"y_km",0.0148527818479157,0.00228289830202158,0.0115481826469124,0.0105507915793941
2011,36,"altitud_m",-0.000116776154259481,0.000148347964804957,0.000222708152187513,0.000245872691837337
2012,36,"(Intercept)",-4.53789594977335,0.235938273866864,-5.23796508104705,1.00391104059472
2012,36,"temperatura_bilineal_c",0.390802598957438,0.00998166124825316,0.410538313493601,0.0461896823477474
2012,36,"altitud_m",-0.000185887208713562,3.1929885251542e-05,-7.3406705965183e-05,5.19711863004529e-05
2013,36,"(Intercept)",-0.79622617856302,0.204621355170156,-0.874383595545863,0.856675376386067
2013,36,"temperatura_bilineal_c",0.233914725547175,0.00893037066890637,0.237819544500533,0.0405861847248985
2013,36,"altitud_m",-0.000178563809242334,2.76350392457797e-05,-6.27935453038101e-05,4.26608283119935e-05
2014,36,"(Intercept)",5.88338083644463,0.0931854204203652,5.88109035672397,0.271637452158074
2014,36,"x_km",-0.0654540753328016,0.00142028736500023,-0.0680147209596857,0.00459031077110543
2014,36,"y_km",0.0373943717331731,0.00105075607074622,0.0350463306957603,0.00448926545466785
2014,36,"altitud_m",-0.000248157755389357,6.82805381490806e-05,-1.44400511560908e-05,6.54784552366523e-05
2015,36,"(Intercept)",2.55502368423824,0.0161125490298829,2.83139667592771,0.133052237757063
2015,36,"x_km",-0.0153169877728988,0.000378607553509684,-0.0155420201711965,0.0021590080062108
2015,36,"y_km",0.0123787729382406,0.000378211242758583,0.010268775154847,0.00217374369446224
2016,36,"(Intercept)",-889.274414557587,31.771557244429,-630.719887059675,136.822096210146
2016,36,"x_km",-0.91947828183763,0.0222117587511217,-0.750089805883381,0.0824805101151368
2016,36,"y_km",0.316660314820742,0.0161815583568281,0.249835114497395,0.077295609428921
2016,36,"radiacion_bilineal_mj_m2_dia",58.3779733157832,1.90235533532928,42.5810880229141,8.17776503088401
2016,36,"altitud_m",-0.00351815257466265,0.00104532677813533,-0.000224135604986224,0.0015332518437594
2017,36,"(Intercept)",-58.7620884148184,3.41143188100735,-53.8798609653656,17.5170814302265
2017,36,"temperatura_bilineal_c",0.653722575927195,0.0262007796494762,0.758585844440667,0.116548267113099
2017,36,"radiacion_bilineal_mj_m2_dia",2.85767837961591,0.178064262518012,2.45239804757108,0.912987196180721
2017,36,"altitud_m",-0.000245600057092977,6.31943035951173e-05,-0.000144615165827661,0.000121500846758894
2018,36,"(Intercept)",-55.0703117164844,1.8248014436058,-58.1823652330242,6.35154112710915
2018,36,"temperatura_bilineal_c",0.449308843234484,0.0168294112806361,0.48448654048859,0.0521654143768626
2018,36,"radiacion_bilineal_mj_m2_dia",3.26340092577967,0.112934511574473,3.41721002333253,0.399574252193517
2018,36,"altitud_m",-0.000456786987243782,5.43107448544433e-05,-0.000290360601134026,0.000109151099893662
2019,36,"(Intercept)",4.62333157706869,0.0271206237016163,4.88373504355044,0.165426481855823
2019,36,"x_km",-0.0551115727863201,0.000637271791712294,-0.0497150695522455,0.00295696071286662
2019,36,"y_km",0.0296951976415795,0.00063660472191908,0.0276670571557206,0.00297086483607924
2020,36,"(Intercept)",-68.6337189803048,3.44895143491652,-38.5755102500244,14.9683411305199
2020,36,"temperatura_bilineal_c",1.52861346913264,0.052140131031193,1.20578955207884,0.229116816333361
2020,36,"radiacion_bilineal_mj_m2_dia",2.75087021343587,0.157543672626299,1.2108091386633,0.667872077868202
2020,36,"altitud_m",-0.000905999724307763,7.34134025574743e-05,-5.90287750658101e-05,0.0001432089271667
2021,36,"(Intercept)",-12.3612214824053,0.513296357365128,-10.8117032137262,1.86413912293562
2021,36,"temperatura_bilineal_c",0.922507274455628,0.0247987210982184,0.855348162702625,0.0889689052522073
2022,36,"(Intercept)",-7.80857993388961,0.652325526905206,-7.72866806343048,2.26528625648872
2022,36,"temperatura_bilineal_c",0.312210535848232,0.0107568364509588,0.288263544029822,0.0372027866390728
2022,36,"radiacion_bilineal_mj_m2_dia",0.251892445499051,0.0392551902529425,0.287072047263001,0.137221599317446
2023,36,"(Intercept)",-6.22621073639165,0.443355342134505,-3.76495832307562,2.25322714773791
2023,36,"temperatura_bilineal_c",0.278456358702834,0.00688568102815419,0.246563446232868,0.0327662663986575
2023,36,"radiacion_bilineal_mj_m2_dia",0.237977875348995,0.0199257082174616,0.130369354062309,0.10071942373715
2023,36,"altitud_m",-0.000120455706082368,1.46994855240224e-05,-1.51690619423544e-05,2.32749200406902e-05
2024,36,"(Intercept)",-22.0284121624879,1.31995500849636,-24.4049920918516,6.28910519808218
2024,36,"temperatura_bilineal_c",0.678441477828236,0.0238152545964656,0.71767013664983,0.104325330448606
2024,36,"radiacion_bilineal_mj_m2_dia",0.659125035515864,0.0581797072477761,0.748072838086276,0.278501439355902
2024,36,"altitud_m",-0.000474764833396995,5.13419909586573e-05,-0.000297692104416687,0.000100336730428116
2025,36,"(Intercept)",-2.05510734358418,0.185379962032461,-0.621734428605594,0.91700357305115
2025,36,"temperatura_bilineal_c",0.264447542121125,0.00795924144893896,0.188015488617624,0.0425230148020028
2025,36,"altitud_m",-0.000185591207599382,2.41139311776536e-05,-0.000107141630851205,3.56082859121418e-05
2011,37,"(Intercept)",8.18472756375428,0.702550375040181,11.3030372240675,3.30618488987569
2011,37,"temperatura_bilineal_c",0.0987239633765401,0.00934949602301929,0.0879482648364354,0.0368907370621949
2011,37,"radiacion_bilineal_mj_m2_dia",-0.34885738725411,0.0343385980388504,-0.523920601790399,0.164473355939801
2011,37,"altitud_m",-0.000207552450654642,2.71579895881161e-05,-5.63449183073008e-05,4.83629201267945e-05
2012,37,"(Intercept)",43.2014436068727,1.19444057139926,33.773280181726,7.17222673830015
2012,37,"radiacion_bilineal_mj_m2_dia",-2.44942845906175,0.0802159507067235,-1.87931309708015,0.463318182214862
2012,37,"altitud_m",-0.0010979492589306,7.25627564320841e-05,-0.000120077316812498,0.00011022643012869
2013,37,"(Intercept)",53.681127112476,3.59171174876793,50.4147326789077,14.2035759576842
2013,37,"temperatura_bilineal_c",0.180648734417579,0.0475002587030156,0.311278312934219,0.190439066578441
2013,37,"radiacion_bilineal_mj_m2_dia",-3.16467756213492,0.173942474197267,-3.11574791085888,0.688771953021042
2013,37,"altitud_m",-0.000270691199626247,7.45264779250519e-05,0.000136762740172056,7.2914877711753e-05
2014,37,"(Intercept)",5.80540843652231,0.156090662846276,6.43535876998737,0.500536811413877
2014,37,"x_km",-0.0818463827559243,0.00237905881880452,-0.0682395333417913,0.00817167988024102
2014,37,"y_km",0.042972824534339,0.00176007374150003,0.0455630149869535,0.00765246405354266
2014,37,"altitud_m",-0.000301797174722822,0.00011437362637966,-0.00021786967897509,0.000184249827695197
2015,37,"(Intercept)",2.7835068701468,0.0209428843551818,2.85300573818789,0.0725256333146369
2015,37,"x_km",-0.0199096029399765,0.000492109236995708,-0.0194098704244994,0.00148420805054046
2015,37,"y_km",0.00490047254043764,0.00049159411736978,0.00618484725296008,0.00149284939157751
2016,37,"(Intercept)",-5.21061307003528,0.306171887686728,-3.32352386966408,1.14972705748727
2016,37,"temperatura_bilineal_c",0.412040787263348,0.0133594456449411,0.337008009617108,0.0533314387310376
2016,37,"altitud_m",0.000227384512599295,3.78299508508206e-05,9.52708525434203e-05,7.66019152231557e-05
2017,37,"(Intercept)",-1406.53529724425,51.7134872988642,-1085.51650309736,184.823099250322
2017,37,"x_km",-0.771471923623073,0.0261924281112172,-0.830880068010403,0.0682966017015448
2017,37,"y_km",-0.499149941056312,0.0286376104604493,-0.261014737134867,0.0955699316406302
2017,37,"radiacion_bilineal_mj_m2_dia",87.5286988744569,3.07640153284601,67.9627024211929,10.9702019524471
2017,37,"altitud_m",-0.00530998391747863,0.00125886292878677,0.00147920776527279,0.00104792905189404
2018,37,"(Intercept)",-945.757756958493,88.6675055521559,-702.486036751159,324.022752267939
2018,37,"x_km",-0.364714629998248,0.0225580190348538,-0.42397356370185,0.0904181535954925
2018,37,"y_km",-0.115338773798281,0.0443349430845363,-0.0323227378780947,0.163845122875814
2018,37,"radiacion_bilineal_mj_m2_dia",66.4960355260101,5.88399046310064,50.8495410663446,21.4853544517509
2019,37,"(Intercept)",3.13868879251262,0.0123603767913018,3.25529542708301,0.0746769732397207
2019,37,"x_km",-0.017815398300053,0.000290440203392614,-0.016110848588811,0.0013212674077731
2019,37,"y_km",0.00686857557817282,0.000290136182582439,0.00820823840230605,0.00133011523735692
2020,37,"(Intercept)",-17.75442400855,1.86445309859372,-17.9470992507194,7.11321144327618
2020,37,"temperatura_bilineal_c",0.339499761979964,0.024634947794992,0.401772062827221,0.0880242603476081
2020,37,"radiacion_bilineal_mj_m2_dia",0.91898581847202,0.0871009732944411,0.845914491267011,0.331172066419571
2020,37,"altitud_m",-0.000448374549061946,5.32725204832648e-05,-0.000182487664378345,0.00010560110535418
2021,37,"(Intercept)",-79.2955932273056,8.80948766342675,-75.3091229978096,24.4537313185473
2021,37,"x_km",-0.0355127248422026,0.00210221193746764,-0.0399871459842513,0.00580531551871483
2021,37,"y_km",-0.0180343408398425,0.00247014692221486,-0.0144656735549815,0.00777342762372933
2021,37,"radiacion_bilineal_mj_m2_dia",5.01638646490501,0.514728066525262,4.79179929170161,1.42970056085878
2021,37,"altitud_m",0.000462933524227302,0.000102776407865661,0.000442040914573914,0.000199966736954765
2022,37,"(Intercept)",2.80622602013943,0.146100291478488,2.82440863571194,0.341301470166632
2022,37,"x_km",-0.0387800410962462,0.0022267903828054,-0.0440273992132186,0.00554055134476943
2022,37,"y_km",0.0266237985269791,0.00164742260662982,0.0270680185833511,0.0046694490258841
2022,37,"altitud_m",0.000192910099793904,0.00010705329740304,0.000213961671674582,0.000202732654615019
2023,37,"(Intercept)",-3.9753338692847,0.191416739174075,-3.30910880837096,0.738691992185121
2023,37,"temperatura_bilineal_c",0.324349097040232,0.00780320947462289,0.297724242966475,0.0323480844062116
2023,37,"altitud_m",-8.15236779496757e-05,2.34120498358965e-05,-4.3580016070353e-05,3.75841043580332e-05
2024,37,"(Intercept)",2.47907365169633,0.0369140051473494,2.88011140908873,0.126668345610415
2024,37,"x_km",-0.0181568557374106,0.000562625514440195,-0.017101550230677,0.00203935912700969
2024,37,"y_km",0.00294232210138253,0.000416241240627142,0.00466628517312672,0.00199440511410405
2024,37,"altitud_m",0.000148878698136882,2.70483099751954e-05,7.24228579868717e-05,2.85477440863227e-05
2025,37,"(Intercept)",2.63209798399292,0.0990435085337929,2.86494646084289,0.283799054618964
2025,37,"x_km",-0.0535686821011672,0.00150957352685931,-0.0520497534265809,0.00474586676935159
2025,37,"y_km",0.0312304851015568,0.00111681170069759,0.0332597271303835,0.00436322753436185
2025,37,"altitud_m",-5.97069148874228e-05,7.25729844041404e-05,-3.25740963548484e-05,0.000122575043604923
2011,38,"(Intercept)",-101.236589523817,4.90121066607293,-100.76672249839,18.9514837398701
2011,38,"temperatura_bilineal_c",1.24937893151544,0.0360901738385603,1.06874170057409,0.151725104818663
2011,38,"radiacion_bilineal_mj_m2_dia",4.96344203967667,0.306187977598541,5.14162870274848,1.1816130232811
2011,38,"altitud_m",-0.000388833479977691,0.000103146406330358,3.97822330591243e-05,0.000196067724299586
2012,38,"(Intercept)",-7.28053626237245,0.203044507901937,-7.04440922551894,0.761437767108847
2012,38,"temperatura_bilineal_c",0.496327155923532,0.00871632022792611,0.477331525396768,0.0351703610474333
2012,38,"altitud_m",-0.000121265170594326,2.67484573788499e-05,1.10364841582413e-05,4.850502915278e-05
2013,38,"(Intercept)",3.32398009425147,0.0499666233476104,3.32658896791275,0.152803723848824
2013,38,"x_km",-0.0233338761169126,0.000761567244019506,-0.0233343213496144,0.00255647055057718
2013,38,"y_km",0.0116030000723846,0.000563422181070262,0.0131264301830614,0.00238480193079375
2013,38,"altitud_m",-8.25766575998813e-05,3.66124648713999e-05,6.13276089051608e-06,6.01672736188035e-05
2014,38,"(Intercept)",-46.4146365136095,2.66870010131737,-25.3489010123281,9.47788370212463
2014,38,"x_km",-0.0195806504750316,0.00110689022639071,-0.02292555704216,0.00419547889370094
2014,38,"y_km",0.0279584060183099,0.00126330592842366,0.0214694569222714,0.00475728359159684
2014,38,"radiacion_bilineal_mj_m2_dia",3.19625905832687,0.160609585239122,1.94687710217859,0.569063471168867
2015,38,"(Intercept)",29.3635633904323,1.10772544050565,31.5748216781,3.94493766719842
2015,38,"x_km",-0.157880400415701,0.0168834184569034,-0.281135093248177,0.0618359217400758
2015,38,"y_km",0.297418971085849,0.0124906796157672,0.224708112260085,0.0613293621855293
2015,38,"altitud_m",-0.00253332887752577,0.000811672994100947,0.000885729491311929,0.000601753906138052
2016,38,"(Intercept)",90.20972493667,6.70876324569103,68.46942173138,26.0817970407503
2016,38,"temperatura_bilineal_c",-0.468846926891101,0.050039628279871,-0.419389249025955,0.222170118693519
2016,38,"radiacion_bilineal_mj_m2_dia",-4.15106403232377,0.325059508395064,-2.98710617509714,1.24120782370445
2016,38,"altitud_m",-0.000340432808021535,7.19413472738537e-05,2.24770690309393e-05,0.000108516115192049
2017,38,"(Intercept)",1.32243848081506,2.63990583694408,14.594957050193,12.3132305849672
2017,38,"temperatura_bilineal_c",0.463854356194557,0.0373317347631635,0.247622956659447,0.172109012238098
2017,38,"radiacion_bilineal_mj_m2_dia",-0.31179712219609,0.118207910884564,-0.827649215626251,0.556280872472566
2018,38,"(Intercept)",11.8932258899166,0.438556803184474,11.5007232829452,3.2181393466631
2018,38,"radiacion_bilineal_mj_m2_dia",-0.514189602971351,0.0241948674784901,-0.475870224379665,0.178405260714696
2019,38,"(Intercept)",169.716501423863,36.6596526721358,153.807996996217,155.552851002602
2019,38,"x_km",-0.112479555709412,0.0304438550573869,-0.177263883371067,0.123895581570551
2019,38,"y_km",-0.102024263908714,0.0128671174516077,-0.00795378423419157,0.0549153661974185
2019,38,"radiacion_bilineal_mj_m2_dia",-7.81870747052968,2.56112207113006,-6.39464558738113,10.888668535147
2020,38,"(Intercept)",-30.4841277080545,2.17736365325606,-18.7612584239442,8.5017669468098
2020,38,"x_km",-0.0233631106616051,0.000923613699481631,-0.0179058376932496,0.00348427694672044
2020,38,"y_km",0.000686871241459276,0.000388982994081302,-0.000527385217193518,0.00159539874124834
2020,38,"radiacion_bilineal_mj_m2_dia",1.96511663382448,0.127081982337703,1.28954883119689,0.49615631313031
2020,38,"altitud_m",6.02656280365524e-05,2.51212565895378e-05,5.20503948977071e-05,3.98958946553205e-05
2021,38,"(Intercept)",26.7676926048436,0.678788303393921,30.7296455784504,5.08563366072412
2021,38,"x_km",-0.478489917185243,0.0159499517067306,-0.371239578219292,0.0824888318689887
2021,38,"y_km",0.138351457876008,0.0159332559559926,0.162062547658433,0.0828937679253273
2022,38,"(Intercept)",-284.694634269436,21.8411304204953,-170.096629085389,76.8905711297912
2022,38,"x_km",-0.277944205211718,0.0166810068192921,-0.218004059930835,0.0486063497745823
2022,38,"y_km",0.0725660124855434,0.0115074918346778,0.121102639962294,0.0387192162734644
2022,38,"radiacion_bilineal_mj_m2_dia",19.685226760704,1.33149884015003,12.9996408975832,4.68007654418724
2022,38,"altitud_m",0.00431733242690322,0.00074670199807466,0.000943227996249676,0.00141297310970829
2023,38,"(Intercept)",3.84644226263759,0.109908382600621,3.92795698721659,0.333805515754381
2023,38,"x_km",-0.0448242394757228,0.00167517071244718,-0.0477498094625666,0.00557638859206125
2023,38,"y_km",0.0288899696257427,0.00123932370238319,0.0250045160701907,0.00521968025782624
2023,38,"altitud_m",-0.00028862643957963,8.05340951107129e-05,3.48821274589968e-05,0.00012768857358313
2024,38,"(Intercept)",-2.39611060285211,0.323478120103879,-3.91195842766118,1.95156664998132
2024,38,"temperatura_bilineal_c",0.253699083060696,0.0132418010917256,0.32561841007877,0.0795096629683548
2024,38,"altitud_m",-0.000145622842494017,3.557219092204e-05,4.55940636641641e-05,5.25895203196073e-05
2025,38,"(Intercept)",3.94743210847712,0.00956885173440836,4.02782786053353,0.0735863370945853
2025,38,"x_km",-0.00864402844430914,0.000224845835276727,-0.00731389010821289,0.00120389616766012
2025,38,"y_km",0.00231592273692835,0.000224610475942148,0.00242687766844379,0.00121221276882655
2012,39,"(Intercept)",-2.33697103405391,0.177912199281059,-2.30552627915699,0.62434654349976
2012,39,"temperatura_bilineal_c",0.304792819828912,0.00766855548773115,0.296019893975614,0.0290425056773468
2012,39,"altitud_m",-0.000250508837770226,2.41285405059534e-05,-4.45437290872514e-05,4.15028911042401e-05
2013,39,"(Intercept)",12.7855502094692,0.286185581482851,11.4449778695618,1.00812416477881
2013,39,"radiacion_bilineal_mj_m2_dia",-0.542281013691525,0.0192333743543198,-0.457809628523886,0.0640792562540267
2013,39,"altitud_m",-6.66436331002604e-05,2.19431185855472e-05,2.85396837464544e-05,8.23533444674969e-06
2014,39,"(Intercept)",6.08020951783196,0.0528252222676075,6.29811812446618,0.359823848371366
2014,39,"x_km",-0.0720365625000187,0.00124127027506643,-0.0662629934102712,0.00625159160451891
2014,39,"y_km",0.0287215528150465,0.00123997096460506,0.0325442573653846,0.00627694430804138
2015,39,"(Intercept)",-4.63757087636809,0.188882879390144,-1.08017420570975,1.11082382859284
2015,39,"temperatura_bilineal_c",0.364964569260195,0.00775850615732003,0.21196134096763,0.0446431254558979
2015,39,"altitud_m",-4.4072384235061e-05,2.26747369639295e-05,-3.41452941300333e-06,3.64351025757938e-05
2016,39,"(Intercept)",-467.48225087718,41.0903364405783,-254.075193984183,159.835104877848
2016,39,"x_km",-0.977016521858602,0.0245036664513483,-0.847538328255924,0.0898470858636044
2016,39,"y_km",-0.0236297962029087,0.0175984341343639,0.0777962395880749,0.0741703567880823
2016,39,"radiacion_bilineal_mj_m2_dia",33.5544663327998,2.60906072333033,19.8484364867198,10.1479086507197
2016,39,"altitud_m",-0.00325562545614374,0.000907548011984668,0.0013400137318199,0.000984365401784987
2017,39,"(Intercept)",0.886347635855015,0.0946309639012234,0.978434685109474,0.277693638590193
2017,39,"temperatura_bilineal_c",0.153411170650153,0.00409958307317744,0.150090139784677,0.0126584891458816
2017,39,"altitud_m",1.99954453187212e-05,1.24428006689924e-05,-3.75026875718556e-06,2.46933223349834e-05
2018,39,"(Intercept)",13.4318136228904,0.503064790306011,11.2459364331018,1.90511564487594
2018,39,"radiacion_bilineal_mj_m2_dia",-0.639386242881738,0.0326003381813969,-0.486003573786844,0.119574658795628
2018,39,"altitud_m",0.000204328244807163,3.40186146990315e-05,0.0001336588878514,6.43690668838519e-05
2019,39,"(Intercept)",19.4631058903241,10.4779910165106,32.1206832917839,42.0690734254225
2019,39,"x_km",-0.0452940195232798,0.00163963257662292,-0.0389147743561397,0.0082567556284351
2019,39,"y_km",0.0405934094976413,0.00145239572998254,0.0293871634284624,0.00758436004059672
2019,39,"radiacion_bilineal_mj_m2_dia",-0.702499021940013,0.636911074990404,-1.43244676430319,2.55165337940725
2020,39,"(Intercept)",2.66732107852383,0.142432443400151,3.77063793050249,0.692125017074239
2020,39,"x_km",-0.033859548872175,0.00217088680627056,-0.0335507935033412,0.00928260961191445
2020,39,"y_km",0.0178254301912202,0.00160606405914995,0.0127947911806649,0.00883201830150666
2020,39,"altitud_m",0.000202759583277816,0.000104365724180661,5.38312315041004e-05,0.000176194341147946
2021,39,"(Intercept)",5.80359116951329,0.0906696608894833,6.21634394122456,0.436137314166639
2021,39,"x_km",-0.0578860219530027,0.00213052685973234,-0.0607742971103948,0.00831842142117583
2021,39,"y_km",0.0358922732613647,0.00212829671220308,0.0339166768972289,0.00837422555994959
2022,39,"(Intercept)",3.79198925996927,0.0222048413370353,3.93419636453726,0.0815797881959407
2022,39,"x_km",-0.00489149830944346,0.000338435513308408,-0.00312232352972261,0.00129793396100557
2022,39,"y_km",0.00442648564573311,0.000250381140414401,0.00197429647407876,0.00123122885641198
2022,39,"altitud_m",0.000120616317784498,1.62703404584991e-05,6.00757521716041e-05,2.58259668898244e-05
2023,39,"(Intercept)",2.86225409433314,0.0472549983024389,3.07676324910155,0.171607501260791
2023,39,"x_km",-0.0146674325793528,0.000720237959106676,-0.0132907664210804,0.00275174524402925
2023,39,"y_km",0.00728217111969018,0.00053284597649933,0.00668281623596793,0.00261806162174868
2023,39,"altitud_m",5.80007661861421e-05,3.4625553007853e-05,2.60799495268908e-05,5.34815558707624e-05
2024,39,"(Intercept)",12.9134163146536,0.28400861818599,12.3207828588035,1.42668453241037
2024,39,"radiacion_bilineal_mj_m2_dia",-0.624736358854704,0.0186305613394724,-0.569892511201634,0.094093616265702
2025,39,"(Intercept)",2.58598810033251,0.071037562024038,2.61758450428791,0.262346927749934
2025,39,"x_km",-0.0131279621804523,0.00108272035827089,-0.0133978473141537,0.00416731303976087
2025,39,"y_km",0.0174952190543215,0.000801017468301901,0.0101370534823735,0.00394252148581713
2025,39,"altitud_m",-5.86670725538831e-05,5.20519512807817e-05,0.000264969227357225,8.48488969105633e-05
2011,40,"(Intercept)",-6.0954753990977,3.92450021737555,-10.8876195397254,19.8010656721256
2011,40,"temperatura_bilineal_c",1.23250221929965,0.03744463101632,1.35961732963722,0.157955699028474
2011,40,"radiacion_bilineal_mj_m2_dia",-0.590709608237202,0.22819920736761,-0.491312047575404,1.1605694377659
2011,40,"altitud_m",-0.000584344893656806,0.000103345976627648,6.71382151633073e-05,0.000170001383414105
2012,40,"(Intercept)",-78.2012999762899,5.71924343293747,3.24649247085925,11.0475531202431
2012,40,"temperatura_bilineal_c",0.917924853286989,0.0293483903793926,0.56808633312576,0.0788882339225749
2012,40,"radiacion_bilineal_mj_m2_dia",4.21566692317369,0.367261985647608,-0.355536506152421,0.696137544109201
2012,40,"altitud_m",-0.000404058228799803,8.04537675560089e-05,-2.3371915242718e-05,2.39780130884398e-05
2013,40,"(Intercept)",-70.3531045475178,2.68172121040364,-50.6157127575089,10.6989241493226
2013,40,"x_km",-0.114276019759556,0.00179042980782984,-0.099250191118208,0.00788937719603006
2013,40,"y_km",0.0258357612092451,0.0009055890680935,0.0217457859007083,0.00448852817855294
2013,40,"radiacion_bilineal_mj_m2_dia",4.44056573617829,0.155023398609961,3.33613479375829,0.616325617429147
2014,40,"(Intercept)",-5.32115133367441,0.437778503633982,-6.41828956789288,1.32073567059255
2014,40,"temperatura_bilineal_c",0.408290013322617,0.0185665447179233,0.448291905685653,0.0590548049907881
2014,40,"altitud_m",-0.000450462535888635,5.55908575619371e-05,-0.000145103721175868,0.000110007051824901
2015,40,"(Intercept)",-7.87522251418348,0.528582514707847,2.55075929472128,2.44735996081412
2015,40,"temperatura_bilineal_c",0.269796122566241,0.0077259304186696,0.135300117742477,0.0348418528778648
2015,40,"radiacion_bilineal_mj_m2_dia",0.367453117848348,0.0241798624845616,-0.0984473993232532,0.112543824988076
2015,40,"altitud_m",-2.11547272925725e-05,1.27931391726118e-05,1.44052248949642e-05,1.35042073689282e-05
2016,40,"(Intercept)",-4.341870075037,0.876517885492509,-1.35888503332484,4.1960613008624
2016,40,"temperatura_bilineal_c",0.619118488305715,0.0383076756517191,0.473973044892646,0.197226146837387
2016,40,"altitud_m",-0.000804013026134228,0.000106811612488643,-0.000107542905257036,0.00013809850133811
2017,40,"(Intercept)",1.27393043599621,0.198416934770577,1.0006941430352,0.885355419012194
2017,40,"temperatura_bilineal_c",0.157879053564289,0.00879766451385948,0.164638986282265,0.042017037940331
2017,40,"altitud_m",-0.000324045419975113,2.70042601808075e-05,-0.000250580202107358,4.85987031327452e-05
2018,40,"(Intercept)",-1015.96446096371,46.8957278688326,-515.678143973714,182.046500316166
2018,40,"x_km",0.464548726304674,0.040895002598017,0.434812857377889,0.144558680496236
2018,40,"y_km",0.0556724236905361,0.02070405745837,-0.158082727886987,0.0929285163132919
2018,40,"radiacion_bilineal_mj_m2_dia",60.6518518770025,2.65266823218226,32.8840586480051,10.2885753882113
2018,40,"altitud_m",0.00249135012089951,0.00134620522323809,0.0022233913866806,0.00132844185907054
2019,40,"(Intercept)",29.6602124096805,2.67858095450236,16.3163961510651,13.6040685468838
2019,40,"temperatura_bilineal_c",0.208152093989967,0.0312250377270626,0.421529587595151,0.14107204572205
2019,40,"radiacion_bilineal_mj_m2_dia",-1.66459945952461,0.139897219718301,-1.09979187758896,0.707031749294914
2019,40,"altitud_m",-6.49667542943454e-05,7.15062624881086e-05,0.000250632824270438,0.000126965102965992
2020,40,"(Intercept)",-17.4106206398983,2.51876165579194,8.51499855624018,11.22278921218
2020,40,"temperatura_bilineal_c",0.412714361808428,0.0208947566143911,0.249664174024272,0.0993191111213524
2020,40,"radiacion_bilineal_mj_m2_dia",0.757017639871748,0.134779579365079,-0.659601451058869,0.597535727419518
2021,40,"(Intercept)",-44.4168649955148,3.97262740337164,-43.5688275429271,12.2819890854885
2021,40,"temperatura_bilineal_c",1.43064167366561,0.0456894397756732,1.37713680463448,0.13943711328365
2021,40,"radiacion_bilineal_mj_m2_dia",1.26408868713284,0.197842369566724,1.28865845812186,0.602260136257621
2021,40,"altitud_m",-7.81733581472122e-05,8.73575418293541e-05,-1.18434211101106e-05,0.000175846885969895
2022,40,"(Intercept)",3.91770653857366,0.047930351627801,4.03259927171095,0.126634799442789
2022,40,"x_km",-0.00659590336636364,0.000730531369713138,-0.00658093862648902,0.00219094042459458
2022,40,"y_km",-0.00616035568988191,0.000540461240811297,-0.00358098358813308,0.0021342960812121
2022,40,"altitud_m",-0.000141537461780865,3.51204103394878e-05,-5.25385654146657e-05,3.32702721853614e-05
2023,40,"(Intercept)",-0.579402220704636,0.165242267648668,-0.760693313455043,0.57156533457929
2023,40,"temperatura_bilineal_c",0.211391297353179,0.00690068842911953,0.217505207578301,0.0253377095317583
2023,40,"altitud_m",-0.000192641350716206,1.93935754249128e-05,-8.26017562538396e-05,3.57007398576849e-05
2024,40,"(Intercept)",-95.2979581369886,96.6827499708589,723.198348664936,371.04328342444
2024,40,"x_km",-0.175825677785621,0.0276878149430285,0.175741149556309,0.159610429187532
2024,40,"y_km",0.081134352468612,0.0283938983810412,-0.167469326651365,0.137479477568781
2024,40,"radiacion_bilineal_mj_m2_dia",9.83052063247673,5.72108222286181,-37.1846197895641,21.9063463181696
2025,40,"(Intercept)",-11.5157023997371,1.5720106485957,-7.10510035351612,4.84485078495461
2025,40,"x_km",-0.011716681374188,0.000336746723433315,-0.0107285367857698,0.0011309925035322
2025,40,"y_km",-0.0048115982206318,0.00050295815132369,-0.00334423310849847,0.00158581380344116
2025,40,"radiacion_bilineal_mj_m2_dia",0.97425374523513,0.0992151347543994,0.699700218642594,0.305485719731826
2011,41,"(Intercept)",0.850463346675527,0.16121581604393,0.712444383474338,0.570477078661447
2011,41,"temperatura_bilineal_c",0.196556910940266,0.007215042796317,0.199680132910643,0.0274671011862983
2011,41,"altitud_m",-0.000157253386019942,2.1267393884241e-05,-6.98132634255084e-05,3.67916367109658e-05
2012,41,"(Intercept)",-14.1090647499733,1.28876160063704,28.3340392061225,1.6881940173059
2012,41,"temperatura_bilineal_c",0.389446657351489,0.0158899098590341,-0.198183738199691,0.0189134803846047
2012,41,"radiacion_bilineal_mj_m2_dia",0.707681210989349,0.066174653570808,-1.29691576867497,0.0966269212982511
2012,41,"altitud_m",-0.000152650132169429,2.51238511224516e-05,-3.15528938484473e-05,3.19395257000649e-06
2013,41,"(Intercept)",-75.5031329466034,6.29376463627174,-47.4023950080047,23.9949505477159
2013,41,"x_km",-0.134581375290126,0.00447474460169657,-0.113520400110136,0.0164179830121208
2013,41,"y_km",0.00550030274232239,0.00197782417323528,0.00757762638028505,0.00880964923622135
2013,41,"radiacion_bilineal_mj_m2_dia",6.03579067840815,0.446662054569871,4.00530797221594,1.70469316721226
2013,41,"altitud_m",-0.000569086419751597,0.000125785764461753,0.000310351717909773,0.000159255059421715
2014,41,"(Intercept)",9.45030745952886,0.738953752575196,10.6069446067722,2.93042262224558
2014,41,"temperatura_bilineal_c",0.15063204926737,0.00543514041784107,0.137287709312827,0.0183943845181314
2014,41,"radiacion_bilineal_mj_m2_dia",-0.561758522624199,0.0509968192312302,-0.614846756443431,0.20772545676851
2014,41,"altitud_m",-1.13955187536184e-05,1.71401009109965e-05,-2.96211523032754e-05,3.12680735869086e-05
2015,41,"(Intercept)",-4.13228703671242,2.21000653018949,1.13730398353332,8.93634366117853
2015,41,"temperatura_bilineal_c",1.07206722766681,0.0289026961046973,0.889962173617452,0.124341564064765
2015,41,"radiacion_bilineal_mj_m2_dia",-0.755646171117716,0.166702224722879,-0.825404515030617,0.650476914331054
2015,41,"altitud_m",-0.000234400735225743,6.68206417749613e-05,-0.000344114591964152,0.000111961291687705
2016,41,"(Intercept)",-2.31829550159885,0.703489204754571,3.63808103268095,2.90407814064945
2016,41,"temperatura_bilineal_c",0.162059263339863,0.00450357473533548,0.107114700485361,0.0201705438521068
2016,41,"radiacion_bilineal_mj_m2_dia",0.230273868804582,0.0441745301812145,-0.0894965327150076,0.183310842648116
2017,41,"(Intercept)",-9.91424323394955,1.31188164106885,-7.58100267704673,6.38952208658065
2017,41,"temperatura_bilineal_c",0.230680540104504,0.0130362121045394,0.20219730694357,0.0668273098306426
2017,41,"radiacion_bilineal_mj_m2_dia",0.622139765775603,0.0737121604850223,0.507905358837492,0.348657529414729
2017,41,"altitud_m",-2.25160156700186e-05,2.65292326592119e-05,7.09325011957841e-05,4.58461326157949e-05
2018,41,"(Intercept)",17.169968752503,0.944941971095002,16.3513832985211,4.39131258446216
2018,41,"x_km",-0.00811339412404191,0.000561993792860401,-0.00783984177260498,0.00228052179113515
2018,41,"y_km",0.000453062217503473,0.00031737088423318,-0.00186405755871581,0.00134879975563298
2018,41,"radiacion_bilineal_mj_m2_dia",-0.773006604294821,0.0559524718089731,-0.723860087283937,0.260241371492322
2018,41,"altitud_m",-9.04201472615125e-05,1.94098206197429e-05,-1.35061255679033e-05,3.20981998870314e-05
2019,41,"(Intercept)",42.1566706677167,2.47211883414419,40.0875584731423,9.96384533642667
2019,41,"x_km",-0.0329955170284108,0.00173595857628983,-0.0267841991312661,0.00669684674297529
2019,41,"y_km",0.0326969048431342,0.000883250630440087,0.0307087153147754,0.00392001561470564
2019,41,"radiacion_bilineal_mj_m2_dia",-2.08046058804821,0.154816954443503,-1.94778576106265,0.627302315342221
2020,41,"(Intercept)",16.5756680473307,5.05256215904568,18.8704916664548,18.2697567844979
2020,41,"temperatura_bilineal_c",0.552350597009832,0.0507712555036781,0.500184445173868,0.19481396841145
2020,41,"radiacion_bilineal_mj_m2_dia",-1.31006424808721,0.244439724808946,-1.38449753065214,0.869624853450818
2020,41,"altitud_m",-0.000443365319625594,6.93376295435271e-05,-0.000190733693339799,0.000138098840201099
2021,41,"(Intercept)",8.00558848614117,0.188636326854332,7.05932243233512,1.0176763070308
2021,41,"radiacion_bilineal_mj_m2_dia",-0.267892943424442,0.01255499228189,-0.186836113788784,0.0683051885460945
2022,41,"(Intercept)",1.49522094235472,0.111203811281208,2.38260979864631,0.635986615870666
2022,41,"temperatura_bilineal_c",0.13867908843235,0.00549658397209376,0.105129560352885,0.0307793689031644
2023,41,"(Intercept)",4.30605057543653,0.0115776438435331,4.37665306742184,0.0547972813275234
2023,41,"x_km",-0.0117280425281329,0.000272047793485496,-0.0108585908825727,0.00104528589920722
2023,41,"y_km",0.000543531438021557,0.000271763025090434,0.00117333289141047,0.00105229744782811
2024,41,"(Intercept)",14.2260659539838,3.20274987748839,30.6653773844781,17.602700155529
2024,41,"temperatura_bilineal_c",0.259355305331751,0.0474473930528825,0.0143846824603693,0.249990883271789
2024,41,"radiacion_bilineal_mj_m2_dia",-0.780219677983877,0.150769835162275,-1.46143940952842,0.823603523360965
2024,41,"altitud_m",-5.44318389574623e-05,8.78187140649281e-05,-0.000158288725800856,0.000138193283645043
2025,41,"(Intercept)",14.2449078300627,0.39512895349499,11.3083236881112,1.74154902718095
2025,41,"radiacion_bilineal_mj_m2_dia",-0.680193025141094,0.0280064121831747,-0.462799179239296,0.120533723193059
2025,41,"altitud_m",0.000139454951010649,1.56964599271747e-05,1.98801202663505e-05,2.52021944891175e-05
2011,42,"(Intercept)",-175.971057329029,8.34654272232567,-97.9405027226694,32.6402881079337
2011,42,"x_km",-0.00551126888841272,0.00204055156040383,-0.0107994488171122,0.00910479806616338
2011,42,"y_km",-0.00742122520896249,0.00131489898000548,0.00697396255967003,0.00634512529634147
2011,42,"radiacion_bilineal_mj_m2_dia",12.500352263554,0.556187999870073,7.32784566780647,2.16825705651458
2013,42,"(Intercept)",-2.18889927340922,0.347790853822606,-0.685629824914067,1.42640985422546
2013,42,"temperatura_bilineal_c",0.31224873807974,0.0153771957297494,0.245101951574754,0.0673647222830047
2013,42,"altitud_m",-7.13355120693641e-05,4.44835907867287e-05,-0.000177153363946733,8.61141855516379e-05
2014,42,"(Intercept)",9.3603045397248,1.22156450703155,8.53536317252177,4.38352315914708
2014,42,"temperatura_bilineal_c",0.14849271634153,0.00875503812264341,0.152050629399491,0.0319797298174741
2014,42,"radiacion_bilineal_mj_m2_dia",-0.525004690891884,0.0688524109530069,-0.47656409921224,0.249226200481541
2016,42,"(Intercept)",10.5649949244753,0.20546475492938,9.70146523666049,0.811958592375734
2016,42,"radiacion_bilineal_mj_m2_dia",-0.403458718532154,0.0139697265142473,-0.33734085622788,0.0522820145251628
2016,42,"altitud_m",4.50695900979112e-05,1.72051621705456e-05,3.1785123471831e-05,1.91539667627607e-05
2017,42,"(Intercept)",3.60321695776468,0.0131679388132039,3.68385950083997,0.0756365343327423
2017,42,"x_km",-0.00901026711833857,0.000309416038988373,-0.00787520405644766,0.00138606436815785
2017,42,"y_km",0.00475791550976928,0.000309092155057169,0.0045982610698153,0.00139490804639302
2018,42,"(Intercept)",9.8132557765171,0.183101840045786,8.87397889177188,0.984979569303227
2018,42,"radiacion_bilineal_mj_m2_dia",-0.404714164816258,0.0125490072828286,-0.327205211384808,0.0679349786264464
2019,42,"(Intercept)",67.215332733517,9.11608186413618,40.296750378747,29.9075465195715
2019,42,"temperatura_bilineal_c",0.476396171084856,0.0445963520916913,0.438206361537981,0.159335427322884
2019,42,"radiacion_bilineal_mj_m2_dia",-4.3959730507474,0.543463963944125,-2.60242860319212,1.77420607234497
2019,42,"altitud_m",-0.000403209647268026,9.20360363994491e-05,-0.000342607851326082,0.000175009218558179
2020,42,"(Intercept)",-0.220074856160035,0.320451541218214,-1.75269361372175,1.30399793072457
2020,42,"temperatura_bilineal_c",0.196981902244349,0.013656766548446,0.255145820246767,0.0594954528942477
2020,42,"altitud_m",-0.00013871728145554,4.03512350467998e-05,8.82922395743861e-05,7.57054274383543e-05
2021,42,"(Intercept)",8.0116992851319,0.126596886669806,9.24232687499261,0.40324329476987
2021,42,"x_km",-0.0250993993160331,0.00192952886593616,-0.0204073409734883,0.00668579436692015
2021,42,"y_km",-0.00803115726144367,0.00142750278536919,-0.0144387082384517,0.00632571527031239
2021,42,"altitud_m",0.000283183566232173,9.27624032903263e-05,-6.79816921466166e-06,0.000139352513543911
2022,42,"(Intercept)",-3.76376153623292,0.495706508143784,-2.02746925230143,1.46964348942436
2022,42,"temperatura_bilineal_c",0.376533419678709,0.0220304182413567,0.296952634116233,0.0684500256276066
2022,42,"altitud_m",-1.81648430245518e-05,6.37009027677222e-05,5.34037761237484e-05,0.000131054545778372
2023,42,"(Intercept)",-4.98858190420796,1.08166597005722,-2.5798177577021,4.022859268898
2023,42,"temperatura_bilineal_c",0.196233378917101,0.0146480244096674,0.148823848001621,0.0572553743718583
2023,42,"radiacion_bilineal_mj_m2_dia",0.318500652112287,0.0520691112048192,0.232755535884466,0.191390587405866
2024,42,"(Intercept)",8.42801021457755,0.120469127554576,8.65889920799017,0.346800966779663
2024,42,"x_km",-0.0503890568108907,0.00183613250835291,-0.0405995495327523,0.00585843781761326
2024,42,"y_km",0.0187746890080083,0.00135840635310164,0.0158415646328317,0.00575894447972016
2024,42,"altitud_m",-0.000131675391936837,8.8272358730261e-05,-5.16971530226792e-05,7.44286660708566e-05
2025,42,"(Intercept)",-15.6686423593049,3.28594013051226,-5.56705668773076,14.5800028740796
2025,42,"temperatura_bilineal_c",0.355982077377092,0.0254119753006764,0.485544933055476,0.101488483983188
2025,42,"radiacion_bilineal_mj_m2_dia",1.07579775328678,0.213128288645296,0.282231605250859,0.95273360386309
2025,42,"altitud_m",-0.000269935980996117,7.43411780710122e-05,1.31337485459543e-05,0.000118457173231207
2011,43,"(Intercept)",-978.516557538961,76.9020429786657,-559.401443237594,313.011336131758
2011,43,"x_km",-1.02331892593966,0.0582576178952679,-0.632350217962485,0.248030489977557
2011,43,"y_km",0.0330351502731812,0.0228995994556853,-0.112595106141454,0.113563965130885
2011,43,"radiacion_bilineal_mj_m2_dia",68.3560607924082,5.16012487337914,40.8461169174571,20.8982210166099
2012,43,"(Intercept)",1.48828820084745,0.101996357466317,2.82732799778366,0.47550371288059
2012,43,"temperatura_bilineal_c",0.141379409792125,0.00510763902750924,0.0823074952994546,0.023280302750612
2013,43,"(Intercept)",-93.4768460292685,3.76473435494766,-37.9443912386438,16.4813380850655
2013,43,"temperatura_bilineal_c",1.78917158857501,0.0349081747168616,1.43553859342803,0.165276653338749
2013,43,"radiacion_bilineal_mj_m2_dia",3.96880295426593,0.197429353064905,1.08984657656877,0.842646908334571
2013,43,"altitud_m",-0.00102890491797616,9.03271414757755e-05,-0.000122111509006929,0.000166366293955333
2014,43,"(Intercept)",1.74476880756417,0.0952501705101882,2.7403524671518,0.453522449196544
2014,43,"temperatura_bilineal_c",0.133421653548031,0.00470257561402301,0.0856129472613205,0.0219418774425777
2015,43,"(Intercept)",19.2288847598261,1.96786015589683,27.4012044095383,11.4436371040387
2015,43,"temperatura_bilineal_c",0.391594157132572,0.0286695306013566,0.180574462546851,0.167277193287043
2015,43,"radiacion_bilineal_mj_m2_dia",-1.37873286670395,0.106337049906033,-1.60702697652923,0.602601618644038
2015,43,"altitud_m",-0.000309286941642669,6.4902533004749e-05,-0.000212822159512828,0.000109959032366713
2016,43,"(Intercept)",-0.649354438153663,0.186380498022306,-0.330947604552045,0.711235237459057
2016,43,"temperatura_bilineal_c",0.241882189411833,0.00816810755897343,0.227687275613149,0.0335636703121562
2016,43,"altitud_m",-4.365833468319e-05,2.35222487182679e-05,5.43191704670666e-06,3.7773409594592e-05
2017,43,"(Intercept)",3.93531197751659,0.0293082874029489,3.97604943649165,0.093186007552074
2017,43,"x_km",-0.0116512197849026,0.000446702822184258,-0.0095808909946788,0.0015466280142736
2017,43,"y_km",0.00598181732462974,0.000330479390154613,0.00654098273606222,0.00146201463915826
2017,43,"altitud_m",-5.21444325849617e-05,2.1475308337654e-05,-1.83298193069397e-05,3.24899009310482e-05
2018,43,"(Intercept)",89.353131258913,8.29957746032963,61.2956854910621,30.8140897094999
2018,43,"temperatura_bilineal_c",-0.157518162878909,0.0625617292069248,0.0313347716112679,0.258643368631698
2018,43,"radiacion_bilineal_mj_m2_dia",-5.278366071447,0.471105843549591,-3.67272339722064,1.71518805028237
2018,43,"altitud_m",0.000203504703485031,0.000102878080138659,0.000274202169660317,0.0001972449060924
2019,43,"(Intercept)",1.65820071588403,0.170698158970627,1.01182162308118,0.582879214677948
2019,43,"temperatura_bilineal_c",0.117568203279215,0.00745037017290167,0.154745168423621,0.0279429939027806
2019,43,"altitud_m",-5.08148831071264e-05,2.26724202271026e-05,-2.17114021202591e-06,1.44458629584659e-05
2020,43,"(Intercept)",4.0029433156367,0.0122471087601926,4.13158947881581,0.0670095169774411
2020,43,"x_km",-0.00846668240779824,0.000287778667215465,-0.0065522086210978,0.00122541992452821
2020,43,"y_km",-0.000571851387080941,0.000287477432391443,-0.000955781952782103,0.00123238559084074
2021,43,"(Intercept)",3.96546643358456,0.0174504905216498,3.93627976379777,0.0862808914570111
2021,43,"x_km",-0.0117973927449478,0.000410046077234109,-0.0124606886659143,0.00161937562305292
2021,43,"y_km",0.00437294708686392,0.000409616857934737,0.00271630532677587,0.00163041440924142
2022,43,"(Intercept)",1.54101128479747,0.170822671497364,1.80282572403697,0.596056389356222
2022,43,"temperatura_bilineal_c",0.153724156189989,0.00852175545239803,0.144687292532869,0.029336383176219
2023,43,"(Intercept)",-70.9022518834134,3.15909149785377,-34.7769517059095,12.6024752270942
2023,43,"temperatura_bilineal_c",1.15774333004052,0.0212388751158605,0.930735072815176,0.0856923765586811
2023,43,"radiacion_bilineal_mj_m2_dia",3.86138570505943,0.204880396365839,1.59953411998439,0.805401902598411
2023,43,"altitud_m",-0.000416273962994971,5.01406619506785e-05,-4.71917995110731e-05,7.86345713014012e-05
2024,43,"(Intercept)",-111.692531685349,5.24076584676601,-79.9551352175858,19.8118472434074
2024,43,"temperatura_bilineal_c",2.04943532215046,0.0792680121838753,1.73122959245181,0.300386068178086
2024,43,"radiacion_bilineal_mj_m2_dia",4.91467026591099,0.243477438419737,3.20515526727809,0.902875942007456
2024,43,"altitud_m",-0.0020597392541965,0.000116911077890322,-0.000767715952325131,0.000231193424226318
2025,43,"(Intercept)",-2393.18241187742,163.795668491215,-1027.83713206617,692.195158966396
2025,43,"temperatura_bilineal_c",12.5883719683543,0.653658951869451,9.41662650971193,2.73525372523236
2025,43,"radiacion_bilineal_mj_m2_dia",143.265915268885,10.6243101856252,59.4901127954927,44.1307321531139
2025,43,"altitud_m",-0.00802378611429341,0.00199452899821321,0.00189033064173561,0.00307556118892839
2011,44,"(Intercept)",4.35960394690499,0.0190541574988935,4.45949610380445,0.0972622292638013
2011,44,"x_km",-0.012738105582366,0.000447728533918799,-0.0102290704588788,0.00183799976815978
2011,44,"y_km",0.0035325846551633,0.000447259870179996,0.00309759903175554,0.001850771883375
2012,44,"(Intercept)",-62.6589048251799,5.21629648560053,-51.7102844948952,17.2809088289056
2012,44,"x_km",-0.0844246482555499,0.00421445258676013,-0.069713327433678,0.0145515112483577
2012,44,"y_km",0.00557563950105552,0.00179940395953976,0.00360124061527557,0.00663847365298447
2012,44,"radiacion_bilineal_mj_m2_dia",4.24448443713831,0.316175774523396,3.59502424643454,1.04669061061179
2013,44,"(Intercept)",-35.1751827544615,3.34635679554245,-18.6520217232588,15.7795807592048
2013,44,"x_km",-0.0325625320342902,0.00204069061233366,-0.0254750031834257,0.00802313388380152
2013,44,"y_km",-0.0350411400760722,0.00268073066651513,-0.015824454129619,0.0108175094475875
2013,44,"radiacion_bilineal_mj_m2_dia",3.11985223182511,0.244844890790791,1.94021112712797,1.14790905246623
2013,44,"altitud_m",-0.000264918306434703,9.18775765977253e-05,-0.000105861238788784,0.000141746407397167
2014,44,"(Intercept)",4.37326757013636,0.0143871180633109,4.43485745421004,0.0855479086421009
2014,44,"x_km",-0.00709181416894799,0.000338063925323223,-0.00670003136281598,0.00153800908223276
2014,44,"y_km",-0.000321536520706017,0.000337710053967718,-0.000700905932987781,0.00154505102657936
2015,44,"(Intercept)",-2.09517966849347,1.85090413855288,-0.50632209976476,6.20276140305482
2015,44,"temperatura_bilineal_c",0.265449422655253,0.0177082019857727,0.160335688552658,0.0588481857950779
2015,44,"radiacion_bilineal_mj_m2_dia",0.032334393759121,0.102769302832356,0.113530148284871,0.354287231268264
2015,44,"altitud_m",-8.20372747161884e-06,3.04507781048982e-05,-2.29729532389283e-05,4.91879920926982e-05
2016,44,"(Intercept)",0.404801513908293,0.0859379223848494,0.839717799302326,0.343712713258476
2016,44,"temperatura_bilineal_c",0.202997609445797,0.00426354171068443,0.182016826987429,0.0168067721878469
2017,44,"(Intercept)",2.56543465840431,0.113784667333508,2.88502160181798,0.369848898891931
2017,44,"temperatura_bilineal_c",0.0938222037580427,0.00502147671639263,0.080787728574444,0.0174554672938757
2017,44,"altitud_m",-3.3530105844309e-05,1.56090121109325e-05,-3.75718542384342e-05,2.87004449249083e-05
2018,44,"(Intercept)",771.743543975608,33.7079976568903,665.212779889667,141.480424375574
2018,44,"radiacion_bilineal_mj_m2_dia",-48.4849753641246,2.46653057144927,-40.1687147835407,9.96936799579485
2018,44,"altitud_m",0.00731647108431011,0.002180650772253,0.00473948487486953,0.00285073338166671
2019,44,"(Intercept)",-49.3554758009934,5.19099281718635,-25.540543477016,22.948109608054
2019,44,"temperatura_bilineal_c",1.2103095465214,0.0626319220453103,0.933878311530907,0.294174773842755
2019,44,"radiacion_bilineal_mj_m2_dia",2.17270644609757,0.267948746588371,0.970124908626893,1.14962179444239
2019,44,"altitud_m",-0.000543610445308412,9.68797267042464e-05,-5.04978319476221e-05,0.000148814668867053
2020,44,"(Intercept)",-49.4397280996185,1.18763701717627,-28.6544759686009,6.91658861934932
2020,44,"radiacion_bilineal_mj_m2_dia",3.40088455000863,0.0706893342453917,2.20899914049995,0.407724352283589
2021,44,"(Intercept)",1595.28420207761,60.2310825907043,1292.25542848895,257.813409000635
2021,44,"x_km",-0.441297655924959,0.0350405750752728,-0.279279572764811,0.152543735653446
2021,44,"y_km",0.0498190465965035,0.0226925200703491,0.121838864417767,0.122881439320013
2021,44,"radiacion_bilineal_mj_m2_dia",-92.0967943738782,3.62042229788585,-73.7136446306088,15.6733676751263
2021,44,"altitud_m",0.00725953522312044,0.00128829229477846,0.00155272272236255,0.00202194701202053
2022,44,"(Intercept)",2270.47823617721,84.6458860251167,2251.97991735574,380.855825735811
2022,44,"temperatura_bilineal_c",4.86217705773113,1.36949222281685,-0.871540664280295,5.46423247806216
2022,44,"radiacion_bilineal_mj_m2_dia",-140.163793871917,4.13468303920514,-129.567718576664,18.7087017087699
2022,44,"altitud_m",0.0258589074455504,0.0030534323404785,0.00238707804361832,0.00540516108824491
2023,44,"(Intercept)",16.5512462597596,0.709761344653507,9.91581976506142,2.30260993234419
2023,44,"temperatura_bilineal_c",0.21790921020521,0.00710544558313762,0.162147662940581,0.0263106361391196
2023,44,"radiacion_bilineal_mj_m2_dia",-1.06883562123799,0.0519101222578799,-0.578948779673012,0.175043675825329
2023,44,"altitud_m",-0.000188945724340462,1.5362586033195e-05,-3.96576359403262e-05,2.70978352930734e-05
2024,44,"(Intercept)",-12.7868060993569,0.733323867128798,-4.32805917773658,2.54591801062639
2024,44,"temperatura_bilineal_c",1.0790899023701,0.0310597737230172,0.662419858399019,0.115746897368489
2024,44,"altitud_m",-0.000473765681134366,8.97662248671364e-05,-0.000267651142225863,0.000145924965960577
2025,44,"(Intercept)",0.146774627474446,0.156983796866364,2.38234081519467,0.778351706910371
2025,44,"temperatura_bilineal_c",0.189093397996794,0.00767466176622886,0.0899066099815705,0.0372978305272333
2011,45,"(Intercept)",76.0912181387669,2.61013647774547,62.956172858616,8.99084094691086
2011,45,"radiacion_bilineal_mj_m2_dia",-4.78881371333156,0.190117479736649,-3.78658124531775,0.636592508033861
2011,45,"altitud_m",0.000766671169576902,0.000144041418699489,5.51018257518876e-05,0.000253367928393134
2012,45,"(Intercept)",-92.8126423096642,3.50429272849425,-62.9695037050507,14.3726588454302
2012,45,"x_km",-0.105476484225199,0.00153702157245663,-0.0908262286085402,0.00710548135633593
2012,45,"y_km",0.00156661506650599,0.00160186900097286,0.00248491272135176,0.00722491765038777
2012,45,"radiacion_bilineal_mj_m2_dia",6.61626312560883,0.226860789443043,4.71827566814336,0.925587490537392
2013,45,"(Intercept)",100.107565181014,6.25111824625367,110.700355135351,28.7101697923778
2013,45,"x_km",0.0347913644714635,0.00531291486711959,0.0352253181809904,0.0236627681639585
2013,45,"y_km",0.0213867769219377,0.00207866947405103,0.0141475496799042,0.0121134530207606
2013,45,"radiacion_bilineal_mj_m2_dia",-6.1220713658825,0.41713546383881,-6.76788480289801,1.93414315532783
2014,45,"(Intercept)",-687.519609848981,87.9842549303662,-526.501188657287,276.841634615529
2014,45,"temperatura_bilineal_c",24.3814496898907,1.00879875809184,19.5006893340958,3.46348695261663
2014,45,"radiacion_bilineal_mj_m2_dia",18.7063546246122,4.81303440764267,15.8141892507012,14.6443688470482
2014,45,"altitud_m",0.00982051412664907,0.00174761028108301,0.000206657798694318,0.00291111999502008
2015,45,"(Intercept)",-40.2345112686821,2.62035836347701,-21.4955230884168,12.0779235573993
2015,45,"x_km",0.0207526335117005,0.00278158313916734,0.0084093779239627,0.0126404591104175
2015,45,"y_km",0.0214443608983988,0.00145595514760174,0.0159087355185026,0.00735487939720517
2015,45,"radiacion_bilineal_mj_m2_dia",2.95705735500407,0.167245869426411,1.79258826604204,0.768166594144083
2016,45,"(Intercept)",36.768404293754,0.967873169832184,34.2121268637432,3.19204233386869
2016,45,"radiacion_bilineal_mj_m2_dia",-1.9700059287155,0.0754426337671392,-1.77064680785653,0.238150802321362
2016,45,"altitud_m",-0.000302287526937002,8.82723823254889e-05,-0.000258392381888422,0.000147925664361606
2017,45,"(Intercept)",-44.419434893384,4.14939837130169,-29.7237813453957,20.0045961508937
2017,45,"temperatura_bilineal_c",0.950757021200331,0.051661009227616,0.723900606969492,0.274981309980757
2017,45,"radiacion_bilineal_mj_m2_dia",2.26792700391964,0.217192598690958,1.63084459528897,0.998335424451163
2017,45,"altitud_m",-6.23382975899401e-05,0.000107981124184386,3.55529410493279e-05,0.000161502130504535
2018,45,"(Intercept)",-195.229191486496,104.579320547131,643.156963653867,436.816248986247
2018,45,"x_km",-0.370029803502919,0.0254877187144936,-0.229194254314882,0.126763599305687
2018,45,"y_km",0.247271483921007,0.0275895248795667,0.193049209228028,0.138176234831319
2018,45,"radiacion_bilineal_mj_m2_dia",16.733221294155,6.7801997532681,-36.9334330410677,28.2769851335142
2019,45,"(Intercept)",8.23469358935266,0.0581427240104662,8.93773469213533,0.352049914185685
2019,45,"x_km",-0.0362184149134318,0.00136621924011928,-0.0270775917931602,0.00621275637583928
2019,45,"y_km",0.00148024366960816,0.00136478913824149,0.00360163209963871,0.00623865308239186
2020,45,"(Intercept)",-164.591497563912,22.4764311025304,-52.421423472285,85.2928122137236
2020,45,"temperatura_bilineal_c",3.2673847534185,0.382159642498888,0.130085404495799,1.54222241071885
2020,45,"radiacion_bilineal_mj_m2_dia",8.08979050874718,1.14268636296413,4.73470036408623,4.18057738091901
2020,45,"altitud_m",0.00138575775307132,0.000589568219550209,0.00109284292555893,0.00103997727803801
2021,45,"(Intercept)",-73.2562051127208,10.1362348582899,-59.7986619777905,41.6410567901685
2021,45,"temperatura_bilineal_c",4.59554715183117,0.4448325070846,3.92882792582288,1.94459525384736
2021,45,"altitud_m",-0.00187726029710788,0.00125989508569773,0.00165389516465917,0.00226177676041663
2022,45,"(Intercept)",-47.2443242602456,6.13808241078852,-20.6371762017755,24.5759617704227
2022,45,"temperatura_bilineal_c",1.05172769636759,0.0665975112687894,0.715885250208771,0.281388717252957
2022,45,"radiacion_bilineal_mj_m2_dia",2.3910133927615,0.346936321928533,1.01687926205528,1.37458725942387
2023,45,"(Intercept)",368.562789004558,23.0277438441614,174.487111223617,91.5398733087436
2023,45,"radiacion_bilineal_mj_m2_dia",-20.6476092751811,1.71766073317709,-4.6924378653502,6.45670395850838
2023,45,"altitud_m",0.0126416104863704,0.00197696677109218,-0.00264839367440305,0.00196721201786756
2024,45,"(Intercept)",-1037.17020628168,75.5211481835049,-345.0330309116,389.932719094742
2024,45,"temperatura_bilineal_c",19.3636293724768,0.757836179764846,12.2329543306915,3.60714786252525
2024,45,"radiacion_bilineal_mj_m2_dia",50.8937063958559,4.6793966465625,13.0497981035002,23.6925339668215
2024,45,"altitud_m",-0.00588459706122218,0.00201084876696517,-0.00245147854021029,0.00325745314271137
2025,45,"(Intercept)",203.993349181545,18.0823963558344,207.630685651262,84.7546044189735
2025,45,"radiacion_bilineal_mj_m2_dia",-12.3706439602111,1.33379926869138,-11.7567754004902,5.98372754054579
2025,45,"altitud_m",0.00160492866897985,0.00118323645916839,-0.00145866389630522,0.0014216878451942
2011,46,"(Intercept)",31.0756025579711,5.51915215402361,-1.68465892283527,22.7752667601081
2011,46,"temperatura_bilineal_c",0.232258811747265,0.0918934072459382,0.590909655021848,0.380051479704179
2011,46,"radiacion_bilineal_mj_m2_dia",-1.66748929422476,0.263495079789562,0.12895560526731,1.09100453996809
2012,46,"(Intercept)",-5.69568320651018,0.449663737656195,-2.82856724181922,1.8957752241796
2012,46,"temperatura_bilineal_c",0.230819009615295,0.00669711857206175,0.195648486772799,0.0257824868328523
2012,46,"radiacion_bilineal_mj_m2_dia",0.417201967378596,0.0279449139266845,0.268579414706812,0.114788073193572
2012,46,"altitud_m",-6.39969796088617e-05,1.91398787831786e-05,-8.19408280739981e-05,3.35882441736671e-05
2013,46,"(Intercept)",-0.275355239149832,1.20684712839403,-5.82254174916002,4.92286970323302
2013,46,"temperatura_bilineal_c",0.308751057963102,0.0220132877164041,0.403031949519144,0.0903930691740149
2013,46,"radiacion_bilineal_mj_m2_dia",-0.141136987099657,0.0576727300653072,0.115854082031164,0.230213822680778
2013,46,"altitud_m",-0.00013923564230814,3.28706330641524e-05,-3.2472528534866e-05,6.08874489291109e-05
2014,46,"(Intercept)",-89.5525841679424,9.3884649205067,-17.5458913110633,42.8132945264406
2014,46,"x_km",0.000871066693112533,0.00489873781509387,-0.0252551171139397,0.0183739151512454
2014,46,"y_km",-0.0329078244798555,0.00386784971923447,-0.0181350831564548,0.0186687571964519
2014,46,"radiacion_bilineal_mj_m2_dia",6.69616227872139,0.634921566971504,1.74596900703867,2.88323747172568
2014,46,"altitud_m",-0.00180611017068127,0.000213790661543198,3.96922195207076e-05,0.000310096313886149
2015,46,"(Intercept)",-349.103851431468,7.77579823375024,-272.654812589585,39.2275256269441
2015,46,"temperatura_bilineal_c",22.4856595727277,0.372094480822475,18.9180588323998,1.84544219553804
2016,46,"(Intercept)",0.214926522971288,0.872603805741301,5.98933439027567,4.04028149936678
2016,46,"temperatura_bilineal_c",0.124600830642491,0.0103471658737663,0.0325706546120007,0.0516035041641365
2016,46,"radiacion_bilineal_mj_m2_dia",0.121986635465855,0.0499048095601678,-0.160644205409016,0.22632904798549
2017,46,"(Intercept)",-9.65961559422662,0.77194128261501,-8.0643150851876,3.27609160200559
2017,46,"temperatura_bilineal_c",0.772360630398451,0.0390818216118601,0.714410256921022,0.162942581676562
2018,46,"(Intercept)",-0.448657320149308,0.138968077102043,0.195704112755745,0.606270186977331
2018,46,"temperatura_bilineal_c",0.226465382638298,0.00667568925986958,0.196741553046512,0.0287014816374866
2019,46,"(Intercept)",795.452427325985,52.7786177096477,657.722811867722,236.936878336453
2019,46,"temperatura_bilineal_c",-9.36310046043744,1.01313204683706,-7.47847571570551,4.51491082892287
2019,46,"radiacion_bilineal_mj_m2_dia",-41.8320833380531,2.7250496561778,-32.8230464666211,12.1815879758547
2019,46,"altitud_m",0.00506633975756427,0.0016170716380641,-0.0015932102030536,0.00263153996329574
2020,46,"(Intercept)",310.79166589363,68.2109859114816,382.973420059411,350.796642029684
2020,46,"temperatura_bilineal_c",9.91696987141856,0.756314842823838,10.6865703443251,4.08985466990221
2020,46,"radiacion_bilineal_mj_m2_dia",-30.9539816707801,5.52926937252349,-36.2098662840092,28.6733052134209
2021,46,"(Intercept)",7.04322427171111,0.0861496298860714,7.99057287005921,0.535649058731637
2021,46,"x_km",-0.0261253885485485,0.00202431660852902,-0.0230628377157364,0.00938824583152614
2021,46,"y_km",-0.00722797631259564,0.0020221976375044,-0.0111470121874425,0.00945392681514851
2022,46,"(Intercept)",-16.8874304366797,3.19010600293424,-1.06875373138651,12.1186534640788
2022,46,"temperatura_bilineal_c",0.857927333885544,0.0529947210046985,0.463119906664502,0.21376854598444
2022,46,"radiacion_bilineal_mj_m2_dia",0.83093957800024,0.169003141961065,0.241593080912763,0.629401557387763
2023,46,"(Intercept)",-100.999570484352,6.26910153000185,-75.0361245729831,22.4917749427937
2023,46,"temperatura_bilineal_c",2.28526800547123,0.0775066122841249,1.8363908602394,0.291593847931335
2023,46,"radiacion_bilineal_mj_m2_dia",4.05953850049211,0.331059503515223,2.97464705207642,1.15239710901769
2023,46,"altitud_m",-0.0001653321286166,0.000117793575363995,-0.000413288587955213,0.000215330911386649
2024,46,"(Intercept)",8.72816600959701,1.66542160739738,22.8607532335934,5.87708533996263
2024,46,"x_km",0.0790626564203402,0.0253835552355133,0.26868812738709,0.0936757646208238
2024,46,"y_km",-0.175329667099806,0.0187792452556482,-0.147402465198266,0.0885007450413517
2024,46,"altitud_m",0.00400696435638999,0.00122031840480217,0.000280853091240272,0.0019358988028398
2025,46,"(Intercept)",4.28713350139671,0.0596734080382344,4.40442910950212,0.147527360467666
2025,46,"x_km",-0.00853563328188378,0.000909513388262667,-0.00756221685767388,0.00231921115003031
2025,46,"y_km",0.00445807718361711,0.000672875600876593,0.00375539988303918,0.00194608776423497
2025,46,"altitud_m",-0.00032454320833104,4.37249989929738e-05,-0.000366645921024614,8.56523457591568e-05
2011,47,"(Intercept)",-44.6118934704116,9.79204211562639,-43.852735784763,49.4176414767021
2011,47,"temperatura_bilineal_c",0.661062458922085,0.0773215517744443,0.660444423194958,0.325856920426712
2011,47,"radiacion_bilineal_mj_m2_dia",2.71552591258435,0.621949408801916,2.69254583543257,3.17937634844613
2011,47,"altitud_m",-0.00137301881172819,0.000242759327121485,-0.000772626046952145,0.00037926785405682
2012,47,"(Intercept)",-47.4344362428027,4.01730365052696,-13.9010316916533,16.1390479498285
2012,47,"temperatura_bilineal_c",1.2507348551969,0.047947238029841,0.963125995356933,0.190227946310744
2012,47,"radiacion_bilineal_mj_m2_dia",2.02161986794887,0.242509724352451,0.0765042434199382,0.953462007004652
2012,47,"altitud_m",-0.000578529719933684,0.00011965121993784,-0.000192517962884287,0.00023896394812792
2013,47,"(Intercept)",-7.47509209333749,3.31735465625219,1.09849998297361,10.1582919009518
2013,47,"x_km",-0.0103880150791018,0.000896803599622014,-0.00664037328196795,0.00284284739383469
2013,47,"y_km",-0.00112921892368336,0.000616350498175927,-0.00210450085442314,0.00193207825752747
2013,47,"radiacion_bilineal_mj_m2_dia",0.877001185120518,0.241808182058663,0.259429233960466,0.741399224989338
2014,47,"(Intercept)",-198.516519203847,74.8366562321701,-482.231152541409,311.113739856903
2014,47,"x_km",-0.986084653747994,0.073634591117416,-1.10751299137022,0.289916668864694
2014,47,"y_km",0.153054821744317,0.0341241842345813,0.126757623667381,0.14390841023444
2014,47,"radiacion_bilineal_mj_m2_dia",19.9828301393432,5.52100940305195,41.5505005285209,22.727480923509
2014,47,"altitud_m",-0.00449213384082173,0.00223043229389441,-0.00851683476436201,0.0035061664231255
2015,47,"(Intercept)",13.1698426757532,2.46478995778494,29.2270065336241,11.3484985924442
2015,47,"temperatura_bilineal_c",1.1668448024392,0.0210019362726981,0.994674475679575,0.106817432537886
2015,47,"radiacion_bilineal_mj_m2_dia",-1.68360853876084,0.161156018018878,-2.43531643552664,0.746341882856377
2016,47,"(Intercept)",-4.37880329866598,0.856937262830825,0.280526872693383,3.20311596974629
2016,47,"temperatura_bilineal_c",0.693169562703822,0.0378889237578574,0.4430603064329,0.152172447631974
2016,47,"altitud_m",-0.000879336879577883,0.000109255586807153,-0.000425277721550409,0.000189108920709586
2017,47,"(Intercept)",-447.058534370087,84.2495758736943,-385.895990287862,302.192978428008
2017,47,"temperatura_bilineal_c",6.79776763334043,1.1542277867799,5.46774087383435,3.90507224942275
2017,47,"radiacion_bilineal_mj_m2_dia",27.3085168324793,4.59364943987247,25.2354764164395,16.3455982048408
2017,47,"altitud_m",-0.00482771055300308,0.00240547994923524,-0.00691529288637022,0.00475070260099118
2018,47,"(Intercept)",-6.59140518257879,0.663023034022898,-3.15645342422072,3.40011028259582
2018,47,"temperatura_bilineal_c",0.750950355306146,0.0319593938051088,0.613953936023025,0.15957559172056
2019,47,"(Intercept)",-240.742999214097,55.325295833564,-90.1948693755917,212.337570713551
2019,47,"temperatura_bilineal_c",5.21786751677218,0.682299918478215,4.26353101264138,2.657077525849
2019,47,"radiacion_bilineal_mj_m2_dia",10.961925862258,3.95456222036875,2.5909683955803,15.357724255241
2019,47,"altitud_m",-0.00399759951804885,0.00150592646031792,-0.0012839957081852,0.00266402831678154
2020,47,"(Intercept)",-158.552930135718,42.3327090112224,-116.795690676109,210.455469433864
2020,47,"temperatura_bilineal_c",6.86218898408212,0.936777718492672,4.68978223523859,4.58542004290627
2020,47,"radiacion_bilineal_mj_m2_dia",6.28711622941876,1.87425457913504,7.64041760463446,9.15994425617539
2020,47,"altitud_m",0.00719105650595912,0.00153222497499871,-0.00273392901593153,0.00245696432863571
2021,47,"(Intercept)",-86.655450266655,47.1369423952349,112.004186496289,221.248931901305
2021,47,"x_km",-0.488937529072644,0.0370215783275116,-0.323100448941243,0.202735662939371
2021,47,"y_km",0.243008586141411,0.0243962156434604,0.0394773674348428,0.148436545735672
2021,47,"radiacion_bilineal_mj_m2_dia",8.28185776941457,3.56097493825079,-4.9704474945199,16.6065643825341
2022,47,"(Intercept)",7.93570098632426,0.124834866448519,8.27613485629445,0.391118797470563
2022,47,"x_km",-0.0469321764333407,0.0019026730010822,-0.0382920235227763,0.00639238037566362
2022,47,"y_km",0.0255319335613241,0.00140763429697322,0.0269843766484585,0.00587978425713504
2022,47,"altitud_m",0.000241178864406975,9.14713033693694e-05,0.000123816826233414,0.00016275580034493
2023,47,"(Intercept)",-1720.76265130075,71.4084831769813,-692.094770745228,299.193164913756
2023,47,"x_km",0.127666377888639,0.051558958460716,-0.305445133597278,0.198816314563659
2023,47,"y_km",-0.408079709028951,0.0330291234015147,-0.137075141348667,0.134343173172808
2023,47,"radiacion_bilineal_mj_m2_dia",109.410447250453,4.34478479132218,47.3952724669809,18.1527346205232
2023,47,"altitud_m",0.00232891488105956,0.00145758755308556,5.3672422558918e-05,0.00247926505314256
2024,47,"(Intercept)",32.9506566566212,1.27856116126142,66.538929383802,12.4420838825955
2024,47,"x_km",-0.236116337594041,0.0300432236004313,-0.46166565924806,0.166408415644838
2024,47,"y_km",0.231502844657866,0.0300117755947056,0.0342640198596322,0.166340559622083
2025,47,"(Intercept)",4.17908271918634,0.0115668651550234,4.32815635147153,0.0659587588118431
2025,47,"x_km",-0.00888169791820933,0.000271794519290386,-0.00644350996405767,0.00119659104295295
2025,47,"y_km",0.00117786529307083,0.000271510016012291,0.000728983128473896,0.00120346046008472
2011,48,"(Intercept)",-34.4097718983906,9.52110510631443,10.3633236486847,31.1985183621234
2011,48,"temperatura_bilineal_c",1.28157628925808,0.106739978845621,0.783041622512578,0.373658705754646
2011,48,"radiacion_bilineal_mj_m2_dia",1.32266554304574,0.553887704161487,-1.25195817272991,1.79816085956246
2012,48,"(Intercept)",-161.646596001979,7.69055308324432,-137.868733088843,28.2399229496414
2012,48,"x_km",-0.166108507275638,0.00566580160774341,-0.143232715677257,0.019687079738935
2012,48,"y_km",0.000698893916278822,0.00274963023737807,0.00569665511405513,0.00975052766761855
2012,48,"radiacion_bilineal_mj_m2_dia",11.714828550301,0.530112191586391,10.0004312871508,1.94001493250948
2012,48,"altitud_m",-0.00166220602759774,0.000173645339797224,-0.000889040153932725,0.000322900096985085
2013,48,"(Intercept)",-71.1474698530333,3.01614161860623,-56.5404266959898,10.8304992793496
2013,48,"radiacion_bilineal_mj_m2_dia",5.14668496181951,0.20288560859286,4.20133305701566,0.72649362516853
2014,48,"(Intercept)",-20.1150418076039,0.496126072885771,-20.3448500634795,1.83065888158851
2014,48,"temperatura_bilineal_c",1.24422964647524,0.0237248768286267,1.25775738794988,0.0866051531801993
2015,48,"(Intercept)",-36.6053375893253,3.4449482419518,-2.51072751539369,8.6088643291315
2015,48,"temperatura_bilineal_c",1.22275835224856,0.0422169914855511,0.329099653956958,0.136760501570772
2015,48,"radiacion_bilineal_mj_m2_dia",1.13614731677713,0.188861040864849,0.434880793878039,0.465328001077057
2015,48,"altitud_m",-0.000332161563032443,0.000109537643268913,0.000125834208421712,0.000110342519899015
2016,48,"(Intercept)",571.362892519464,49.2412009791146,674.622334427013,207.536656998758
2016,48,"temperatura_bilineal_c",-9.06105201215088,0.966863031031652,-12.1915311198473,4.30734977956584
2016,48,"radiacion_bilineal_mj_m2_dia",-30.1108454392303,2.5557056416351,-33.1250285583862,10.6418595588005
2017,48,"(Intercept)",20.8658838811182,2.02109866499652,29.8280138387382,5.12639366545256
2017,48,"x_km",-0.117321214531452,0.0308046139016619,-0.138963025621068,0.0847015925217654
2017,48,"y_km",0.1986012801259,0.0227898493373976,0.137149755353288,0.0744108174460603
2017,48,"altitud_m",0.00217468884789635,0.00148093665163302,0.000175767855533462,0.00272045600560039
2018,48,"(Intercept)",-16.5392943270704,4.76369334426734,-13.9746688462934,23.3516647983679
2018,48,"temperatura_bilineal_c",0.623552335290852,0.0455616136950031,0.4390645216826,0.218282709000184
2018,48,"radiacion_bilineal_mj_m2_dia",0.894606902958621,0.294749241758779,1.03837585841236,1.42125385938135
2018,48,"altitud_m",0.000276305404277399,8.67142897638242e-05,-0.000124423934704265,0.000138680582556817
2019,48,"(Intercept)",18.7878089119939,1.33960383549382,29.166387124917,4.49818764332692
2019,48,"x_km",-0.20641134351479,0.0204175974425492,-0.185017300359022,0.0692627825347175
2019,48,"y_km",0.0614307851602735,0.0151053336046594,0.11591242806188,0.0635224152923833
2019,48,"altitud_m",0.00198537476397697,0.000981579203929848,-0.000512326202511518,0.00180305898734646
2020,48,"(Intercept)",28.1997205090128,1.9740257141607,24.4320701476964,6.39590666140969
2020,48,"radiacion_bilineal_mj_m2_dia",-1.51458211526256,0.153486876739107,-1.21149797327882,0.475909524318694
2020,48,"altitud_m",-0.000289941237259335,0.000172759997903209,-0.000230773719516326,0.000289753689647041
2021,48,"(Intercept)",8.49870910776516,0.191362095104076,10.2402172469335,0.530006021797385
2021,48,"x_km",-0.0365987654850553,0.00291664902717865,-0.0159667538032928,0.00886438367594919
2021,48,"y_km",0.000345337543838729,0.00215779337834462,-0.00727524254501308,0.008090914045056
2021,48,"altitud_m",0.000613213736882381,0.000140218360083572,-0.000381622144784003,0.000240998764939632
2022,48,"(Intercept)",-2.91533086511457,2.78928634798102,5.08073674216886,10.609467752694
2022,48,"temperatura_bilineal_c",0.887055963680186,0.0629552639033949,0.607499057087747,0.229894371701146
2022,48,"radiacion_bilineal_mj_m2_dia",-0.587791064472106,0.13455644378472,-0.743220443021114,0.512106758069342
2022,48,"altitud_m",-0.000416236412132511,0.000121277572874654,-0.000446344392991385,0.000240388395306081
2023,48,"(Intercept)",-46.1895979298324,4.43753605755582,-34.4726230634896,21.2433820260177
2023,48,"temperatura_bilineal_c",1.16033891419491,0.0611694608867456,0.932230979293319,0.304817791479536
2023,48,"radiacion_bilineal_mj_m2_dia",1.77671442690252,0.208711054985123,1.33435614085258,0.968659230243862
2023,48,"altitud_m",-0.000202912886447003,9.82714053247945e-05,4.39592362376649e-07,0.000171413159500601
2024,48,"(Intercept)",3.79016274597643,0.260043998561676,3.65198605531228,0.86418648414358
2024,48,"x_km",-0.0451429571559574,0.00396346557042061,-0.0476726653843087,0.0140538644768268
2024,48,"y_km",0.0254165035304241,0.00293224850966157,0.0156134665467602,0.0130737826694842
2024,48,"altitud_m",-0.000315424474618677,0.000190544229817624,7.59289442024385e-05,0.00033213556733486
2025,48,"(Intercept)",4.1135198890943,0.0220486164586827,4.42937751599754,0.0563049107787914
2025,48,"x_km",-0.00720143843708022,0.000336054408841401,-0.00262065226684025,0.000977608248623391
2025,48,"y_km",-0.00341491148810646,0.000248619553262784,-0.00445977767198924,0.000939455934148985
2025,48,"altitud_m",0.00015475811012414,1.61558684872609e-05,-2.36819078897961e-05,1.80069254439045e-05
2011,49,"(Intercept)",-68.237754238972,5.12640287362994,-87.3635881494842,17.4817674553391
2011,49,"temperatura_bilineal_c",1.28955583596719,0.0741303804896254,1.12175898292574,0.247308241531754
2011,49,"radiacion_bilineal_mj_m2_dia",3.84917444985353,0.336047784929601,5.54308717331357,1.12246303196641
2011,49,"altitud_m",-0.000737628502943818,0.000216815605710781,-0.00100030895908536,0.00044612822469219
2012,49,"(Intercept)",-661.538498661208,123.386542683951,30.7729701637137,467.732251170226
2012,49,"temperatura_bilineal_c",13.7013460131604,0.749538647183766,14.5655424185351,2.91592811644529
2012,49,"radiacion_bilineal_mj_m2_dia",29.7538906310527,8.33617989069134,-17.1694950317836,31.5185992517178
2012,49,"altitud_m",-0.00297703778936981,0.00222887668235254,-7.03394642097542e-05,0.00405120540598116
2013,49,"(Intercept)",-1726.40060998071,88.4309461859899,-1264.84924195677,373.692459665262
2013,49,"x_km",-2.5265351664904,0.0677078347697439,-2.33202907910272,0.256678833886273
2013,49,"y_km",0.835333984458772,0.0483667695376666,0.561238791510411,0.212350390967288
2013,49,"radiacion_bilineal_mj_m2_dia",136.012023847216,6.40868727148029,103.022967886008,27.0158620119933
2013,49,"altitud_m",-0.0150678178538384,0.00278270315445278,-0.00738380319934822,0.00453375112312267
2014,49,"(Intercept)",0.127610357941535,0.165181104512599,1.90822480983021,0.845345476199532
2014,49,"temperatura_bilineal_c",0.188733524896921,0.00812831668633575,0.110963723809384,0.0408105955319558
2015,49,"(Intercept)",57.0829421799666,0.570250943387771,63.9240723074462,4.45313963223746
2015,49,"x_km",-0.603106095402053,0.0133995753348657,-0.45525367699787,0.0726013719554325
2015,49,"y_km",0.424507580770275,0.0133855492127871,0.317954854198333,0.0731365228052276
2016,49,"(Intercept)",-99.2526739190448,30.1055079297831,172.408483038773,151.890091169593
2016,49,"x_km",-0.179031487158405,0.0231183329068817,-0.0327500464302898,0.180114504012584
2016,49,"y_km",0.403737536916607,0.0251161758703372,0.282421848488535,0.186580664085572
2016,49,"radiacion_bilineal_mj_m2_dia",12.3705210341373,2.23655592155715,-6.87273747789762,10.9938717753453
2017,49,"(Intercept)",-5.75253607883015,0.573422502717473,-0.535730469800649,3.09882066396858
2017,49,"temperatura_bilineal_c",0.545029498359408,0.0279541588365837,0.34047542394241,0.147351324458167
2018,49,"(Intercept)",-325.385676937951,119.109736589165,-784.393137197809,340.680180944488
2018,49,"x_km",-0.102191662801327,0.0351922446298208,-0.248077493238008,0.0949534973082245
2018,49,"y_km",-0.0669861130400974,0.0170532726178236,-0.021411581233422,0.0481458413000317
2018,49,"radiacion_bilineal_mj_m2_dia",22.0619600294725,7.65457621495399,51.5944828237808,21.8922940549575
2018,49,"altitud_m",-0.00483863700995294,0.00103933512570672,-0.00400682119440135,0.0020816789419993
2019,49,"(Intercept)",-764.20352399104,39.4114915613035,-461.469350745924,152.426077791609
2019,49,"x_km",-0.936562491326667,0.0298818582686405,-0.778930916560899,0.103344128097078
2019,49,"y_km",0.282277967340526,0.0212863550847293,0.170382815380617,0.0835400434714819
2019,49,"radiacion_bilineal_mj_m2_dia",54.1743026081849,2.62386464971598,34.3000793575517,10.139161480327
2019,49,"altitud_m",-0.00222718236339606,0.00121140158441136,0.000500611555345828,0.00194029947359423
2020,49,"(Intercept)",-1005.07781898974,56.5945503415624,-725.488725396849,200.668598548863
2020,49,"x_km",-1.83083617377838,0.0483153586339837,-1.48006381869019,0.162594922986653
2020,49,"y_km",-0.0316853736441361,0.0223032815619464,-0.0895460014441876,0.0803592860703626
2020,49,"radiacion_bilineal_mj_m2_dia",72.5972352991341,3.85569993859275,54.1593303033119,13.6657822403669
2020,49,"altitud_m",0.00557825080579054,0.00142598473515602,0.00283506881122094,0.00270572326749495
2021,49,"(Intercept)",-234.001519842669,7.81689104471415,-167.790269210444,49.6892226697541
2021,49,"temperatura_bilineal_c",14.3724393816331,0.369248483518017,11.6256871328705,2.29427391211737
2022,49,"(Intercept)",-27.7536830501127,2.16765332005461,-14.1714066529631,8.02131887545901
2022,49,"temperatura_bilineal_c",0.300485031601928,0.0491017380880336,0.456193246241269,0.162144151292297
2022,49,"radiacion_bilineal_mj_m2_dia",2.10579258966596,0.168871751261219,0.920675410375572,0.628913681547401
2022,49,"altitud_m",-0.000717232790105886,0.000133467195865624,-0.000503712446238863,0.000278025443275541
2023,49,"(Intercept)",-3.29376736623045,1.38300311513768,-4.56975800380145,5.05689878930946
2023,49,"x_km",-0.0249540441007122,0.00080386828008401,-0.0247944387868902,0.00344010721324226
2023,49,"y_km",-0.00394252644305751,0.000711563076914683,-0.00454581683886475,0.00297092256285116
2023,49,"radiacion_bilineal_mj_m2_dia",0.397543126865856,0.0913478371497085,0.481181881470269,0.332153859969014
2024,49,"(Intercept)",-54.3540989965528,17.5512487902589,-15.2444321291276,83.295406959314
2024,49,"x_km",-0.185870529111023,0.0198703293127918,-0.187628651122543,0.102362950742015
2024,49,"y_km",0.150655375574562,0.0150312238225337,0.206302789810069,0.096550006637371
2024,49,"radiacion_bilineal_mj_m2_dia",4.83969246588787,1.28238167833666,2.52256543033374,5.94478571890509
2024,49,"altitud_m",-0.00277500414979117,0.000907628283571767,-0.00148515129260451,0.00139165538781824
2025,49,"(Intercept)",-13.0968165230123,0.672727329911576,-10.5954623184965,2.25939419653705
2025,49,"temperatura_bilineal_c",0.361889667482305,0.0103040327394091,0.313548687980295,0.0353671705920411
2025,49,"radiacion_bilineal_mj_m2_dia",0.541299407614581,0.0301112138543646,0.458204237098555,0.0997229185993041
2011,50,"(Intercept)",-1380.76640796527,214.379528315345,1186.59780407489,904.122547724355
2011,50,"temperatura_bilineal_c",37.4939458438277,3.4164487621017,-2.92512139811938,15.878575555293
2011,50,"radiacion_bilineal_mj_m2_dia",61.9937068029097,12.5528293643738,-74.8793267465082,51.8420088426159
2011,50,"altitud_m",-0.010551038573773,0.00628573538454091,0.00993245354353288,0.0102844302774833
2012,50,"(Intercept)",-1500.2805975751,93.8317446524922,-1352.64685460917,360.64356047995
2012,50,"x_km",-2.24053852865712,0.090499228346929,-2.13108462366785,0.370848117207659
2012,50,"y_km",0.362063562253012,0.0414334439068655,0.155104883025597,0.177824841948022
2012,50,"radiacion_bilineal_mj_m2_dia",112.692258065852,6.76960974442155,102.908112155709,25.9311246907099
2013,50,"(Intercept)",-212.368416512398,39.2282999951901,29.6488236404803,147.016094168033
2013,50,"x_km",-0.531889677529957,0.0407776160292228,-0.164743105672856,0.168166170397358
2013,50,"y_km",0.328191017428512,0.0335685730763021,0.0954565180392001,0.127590682249891
2013,50,"radiacion_bilineal_mj_m2_dia",16.8243138281337,2.70683750680797,0.668892966969656,10.1237777886727
2014,50,"(Intercept)",-411.286829782305,33.7010558646952,-221.264921665809,173.171519951872
2014,50,"temperatura_bilineal_c",1.56016555154359,0.565156143413355,3.02632168834396,2.4367744063167
2014,50,"radiacion_bilineal_mj_m2_dia",28.3794346974478,2.41199674171916,15.9660410200374,12.5859833458706
2014,50,"altitud_m",0.0100266378742924,0.00153047669489505,-0.00145302834531713,0.00235105439748369
2015,50,"(Intercept)",654.469114129733,39.0001964267238,627.338750201536,187.40878589259
2015,50,"temperatura_bilineal_c",1.36161077649299,0.492705501174408,0.64253831767103,2.55590620298857
2015,50,"radiacion_bilineal_mj_m2_dia",-39.4010609813623,1.84552328338648,-35.8408326329072,8.5770588231086
2015,50,"altitud_m",0.00511448467056888,0.000859549818076452,-2.76727364357287e-05,0.00128169817415855
2016,50,"(Intercept)",4.13299100895132,0.993980189399221,2.75276538207215,3.29022787896155
2016,50,"temperatura_bilineal_c",0.237424934521319,0.0195550889454739,0.250416927376957,0.0578666503915796
2016,50,"radiacion_bilineal_mj_m2_dia",-0.340957788867416,0.0630298920276679,-0.285597336738266,0.208610847367888
2016,50,"altitud_m",-0.000606742111624888,5.64414595197041e-05,-0.000262921345960623,0.000111007551854482
2017,50,"(Intercept)",-381.99160413255,33.4503046853982,-404.49969246756,154.617233937516
2017,50,"temperatura_bilineal_c",2.76622033613205,0.378638712775906,3.47408082728746,1.42418988950125
2017,50,"radiacion_bilineal_mj_m2_dia",23.0317122353639,2.15060709251146,24.4708708305481,9.6673171994297
2017,50,"altitud_m",0.00559760025622117,0.00110866634734375,-0.00184515103393202,0.00176495458336309
2018,50,"(Intercept)",-19.7059786595393,1.85208223475508,-15.7900739469501,6.43846038884244
2018,50,"temperatura_bilineal_c",0.581308454444192,0.0259298066332367,0.495037621440896,0.0963635922676166
2018,50,"radiacion_bilineal_mj_m2_dia",0.730656748334119,0.0921547357542662,0.593844544123819,0.312295271344984
2019,50,"(Intercept)",377.274928261214,86.4453144581925,177.898316468651,321.149456132239
2019,50,"temperatura_bilineal_c",2.97327711937141,0.741959037103876,2.53136237627145,3.04439992546439
2019,50,"radiacion_bilineal_mj_m2_dia",-29.3300870748729,5.29484394949935,-13.5110159723929,19.2635876245111
2019,50,"altitud_m",0.00684061520296133,0.00122474815008994,-0.000675318557463299,0.00204260604172017
2020,50,"(Intercept)",5.6795547971982,0.0823262770530166,6.30930719383457,0.658930001105005
2020,50,"x_km",-0.0329714624545464,0.00193447667943757,-0.0230486291036035,0.010548605176394
2020,50,"y_km",-0.00736572448003985,0.00193245174914047,-0.0204758771750551,0.0106139687582554
2021,50,"(Intercept)",-286.99195170354,17.6079405097303,-149.49410575888,76.2131119802619
2021,50,"x_km",-0.94308737155187,0.0228839827389371,-0.701094469147126,0.093072958480622
2021,50,"y_km",0.251771736746318,0.0125509904967801,0.142105108551808,0.0563545155630588
2021,50,"radiacion_bilineal_mj_m2_dia",30.3189288623985,1.51463710491633,19.3145467091691,6.48865608661952
2021,50,"altitud_m",0.00735683056765181,0.000782729728168263,0.00152744548441282,0.00145759085587497
2022,50,"(Intercept)",-506.41737749887,37.4036888161659,-468.504956944746,152.299002396496
2022,50,"x_km",-0.777995658327952,0.0371686388692557,-0.864907089078852,0.145951996442928
2022,50,"y_km",0.343341352444082,0.02155691353114,0.25484263569553,0.0912057077611493
2022,50,"radiacion_bilineal_mj_m2_dia",37.5413388512871,2.63316706420712,35.2558260609631,10.7214638842651
2022,50,"altitud_m",-0.00191321176187834,0.0010383034751216,0.000200553981653552,0.0017668164941287
2023,50,"(Intercept)",5.23938333572971,0.160898615012584,5.59556568316117,0.511430111230888
2023,50,"x_km",-0.042793265343647,0.00245233931357,-0.0292386890691065,0.00840923834841153
2023,50,"y_km",-0.00732911786029922,0.00181428806927595,-0.00170865118703404,0.00829203950618449
2023,50,"altitud_m",0.000539980502172107,0.000117896597675273,5.15912120492729e-06,9.91074492501346e-05
2024,50,"(Intercept)",5.74660586870557,0.0507083944208228,6.44090951334221,0.384429106216167
2024,50,"x_km",-0.0203674746041758,0.00119152972744818,-0.0132804374134658,0.00636744855850351
2024,50,"y_km",-0.00603085218596232,0.00119028248333784,-0.0119936938128293,0.00640585667608047
2025,50,"(Intercept)",10.4954296044637,0.376028520801919,21.5705955017846,5.38694157166883
2025,50,"x_km",-0.169263412743883,0.00883579860931007,-0.203986029637053,0.0555502640366166
2025,50,"y_km",0.178486280113748,0.00882654966023082,0.191965847432287,0.055280588196825
2011,51,"(Intercept)",640.223304385755,108.791098749003,233.748946585563,450.522332080021
2011,51,"x_km",0.513328659899069,0.120167492291137,0.264623675371801,0.47519172886647
2011,51,"y_km",-0.00533145777824109,0.0646045663422945,-0.261287093607801,0.278572278213062
2011,51,"radiacion_bilineal_mj_m2_dia",-43.002005550181,7.76547914533853,-13.6527820340125,32.0631464309858
2011,51,"altitud_m",0.00973838769698234,0.00389529512499682,0.00883675393945856,0.00681423135089082
2012,51,"(Intercept)",-11.3566371791896,0.921552613754135,-5.22342755955236,4.60979579089463
2012,51,"temperatura_bilineal_c",0.988139328994778,0.0461978861609898,0.690672390832797,0.226540627993947
2013,51,"(Intercept)",-404.177137563443,32.392372160219,-284.517704095979,144.588533568291
2013,51,"x_km",0.137001318272109,0.0387344028224258,0.146992536289544,0.150936888652717
2013,51,"y_km",0.0757641640841007,0.0258873937276761,-0.0613832371459945,0.129164079685665
2013,51,"radiacion_bilineal_mj_m2_dia",33.5327409791827,2.558795326574,25.5663106927069,11.412906932846
2013,51,"altitud_m",0.00627461381461136,0.00158296358368203,-0.00146955689428982,0.00263145601236917
2014,51,"(Intercept)",18.3495633957475,1.00210691760627,17.7045840666395,2.55536880197313
2014,51,"x_km",-0.225658341174205,0.0152736317230207,-0.277716644433969,0.0426695208413688
2014,51,"y_km",0.0676309902094995,0.0112997282457015,0.063647839009221,0.0382263867538889
2014,51,"altitud_m",-0.00148668795381476,0.000734282244029222,0.000532660699214999,0.00126974973851811
2015,51,"(Intercept)",58.6502854441764,1.09687780553944,78.1992361175672,12.4965196246949
2015,51,"x_km",-0.351514043753995,0.0257740858807723,-0.373281575422582,0.169025180479036
2015,51,"y_km",0.56972240775319,0.0257471066321027,0.197891740392258,0.169406013792051
2016,51,"(Intercept)",-298.011994320232,16.1784569004521,-347.2658073652,71.9365420105847
2016,51,"temperatura_bilineal_c",5.09967372498584,0.255447112112784,4.99350585977377,1.00064689474333
2016,51,"radiacion_bilineal_mj_m2_dia",15.875303195768,1.13192499574827,19.5703562314334,4.91269539964803
2016,51,"altitud_m",-0.00284010662857324,0.000769345799465875,-0.000726607010202934,0.00150806048421185
2017,51,"(Intercept)",-3.14109810985456,1.3498809020985,-2.11416618567613,2.73209303883901
2017,51,"temperatura_bilineal_c",0.136650830172527,0.0574937481424175,0.104576583431693,0.119110649899187
2017,51,"altitud_m",0.00059105188287471,0.000168234608456018,0.000414986528031602,0.000288966731168193
2018,51,"(Intercept)",-500.201365695983,27.4781982677177,-247.248949072948,95.7785481109248
2018,51,"temperatura_bilineal_c",9.90700850100279,0.382457729589647,6.03269402135752,1.48006810810112
2018,51,"radiacion_bilineal_mj_m2_dia",21.2800366436102,1.34689214191717,10.5409058516901,4.58017693307056
2018,51,"altitud_m",-0.00162759391554784,0.000577070514178159,0.000148884472162704,0.000932675477183495
2019,51,"(Intercept)",6.66674520963826,0.131186844082511,6.50995388448146,0.414622347860693
2019,51,"x_km",-0.0349876710398693,0.0019994867895013,-0.0374599217126227,0.00688666610014933
2019,51,"y_km",0.0119151351122702,0.00147925901068973,0.0100645090092543,0.00646197883446196
2019,51,"altitud_m",-0.000802431779190633,9.61256414536253e-05,-0.000383365691349925,0.000153577167194063
2020,51,"(Intercept)",-273.792313569786,32.2363329445001,31.6566475634601,125.167079779713
2020,51,"temperatura_bilineal_c",7.87241223423248,0.406437199082944,6.21616060632287,1.5765175748031
2020,51,"radiacion_bilineal_mj_m2_dia",10.141454522109,1.82083704692346,-7.74948239697665,6.86514587280163
2020,51,"altitud_m",-0.00843961092210639,0.00105153230691963,-0.00170203804202759,0.000995830298024599
2021,51,"(Intercept)",6.18243719676502,0.420971189549746,19.3142688419534,5.30070812720756
2021,51,"x_km",-0.208584187049328,0.00989184714832479,-0.118941137262949,0.0673380357919949
2021,51,"y_km",0.123225903906296,0.00988149277124808,0.252533461007566,0.06755455475367
2022,51,"(Intercept)",-253.850335874935,28.4599774408282,-177.216799165863,112.616898214867
2022,51,"x_km",-0.558324702769739,0.0348910871266379,-0.422440432439665,0.149590644296086
2022,51,"y_km",0.202080200905481,0.0268165175390409,0.0974848303882836,0.112269131731231
2022,51,"radiacion_bilineal_mj_m2_dia",18.0168231484436,1.91780446506156,13.1541885968042,7.53913122945647
2024,51,"(Intercept)",-30.017787097971,2.2827824201727,-7.78904174313192,11.5539936858338
2024,51,"temperatura_bilineal_c",0.936769186687999,0.0300927528537407,0.739415987906353,0.145322286255025
2024,51,"radiacion_bilineal_mj_m2_dia",1.36478775389605,0.151004506993816,0.0634238699139329,0.732791012388172
2024,51,"altitud_m",-0.000200969255814972,8.70127216724001e-05,9.4224532722791e-05,0.000147114964867042
2025,51,"(Intercept)",33.9583078913075,1.77980291260718,41.0483451350348,7.90453565361161
2025,51,"x_km",-0.275135465986404,0.0271269000833325,-0.120543469818071,0.116117331215636
2025,51,"y_km",0.233381167873782,0.0200690055023359,0.26738022539829,0.111904169936659
2025,51,"altitud_m",0.00864047170197728,0.00130412998217863,0.00272115875807369,0.00189630200513391
2011,52,"(Intercept)",15.6847996642221,0.947175280932368,15.0957258739491,7.26578274991954
2011,52,"x_km",0.0222693902950125,0.0222564235611364,0.114047869096913,0.11002271667118
2011,52,"y_km",-0.0544046887147449,0.0222331264561088,-0.0768079096943735,0.111390457672591
2012,52,"(Intercept)",21.3662781714239,2.26022480019805,42.6031307436679,12.703687548859
2012,52,"x_km",-0.362529627906366,0.0344492594581878,-0.452028160014604,0.157062304164954
2012,52,"y_km",0.296934439660208,0.0254862286326096,0.484755720014519,0.153853917570529
2012,52,"altitud_m",-0.0033116744086632,0.00165615355920735,-0.00404695660506415,0.00158966613450737
2013,52,"(Intercept)",41.9284146115863,2.59311748857057,40.300562687232,9.68282424688698
2013,52,"x_km",0.0436255079938275,0.0395230497256308,0.0870790421150938,0.142617227975737
2013,52,"y_km",0.127859051835121,0.0292399168344391,0.0588466762467958,0.131861868583947
2013,52,"altitud_m",0.00234465255738765,0.0019000768232269,0.00201652068693527,0.00351079842377957
2014,52,"(Intercept)",5.90531976616798,0.533589311902515,8.68741864169917,3.76267249080489
2014,52,"x_km",-0.0716534743614796,0.0081327116878971,-0.0456712872445146,0.0417060872401403
2014,52,"y_km",0.0570976798763818,0.00601673744924517,-0.0159063843611155,0.0404658954059485
2014,52,"altitud_m",-0.00151510412927856,0.000390981391755774,-6.87508953478604e-05,0.000565070178742024
2015,52,"(Intercept)",109.502362589335,29.7540712661821,423.82165584323,112.240244558253
2015,52,"x_km",-0.406608684746886,0.0325514462291569,-0.00969935302505353,0.116068201455726
2015,52,"y_km",0.385732112980712,0.0236024207192461,0.107024744259387,0.0914057465443131
2015,52,"radiacion_bilineal_mj_m2_dia",-4.40298328956234,1.63841672112362,-21.224182913095,6.19478657920368
2015,52,"altitud_m",0.00255937064657417,0.00102387475880879,-0.00124138040722487,0.000972688028230135
2016,52,"(Intercept)",-221.227247039314,16.092121151989,-29.5818526004299,68.3498178032627
2016,52,"x_km",-0.360987968952357,0.0199783875979797,-0.419808186891931,0.0723723537482183
2016,52,"y_km",0.212045445524094,0.0186461986661296,0.0756105326851504,0.0827067533055477
2016,52,"radiacion_bilineal_mj_m2_dia",19.1981850670192,1.11372572879738,6.4863113043776,4.71954009660713
2016,52,"altitud_m",0.00608070733834836,0.00096127298684864,0.00340024754174009,0.00162595586102031
2017,52,"(Intercept)",189.095724618427,39.4402408117502,259.084690066523,147.091162607584
2017,52,"x_km",-0.185297458315358,0.0145025833477131,-0.116328448157667,0.064224333180396
2017,52,"y_km",0.239826820278735,0.0211190107975508,0.203028001078221,0.0811365658522896
2017,52,"radiacion_bilineal_mj_m2_dia",-13.3680879344327,3.10050268282017,-18.839670262108,11.5585076614443
2018,52,"(Intercept)",-10.5248336749868,15.2269086675985,62.56687633245,46.3302580860339
2018,52,"x_km",-0.0898829025356182,0.0168371755620971,-0.0305707507705631,0.0477450251028322
2018,52,"y_km",0.0429173819696362,0.013059661067176,0.00719411650080093,0.0392114250122728
2018,52,"radiacion_bilineal_mj_m2_dia",1.35851331113638,0.902833139698483,-2.93974752593708,2.74591471663231
2018,52,"altitud_m",0.00690385765757793,0.000607201793145967,0.00551952034332529,0.00119494607092028
2019,52,"(Intercept)",5.74721340374323,0.0422203099346994,5.60544108887482,0.297831228819182
2019,52,"x_km",-0.0323115816636914,0.000992079417300819,-0.0327117282870782,0.00509294925922425
2019,52,"y_km",0.00345893678069006,0.000991040949538152,0.0123316026376361,0.00511910869696236
2020,52,"(Intercept)",-45.4835090699728,3.80602604702239,-6.01403598654077,15.9881134504809
2020,52,"temperatura_bilineal_c",0.582552026324113,0.0222295660497044,0.338795603725279,0.117259307056264
2020,52,"radiacion_bilineal_mj_m2_dia",3.01748562662657,0.25345518864407,0.617316607932939,1.0440061725308
2021,52,"(Intercept)",-201.782051837273,39.7627217819671,339.965406553001,154.434847750756
2021,52,"x_km",-0.374831077728675,0.0327020384650513,0.209358561519428,0.162700664289242
2021,52,"y_km",0.366972455411932,0.0313413625716818,-0.167786237035238,0.13975898479463
2021,52,"radiacion_bilineal_mj_m2_dia",16.121785521526,2.89796683969909,-23.0754268938136,11.0911042368739
2022,52,"(Intercept)",-231.195179834738,26.4723420908069,-46.6945237576633,113.897540751928
2022,52,"temperatura_bilineal_c",4.87080997059175,0.438419431686099,1.98234879733888,2.01375868955269
2022,52,"radiacion_bilineal_mj_m2_dia",11.3286296405544,1.33754670965925,2.90199457000258,5.43204339351935
2022,52,"altitud_m",0.00111349724509321,0.000766085986884793,-0.00126236834676486,0.00117749922668994
2023,52,"(Intercept)",-8.43137738277787,0.447172198135632,-6.13840356318037,1.87473143413148
2023,52,"temperatura_bilineal_c",0.0600486324146144,0.00703817795748664,0.0931649298865977,0.0283932648763732
2023,52,"radiacion_bilineal_mj_m2_dia",0.784946333035713,0.0383137004689784,0.575503669075955,0.157043923960889
2024,52,"(Intercept)",-767.125619451825,100.960043232852,-884.495763692807,389.35272009154
2024,52,"temperatura_bilineal_c",10.2167700394697,1.13843000369913,13.9186340449361,5.05077216588176
2024,52,"radiacion_bilineal_mj_m2_dia",49.7101150049582,6.6301603043782,55.6540712525787,24.6478678063595
2024,52,"altitud_m",-0.00334686439391206,0.00214376483344985,-0.00309072514996051,0.00351148605850555
2025,52,"(Intercept)",48.1013753439098,2.35859425577612,56.1769814444746,9.83698469135797
2025,52,"x_km",-0.472788455370139,0.0359485593940493,-0.229638410788125,0.143306106241504
2025,52,"y_km",0.138731045804477,0.0265954397319251,-0.058431929668731,0.1373635742263
2025,52,"altitud_m",0.00355369074011031,0.00172823263911066,-0.0013186850772255,0.00262986798162672
