"anio","semana","n_celdas","estado","escala","modelo","formula","vif_max","MAE","RMSE","sesgo","R2","moran_I","moran_p","familia","nugget","psill","range_km","SSE","tipo_kriging","RMSE_mcg_kriging","MAE_mcg_kriging","sesgo_mcg_kriging","R2_predictivo_mcg_kriging","n_validacion_kriging","cobertura95_escala","validacion"
2011,1,686,"FINAL_KRIGING","original","MTRA",".respuesta ~ temperatura_bilineal_c + radiacion_bilineal_mj_m2_dia +      altitud_m",1.92360116804866,29.3471958458573,44.9287083934434,-0.0100747384079993,0.789541945200138,0.719006064641226,0.005,"exponencial",376.876934831368,2300.62912731765,74.7952306310554,99023.8661414027,"universal",23.5370844357534,14.1040329316856,-0.0163329829744534,0.942240554508428,686,0.925655976676385,"LOO_condicional_covarianza_fija"
2012,1,686,"FINAL_KRIGING","raiz","Mxy_RA",".respuesta ~ x_km + y_km + radiacion_bilineal_mj_m2_dia + altitud_m",3.49153103832385,29.3540084732447,53.0000164989079,-4.1955422956415,0.708709946598059,0.82952761215738,0.005,"exponencial",0,4.53410067614215,29.0610176481588,0.366084456255452,"universal",19.4847305569829,9.54831581641634,-0.529859818785577,0.960630268340704,686,0.959183673469388,"LOO_condicional_covarianza_fija"
2013,1,686,"FINAL_KRIGING","raiz","Mxy_alt",".respuesta ~ x_km + y_km + altitud_m",3.06984852824171,9.12709761086579,17.0252237125508,-4.063578312252,0.647159581036195,0.821228430417255,0.005,"esferico",0.129511310718935,4.02422476738883,68.3493614869032,0.442590241586656,"universal",5.42651468158543,2.65818306458973,-0.560557702028176,0.964154500281887,686,0.93002915451895,"LOO_condicional_covarianza_fija"
2014,1,686,"FINAL_KRIGING","original","Mxy",".respuesta ~ x_km + y_km",1.3544415662,9.34902516357808,13.4169645067181,-0.0126279317161232,0.409492965248939,0.877662131612787,0.005,"esferico",4.50448344594756,182.591975568663,76.0709083131269,336.458665870939,"universal",3.83938265530441,2.0236641184599,0.00657658813814437,0.951645228967817,686,0.951895043731778,"LOO_condicional_covarianza_fija"
2015,1,686,"FINAL_KRIGING","original","Mxy",".respuesta ~ x_km + y_km",1.3544415662,2.64711156805192,3.65694303581815,-0.00345082877971931,0.421015402334085,0.792369253688259,0.005,"esferico",1.03398767005801,16.1990335080998,119.682561082714,3.47163446360535,"universal",1.54829390650001,0.53309351790952,-0.0137689950250027,0.896214321466886,686,0.947521865889213,"LOO_condicional_covarianza_fija"
2016,1,686,"FINAL_KRIGING","raiz","MTRA",".respuesta ~ temperatura_bilineal_c + radiacion_bilineal_mj_m2_dia +      altitud_m",2.54020287144912,13.2137388267694,17.6087582341781,-1.55969551249792,0.611772161938537,0.789596832854738,0.005,"exponencial",0.108462577360776,1.98695341660713,47.7963769322427,0.0124968860165641,"universal",6.76514869695275,5.04889749886347,-0.352179995336469,0.942696136241515,686,0.966472303206997,"LOO_condicional_covarianza_fija"
2017,1,686,"FINAL_KRIGING","original","Mxy_alt",".respuesta ~ x_km + y_km + altitud_m",3.06984852824171,23.0510711779032,31.517787175563,-0.0444309547094305,0.271976730629956,0.788874766180265,0.005,"esferico",114.78948987326,1015.73871111599,75.1225967828927,69892.5921367074,"universal",13.7456179049394,9.17182732738238,0.00142996799817927,0.861527874604735,686,0.948979591836735,"LOO_condicional_covarianza_fija"
2018,1,686,"FINAL_KRIGING","original","Mxy_RA",".respuesta ~ x_km + y_km + radiacion_bilineal_mj_m2_dia + altitud_m",3.07121161187562,22.8577251388414,30.015342291636,-0.000864562667647334,0.532441895619362,0.875543502588762,0.005,"esferico",47.4824485284627,1037.0456238617,106.357643632487,1584.49411163697,"universal",9.44581432762692,6.7494955778874,-0.0051226984981647,0.953695009691926,686,0.965014577259475,"LOO_condicional_covarianza_fija"
2019,1,686,"FINAL_KRIGING","raiz","MTRA",".respuesta ~ temperatura_bilineal_c + radiacion_bilineal_mj_m2_dia +      altitud_m",3.41699493055683,15.2838056911119,18.9664993463028,-1.24054246904078,0.710840761099617,0.800338854414824,0.005,"esferico",0.0175719436986693,1.23364409669113,50.4256807578947,0.282404398579982,"universal",7.87487324055335,5.86314910883359,-0.195925468508762,0.950151756948372,686,0.916909620991254,"LOO_condicional_covarianza_fija"
2020,1,686,"FINAL_KRIGING","raiz","Mxy_alt",".respuesta ~ x_km + y_km + altitud_m",3.06984852824171,7.75693360198772,11.0409975833549,-2.72235428799221,0.605153585406423,0.648024301077918,0.005,"esferico",0.427026166067277,2.26142342906026,36.2859743397127,0.0898534819046183,"universal",4.98047278540827,3.18252968642023,-0.957787373475106,0.919656136508532,686,0.938775510204082,"LOO_condicional_covarianza_fija"
2021,1,686,"FINAL_KRIGING","log1p","Mxy_RA",".respuesta ~ x_km + y_km + radiacion_bilineal_mj_m2_dia + altitud_m",4.02034844765581,20.7708066100731,29.282856070888,-7.02209248819959,0.506800344194671,0.677587822429076,0.005,"esferico",0.111342923003098,0.596324419279809,52.1484051838662,0.0562887124693593,"universal",16.0173954101195,10.7830501285659,-2.32760631653724,0.852436246797948,686,0.950437317784257,"LOO_condicional_covarianza_fija"
2022,1,686,"FINAL_KRIGING","raiz","MTRA",".respuesta ~ temperatura_bilineal_c + radiacion_bilineal_mj_m2_dia +      altitud_m",6.65438392132524,18.9117461676343,23.535065376948,-1.97533665335934,0.578329151805583,0.767841674665951,0.005,"esferico",0,1.98110692391014,43.1730209001838,0.385926319922181,"universal",11.0593538639,8.31420092575976,-0.454455297885732,0.906888726191079,686,0.908163265306122,"LOO_condicional_covarianza_fija"
2023,1,686,"FINAL_KRIGING","raiz","Mxy_RA",".respuesta ~ x_km + y_km + radiacion_bilineal_mj_m2_dia + altitud_m",9.84668172761635,19.6460578490716,26.4247164263275,-3.84421811600968,0.208588173662013,0.859098544444466,0.005,"gaussiano",0.690035372797816,3.72285889034306,38.9482416292756,0.220121249132708,"universal",8.40501623824639,6.51171178635387,-0.736950015973569,0.919932000354237,686,0.9533527696793,"LOO_condicional_covarianza_fija"
2024,1,686,"FINAL_KRIGING","original","Mxy_R",".respuesta ~ x_km + y_km + radiacion_bilineal_mj_m2_dia",3.05691848658146,14.3086214336212,22.3977467007102,-0.0133075834919316,0.0860777703139747,0.616907867682986,0.005,"exponencial",201.734732399334,410.269294221998,73.6063805806199,4648.66875359626,"universal",14.6597351095483,7.96935302099854,-0.010985246440033,0.608481012139712,686,0.93002915451895,"LOO_condicional_covarianza_fija"
2025,1,686,"FINAL_KRIGING","original","MTRA",".respuesta ~ temperatura_bilineal_c + radiacion_bilineal_mj_m2_dia +      altitud_m",1.97664395491044,15.131738313458,18.2833999197683,-0.00366977857946541,0.145704806680979,0.656180012129752,0.005,"esferico",84.5136037025436,264.382537163977,63.7015108684308,1372.32033571508,"universal",10.8328239220957,7.37128485804813,-0.034112602634027,0.700099345626213,686,0.940233236151603,"LOO_condicional_covarianza_fija"
2011,2,686,"FINAL_KRIGING","original","Mxy_RA",".respuesta ~ x_km + y_km + radiacion_bilineal_mj_m2_dia + altitud_m",8.16660942408533,20.3861764666203,25.9397481913377,-0.0192424437306365,0.37827359301208,0.746156558455247,0.005,"esferico",115.069317384014,646.097717591125,73.254833543259,12222.1585893578,"universal",12.6465683847353,9.0836584060632,0.0124632799345764,0.852220839335121,686,0.957725947521866,"LOO_condicional_covarianza_fija"
2012,2,686,"FINAL_KRIGING","raiz","Mxy",".respuesta ~ x_km + y_km",1.3544415662,24.2525233422837,35.7278848695199,-3.1065015134328,0.668025777811977,0.911715296863141,0.005,"gaussiano",0.0619923232059877,3.64808927277988,39.054301766455,2.12473542832576,"universal",13.5207291725277,6.45908416322402,-0.264754066608609,0.952456628406192,686,0.835276967930029,"LOO_condicional_covarianza_fija"
2013,2,686,"REVISAR_COVARIANZA","raiz","MRA",".respuesta ~ radiacion_bilineal_mj_m2_dia + altitud_m",1.49708557116845,29.3327406382047,42.5109909870104,-5.19381355976267,0.682794538400082,0.944422198205449,0.005,"gaussiano",0,5.93567834366905,35.1938475653648,3.72966098155973,NA,NA,NA,NA,NA,NA,NA,NA
2014,2,686,"FINAL_KRIGING","original","Mxy_R",".respuesta ~ x_km + y_km + radiacion_bilineal_mj_m2_dia",1.89416586274666,13.0385082908113,16.9832840219563,0.00446975463200493,0.719687121496303,0.808427821609452,0.005,"esferico",0,304.264386215337,42.9705463336835,14977.6252667762,"universal",5.60842785940942,4.15991746275015,-0.0316076079794015,0.969430947219032,686,0.978134110787172,"LOO_condicional_covarianza_fija"
2015,2,686,"FINAL_KRIGING","raiz","Mxy_alt",".respuesta ~ x_km + y_km + altitud_m",3.06984852824171,4.29338530266337,5.97901688536303,-1.54720140344271,0.811270915453763,0.790479207800977,0.005,"exponencial",0.129938201107732,1.62672329941828,35.6253387121686,0.0703021389562964,"universal",2.67553949412423,1.54949744648502,-0.350892823496505,0.962207814677783,686,0.941690962099125,"LOO_condicional_covarianza_fija"
2016,2,686,"FINAL_KRIGING","original","MTR",".respuesta ~ temperatura_bilineal_c + radiacion_bilineal_mj_m2_dia",1.2068529743886,26.5863502373292,35.5116837679486,0.0234102269534811,0.6863998954495,0.888086499161648,0.005,"exponencial",0,1781.57037330087,59.0991006973271,62511.5319462782,"universal",10.1652109000586,7.18110866463501,-0.0309982859284942,0.974303944803532,686,0.963556851311953,"LOO_condicional_covarianza_fija"
2017,2,686,"FINAL_KRIGING","raiz","MTR",".respuesta ~ temperatura_bilineal_c + radiacion_bilineal_mj_m2_dia",1.16165327838318,10.0189892151458,13.559285409935,-0.874935972291238,0.614810453536792,0.77746682414752,0.005,"esferico",0.0805316289683412,0.860565602418527,58.2220601607577,0.0194470214637443,"universal",5.84120166093621,4.10315173295208,-0.212166699195262,0.928516585683321,686,0.954810495626822,"LOO_condicional_covarianza_fija"
2018,2,686,"FINAL_KRIGING","original","MTRA",".respuesta ~ temperatura_bilineal_c + radiacion_bilineal_mj_m2_dia +      altitud_m",4.40084595558411,21.1878436933284,26.7072404554866,-0.0206385087053446,0.0770276715259033,0.790106452553488,0.005,"esferico",21.0216196508444,732.172258623297,56.4299822064287,55731.8306488095,"universal",10.6847781352521,7.82045411720665,-0.0297124272209286,0.852272392308671,686,0.946064139941691,"LOO_condicional_covarianza_fija"
2019,2,686,"FINAL_KRIGING","original","MTRA",".respuesta ~ temperatura_bilineal_c + radiacion_bilineal_mj_m2_dia +      altitud_m",9.79704549457041,8.62577516102881,10.9658508826265,-0.00329616638737633,0.672181823536781,0.754340146001665,0.005,"esferico",7.57789819238394,117.714175155532,52.7128271979214,267.312255675505,"universal",4.82566085361763,3.45359406820161,-0.0307513486105661,0.936516340825529,686,0.944606413994169,"LOO_condicional_covarianza_fija"
2020,2,686,"FINAL_KRIGING","original","Mxy_alt",".respuesta ~ x_km + y_km + altitud_m",3.06984852824171,0.1259094732666,0.510142721605325,-0.000220340593354391,0.0167913835271315,0.0947302432779176,0.03,"gaussiano",0.0692279143404712,0.764154430276749,160.636333240137,0.0184433420369482,"universal",0.491508590463076,0.10299578214767,-0.000423462590637036,0.0873074369583111,686,0.962099125364432,"LOO_condicional_covarianza_fija"
2021,2,686,"FINAL_KRIGING","original","Mxy_RA",".respuesta ~ x_km + y_km + radiacion_bilineal_mj_m2_dia + altitud_m",3.1396566415494,23.8128829314389,32.0690397671502,0.00424110263335153,0.177602742655535,0.726083166429688,0.005,"esferico",193.332128616783,937.37454296351,69.3363945039832,43837.8532542646,"universal",16.8277988295054,11.9786724870589,-0.0382590776153498,0.773554150996552,686,0.9533527696793,"LOO_condicional_covarianza_fija"
2022,2,686,"FINAL_KRIGING","original","Mxy",".respuesta ~ x_km + y_km",1.3544415662,13.5718721649817,17.837001617504,-0.00105200404590026,0.451360718392029,0.716531792482786,0.005,"exponencial",43.6084326919699,319.617153334693,35.3932669093624,918.01387799553,"universal",9.08448742887409,6.4341395351147,0.0179646705237382,0.857687170903777,686,0.947521865889213,"LOO_condicional_covarianza_fija"
2023,2,686,"FINAL_KRIGING","original","Mxy",".respuesta ~ x_km + y_km",1.3544415662,17.1480306865361,22.1027292557243,0.0051218581530586,0.134742893860645,0.774607748022472,0.005,"esferico",25.6081913374798,527.648373714202,63.0674352976516,108552.474441866,"universal",9.47775211151895,6.98009553947707,-0.0612552937139993,0.840902242512701,686,0.947521865889213,"LOO_condicional_covarianza_fija"
2024,2,686,"FINAL_KRIGING","original","Mxy_R",".respuesta ~ x_km + y_km + radiacion_bilineal_mj_m2_dia",5.52347059017052,9.31186482721642,11.8200439305802,0.000454471663371274,0.395368118357071,0.739767060120006,0.005,"esferico",10.512167784057,147.766607009195,98.979461312619,590.075094892003,"universal",5.97765993082789,3.55898736377293,-0.019597513901201,0.845362339442424,686,0.902332361516035,"LOO_condicional_covarianza_fija"
2025,2,686,"FINAL_KRIGING","original","Mxy_R",".respuesta ~ x_km + y_km + radiacion_bilineal_mj_m2_dia",9.74343210679391,8.55174080551504,11.2938941568755,-0.00644718648079127,0.389078926447735,0.613180423163456,0.005,"exponencial",31.4399918752743,106.402171574518,31.3210341037344,268.80862895166,"universal",6.92744413017174,4.57445792746817,-0.0231977576788025,0.770150404735035,686,0.956268221574344,"LOO_condicional_covarianza_fija"
2011,3,686,"FINAL_KRIGING","raiz","Mxy_alt",".respuesta ~ x_km + y_km + altitud_m",3.06984852824171,20.5202894529689,31.036109491288,-5.07674062474444,0.796494320977027,0.830961436254078,0.005,"esferico",0.12094388168082,5.43317633504336,67.9192039800529,1.46192230320877,"universal",11.422831349901,7.0375159915393,-0.745333014777345,0.972432999631559,686,0.941690962099125,"LOO_condicional_covarianza_fija"
2012,3,686,"FINAL_KRIGING","log1p","MRA",".respuesta ~ radiacion_bilineal_mj_m2_dia + altitud_m",1.30997027947909,16.4964195755173,34.1410931477423,-8.13835870561151,0.622911906355421,0.670676893032933,0.005,"exponencial",0.113343015030225,0.455695211590429,53.8619756690429,0.00180269848006919,"universal",6.66568935478984,3.70871857384609,-0.961956163244676,0.985625984287187,686,0.943148688046647,"LOO_condicional_covarianza_fija"
2013,3,686,"FINAL_KRIGING","raiz","MTRA",".respuesta ~ temperatura_bilineal_c + radiacion_bilineal_mj_m2_dia +      altitud_m",4.39443190203542,5.38413966325677,9.67462067530095,-2.41064344136848,0.662320022527044,0.663406003352996,0.005,"exponencial",0.160173028434086,2.33115464052081,19.6982240042182,0.227729204651295,"universal",4.77758529717697,1.995666474656,-0.746973857256999,0.917651760868239,686,0.925655976676385,"LOO_condicional_covarianza_fija"
2014,3,686,"FINAL_KRIGING","raiz","MTA",".respuesta ~ temperatura_bilineal_c + altitud_m",1.87218517038677,7.79268516213264,11.3334797384909,-1.91921533304845,0.858031975909663,0.863821896933693,0.005,"esferico",0,2.20952442760655,75.8945056019964,0.227087640644437,"universal",3.1744574963308,1.91640862377444,-0.218429045809952,0.9888621073968,686,0.948979591836735,"LOO_condicional_covarianza_fija"
2015,3,686,"FINAL_KRIGING","original","MTRA",".respuesta ~ temperatura_bilineal_c + radiacion_bilineal_mj_m2_dia +      altitud_m",1.91021719224793,15.5411506410303,20.1632188473592,0.021685594701312,0.724655703164324,0.859097013189363,0.005,"esferico",18.4529773859459,425.423442002835,77.4806309030733,553.384028430311,"universal",6.64078722831572,4.83809384404955,-0.0522377182713596,0.97013273268963,686,0.965014577259475,"LOO_condicional_covarianza_fija"
2016,3,686,"FINAL_KRIGING","original","Mxy_R",".respuesta ~ x_km + y_km + radiacion_bilineal_mj_m2_dia",9.97124164938025,4.75619820177282,6.72766846731526,-0.000516165530299379,0.0769676244529458,0.717297542861974,0.005,"exponencial",0,45.9145174582967,17.1355322393582,6.461727249414,"universal",3.30761049333084,1.4461211960668,0.00396978198889333,0.776891306563167,686,0.934402332361516,"LOO_condicional_covarianza_fija"
2017,3,686,"FINAL_KRIGING","original","MTRA",".respuesta ~ temperatura_bilineal_c + radiacion_bilineal_mj_m2_dia +      altitud_m",6.67258835886733,14.7625754313853,18.2070802192892,0.00060070095448532,0.542531703547728,0.788131835500646,0.005,"esferico",0,338.879690836579,48.1140648164317,8380.83175543361,"universal",7.07514815842467,5.1485462358957,-0.0484899057765238,0.930920136945261,686,0.938775510204082,"LOO_condicional_covarianza_fija"
2018,3,686,"FINAL_KRIGING","original","MTRA",".respuesta ~ temperatura_bilineal_c + radiacion_bilineal_mj_m2_dia +      altitud_m",4.32533503621787,10.9959809107783,14.7031612243806,0.00265201759149273,0.401988917330486,0.626838103353144,0.005,"exponencial",5.39484969457797,217.866189400178,13.9477185055765,1779.03422293291,"universal",8.48830185354459,5.93663010593588,-0.0214320353389625,0.800689846263169,686,0.925655976676385,"LOO_condicional_covarianza_fija"
2019,3,686,"FINAL_KRIGING","log1p","MTRA",".respuesta ~ temperatura_bilineal_c + radiacion_bilineal_mj_m2_dia +      altitud_m",1.85933420727326,5.47763029787207,7.6453020565426,-1.72749275495532,0.718293059265474,0.434308899617817,0.005,"esferico",0.252779643750496,0.282491723086695,36.7777294505506,0.0111943515866582,"universal",4.36835618032454,2.84540280115323,-0.981825070543587,0.908030392251618,686,0.902332361516035,"LOO_condicional_covarianza_fija"
2020,3,686,"FINAL_KRIGING","raiz","MTA",".respuesta ~ temperatura_bilineal_c + altitud_m",1.83047005283399,5.68903011015142,9.30934892996663,-1.23520200377296,0.763442101920163,0.602220648129345,0.005,"exponencial",0.137898846861122,1.06685666520161,16.3738706385447,0.014975123492926,"universal",4.50517192182559,2.64093519557778,-0.506573929031831,0.944598493712537,686,0.946064139941691,"LOO_condicional_covarianza_fija"
2021,3,686,"FINAL_KRIGING","original","Mxy_RA",".respuesta ~ x_km + y_km + radiacion_bilineal_mj_m2_dia + altitud_m",7.70226694008459,9.76173891080555,14.4326928794984,-0.013469794094258,0.289650269888192,0.746004761085893,0.005,"exponencial",15.7575456124989,201.069036877064,30.4024245165148,1074.10503141428,"universal",7.00364956301254,3.86234432286766,-0.00190888788727118,0.832726827274999,686,0.940233236151603,"LOO_condicional_covarianza_fija"
2022,3,686,"FINAL_KRIGING","original","MTRA",".respuesta ~ temperatura_bilineal_c + radiacion_bilineal_mj_m2_dia +      altitud_m",4.2626221394089,4.82764303561489,7.36637484943681,-0.00430793386303325,0.0657366246125736,0.607512015452473,0.005,"esferico",14.0462015105078,45.4142155276609,98.7527376784718,89.1119647145732,"universal",4.88876852659833,2.52054899253289,-0.0034241327497161,0.588508712781794,686,0.93731778425656,"LOO_condicional_covarianza_fija"
2023,3,686,"FINAL_KRIGING","original","MTRA",".respuesta ~ temperatura_bilineal_c + radiacion_bilineal_mj_m2_dia +      altitud_m",1.92469780822589,18.1597684468498,22.5340455886241,-0.0114676906463797,0.520152219443027,0.754430598749685,0.005,"esferico",42.5544400851984,483.266285083749,51.8368870876842,17543.4738911188,"universal",10.2899042741111,7.49529802539313,0.0213517055932317,0.899942920507603,686,0.944606413994169,"LOO_condicional_covarianza_fija"
2024,3,686,"FINAL_KRIGING","original","Mxy_R",".respuesta ~ x_km + y_km + radiacion_bilineal_mj_m2_dia",8.34372066179671,8.8790404816777,12.4231777538304,-0.0120908490866281,0.644295424996217,0.79346009252404,0.005,"esferico",17.2378360622562,152.003858446464,87.1417110781258,314.791028396322,"universal",5.11076110952321,3.44832996080824,-0.0159169131502339,0.939800176876265,686,0.93731778425656,"LOO_condicional_covarianza_fija"
2025,3,686,"FINAL_KRIGING","original","Mxy_R",".respuesta ~ x_km + y_km + radiacion_bilineal_mj_m2_dia",2.32963703899378,4.61489667082842,6.69711503596139,-0.00145417223456116,0.219989893449263,0.734965249505755,0.005,"exponencial",1.87618101755715,43.4775643619144,27.2509174477229,40.4405102603819,"universal",3.00440392125396,1.4451270201048,-0.00342944597575671,0.84302107437065,686,0.948979591836735,"LOO_condicional_covarianza_fija"
2011,4,686,"FINAL_KRIGING","original","Mxy_alt",".respuesta ~ x_km + y_km + altitud_m",3.06984852824171,13.4408916947869,20.6357852896043,-0.00936118122751912,0.12096405765823,0.852624016622416,0.005,"esferico",61.908089239273,367.783526461903,101.341944833313,11185.5007417266,"universal",7.09622771164854,3.36807971938325,-0.00739407896940765,0.896051142976196,686,0.966472303206997,"LOO_condicional_covarianza_fija"
2012,4,686,"FINAL_KRIGING","raiz","Mxy_RA",".respuesta ~ x_km + y_km + radiacion_bilineal_mj_m2_dia + altitud_m",3.92283108855457,39.927290001537,54.3808708556238,-5.41535953391467,0.477655208831429,0.925354051268595,0.005,"gaussiano",0.62300268175305,6.21837089349891,52.2095386389139,0.344578976528886,"universal",15.0884406478851,10.849089505327,-0.579782345016176,0.959788185561841,686,0.97667638483965,"LOO_condicional_covarianza_fija"
2013,4,686,"FINAL_KRIGING","original","MTRA",".respuesta ~ temperatura_bilineal_c + radiacion_bilineal_mj_m2_dia +      altitud_m",2.67778133682373,10.5816747708111,14.9160155799175,-0.0120171331091377,0.878981840365028,0.831634278325664,0.005,"gaussiano",19.6454898934144,206.695925954211,21.0626372772521,4012.47020725532,"universal",5.03262817749341,3.25887161041488,-0.0148057705598929,0.986223637012379,686,0.922740524781341,"LOO_condicional_covarianza_fija"
2014,4,686,"FINAL_KRIGING","raiz","MTRA",".respuesta ~ temperatura_bilineal_c + radiacion_bilineal_mj_m2_dia +      altitud_m",2.45116450972924,9.24939741343367,12.4435175178296,-0.741701481981222,0.93050849842639,0.720272955390108,0.005,"exponencial",0,0.761502754431807,19.6335264567862,0.0154214469962394,"universal",6.35100538104351,4.21634812949684,-0.221520250361646,0.98189784286775,686,0.962099125364432,"LOO_condicional_covarianza_fija"
2015,4,686,"FINAL_KRIGING","original","Mxy_R",".respuesta ~ x_km + y_km + radiacion_bilineal_mj_m2_dia",2.95822574374671,11.7581170836001,14.7969005760481,-0.00594369259870189,0.767944664555174,0.762361826703687,0.005,"esferico",3.80687983411017,221.32266088354,44.2665546776368,4727.90205588765,"universal",6.42331370566664,4.5003099637308,0.00949286582763661,0.956271124188106,686,0.928571428571429,"LOO_condicional_covarianza_fija"
2016,4,686,"FINAL_KRIGING","original","Mxy_RA",".respuesta ~ x_km + y_km + radiacion_bilineal_mj_m2_dia + altitud_m",8.48394136016788,10.8197236299806,15.9629201283992,-0.0155457323352936,0.509867623860417,0.832754360296107,0.005,"exponencial",0,300.352592772082,33.0812169887082,667.689273290514,"universal",5.54919181461834,2.23295678413669,0.0194686107926677,0.940769120155299,686,0.944606413994169,"LOO_condicional_covarianza_fija"
2017,4,686,"FINAL_KRIGING","original","Mxy_RA",".respuesta ~ x_km + y_km + radiacion_bilineal_mj_m2_dia + altitud_m",7.94143194133906,17.978204653436,22.805192244462,-0.028153250605422,0.306777755330603,0.864131251553372,0.005,"exponencial",0,574.594129119137,33.9515340702954,4178.60871453608,"universal",7.07381359187742,4.82335052382398,-0.00373380599222794,0.933302088166014,686,0.969387755102041,"LOO_condicional_covarianza_fija"
2018,4,686,"FINAL_KRIGING","raiz","Mxy_alt",".respuesta ~ x_km + y_km + altitud_m",3.06984852824171,11.6517372274115,17.1770440419362,-1.24350246613715,0.700186270762489,0.87327034105132,0.005,"esferico",0,1.31836204461102,80.7612189584272,0.0434941658954057,"universal",4.72277678319366,3.12211296646996,-0.122731837685726,0.977335324926596,686,0.940233236151603,"LOO_condicional_covarianza_fija"
2019,4,686,"FINAL_KRIGING","original","MTRA",".respuesta ~ temperatura_bilineal_c + radiacion_bilineal_mj_m2_dia +      altitud_m",3.19317153714762,2.10252206900617,3.95232088692132,-0.000892366855901718,0.136794900133761,0.587625446924388,0.005,"gaussiano",3.22811299060962,10.8167581226134,9.70949646591752,15.8517545279824,"universal",2.2716134391912,0.84052813761586,0.00281210606225236,0.714846661034698,686,0.947521865889213,"LOO_condicional_covarianza_fija"
2020,4,686,"FINAL_KRIGING","original","MTRA",".respuesta ~ temperatura_bilineal_c + radiacion_bilineal_mj_m2_dia +      altitud_m",2.31826327543671,18.6909616609228,23.137070082789,0.00112630715180203,0.335046053014042,0.862228928378014,0.005,"esferico",0,591.479328865876,67.8566164155849,12580.202287388,"universal",7.47713016346916,5.1759821926632,0.0142469446972949,0.930554401347657,686,0.93731778425656,"LOO_condicional_covarianza_fija"
2021,4,686,"FINAL_KRIGING","original","Mxy_R",".respuesta ~ x_km + y_km + radiacion_bilineal_mj_m2_dia",1.64045491341723,6.55864060120357,8.96621172107866,-0.00427560553035247,0.581155869666445,0.626343758608183,0.005,"gaussiano",29.2992513539043,49.1661188999791,17.6069380123795,120.931199590367,"universal",5.72161454559263,3.78390824553292,6.89515034977857e-05,0.829442175502627,686,0.935860058309038,"LOO_condicional_covarianza_fija"
2022,4,686,"FINAL_KRIGING","original","MTR",".respuesta ~ temperatura_bilineal_c + radiacion_bilineal_mj_m2_dia",1.90154409914856,11.8075242206861,14.7627193585067,-0.0121941222138455,0.145310705574672,0.82159452246123,0.005,"esferico",2.45956405511492,257.796498438321,88.528064854985,2907.48845285357,"universal",5.78550471001455,3.8381548083194,0.00113240324414123,0.868732250544844,686,0.915451895043732,"LOO_condicional_covarianza_fija"
2023,4,686,"FINAL_KRIGING","original","Mxy_RA",".respuesta ~ x_km + y_km + radiacion_bilineal_mj_m2_dia + altitud_m",3.69684672977193,12.4195182319739,16.3538648998856,-0.00970724891046518,0.213586427477672,0.779132187458463,0.005,"esferico",0,253.742373456108,46.2492954872493,9203.70629949807,"universal",6.13899815902133,4.09741851157754,-0.0895586213622381,0.889183304605145,686,0.947521865889213,"LOO_condicional_covarianza_fija"
2024,4,686,"FINAL_KRIGING","raiz","MTRA",".respuesta ~ temperatura_bilineal_c + radiacion_bilineal_mj_m2_dia +      altitud_m",4.82336683924241,7.13375534457497,11.5775070392335,-2.73608290874366,0.536384996680944,0.729927863541814,0.005,"esferico",0.779963263923647,2.21207626164832,87.7852722991158,0.385126981782818,"universal",5.36023473715601,3.19852822528724,-1.04144669949502,0.900620915347225,686,0.966472303206997,"LOO_condicional_covarianza_fija"
2025,4,686,"FINAL_KRIGING","log1p","MTR",".respuesta ~ temperatura_bilineal_c + radiacion_bilineal_mj_m2_dia",1.05751591988093,10.3566215106472,19.2272929281845,-3.85149191067975,0.607703700996805,0.716512801197323,0.005,"esferico",0.0228154021242696,0.335914769988881,41.899641174446,0.00194125504098894,"universal",4.87021489500646,2.93338301824717,-0.617940928007745,0.974830523981467,686,0.948979591836735,"LOO_condicional_covarianza_fija"
2011,5,686,"FINAL_KRIGING","original","MTRA",".respuesta ~ temperatura_bilineal_c + radiacion_bilineal_mj_m2_dia +      altitud_m",1.85515109783337,29.5332090050043,42.0917265409979,-0.0110426923535128,0.668142562668537,0.913645640573853,0.005,"gaussiano",117.949544590667,1731.7164923818,38.7535157382794,140241.995193184,"universal",11.6347985439712,8.48678848032608,-0.0445489182018569,0.974644287986192,686,0.932944606413994,"LOO_condicional_covarianza_fija"
2012,5,686,"FINAL_KRIGING","original","Mxy_RA",".respuesta ~ x_km + y_km + radiacion_bilineal_mj_m2_dia + altitud_m",4.11539662100475,15.6129928305137,20.6462648416508,-0.00409968613716478,0.304889662152601,0.586179691860485,0.005,"exponencial",0,445.208561419692,14.1174447859161,1299.87828692461,"universal",12.1368454536458,7.81534989492622,0.00757390772821922,0.759794800933799,686,0.944606413994169,"LOO_condicional_covarianza_fija"
2013,5,686,"FINAL_KRIGING","original","Mxy_R",".respuesta ~ x_km + y_km + radiacion_bilineal_mj_m2_dia",3.21527351415189,11.0749234663408,15.9233542839124,-0.00276447847701625,0.165424638212129,0.710330397110532,0.005,"esferico",78.1097637048884,227.067332381893,106.248507767845,2157.53304713983,"universal",8.62289891459578,4.9581140347127,0.00271444990295806,0.75526108332527,686,0.965014577259475,"LOO_condicional_covarianza_fija"
2014,5,686,"FINAL_KRIGING","original","MTRA",".respuesta ~ temperatura_bilineal_c + radiacion_bilineal_mj_m2_dia +      altitud_m",4.4191974961829,10.407175783216,13.6590778541619,-0.0111312732113089,0.511748981172698,0.721833260714998,0.005,"exponencial",34.7386810332032,187.109691053565,39.6410844570229,231.141032690808,"universal",6.99439499883505,4.33694840823657,-0.00662829921246838,0.871973254095528,686,0.948979591836735,"LOO_condicional_covarianza_fija"
2015,5,686,"FINAL_KRIGING","raiz","Mxy_alt",".respuesta ~ x_km + y_km + altitud_m",3.06984852824171,4.21074651488277,5.61250001449804,-1.44017595473889,0.704391889026456,0.687204433031811,0.005,"esferico",0.285037095592245,1.31792822716493,59.7548575508913,0.376607479829585,"universal",2.7303277617992,1.74165435788732,-0.528680269388699,0.93004267320613,686,0.925655976676385,"LOO_condicional_covarianza_fija"
2016,5,686,"FINAL_KRIGING","original","MTRA",".respuesta ~ temperatura_bilineal_c + radiacion_bilineal_mj_m2_dia +      altitud_m",3.20775160858981,4.64582208773922,9.50667775983963,0.00443101763284261,0.0406928379696896,0.782267824565973,0.005,"esferico",0,96.7616936275887,33.0899383844665,2757.41934724574,"universal",3.8303797339905,1.528507007955,0.011949652103885,0.844265869560983,686,0.9533527696793,"LOO_condicional_covarianza_fija"
2017,5,686,"FINAL_KRIGING","original","Mxy_RA",".respuesta ~ x_km + y_km + radiacion_bilineal_mj_m2_dia + altitud_m",3.34591528838039,4.01699228476026,5.65384660380307,0.000559729807713594,0.181569475872721,0.752425479376829,0.005,"exponencial",5.633446827317,31.6229750703933,38.2834989270997,33.9907038664546,"universal",2.64703035927939,1.40309290877283,0.000415527052166694,0.82060446880815,686,0.963556851311953,"LOO_condicional_covarianza_fija"
2018,5,686,"FINAL_KRIGING","original","MTR",".respuesta ~ temperatura_bilineal_c + radiacion_bilineal_mj_m2_dia",1.81421705869255,12.4211342425045,15.5728343075082,-0.00499206646708447,0.369176427840226,0.788408879666215,0.005,"esferico",36.566867915145,237.303251456004,92.6089656504814,811.990991418635,"universal",6.91646298958998,4.53841206747437,0.00186536784079705,0.87556552997168,686,0.951895043731778,"LOO_condicional_covarianza_fija"
2019,5,686,"FINAL_KRIGING","original","Mxy_alt",".respuesta ~ x_km + y_km + altitud_m",3.06984852824171,10.9208161919802,13.9129334066444,-0.0122961548243521,0.37095458101176,0.80998191007164,0.005,"esferico",8.49437982631554,199.923875536518,64.5818117715252,1694.38726999435,"universal",5.4440803974981,3.32221321231935,0.00210060845073205,0.903685061535411,686,0.938775510204082,"LOO_condicional_covarianza_fija"
2020,5,686,"FINAL_KRIGING","original","Mxy_RA",".respuesta ~ x_km + y_km + radiacion_bilineal_mj_m2_dia + altitud_m",3.63287721883442,8.92673049563564,11.8221869137459,-0.00508165566679878,0.199767054955281,0.764697696510848,0.005,"esferico",8.05980205724868,129.751087166224,49.8226434605878,602.748229751511,"universal",5.47261928362681,3.01279203411041,-0.0314969138976743,0.82852087572008,686,0.943148688046647,"LOO_condicional_covarianza_fija"
2021,5,686,"FINAL_KRIGING","original","Mxy_R",".respuesta ~ x_km + y_km + radiacion_bilineal_mj_m2_dia",2.7153486202168,9.61951164773711,13.1046855960383,0.0060746101249425,0.63971862322851,0.460345390901743,0.005,"esferico",52.0827352560345,117.749503598407,20.0172683630022,603.756868612422,"universal",9.70168407669557,6.67425489729952,0.00167560248237822,0.802538306058077,686,0.954810495626822,"LOO_condicional_covarianza_fija"
2022,5,686,"FINAL_KRIGING","log1p","Mxy_RA",".respuesta ~ x_km + y_km + radiacion_bilineal_mj_m2_dia + altitud_m",5.06920116071459,13.3163928244399,18.7761850989758,-4.39746120514817,0.456886008969284,0.654398658388125,0.005,"esferico",0.0686664374419188,0.299752717731259,50.4378741987353,0.00715965339845865,"universal",7.82635625064708,5.48880866512006,-1.18044696439862,0.905638355631213,686,0.96064139941691,"LOO_condicional_covarianza_fija"
2023,5,686,"FINAL_KRIGING","raiz","Mxy_R",".respuesta ~ x_km + y_km + radiacion_bilineal_mj_m2_dia",5.35483205126315,3.85553868035299,8.45507238966977,-1.03487485614914,0.661806433987366,0.709343148928117,0.005,"exponencial",0.0356902741678471,1.04107680735805,26.4689404826876,0.0141434802484348,"universal",3.99172052824696,1.7736984165735,-0.263909986104476,0.924620902128914,686,0.93002915451895,"LOO_condicional_covarianza_fija"
2024,5,686,"FINAL_KRIGING","original","MTRA",".respuesta ~ temperatura_bilineal_c + radiacion_bilineal_mj_m2_dia +      altitud_m",1.84984629211577,19.8686170078186,27.1424228974195,-0.0157761256703834,0.593311631110485,0.875252709719474,0.005,"esferico",5.73150041766465,715.855409720825,77.2872668814814,45249.2720583125,"universal",7.55187542005065,5.50552741549941,-0.00735171001214275,0.968517141293279,686,0.957725947521866,"LOO_condicional_covarianza_fija"
2025,5,686,"FINAL_KRIGING","raiz","Mxy_alt",".respuesta ~ x_km + y_km + altitud_m",3.06984852824171,13.4573810621287,23.9699819385351,-2.62315748764843,0.79680451255062,0.761634579305839,0.005,"exponencial",0.270875955034305,2.6577838349322,40.6508244161211,0.097292685665498,"universal",7.1216954721635,4.55715335754916,-0.673009252268174,0.982063180266877,686,0.925655976676385,"LOO_condicional_covarianza_fija"
2011,6,686,"FINAL_KRIGING","original","Mxy_RA",".respuesta ~ x_km + y_km + radiacion_bilineal_mj_m2_dia + altitud_m",3.88801752691661,17.9488526094151,22.5157015398999,0.00260602926199645,0.375354978503307,0.730563957820032,0.005,"esferico",85.9785516659877,451.218589381503,59.0685002594778,29682.2359017016,"universal",11.1947560560339,8.06079918470577,-0.000854043443940967,0.845584253509526,686,0.947521865889213,"LOO_condicional_covarianza_fija"
2012,6,686,"FINAL_KRIGING","raiz","Mxy_RA",".respuesta ~ x_km + y_km + radiacion_bilineal_mj_m2_dia + altitud_m",3.07833618561062,9.1988279230452,15.9191928997483,-2.98851984330649,0.66037536880599,0.571353767141058,0.005,"exponencial",0.681431195912867,2.35193923544632,23.4852462727398,0.222391538021997,"universal",10.5706128096919,5.32200119038907,-1.40935276614008,0.850253245030545,686,0.93002915451895,"LOO_condicional_covarianza_fija"
2013,6,686,"FINAL_KRIGING","raiz","Mxy_RA",".respuesta ~ x_km + y_km + radiacion_bilineal_mj_m2_dia + altitud_m",3.17844309205201,36.1126192342118,50.0421529745261,-3.67266371343355,0.609190154679658,0.848128985162812,0.005,"esferico",0.0201327886983148,3.93894416504512,66.2745434357382,0.186901881027579,"universal",16.4783564450481,11.6696333336129,-0.462501377887548,0.957623868324045,686,0.934402332361516,"LOO_condicional_covarianza_fija"
2014,6,686,"FINAL_KRIGING","original","Mxy",".respuesta ~ x_km + y_km",1.3544415662,11.949714888537,15.3503624265479,-0.0177021788522713,0.184363917774756,0.787199947191945,0.005,"esferico",21.3165119461911,227.785905510118,57.2338306189946,2876.09842830017,"universal",6.25463886406694,4.2612892687762,-0.0244256912556906,0.864585977044531,686,0.954810495626822,"LOO_condicional_covarianza_fija"
2015,6,686,"FINAL_KRIGING","raiz","MTR",".respuesta ~ temperatura_bilineal_c + radiacion_bilineal_mj_m2_dia",1.01454515048971,16.3112487694672,21.0994521326029,-1.23293427594687,0.61853359913164,0.81543439157076,0.005,"esferico",0,1.25967950285685,49.6055286242861,0.434767560284752,"universal",7.07714960097138,5.04870365700964,-0.182828694203748,0.957082868503087,686,0.957725947521866,"LOO_condicional_covarianza_fija"
2016,6,686,"FINAL_KRIGING","original","Mxy_RA",".respuesta ~ x_km + y_km + radiacion_bilineal_mj_m2_dia + altitud_m",3.48276599269686,7.74623708516124,9.9377126193406,-0.00754208500103678,0.597140384370647,0.723733548652422,0.005,"esferico",18.5828429498447,82.7417746446908,71.0958377595817,122.277940584596,"universal",5.00220714277432,3.09402252826775,-0.00370910606492979,0.897928567244708,686,0.948979591836735,"LOO_condicional_covarianza_fija"
2017,6,686,"FINAL_KRIGING","original","Mxy_RA",".respuesta ~ x_km + y_km + radiacion_bilineal_mj_m2_dia + altitud_m",5.72109415061035,9.99127700119975,12.9252009916958,-0.00755109240793857,0.80992378862893,0.751150478412571,0.005,"esferico",15.827669135823,157.319357884438,56.3602203926843,186.699654086765,"universal",5.29948706218418,3.70513745377167,-0.00923355835297075,0.968046323879542,686,0.957725947521866,"LOO_condicional_covarianza_fija"
2018,6,686,"FINAL_KRIGING","original","Mxy_alt",".respuesta ~ x_km + y_km + altitud_m",3.06984852824171,6.80655063866874,9.36506979881651,-0.00525016019269873,0.0488945670893089,0.662582841444838,0.005,"exponencial",24.4566433181509,110.431338756952,78.9284843221174,44.0641695905619,"universal",5.26455300161213,2.89125247304021,-0.00561433718716044,0.699441074079073,686,0.944606413994169,"LOO_condicional_covarianza_fija"
2019,6,686,"FINAL_KRIGING","original","MTRA",".respuesta ~ temperatura_bilineal_c + radiacion_bilineal_mj_m2_dia +      altitud_m",2.86955901545885,12.3028272788966,18.5496387674647,-0.0151188341363031,0.683241526779363,0.665788264976013,0.005,"exponencial",111.249467991485,262.902929009237,41.193514082301,7780.94913736114,"universal",10.97969894593,5.82055520080162,-0.0168328813821886,0.889021668213803,686,0.965014577259475,"LOO_condicional_covarianza_fija"
2020,6,686,"FINAL_KRIGING","original","Mxy_RA",".respuesta ~ x_km + y_km + radiacion_bilineal_mj_m2_dia + altitud_m",5.31031620234053,5.69540573306815,9.42555654833087,-0.000166547853956472,0.229761614231412,0.805948916725485,0.005,"exponencial",2.89642566137426,88.9633531588282,29.667950126713,308.353328475771,"universal",3.84025953500948,1.70390140171111,-0.00953301659503178,0.87214070540227,686,0.946064139941691,"LOO_condicional_covarianza_fija"
2021,6,686,"FINAL_KRIGING","raiz","Mxy",".respuesta ~ x_km + y_km",1.3544415662,12.6870047816174,17.3703297321159,-2.81544926450989,0.64474787125353,0.786080435012815,0.005,"esferico",0.108076199859365,3.01312641446825,62.3066397311799,0.131994657900793,"universal",6.71929276289903,4.68426672895197,-0.523554407672583,0.946842115179596,686,0.928571428571429,"LOO_condicional_covarianza_fija"
2022,6,686,"FINAL_KRIGING","original","MTA",".respuesta ~ temperatura_bilineal_c + altitud_m",1.86998234280579,11.3040258202604,14.1515746148711,-0.00705641541854541,0.0977767975473061,0.651653968832813,0.005,"exponencial",20.2379986490134,187.184947200365,19.5399986127306,262.729181279452,"universal",7.91623751251638,4.80805062642116,-0.000802271657693184,0.71767970934913,686,0.935860058309038,"LOO_condicional_covarianza_fija"
2023,6,686,"FINAL_KRIGING","raiz","MTRA",".respuesta ~ temperatura_bilineal_c + radiacion_bilineal_mj_m2_dia +      altitud_m",2.44214611997535,5.29623247949411,10.0223956753497,-2.36058328886076,0.622681962050611,0.667828044059466,0.005,"esferico",0.260911632404572,2.04068607680493,36.20703810102,0.271475450504724,"universal",6.22665045252024,2.90044015308715,-0.762873669337023,0.854362420820561,686,0.925655976676385,"LOO_condicional_covarianza_fija"
2024,6,686,"FINAL_KRIGING","log1p","Mxy_alt",".respuesta ~ x_km + y_km + altitud_m",3.06984852824171,15.7234378146321,20.5417058209507,-4.15297662639967,0.694980740024423,0.841397891665953,0.005,"esferico",0,0.15078881155287,60.6256812520056,0.00474176256465955,"universal",7.46082585058246,5.54628250792831,-0.45155196856075,0.959762771613404,686,0.938775510204082,"LOO_condicional_covarianza_fija"
2025,6,686,"FINAL_KRIGING","log1p","Mxy_alt",".respuesta ~ x_km + y_km + altitud_m",3.06984852824171,17.7932940372811,23.2575099568419,-3.89994280676433,0.633733335881975,0.868269662371575,0.005,"esferico",0,0.107730606210831,54.1971900268293,0.00455365420021193,"universal",7.76721649965216,5.04220607697081,-0.370906799757986,0.959149085504095,686,0.989795918367347,"LOO_condicional_covarianza_fija"
2011,7,686,"FINAL_KRIGING","raiz","Mxy_RA",".respuesta ~ x_km + y_km + radiacion_bilineal_mj_m2_dia + altitud_m",3.6671629364203,20.4185857663166,24.8178401795111,-2.80620768267553,0.677087725077661,0.72295637883538,0.005,"esferico",0.183695123264079,2.72574066961011,42.5087817340922,0.628150552414856,"universal",11.5366880344698,8.5486837354319,-0.755811863259592,0.930221940908645,686,0.946064139941691,"LOO_condicional_covarianza_fija"
2012,7,686,"FINAL_KRIGING","log1p","Mxy_R",".respuesta ~ x_km + y_km + radiacion_bilineal_mj_m2_dia",1.42604253319173,20.0192134635785,28.4330105569225,-4.94462904807845,0.766851484606072,0.588594760358639,0.005,"esferico",0.0634531186928538,0.15180534302154,41.2489860881833,0.00427667008823578,"universal",10.7095744619486,7.28492509662236,-1.28047355212364,0.966922598007203,686,0.975218658892128,"LOO_condicional_covarianza_fija"
2013,7,686,"FINAL_KRIGING","original","Mxy_R",".respuesta ~ x_km + y_km + radiacion_bilineal_mj_m2_dia",4.6842501902216,11.5526545030404,15.0049180422714,-0.0135832460162017,0.323526999476899,0.58272679457109,0.005,"exponencial",94.776922861738,157.590861279136,45.6544644272643,786.12903863214,"universal",10.2115676095146,6.90205959575085,-0.00412481813898112,0.686694479991789,686,0.950437317784257,"LOO_condicional_covarianza_fija"
2014,7,686,"FINAL_KRIGING","log1p","MTRA",".respuesta ~ temperatura_bilineal_c + radiacion_bilineal_mj_m2_dia +      altitud_m",3.42913973777039,12.042021112693,17.6024513296055,-3.38416719705915,0.856040240832185,0.679966490640508,0.005,"exponencial",0.0380969017370795,0.206696651745786,22.1431025243146,0.00196529078848685,"universal",7.75419470589513,4.90714007688541,-0.745508150745131,0.972063743423494,686,0.970845481049563,"LOO_condicional_covarianza_fija"
2015,7,686,"FINAL_KRIGING","raiz","MTA",".respuesta ~ temperatura_bilineal_c + altitud_m",1.8688508524548,3.98301928116289,5.90798332813184,-1.29134221059245,0.871577048634831,0.667727027407531,0.005,"esferico",0.292359284446535,1.09037755938105,55.5087530706867,0.02515827471792,"universal",2.93609360245425,1.76966898974606,-0.49434238977903,0.968282137083903,686,0.938775510204082,"LOO_condicional_covarianza_fija"
2016,7,686,"FINAL_KRIGING","original","Mxy_RA",".respuesta ~ x_km + y_km + radiacion_bilineal_mj_m2_dia + altitud_m",3.76896133627519,13.3821223973386,16.8052643139433,-0.0141753134089764,0.40003788688384,0.869280953992021,0.005,"esferico",0,349.823328960857,99.4569699192752,6980.59048917923,"universal",4.94498788414022,3.06769597412115,0.00140414613256562,0.948052626417696,686,0.9533527696793,"LOO_condicional_covarianza_fija"
2017,7,686,"FINAL_KRIGING","original","Mxy_R",".respuesta ~ x_km + y_km + radiacion_bilineal_mj_m2_dia",9.84359294488065,12.6715586024982,16.1065781541255,-0.00926522878311443,0.69119091952698,0.694582946288029,0.005,"gaussiano",64.8401172957134,204.830788499062,19.6216389707732,531.612790575753,"universal",8.51312887888235,6.46341582288729,-0.0242835992950502,0.9137295804744,686,0.944606413994169,"LOO_condicional_covarianza_fija"
2018,7,686,"FINAL_KRIGING","log1p","MTRA",".respuesta ~ temperatura_bilineal_c + radiacion_bilineal_mj_m2_dia +      altitud_m",1.91672720450191,13.1876477578006,17.3579956903288,-3.4034235074562,0.7278231670552,0.536031253944852,0.005,"exponencial",0.0720351899259137,0.223585433445541,43.50622038698,0.000376573845698595,"universal",9.90460232396877,7.19547312015006,-1.34966232402606,0.911381154074922,686,0.969387755102041,"LOO_condicional_covarianza_fija"
2019,7,686,"FINAL_KRIGING","original","Mxy_R",".respuesta ~ x_km + y_km + radiacion_bilineal_mj_m2_dia",3.48639512752225,2.66469630355964,5.08415340733611,-0.00111370358371988,0.0127586107285171,0.666823097575849,0.005,"esferico",4.81482181231086,23.6202793210456,53.7733806909719,168.62040078623,"universal",2.86789430631419,1.12504742419917,-0.0144947626490453,0.68586787991958,686,0.954810495626822,"LOO_condicional_covarianza_fija"
2020,7,686,"FINAL_KRIGING","original","MTR",".respuesta ~ temperatura_bilineal_c + radiacion_bilineal_mj_m2_dia",1.40190839655244,4.33820865650362,6.26686809666541,0.00152567537589209,0.621101671155357,0.693649280505548,0.005,"exponencial",1.22718146245732,37.736598052148,17.0072035102718,33.2587613924397,"universal",3.22158816061766,2.02835273729011,0.00181660624420481,0.899870597837046,686,0.940233236151603,"LOO_condicional_covarianza_fija"
2021,7,686,"FINAL_KRIGING","original","Mxy_alt",".respuesta ~ x_km + y_km + altitud_m",3.06984852824171,10.2334367173176,13.2387171680698,-0.0017589187829384,0.33705648139197,0.683202915886671,0.005,"esferico",24.3873073722847,151.690017543859,40.1011120992125,2080.27962610706,"universal",6.81710173655334,4.90521755283084,-0.0150592405958966,0.824214004947674,686,0.9533527696793,"LOO_condicional_covarianza_fija"
2022,7,686,"FINAL_KRIGING","original","MTRA",".respuesta ~ temperatura_bilineal_c + radiacion_bilineal_mj_m2_dia +      altitud_m",6.69603930841481,18.6421418571061,23.2922166047494,-0.0165484535036623,0.109884866275222,0.761366557199048,0.005,"esferico",58.4149231603312,490.771233473156,61.4373867445917,3154.56151006009,"universal",10.1384433401302,7.00976604381372,-0.0338395467499724,0.831357472900219,686,0.956268221574344,"LOO_condicional_covarianza_fija"
2023,7,686,"FINAL_KRIGING","original","MTRA",".respuesta ~ temperatura_bilineal_c + radiacion_bilineal_mj_m2_dia +      altitud_m",1.92914600268452,11.2338374467047,14.6548968392108,-0.00597228475395991,0.843162969917055,0.650313211796513,0.005,"gaussiano",74.517515261321,140.493821964671,21.3291672945195,899.494042026127,"universal",9.05237087539644,6.04771484080539,-0.00137821120676998,0.940157771811135,686,0.928571428571429,"LOO_condicional_covarianza_fija"
2024,7,686,"FINAL_KRIGING","raiz","MTRA",".respuesta ~ temperatura_bilineal_c + radiacion_bilineal_mj_m2_dia +      altitud_m",1.93879867361054,5.32251747812797,9.11668704462789,-1.809021831776,0.746366701480112,0.785178690526177,0.005,"esferico",0.106159268134487,1.66046792631372,53.3982169284143,0.0853227567477502,"universal",4.27185641918685,2.16296259940265,-0.336956676173265,0.944311506311801,686,0.934402332361516,"LOO_condicional_covarianza_fija"
2025,7,686,"FINAL_KRIGING","original","Mxy_R",".respuesta ~ x_km + y_km + radiacion_bilineal_mj_m2_dia",9.70165742919937,16.2660457306552,20.7251214043062,0.0136132855997554,0.504217187366798,0.809932140512391,0.005,"esferico",0,424.899843815638,45.698934346016,35411.2862455591,"universal",6.99418457196976,5.10200660204471,-0.0246944481840435,0.943536021169998,686,0.9533527696793,"LOO_condicional_covarianza_fija"
2011,8,686,"FINAL_KRIGING","original","Mxy_RA",".respuesta ~ x_km + y_km + radiacion_bilineal_mj_m2_dia + altitud_m",8.08008369516855,18.3506420881699,23.6821292334607,-0.0170234883275089,0.292865359811271,0.851531477975617,0.005,"esferico",17.434303137213,581.221981623918,64.4679816884598,8580.75120303506,"universal",7.22398553693368,5.39317982984965,-0.0209991703375805,0.934201748258198,686,0.979591836734694,"LOO_condicional_covarianza_fija"
2012,8,686,"FINAL_KRIGING","original","Mxy_RA",".respuesta ~ x_km + y_km + radiacion_bilineal_mj_m2_dia + altitud_m",3.10145467819408,3.75776929462058,7.81364583256252,-0.00339496550211205,0.101244941860117,0.548645884169468,0.005,"gaussiano",25.3830006756125,42.2305281650383,66.6993301074415,292.645769379055,"universal",6.19106926254883,2.70755911733241,-0.00379053810134188,0.435758235885997,686,0.922740524781341,"LOO_condicional_covarianza_fija"
2013,8,686,"FINAL_KRIGING","original","Mxy_RA",".respuesta ~ x_km + y_km + radiacion_bilineal_mj_m2_dia + altitud_m",3.08500245401275,21.6576329421066,32.6439723477616,-0.0267350145617227,0.352536313227017,0.794363098263842,0.005,"exponencial",66.3006629910326,1130.64596655493,40.4102240213381,7259.10225510933,"universal",12.0422055755031,5.88137528039134,-0.0422919720505109,0.911890753535429,686,0.959183673469388,"LOO_condicional_covarianza_fija"
2014,8,686,"FINAL_KRIGING","original","MTRA",".respuesta ~ temperatura_bilineal_c + radiacion_bilineal_mj_m2_dia +      altitud_m",5.93741412577194,20.8366734465903,27.2074170033581,-0.0217539881703405,0.490658949751793,0.817825121475196,0.005,"esferico",0,812.049733545217,72.5887017158263,13749.8086284947,"universal",10.2285035480025,6.75998914902951,-0.0275094842839347,0.928012307360588,686,0.918367346938776,"LOO_condicional_covarianza_fija"
2015,8,686,"FINAL_KRIGING","raiz","Mxy_RA",".respuesta ~ x_km + y_km + radiacion_bilineal_mj_m2_dia + altitud_m",3.61489316335972,4.57982866260071,7.78642556269894,-2.22137065124576,0.526840126424857,0.784017894460929,0.005,"exponencial",0.21988569377947,2.39228488569057,40.0082175131117,0.073057478491426,"universal",2.98604720141748,1.41051176289994,-0.539277462275195,0.930413503453401,686,0.940233236151603,"LOO_condicional_covarianza_fija"
2016,8,686,"FINAL_KRIGING","original","Mxy_RA",".respuesta ~ x_km + y_km + radiacion_bilineal_mj_m2_dia + altitud_m",7.21777207031384,10.8676192994917,14.149568496911,-0.0119438624677783,0.330162474245893,0.7758348163881,0.005,"exponencial",0,213.613812614145,25.2258136755516,468.25530552765,"universal",5.55338739145133,3.33870581189213,-0.0246134349010463,0.89681916881673,686,0.943148688046647,"LOO_condicional_covarianza_fija"
2017,8,686,"FINAL_KRIGING","original","MTRA",".respuesta ~ temperatura_bilineal_c + radiacion_bilineal_mj_m2_dia +      altitud_m",6.06730356808239,5.6468517478867,8.7017747007236,-0.000147145523654986,0.113527143980989,0.757029836201139,0.005,"esferico",17.9055952440211,71.4751168451401,77.8781051683892,167.807099997652,"universal",4.35145341272313,2.04431150212015,0.00340335319852074,0.778324115970672,686,0.947521865889213,"LOO_condicional_covarianza_fija"
2018,8,686,"FINAL_KRIGING","original","MTRA",".respuesta ~ temperatura_bilineal_c + radiacion_bilineal_mj_m2_dia +      altitud_m",5.54317462834415,12.5167588585334,15.8288875852047,-0.00901740137738763,0.118153677524639,0.730126642293508,0.005,"esferico",35.5511015666289,246.813412615999,69.6727540474756,3299.13382013113,"universal",7.78086044998153,5.45862714491817,-0.00930036305461381,0.786917702339066,686,0.962099125364432,"LOO_condicional_covarianza_fija"
2019,8,686,"FINAL_KRIGING","original","MTRA",".respuesta ~ temperatura_bilineal_c + radiacion_bilineal_mj_m2_dia +      altitud_m",1.87911993058256,26.2103924081358,33.3954396631491,0.00742724359542845,0.490219081234067,0.872805483028136,0.005,"gaussiano",164.700353908585,1472.73425393229,71.7741358009766,2413.38206832519,"universal",13.7303545537658,8.82101275926984,0.0230279124859156,0.913826695201559,686,0.957725947521866,"LOO_condicional_covarianza_fija"
2020,8,686,"FINAL_KRIGING","raiz","MTRA",".respuesta ~ temperatura_bilineal_c + radiacion_bilineal_mj_m2_dia +      altitud_m",1.90662393435718,11.4857079461515,14.4388690422508,-1.47471150847919,0.669637041344869,0.785236650109306,0.005,"esferico",0,1.56187834176091,44.4977594637769,0.132106568620079,"universal",6.35206647654222,4.69334684129453,-0.254650458900924,0.936062586873344,686,0.931486880466472,"LOO_condicional_covarianza_fija"
2021,8,686,"FINAL_KRIGING","raiz","Mxy_alt",".respuesta ~ x_km + y_km + altitud_m",3.06984852824171,21.3300023007519,27.9539669410384,-2.84514533595209,0.575155806637615,0.845918185245995,0.005,"esferico",0,2.98649036600503,59.6834872785762,0.33576936956963,"universal",9.85750514506263,6.5778696023623,-0.341460028317276,0.947170461456284,686,0.951895043731778,"LOO_condicional_covarianza_fija"
2022,8,686,"FINAL_KRIGING","original","MTA",".respuesta ~ temperatura_bilineal_c + altitud_m",1.85776574193787,22.0771965846058,28.3374221793631,-0.00665201350080886,0.227024249840994,0.836006046330955,0.005,"esferico",30.6291343033082,865.432207852671,73.2170146975421,1804.29116440162,"universal",9.05350268905793,6.59423888853299,-0.0663056659540971,0.92109973564379,686,0.972303206997085,"LOO_condicional_covarianza_fija"
2023,8,686,"FINAL_KRIGING","original","Mxy_alt",".respuesta ~ x_km + y_km + altitud_m",3.06984852824171,13.0342145291424,16.498209935614,-0.00697776754143925,0.511374216396562,0.654266065939876,0.005,"esferico",37.022575140962,241.301568290724,36.2474335272661,1801.0722702186,"universal",9.18628461465368,6.73185089318078,-0.0297179300015392,0.848510503402389,686,0.940233236151603,"LOO_condicional_covarianza_fija"
2024,8,686,"FINAL_KRIGING","raiz","Mxy_RA",".respuesta ~ x_km + y_km + radiacion_bilineal_mj_m2_dia + altitud_m",3.49276699165244,10.3557001358203,17.1047498940088,-3.88750928204342,0.807308737464834,0.785274836418202,0.005,"esferico",0.06863672569642,3.6578108217558,53.9153653076393,0.11907125353046,"universal",5.4185674144226,3.08017110262622,-0.654870319233406,0.980662624633554,686,0.927113702623907,"LOO_condicional_covarianza_fija"
2025,8,686,"FINAL_KRIGING","original","MTRA",".respuesta ~ temperatura_bilineal_c + radiacion_bilineal_mj_m2_dia +      altitud_m",6.58978532614287,18.7843789693946,24.0765815409101,-0.00998995021241354,0.257854319281515,0.697070978917329,0.005,"exponencial",34.643231801624,575.14873756372,23.915313412091,2794.87303833792,"universal",12.3434428521358,7.99559278581274,-0.067189884590053,0.804938240969518,686,0.943148688046647,"LOO_condicional_covarianza_fija"
2011,9,686,"FINAL_KRIGING","raiz","Mxy_RA",".respuesta ~ x_km + y_km + radiacion_bilineal_mj_m2_dia + altitud_m",8.28641283569344,17.5071467622177,22.2764332510595,-2.16433472731456,0.358171822558725,0.801221990747913,0.005,"esferico",0.0811598387356141,2.16759227551421,54.3408104202052,0.0444098165364283,"universal",8.03743037478691,5.74916373434437,-0.398057410657512,0.916447025494689,686,0.967930029154519,"LOO_condicional_covarianza_fija"
2012,9,686,"FINAL_KRIGING","original","Mxy_R",".respuesta ~ x_km + y_km + radiacion_bilineal_mj_m2_dia",3.14784868842416,14.5401833397596,19.3495236574314,-0.0145947393342463,0.655720548596397,0.851271328164592,0.005,"gaussiano",21.8810246599386,359.860709323549,24.8575204721154,7722.22162465972,"universal",7.00731474791703,4.50463533529986,-0.00600273456229667,0.954848332246366,686,0.89067055393586,"LOO_condicional_covarianza_fija"
2013,9,686,"FINAL_KRIGING","original","Mxy_RA",".respuesta ~ x_km + y_km + radiacion_bilineal_mj_m2_dia + altitud_m",3.07241533436925,16.0689055031537,24.3203237184798,-0.0247982228979381,0.595002909196382,0.814778294431633,0.005,"gaussiano",49.0273599343325,529.403940679277,22.76690533384,5942.26514859272,"universal",8.69931587117176,5.48392700321529,-0.0411687041275428,0.948181671308802,686,0.922740524781341,"LOO_condicional_covarianza_fija"
2014,9,686,"FINAL_KRIGING","log1p","MTRA",".respuesta ~ temperatura_bilineal_c + radiacion_bilineal_mj_m2_dia +      altitud_m",4.0978830080267,17.0902391630385,22.0585375621083,-3.73491724188656,0.591436734798915,0.739876107426589,0.005,"esferico",0.00701338210619807,0.11607814451652,48.8625782595954,0.00165542843915275,"universal",11.5671656647114,7.92252883883664,-0.926263890037391,0.887653436005546,686,0.935860058309038,"LOO_condicional_covarianza_fija"
2015,9,686,"FINAL_KRIGING","raiz","MTA",".respuesta ~ temperatura_bilineal_c + altitud_m",1.85654370376887,12.2523712716692,16.1066107146317,-2.66769169172742,0.630313322370276,0.782232350103912,0.005,"esferico",0.210271615858916,2.71703190692447,56.3833584490566,0.432417588044456,"universal",6.44699237885837,4.50715053820627,-0.591796961277423,0.940770265019716,686,0.959183673469388,"LOO_condicional_covarianza_fija"
2016,9,686,"FINAL_KRIGING","original","MRA",".respuesta ~ radiacion_bilineal_mj_m2_dia + altitud_m",1.80952113116096,12.9173867273581,15.91601357965,-0.00338194706299814,0.145438509855021,0.813334858372531,0.005,"esferico",25.9939858494075,295.213267140301,122.748679703118,2413.10040178112,"universal",6.27282866307854,4.21205451751,-0.000559166115974311,0.867260075425438,686,0.962099125364432,"LOO_condicional_covarianza_fija"
2017,9,686,"FINAL_KRIGING","original","Mxy_R",".respuesta ~ x_km + y_km + radiacion_bilineal_mj_m2_dia",4.79933216039328,13.2822299582437,16.8897376481958,0.00755882556932661,0.183085147363803,0.708903383218404,0.005,"exponencial",0.304272177549269,308.787522146964,21.261387635415,1786.53456714949,"universal",8.05867832732891,5.88000537753317,0.013305913365775,0.814023261867213,686,0.943148688046647,"LOO_condicional_covarianza_fija"
2018,9,686,"FINAL_KRIGING","original","Mxy_alt",".respuesta ~ x_km + y_km + altitud_m",3.06984852824171,1.7283346249417,2.87196996742359,-0.000863798790021229,0.115566090493875,0.697153631051005,0.005,"esferico",0.251327258904098,8.6156875667211,31.7134392490441,16.040076965208,"universal",1.48767368800332,0.67751781122618,0.00184386587189159,0.762687310815485,686,0.919825072886297,"LOO_condicional_covarianza_fija"
2019,9,686,"FINAL_KRIGING","original","Mxy_alt",".respuesta ~ x_km + y_km + altitud_m",3.06984852824171,10.7195396552601,13.747988193466,-0.00784364603322511,0.202305635365408,0.84173429023158,0.005,"esferico",0,196.489100562869,58.6422879666296,3682.2188373039,"universal",4.03881097474792,2.82174345847661,-0.0336709407539594,0.9311561295985,686,0.956268221574344,"LOO_condicional_covarianza_fija"
2020,9,686,"FINAL_KRIGING","raiz","Mxy_RA",".respuesta ~ x_km + y_km + radiacion_bilineal_mj_m2_dia + altitud_m",3.76589736404471,10.333720738237,13.0581589941463,-1.5835168544529,0.359964380221157,0.692119327837361,0.005,"gaussiano",0.413139440225501,1.1945846033405,18.2400146023464,0.103991378058489,"universal",6.47697634794784,4.97629774155042,-0.506515828656044,0.842534700976717,686,0.969387755102041,"LOO_condicional_covarianza_fija"
2021,9,686,"FINAL_KRIGING","original","MRA",".respuesta ~ radiacion_bilineal_mj_m2_dia + altitud_m",2.07391683172739,18.151250457954,24.7690566233408,-0.0119119185157757,0.25035358702191,0.849003583250614,0.005,"gaussiano",90.3884132775753,573.990191954941,30.3435283721203,1683.24410341947,"universal",10.0372422116115,6.97998317442012,-0.00673245205038791,0.876897649876612,686,0.93731778425656,"LOO_condicional_covarianza_fija"
2022,9,686,"FINAL_KRIGING","log1p","Mxy_RA",".respuesta ~ x_km + y_km + radiacion_bilineal_mj_m2_dia + altitud_m",7.70307374082112,17.9859220654882,25.3551301785081,-8.05965631041909,0.738278295232029,0.680564573408691,0.005,"esferico",0.126424942008417,0.617333042141596,62.4430742138129,0.00459144909151857,"universal",8.59525553771572,6.16754631808387,-1.35837383995309,0.96992361490533,686,0.938775510204082,"LOO_condicional_covarianza_fija"
2023,9,686,"FINAL_KRIGING","original","Mxy_R",".respuesta ~ x_km + y_km + radiacion_bilineal_mj_m2_dia",1.37789654983766,12.5716804229709,15.8714577332132,0.00701727352181742,0.0594976852174172,0.74712282762451,0.005,"esferico",14.5044901538107,265.439844470766,54.0492608180505,8081.59359118249,"universal",7.57563232108706,5.00658654159266,-0.00438920010918628,0.785728696525937,686,0.940233236151603,"LOO_condicional_covarianza_fija"
2024,9,686,"FINAL_KRIGING","original","Mxy_RA",".respuesta ~ x_km + y_km + radiacion_bilineal_mj_m2_dia + altitud_m",3.48397256085367,9.46776453387887,13.4108432041694,0.000232151591543189,0.231330837775372,0.771390464517315,0.005,"esferico",39.5809687254348,162.00514719283,114.213777640107,2134.10872601209,"universal",6.2753107470354,4.66905993303067,0.00129197497643466,0.831694711951965,686,0.972303206997085,"LOO_condicional_covarianza_fija"
2025,9,686,"FINAL_KRIGING","original","MTA",".respuesta ~ temperatura_bilineal_c + altitud_m",1.89907529633145,17.0653009933924,20.8645543318411,-0.00603406470568864,0.59495340890719,0.806754262852705,0.005,"exponencial",13.7174440480247,530.572971237377,46.2205064212715,7813.0971339452,"universal",7.71809212258557,5.81255907460644,0.00710199411236128,0.944574876151043,686,0.956268221574344,"LOO_condicional_covarianza_fija"
2011,10,686,"FINAL_KRIGING","original","MR",".respuesta ~ radiacion_bilineal_mj_m2_dia",1,14.168209582086,18.1566597430835,-0.00432330812693427,0.26603729810065,0.734674956351473,0.005,"esferico",38.4948675959264,305.141732728524,52.1023304956397,6804.2780558412,"universal",8.76883124123124,5.35668571435746,-0.0173649103817259,0.828807196184557,686,0.93731778425656,"LOO_condicional_covarianza_fija"
2012,10,686,"FINAL_KRIGING","original","MTRA",".respuesta ~ temperatura_bilineal_c + radiacion_bilineal_mj_m2_dia +      altitud_m",1.88096808413601,15.4308905793174,20.7055478112758,0.000488295488041002,0.578282973413935,0.837631890945644,0.005,"esferico",59.7957861387552,431.955187978657,99.3985057775118,6931.85708238428,"universal",7.48289010237809,5.24653978599819,-0.000869899946222814,0.944920952745117,686,0.981049562682216,"LOO_condicional_covarianza_fija"
2013,10,686,"FINAL_KRIGING","raiz","Mxy_R",".respuesta ~ x_km + y_km + radiacion_bilineal_mj_m2_dia",1.9496975780057,13.7079942411609,19.1887827892754,-2.6934931203288,0.711504653259853,0.869036478231195,0.005,"esferico",0,3.05588233781471,61.6291753320537,3.16103242977319,"universal",5.93779061012404,3.34633580374139,-0.249564135244561,0.972375545154043,686,0.948979591836735,"LOO_condicional_covarianza_fija"
2014,10,686,"FINAL_KRIGING","raiz","Mxy_RA",".respuesta ~ x_km + y_km + radiacion_bilineal_mj_m2_dia + altitud_m",5.5497213017616,15.5697284773858,20.1731506957812,-1.9795177239187,0.468821736764851,0.832025365461124,0.005,"exponencial",0,2.22852339174393,32.436855155637,0.0132268712369565,"universal",6.81205753587035,4.83940188529431,-0.277160406789204,0.939431133819881,686,0.962099125364432,"LOO_condicional_covarianza_fija"
2015,10,686,"FINAL_KRIGING","original","Mxy_R",".respuesta ~ x_km + y_km + radiacion_bilineal_mj_m2_dia",1.37052663154265,17.4618896858198,22.7416536024586,-0.0140176450190174,0.231869186163437,0.863658944476807,0.005,"esferico",0,530.573676234334,61.3048172131224,15449.7829091816,"universal",7.33883901927408,4.9573914211161,-0.0182980935181336,0.920008133645231,686,0.951895043731778,"LOO_condicional_covarianza_fija"
2016,10,686,"FINAL_KRIGING","original","Mxy_alt",".respuesta ~ x_km + y_km + altitud_m",3.06984852824171,11.143119575072,14.2649925074991,0.00172760941711072,0.383941273708942,0.727000245926802,0.005,"exponencial",0,224.790566183743,20.713065701466,916.331245677507,"universal",6.80137448117687,4.40854129801091,0.00804736599150331,0.859953456951956,686,0.927113702623907,"LOO_condicional_covarianza_fija"
2017,10,686,"FINAL_KRIGING","raiz","Mxy_R",".respuesta ~ x_km + y_km + radiacion_bilineal_mj_m2_dia",3.43746506450951,11.6074043133854,16.1905159170498,-1.96705801247844,0.465052739321094,0.883638804572897,0.005,"gaussiano",0.223631273644625,1.90176140305413,37.5795931141387,0.0150914487251731,"universal",5.30638073007074,3.62383335490154,-0.23372301098877,0.942537249973767,686,0.943148688046647,"LOO_condicional_covarianza_fija"
2018,10,686,"FINAL_KRIGING","original","Mxy_RA",".respuesta ~ x_km + y_km + radiacion_bilineal_mj_m2_dia + altitud_m",3.07100331586702,3.78814550798294,5.03597037266394,0.00166946771709549,0.120388961539271,0.754647591370092,0.005,"esferico",1.54604586769508,24.3248299692715,43.75774903146,8.59663353607616,"universal",2.2134567105559,1.1552708141804,0.00434822243156346,0.830071429729103,686,0.943148688046647,"LOO_condicional_covarianza_fija"
2019,10,686,"FINAL_KRIGING","original","Mxy_RA",".respuesta ~ x_km + y_km + radiacion_bilineal_mj_m2_dia + altitud_m",3.57038849043502,14.7263391017738,18.8274029302474,-0.00445681059777022,0.273908693397499,0.928509793389946,0.005,"gaussiano",2.2844649142477,386.796581670599,29.8682500893028,32463.6985217139,"universal",4.0159899904333,3.05609753973928,-0.0118529372502781,0.966963377097271,686,0.635568513119534,"LOO_condicional_covarianza_fija"
2020,10,686,"FINAL_KRIGING","raiz","MTRA",".respuesta ~ temperatura_bilineal_c + radiacion_bilineal_mj_m2_dia +      altitud_m",2.8148643087582,10.7878364633557,14.6097676852884,-1.36003920174726,0.569509183865409,0.70477584531591,0.005,"esferico",0.168807440431451,1.29846330979767,51.3146523960848,0.0120571186523895,"universal",7.26433080268533,4.66959041878261,-0.402122252920118,0.893568913343761,686,0.950437317784257,"LOO_condicional_covarianza_fija"
2021,10,686,"FINAL_KRIGING","original","Mxy_R",".respuesta ~ x_km + y_km + radiacion_bilineal_mj_m2_dia",4.15514262943361,12.4043739775707,16.8706969482433,0.0107661333917944,0.541317413062034,0.795210143147659,0.005,"esferico",9.85516892609251,295.044623905166,53.2338939476866,10473.0145509572,"universal",6.29560797265456,4.40215223372849,-0.00483796567033561,0.936126375878991,686,0.957725947521866,"LOO_condicional_covarianza_fija"
2022,10,686,"FINAL_KRIGING","original","Mxy_alt",".respuesta ~ x_km + y_km + altitud_m",3.06984852824171,12.7075574595623,16.1248704254589,-0.00956383381104165,0.413956268507949,0.728892698507981,0.005,"esferico",16.4685034670173,240.590148577543,41.0648947277725,4155.5502082645,"universal",7.33142783130352,5.13140456911879,-0.0270244110681366,0.878852436048699,686,0.940233236151603,"LOO_condicional_covarianza_fija"
2023,10,686,"FINAL_KRIGING","original","MTRA",".respuesta ~ temperatura_bilineal_c + radiacion_bilineal_mj_m2_dia +      altitud_m",8.20246333799247,14.1008868039714,17.2548960090771,-0.0064869782544528,0.191845540670239,0.886213213145545,0.005,"gaussiano",22.3112672644672,305.681217911245,27.7917233940468,1919.02272936361,"universal",5.71471283345417,3.87266900313079,-0.0329187777594,0.911354130384816,686,0.915451895043732,"LOO_condicional_covarianza_fija"
2024,10,686,"FINAL_KRIGING","original","M0",".respuesta ~ 1",NA,4.45077265109713,5.70030163607072,-3.08189335375493e-15,-0.00292183920294131,0.568205000794632,0.005,"esferico",11.0148210241788,22.2861118961701,71.9197981606385,19.3772372957842,"ordinario",3.80256244995206,2.32996491771193,-0.0128626818393369,0.553702838907636,686,0.943148688046647,"LOO_condicional_covarianza_fija"
2025,10,686,"FINAL_KRIGING","original","Mxy_alt",".respuesta ~ x_km + y_km + altitud_m",3.06984852824171,17.6448926799413,21.8215517609449,-0.0111608872398971,0.198179697464799,0.891371523432967,0.005,"gaussiano",28.1609973318347,500.968534796432,29.8364423655344,32911.2314189916,"universal",7.13337498999039,5.45446000529723,0.0128434056791231,0.914316756743836,686,0.899416909620991,"LOO_condicional_covarianza_fija"
2011,11,686,"FINAL_KRIGING","raiz","Mxy_RA",".respuesta ~ x_km + y_km + radiacion_bilineal_mj_m2_dia + altitud_m",6.53073194664309,18.266819748631,27.2641903583156,-2.27470463976799,0.519998967723803,0.926527809014756,0.005,"gaussiano",0.132502213449064,2.36393512796677,44.46483337163,0.26925163682839,"universal",7.2694133809213,4.82402808267332,-0.220135355774692,0.965876333187827,686,0.916909620991254,"LOO_condicional_covarianza_fija"
2012,11,686,"FINAL_KRIGING","raiz","MTRA",".respuesta ~ temperatura_bilineal_c + radiacion_bilineal_mj_m2_dia +      altitud_m",2.11022426911344,15.1717860624688,19.4110798837731,-1.72819156182058,0.626221260216378,0.891266666332713,0.005,"gaussiano",0.0505363661583603,1.66677178053893,24.0755937869412,1.01872646102751,"universal",5.17440700117355,3.49176185408892,-0.0870942785664887,0.973439492230929,686,0.861516034985423,"LOO_condicional_covarianza_fija"
2013,11,686,"FINAL_KRIGING","raiz","MTRA",".respuesta ~ temperatura_bilineal_c + radiacion_bilineal_mj_m2_dia +      altitud_m",1.9988593659894,17.6836636363242,24.6690326756147,-1.9870983814941,0.42882928198885,0.779883995270439,0.005,"esferico",0.180581845566059,1.94582543994779,72.6364665343485,0.152898176791352,"universal",7.82893909166566,5.35249953720865,-0.413727280706793,0.942473556824166,686,0.969387755102041,"LOO_condicional_covarianza_fija"
2014,11,686,"FINAL_KRIGING","original","MTRA",".respuesta ~ temperatura_bilineal_c + radiacion_bilineal_mj_m2_dia +      altitud_m",1.9014414117913,14.9995932021291,18.3887180358228,-0.0167236318556343,0.31399883506513,0.832100931131515,0.005,"esferico",0,344.5725761701,57.3461123049863,10223.2262847702,"universal",5.76369873529977,4.21569367775468,0.0142330856943362,0.932605494518596,686,0.9533527696793,"LOO_condicional_covarianza_fija"
2015,11,686,"FINAL_KRIGING","raiz","Mxy_R",".respuesta ~ x_km + y_km + radiacion_bilineal_mj_m2_dia",5.4438685450329,8.15278455875083,11.8272756254448,-2.91857779859029,0.500714232564528,0.821667036355381,0.005,"esferico",0,3.39299925504532,63.4404805502152,3.33851826110092,"universal",4.59863779020099,2.23185562593164,-0.387065691735792,0.924518910801469,686,0.902332361516035,"LOO_condicional_covarianza_fija"
2016,11,686,"FINAL_KRIGING","original","Mxy",".respuesta ~ x_km + y_km",1.3544415662,14.4496127123725,17.5990615391812,-0.0140807975240623,0.0742104380630313,0.869174457963272,0.005,"gaussiano",53.0153713620753,339.123315940039,54.4979015859701,457.038095812933,"universal",8.11710024148018,6.19914207810253,0.0103141124955158,0.803059480736855,686,0.935860058309038,"LOO_condicional_covarianza_fija"
2017,11,686,"FINAL_KRIGING","original","Mxy_R",".respuesta ~ x_km + y_km + radiacion_bilineal_mj_m2_dia",3.61597191556116,17.5264163012481,22.6716661620694,-0.00673094787512168,0.375894465356401,0.818374274613728,0.005,"esferico",0,546.399378220544,52.0596578734456,40523.115537734,"universal",7.34728225016726,5.67505703832411,0.00718619308597123,0.934454239669809,686,0.973760932944606,"LOO_condicional_covarianza_fija"
2018,11,686,"FINAL_KRIGING","original","MTRA",".respuesta ~ temperatura_bilineal_c + radiacion_bilineal_mj_m2_dia +      altitud_m",6.46282626924661,6.70117142080399,8.25532649032734,-0.00203399491638244,0.348814570685008,0.736919892628124,0.005,"exponencial",4.21638215967786,71.3047958289421,28.0355610990594,56.9182753902228,"universal",3.97965664683794,2.47049618453713,0.00877918566070526,0.84866918371306,686,0.946064139941691,"LOO_condicional_covarianza_fija"
2019,11,686,"FINAL_KRIGING","original","MTRA",".respuesta ~ temperatura_bilineal_c + radiacion_bilineal_mj_m2_dia +      altitud_m",1.82655161804841,11.66425108536,17.3367932944509,0.000757734252424583,0.672353014378809,0.861862071161367,0.005,"exponencial",0,385.256801351413,46.725187557338,694.887501854847,"universal",5.18317432164153,3.70929471305261,0.00705114478087948,0.970713986029873,686,0.963556851311953,"LOO_condicional_covarianza_fija"
2020,11,686,"FINAL_KRIGING","original","Mxy_RA",".respuesta ~ x_km + y_km + radiacion_bilineal_mj_m2_dia + altitud_m",3.08846685291145,18.9952167812809,24.2220485829078,0.00946682348686904,0.279654767584283,0.877853148596978,0.005,"esferico",31.3778745332172,708.814605454015,114.952377274994,1086.43196109232,"universal",7.34154142942624,5.22787373153113,0.022298785052937,0.933825075839352,686,0.972303206997085,"LOO_condicional_covarianza_fija"
2021,11,686,"FINAL_KRIGING","original","MR",".respuesta ~ radiacion_bilineal_mj_m2_dia",1,12.3408780651491,16.5976529341151,0.00277384260247201,0.680009631202135,0.743947536394582,0.005,"esferico",13.125599326461,283.16686877351,42.8317189722491,10246.2729308576,"universal",7.61784349294932,5.5457328855463,-0.00578032943564352,0.932592589963835,686,0.946064139941691,"LOO_condicional_covarianza_fija"
2022,11,686,"FINAL_KRIGING","original","Mxy_RA",".respuesta ~ x_km + y_km + radiacion_bilineal_mj_m2_dia + altitud_m",5.76137377652057,3.69758350228532,5.56617777381778,-0.00210009493691389,0.247551272868768,0.691648724268359,0.005,"exponencial",0,30.7268641370943,13.772821684182,21.9215634380989,"universal",2.93667600714729,1.70413666450443,-0.00999271700628089,0.790552666204795,686,0.93002915451895,"LOO_condicional_covarianza_fija"
2023,11,686,"FINAL_KRIGING","original","Mxy_RA",".respuesta ~ x_km + y_km + radiacion_bilineal_mj_m2_dia + altitud_m",9.87296993450084,24.8423639343526,30.523814513077,-0.0149803760423119,0.196010717945512,0.880724497488653,0.005,"gaussiano",58.0637819195421,943.868897243942,27.8725901156896,137781.026587913,"universal",9.4361923287073,7.17503418686386,-0.0170596783807282,0.923163740275498,686,0.915451895043732,"LOO_condicional_covarianza_fija"
2024,11,686,"FINAL_KRIGING","original","MTRA",".respuesta ~ temperatura_bilineal_c + radiacion_bilineal_mj_m2_dia +      altitud_m",1.86817454827701,6.91621190993254,9.36518749426788,-0.00425593042793182,0.71722728011902,0.68710026607382,0.005,"esferico",17.2604360963209,73.4532315035399,50.7490959316865,1096.10787411517,"universal",5.19976073253417,3.19738598833198,-0.00182151407921977,0.912829150940649,686,0.948979591836735,"LOO_condicional_covarianza_fija"
2025,11,686,"FINAL_KRIGING","original","MRA",".respuesta ~ radiacion_bilineal_mj_m2_dia + altitud_m",2.01905191782179,14.4327316473513,18.78554463762,-0.0133552948143265,0.168117334774303,0.897849347552958,0.005,"esferico",0,438.425018846018,97.5089629866037,821.676248280749,"universal",4.80590604745073,3.55670948506921,0.0133572481402039,0.945554116988643,686,0.962099125364432,"LOO_condicional_covarianza_fija"
2011,12,686,"FINAL_KRIGING","raiz","MTRA",".respuesta ~ temperatura_bilineal_c + radiacion_bilineal_mj_m2_dia +      altitud_m",4.46464739280507,9.54549880185444,12.2273604919403,-1.06498504647051,0.684469351872179,0.780771256199524,0.005,"esferico",0.043057796283966,1.14995542531896,64.6063999807561,0.080802099094243,"universal",4.03749050200785,2.45863823744538,-0.209432114026298,0.965596775930983,686,0.972303206997085,"LOO_condicional_covarianza_fija"
2012,12,686,"FINAL_KRIGING","original","MTRA",".respuesta ~ temperatura_bilineal_c + radiacion_bilineal_mj_m2_dia +      altitud_m",2.46062883679082,16.0942623592383,21.7056509945032,-0.00202988712716254,0.794461928569111,0.871228406784322,0.005,"exponencial",0,560.592578556999,35.8970873229757,9615.45644888653,"universal",5.26409010367269,3.34643526744148,0.0356913669813325,0.987910919361377,686,0.985422740524781,"LOO_condicional_covarianza_fija"
2013,12,686,"FINAL_KRIGING","raiz","Mxy_RA",".respuesta ~ x_km + y_km + radiacion_bilineal_mj_m2_dia + altitud_m",4.35989579446784,18.9742725073229,28.2759837556621,-1.8740708633401,0.484358858759981,0.903682446671065,0.005,"gaussiano",0.240240732261011,2.2347235483739,61.0020722745486,0.153889445393727,"universal",9.60055469063483,7.05199959851791,-0.31827022375388,0.940556446158189,686,0.941690962099125,"LOO_condicional_covarianza_fija"
2014,12,686,"FINAL_KRIGING","raiz","MTRA",".respuesta ~ temperatura_bilineal_c + radiacion_bilineal_mj_m2_dia +      altitud_m",3.06037028458337,11.4676785235453,16.7115338603176,-3.98223831251308,0.792957860045317,0.848523898468794,0.005,"gaussiano",0.462497774640286,4.17029105936011,35.7119341062694,0.393645773479058,"universal",6.03564346178817,3.84777305582843,-0.630508472586221,0.972993190833046,686,0.91399416909621,"LOO_condicional_covarianza_fija"
2015,12,686,"FINAL_KRIGING","raiz","Mxy",".respuesta ~ x_km + y_km",1.3544415662,12.3499207298438,16.1534786646404,-1.76459972839186,0.343609217444412,0.874928546617173,0.005,"gaussiano",0.167036156422966,1.90109512163068,31.3472641273751,0.430329386007875,"universal",6.75313647002744,4.57803017209413,-0.261813997427022,0.885279402204829,686,0.906705539358601,"LOO_condicional_covarianza_fija"
2016,12,686,"FINAL_KRIGING","original","Mxy_RA",".respuesta ~ x_km + y_km + radiacion_bilineal_mj_m2_dia + altitud_m",3.07011863520589,10.9451322596841,14.1517607379752,0.00546128888874495,0.580041411665176,0.805949232925645,0.005,"esferico",21.803286585231,197.433083781082,70.6053825105062,2863.72446196577,"universal",5.62704566677704,3.97875645018025,-0.0221313182534656,0.933603315759359,686,0.956268221574344,"LOO_condicional_covarianza_fija"
2017,12,686,"FINAL_KRIGING","original","Mxy",".respuesta ~ x_km + y_km",1.3544415662,12.832905634408,16.0892635400018,-0.0086152570184673,0.0610769614817087,0.823117864475975,0.005,"esferico",0.518126484197437,282.355873740095,66.1884473322671,7466.34518514737,"universal",6.276798774089,4.74491599662396,-0.0156569066534395,0.857099391988777,686,0.919825072886297,"LOO_condicional_covarianza_fija"
2018,12,686,"FINAL_KRIGING","raiz","Mxy_RA",".respuesta ~ x_km + y_km + radiacion_bilineal_mj_m2_dia + altitud_m",3.89242568246,10.4670207701171,13.2376723414719,-0.773805415433523,0.370680378858589,0.811197237570925,0.005,"esferico",0.0214904806088906,0.81553346433499,59.1171247492582,0.00646796202218476,"universal",4.68826370472447,3.48977209269453,-0.162357886994738,0.921064551354325,686,0.967930029154519,"LOO_condicional_covarianza_fija"
2019,12,686,"FINAL_KRIGING","original","Mxy_RA",".respuesta ~ x_km + y_km + radiacion_bilineal_mj_m2_dia + altitud_m",7.78728355289949,12.6108132454132,16.4214077800163,-0.0120119618997609,0.40708389643554,0.777848022807803,0.005,"esferico",23.6640218008393,275.659425738402,71.7658623829888,7687.03008339404,"universal",7.14439934289389,4.97607511328608,-0.0204677962335671,0.887771303649217,686,0.947521865889213,"LOO_condicional_covarianza_fija"
2020,12,686,"FINAL_KRIGING","original","Mxy_alt",".respuesta ~ x_km + y_km + altitud_m",3.06984852824171,3.60234685509663,5.41917253875953,-0.00103346721222005,0.0208714121624226,0.652882654711829,0.005,"gaussiano",7.65040598785323,18.7803061915566,18.2220986180173,18.0206901354612,"universal",3.07673535028214,1.61801101722508,-0.00958859243376643,0.684387600790902,686,0.931486880466472,"LOO_condicional_covarianza_fija"
2021,12,686,"FINAL_KRIGING","log1p","Mxy",".respuesta ~ x_km + y_km",1.3544415662,10.42863997434,13.7946221317051,-1.81181202342682,0.584401581143427,0.792932658232487,0.005,"esferico",0.000661910772155179,0.0746926531456178,48.0121951369001,0.000960386655476997,"universal",5.96616550141965,4.14336496289705,-0.304211253294548,0.922259941613915,686,0.954810495626822,"LOO_condicional_covarianza_fija"
2022,12,686,"FINAL_KRIGING","original","Mxy_R",".respuesta ~ x_km + y_km + radiacion_bilineal_mj_m2_dia",3.17643447174623,11.7355871041047,14.1639795600065,-0.0269528938496312,0.114610025695521,0.827942657161376,0.005,"esferico",0.0602891687594656,234.485265983689,82.0963449551176,471.536530735029,"universal",5.11994917302534,3.56430291376886,-0.00113254928832633,0.884310134402661,686,0.924198250728863,"LOO_condicional_covarianza_fija"
2023,12,686,"FINAL_KRIGING","raiz","MTRA",".respuesta ~ temperatura_bilineal_c + radiacion_bilineal_mj_m2_dia +      altitud_m",9.848975616531,10.6545951779765,13.4207228425698,-0.986935246955968,0.325486047373396,0.787033916975325,0.005,"esferico",0.0277708618421362,0.963089176232126,47.7752866906187,0.0132687887961305,"universal",5.15155422061901,3.91108384928123,-0.168668448690816,0.900616182949176,686,0.96064139941691,"LOO_condicional_covarianza_fija"
2024,12,686,"FINAL_KRIGING","raiz","MTR",".respuesta ~ temperatura_bilineal_c + radiacion_bilineal_mj_m2_dia",1.21703914732492,9.76950898285392,13.0053662932786,-1.6574891624312,0.628152925107583,0.70523937354578,0.005,"esferico",0.191830657406858,1.61001425753634,39.2329052419071,0.408710615196641,"universal",6.5263467178274,4.66794531947921,-0.515859814795696,0.906360415678675,686,0.951895043731778,"LOO_condicional_covarianza_fija"
2025,12,686,"FINAL_KRIGING","original","Mxy_R",".respuesta ~ x_km + y_km + radiacion_bilineal_mj_m2_dia",1.3750562327852,11.0382978989951,14.6244962481205,-0.00714434959678263,0.77737612081794,0.85037423115346,0.005,"gaussiano",18.2190249430276,204.672148682404,27.5191238434648,2355.26153774977,"universal",5.02859483535598,3.58755070231016,-0.0150565438191633,0.973678950303954,686,0.924198250728863,"LOO_condicional_covarianza_fija"
2011,13,686,"FINAL_KRIGING","raiz","Mxy_RA",".respuesta ~ x_km + y_km + radiacion_bilineal_mj_m2_dia + altitud_m",5.46710842430173,14.623683619031,20.4315546526078,-1.51563815342985,0.561187401491903,0.89978720149805,0.005,"gaussiano",0.125550991594083,1.5495970859638,34.7248650300414,0.171652885152895,"universal",6.07810078096563,4.30017413029526,-0.147274149895821,0.961166006447535,686,0.950437317784257,"LOO_condicional_covarianza_fija"
2012,13,686,"FINAL_KRIGING","original","MTRA",".respuesta ~ temperatura_bilineal_c + radiacion_bilineal_mj_m2_dia +      altitud_m",2.36395344660001,15.7897943170626,20.3218078504222,0.00946721043083914,0.181300066237809,0.911940305726682,0.005,"gaussiano",38.0074345390754,421.399325431789,34.3685031313718,5945.0036317829,"universal",6.48189157042036,4.79167585180841,-0.0210923339161816,0.916707941082826,686,0.932944606413994,"LOO_condicional_covarianza_fija"
2013,13,686,"FINAL_KRIGING","raiz","Mxy_R",".respuesta ~ x_km + y_km + radiacion_bilineal_mj_m2_dia",3.42429161288844,11.0058010232107,15.4663418139628,-1.92705684707122,0.864280490364963,0.744639066659675,0.005,"esferico",0.154366549504451,1.94600101434282,49.4087566366043,0.117700260340567,"universal",4.69034191633086,2.99585913405297,-0.460515667793665,0.987518232754654,686,0.931486880466472,"LOO_condicional_covarianza_fija"
2014,13,686,"FINAL_KRIGING","raiz","MTRA",".respuesta ~ temperatura_bilineal_c + radiacion_bilineal_mj_m2_dia +      altitud_m",6.60888711384376,14.6068227006973,18.3222603995628,-1.49964386708059,0.885670882808023,0.899547296278468,0.005,"exponencial",0.0352635664569341,2.31724929002537,76.6426247458562,0.0658168313943123,"universal",5.71018335537109,3.81034156901652,-0.142195647546436,0.988895503914917,686,0.979591836734694,"LOO_condicional_covarianza_fija"
2015,13,686,"FINAL_KRIGING","raiz","Mxy_RA",".respuesta ~ x_km + y_km + radiacion_bilineal_mj_m2_dia + altitud_m",4.10665526507436,23.1016328328566,30.4198229721502,-3.60010078793624,0.301690083328286,0.868707095387379,0.005,"esferico",0.0869457821927177,4.28463133540034,90.4106517707866,0.710811311591763,"universal",9.05759683496481,6.22376279418689,-0.387910716977094,0.938089998241887,686,0.950437317784257,"LOO_condicional_covarianza_fija"
2016,13,686,"FINAL_KRIGING","raiz","MT",".respuesta ~ temperatura_bilineal_c",1,9.60222922628008,12.600107287518,-2.29047138136056,0.733941890143915,0.814719525092507,0.005,"exponencial",0,2.8492615290435,35.5080087113672,0.144151258575191,"universal",5.25840901738582,3.40480747555611,-0.314828389447892,0.953662057818433,686,0.940233236151603,"LOO_condicional_covarianza_fija"
2017,13,686,"FINAL_KRIGING","original","Mxy_RA",".respuesta ~ x_km + y_km + radiacion_bilineal_mj_m2_dia + altitud_m",3.68137845274948,14.6979432310464,18.4855500227017,0.00542577107604098,0.590868157539812,0.802104002168719,0.005,"esferico",7.53464515858412,362.152866887221,52.6950049490547,4083.71320230604,"universal",6.98192386040706,5.24083685243741,0.0029931767753611,0.941635503388147,686,0.956268221574344,"LOO_condicional_covarianza_fija"
2018,13,686,"FINAL_KRIGING","raiz","Mxy_alt",".respuesta ~ x_km + y_km + altitud_m",3.06984852824171,20.5085076110641,27.4469556288455,-2.03966050191372,0.297499925538594,0.880600402436844,0.005,"gaussiano",0.177714524783293,2.12944089436123,29.7238972570943,0.148246868857057,"universal",9.2855810340256,6.91329465499007,-0.250640463642193,0.919596272519361,686,0.934402332361516,"LOO_condicional_covarianza_fija"
2019,13,686,"FINAL_KRIGING","raiz","Mxy",".respuesta ~ x_km + y_km",1.3544415662,10.4009034874045,13.389534096027,-0.898903760406591,0.575440367877852,0.893502826777384,0.005,"gaussiano",0.0877032285415408,0.913771199053103,32.0349054063667,0.0242040428409849,"universal",4.86838422542369,3.37373117318045,-0.1146022398233,0.943872272301371,686,0.956268221574344,"LOO_condicional_covarianza_fija"
2020,13,686,"FINAL_KRIGING","original","Mxy_RA",".respuesta ~ x_km + y_km + radiacion_bilineal_mj_m2_dia + altitud_m",3.70598964045752,7.35319212536184,9.92168383086029,-0.00775673467126486,0.382404507125817,0.731908708334747,0.005,"esferico",11.5949328633256,85.5120983023911,51.7809144011707,806.312237835376,"universal",4.71968569357756,2.94410869373935,-0.0183267621241692,0.860247525410689,686,0.941690962099125,"LOO_condicional_covarianza_fija"
2021,13,686,"FINAL_KRIGING","original","MTR",".respuesta ~ temperatura_bilineal_c + radiacion_bilineal_mj_m2_dia",1.65773404923108,16.7720329058797,21.029772561927,-0.00036698133428465,0.813644672140276,0.808145516299759,0.005,"esferico",5.95988267562922,441.105910097559,51.3869176726053,33060.5866273634,"universal",7.42053272887283,5.55901412310804,0.0102706750969231,0.976797069889282,686,0.96064139941691,"LOO_condicional_covarianza_fija"
2022,13,686,"FINAL_KRIGING","original","Mxy_RA",".respuesta ~ x_km + y_km + radiacion_bilineal_mj_m2_dia + altitud_m",7.82874341923433,10.7918713316714,13.7594335714683,-0.0182245060753089,0.50447159736312,0.727312104462406,0.005,"esferico",16.7586198221999,182.532189523671,52.152058783406,984.11567769356,"universal",6.58941608715407,4.93354714817432,-0.0182066857862263,0.886352129008967,686,0.938775510204082,"LOO_condicional_covarianza_fija"
2023,13,686,"FINAL_KRIGING","original","Mxy_R",".respuesta ~ x_km + y_km + radiacion_bilineal_mj_m2_dia",6.798251270287,10.0845766498741,12.6928179781639,-0.00898971133797028,0.281068338300548,0.848247405411687,0.005,"esferico",0,171.40611240439,57.9172025074296,7776.72040228468,"universal",3.72475600259182,2.74159157902668,-0.0132580606891821,0.938089093416261,686,0.97667638483965,"LOO_condicional_covarianza_fija"
2024,13,686,"FINAL_KRIGING","original","MTA",".respuesta ~ temperatura_bilineal_c + altitud_m",1.82199896267224,10.4645525863162,12.9381941868688,-0.00744377668769135,0.0731493617134965,0.726757743650977,0.005,"esferico",21.0827879830529,157.473809689093,50.8087462356392,3495.03932857578,"universal",6.05651010764453,4.3174337982228,-0.0303666969211856,0.796901219429646,686,0.9533527696793,"LOO_condicional_covarianza_fija"
2025,13,686,"FINAL_KRIGING","original","Mxy_RA",".respuesta ~ x_km + y_km + radiacion_bilineal_mj_m2_dia + altitud_m",5.76849071640329,17.3259180353093,22.3048007665492,-0.00445431890716847,0.357377700937613,0.886000611815426,0.005,"esferico",0,546.70106290253,68.0826006512504,8455.97935710376,"universal",6.26578270926221,4.75836781965229,0.0337162171825673,0.949288114904901,686,0.966472303206997,"LOO_condicional_covarianza_fija"
2011,14,686,"FINAL_KRIGING","original","Mxy_RA",".respuesta ~ x_km + y_km + radiacion_bilineal_mj_m2_dia + altitud_m",5.32747806460057,25.8098167780858,33.8655687709432,-0.0116427278698384,0.693560093372309,0.905826647975021,0.005,"exponencial",0,1562.01900193731,57.9221721876452,12792.6716633878,"universal",7.72496333185601,5.60733133218491,-0.0187877214833354,0.984055113701461,686,0.985422740524781,"LOO_condicional_covarianza_fija"
2012,14,686,"FINAL_KRIGING","log1p","Mxy",".respuesta ~ x_km + y_km",1.3544415662,9.54799816982438,13.403758164504,-1.90417928744293,0.753393477781221,0.882168868792795,0.005,"gaussiano",0.00447784840957884,0.0773153410064216,29.0298171434276,0.00150278502971936,"universal",3.5427448684667,2.51073194240821,-0.134341168519846,0.982772147420378,686,0.906705539358601,"LOO_condicional_covarianza_fija"
2013,14,686,"FINAL_KRIGING","log1p","MTRA",".respuesta ~ temperatura_bilineal_c + radiacion_bilineal_mj_m2_dia +      altitud_m",2.14774099474507,12.4102333395314,17.8899807963018,-2.12685935162277,0.786506978037931,0.879502260535663,0.005,"esferico",0,0.122966534266152,80.5862901146399,0.000288420537916897,"universal",3.74470114273432,2.54917110007792,-0.197249686292836,0.990645980685281,686,0.96064139941691,"LOO_condicional_covarianza_fija"
2014,14,686,"FINAL_KRIGING","log1p","MTA",".respuesta ~ temperatura_bilineal_c + altitud_m",1.8471167884437,10.1999481259818,15.0770720603805,-3.21990734363612,0.849597558852047,0.694135951800431,0.005,"esferico",0,0.165897322624036,43.2117500922924,0.0011787020801061,"universal",3.645813355473,2.5229539771175,-0.224917457193965,0.991205528876724,686,0.96064139941691,"LOO_condicional_covarianza_fija"
2015,14,686,"FINAL_KRIGING","original","Mxy_R",".respuesta ~ x_km + y_km + radiacion_bilineal_mj_m2_dia",1.80333436126041,7.07660162299899,8.78383266697719,-0.00303776991555879,0.32457345584154,0.811824848193651,0.005,"esferico",0.919582682558609,83.0615847759363,61.4236576684633,1258.02950875256,"universal",3.39388223965511,2.23016624537958,-0.00280053090416439,0.899166798831944,686,0.928571428571429,"LOO_condicional_covarianza_fija"
2016,14,686,"FINAL_KRIGING","raiz","MTA",".respuesta ~ temperatura_bilineal_c + altitud_m",1.90043378076063,12.4204302990463,16.0546987721674,-0.798982971948367,0.399780488660096,0.763297967496818,0.005,"esferico",0.0143636256602442,0.818714989447339,39.7610539022765,0.0873183076635568,"universal",6.95334877249512,4.96239852159989,-0.201690504277927,0.887411556987014,686,0.9533527696793,"LOO_condicional_covarianza_fija"
2017,14,686,"FINAL_KRIGING","original","Mxy_RA",".respuesta ~ x_km + y_km + radiacion_bilineal_mj_m2_dia + altitud_m",4.42003733700133,13.9175730403813,17.8708006980298,-0.0180744855435733,0.378431292957891,0.863367087401316,0.005,"gaussiano",31.9065330981932,285.599101996146,27.4102220403505,2117.34741766651,"universal",5.84647665845918,4.34349649033837,-0.00898043447058029,0.933474283739905,686,0.9533527696793,"LOO_condicional_covarianza_fija"
2018,14,686,"FINAL_KRIGING","original","MT",".respuesta ~ temperatura_bilineal_c",1,14.9286355615959,18.4723869758315,-0.00722594919805319,0.0901749528973683,0.801092954242305,0.005,"esferico",57.9307170420835,332.731412438525,83.1226521989815,1625.23087365893,"universal",8.14233252663381,5.70754953892721,-0.00762327847363659,0.823229609241756,686,0.951895043731778,"LOO_condicional_covarianza_fija"
2019,14,686,"FINAL_KRIGING","original","Mxy_RA",".respuesta ~ x_km + y_km + radiacion_bilineal_mj_m2_dia + altitud_m",6.71274512968813,9.47067139802317,12.5176785622589,-0.000945712091091267,0.336604651924567,0.706665354615529,0.005,"gaussiano",36.4148335592917,121.194378987362,20.3419436399031,642.917736058499,"universal",6.43292669645041,4.20324183111212,-0.0220428222096185,0.824796799004006,686,0.954810495626822,"LOO_condicional_covarianza_fija"
2020,14,686,"FINAL_KRIGING","raiz","Mxy_RA",".respuesta ~ x_km + y_km + radiacion_bilineal_mj_m2_dia + altitud_m",3.29248593447897,4.18970012900363,7.21769982824624,-2.30755622683672,0.438493063167581,0.671378319712158,0.005,"esferico",0.429053110010988,1.80243834624344,52.6737914630719,0.258923490035628,"universal",3.95031777278644,1.73902295365868,-0.804748951006727,0.831801716970321,686,0.918367346938776,"LOO_condicional_covarianza_fija"
2021,14,686,"FINAL_KRIGING","original","MTR",".respuesta ~ temperatura_bilineal_c + radiacion_bilineal_mj_m2_dia",1.84962651846001,15.4603933632592,18.7936662628424,-0.00172414476584148,0.773035431446284,0.829129554451236,0.005,"esferico",18.8641259847806,359.414110027336,68.2352381092653,550.962872862708,"universal",6.61510170856759,4.95345272331424,-0.0059153956694827,0.971880467514786,686,0.957725947521866,"LOO_condicional_covarianza_fija"
2022,14,686,"FINAL_KRIGING","original","MTR",".respuesta ~ temperatura_bilineal_c + radiacion_bilineal_mj_m2_dia",2.00725726200535,14.7437609495222,18.672016043056,-0.00380525286544497,0.686253168729354,0.764119849042754,0.005,"esferico",20.1549682099472,353.265927043161,50.1178922325143,1629.4726295882,"universal",8.26669839422445,6.2549858619339,-0.0198747771410878,0.938501983246826,686,0.943148688046647,"LOO_condicional_covarianza_fija"
2023,14,686,"FINAL_KRIGING","raiz","Mxy_R",".respuesta ~ x_km + y_km + radiacion_bilineal_mj_m2_dia",3.43314716528795,14.0135367667187,17.4493949323251,-1.18658394620799,0.234037119318539,0.877590172805693,0.005,"gaussiano",0.0460174958535129,1.24602926079704,22.7981716280041,0.46333753495022,"universal",4.92675845244937,3.85429899341568,-0.0710540628467606,0.938938211562,686,0.870262390670554,"LOO_condicional_covarianza_fija"
2024,14,686,"FINAL_KRIGING","original","Mxy_RA",".respuesta ~ x_km + y_km + radiacion_bilineal_mj_m2_dia + altitud_m",6.73804709390587,14.3325671804727,19.2246852071214,-0.0185623897953985,0.284604057180946,0.912382464870817,0.005,"exponencial",0,566.045670415965,82.0161290088341,2112.9279603749,"universal",3.50423175602314,2.61139016319222,-0.0049272056612271,0.976230850603546,686,0.991253644314869,"LOO_condicional_covarianza_fija"
2025,14,686,"FINAL_KRIGING","raiz","Mxy_alt",".respuesta ~ x_km + y_km + altitud_m",3.06984852824171,15.4813397820942,20.4658552739067,-1.25487676787159,0.586504285890328,0.852209983072787,0.005,"esferico",-8.67361737988404e-19,1.3793513839235,57.89867866548,0.703139685484038,"universal",5.90222865605878,4.4543757850136,-0.13710455816058,0.965609121026607,686,0.975218658892128,"LOO_condicional_covarianza_fija"
2011,15,686,"FINAL_KRIGING","raiz","MTRA",".respuesta ~ temperatura_bilineal_c + radiacion_bilineal_mj_m2_dia +      altitud_m",9.44687156589479,27.323876045231,35.0092927846395,-2.6837013615155,0.425616975278737,0.923235411551772,0.005,"gaussiano",0.117025994002521,2.96147393024195,37.468563897135,0.636162740989099,"universal",9.02062394571979,6.95580334050355,-0.198475936915891,0.961866376252521,686,0.87463556851312,"LOO_condicional_covarianza_fija"
2012,15,686,"FINAL_KRIGING","raiz","MT",".respuesta ~ temperatura_bilineal_c",1,18.4712556081602,23.9339593034542,-1.65621635718296,0.734326063488882,0.856073390296536,0.005,"gaussiano",0.225725648992621,1.50376771242096,31.7629860017381,0.00901223766996836,"universal",8.15433489557122,6.26060053802167,-0.265084590484116,0.969161237529737,686,0.956268221574344,"LOO_condicional_covarianza_fija"
2013,15,686,"FINAL_KRIGING","raiz","MTRA",".respuesta ~ temperatura_bilineal_c + radiacion_bilineal_mj_m2_dia +      altitud_m",1.96151575589204,23.9691192299704,36.9756369149199,-3.88897884574365,0.596837058360093,0.917503052877677,0.005,"gaussiano",0.388414061910906,4.38280747900589,48.8178548451606,0.507441739682548,"universal",8.17224053416656,5.50798207649423,-0.425570796797258,0.980306107646903,686,0.959183673469388,"LOO_condicional_covarianza_fija"
2014,15,686,"FINAL_KRIGING","raiz","MTRA",".respuesta ~ temperatura_bilineal_c + radiacion_bilineal_mj_m2_dia +      altitud_m",2.99711886756205,9.54320028258869,12.1661341692465,-1.21407768025976,0.902193039911834,0.757110292509329,0.005,"exponencial",0.135235474285664,1.21671103715374,28.7352662187514,0.109952014234059,"universal",5.10115892764288,3.64884327477165,-0.319002904265854,0.982804996589784,686,0.963556851311953,"LOO_condicional_covarianza_fija"
2015,15,686,"FINAL_KRIGING","raiz","MTRA",".respuesta ~ temperatura_bilineal_c + radiacion_bilineal_mj_m2_dia +      altitud_m",3.84567509847995,13.5890276201482,17.8780396614096,-0.960313224712937,0.810420141920033,0.745011066558472,0.005,"esferico",0.172265419694317,0.847706057992131,63.3113683444112,0.0299268612208466,"universal",6.69603615359098,4.75609050339389,-0.297059275638039,0.973405735689575,686,0.975218658892128,"LOO_condicional_covarianza_fija"
2016,15,686,"FINAL_KRIGING","original","MTRA",".respuesta ~ temperatura_bilineal_c + radiacion_bilineal_mj_m2_dia +      altitud_m",1.94866474483513,11.9588851400437,15.1168077380319,-0.00665907395274247,0.49056981728466,0.8878282888225,0.005,"esferico",0,276.984031848248,90.4454312125912,1882.27323593601,"universal",4.07557595923405,2.92277281222537,0.00854663171876624,0.96297095794967,686,0.967930029154519,"LOO_condicional_covarianza_fija"
2017,15,686,"FINAL_KRIGING","log1p","Mxy",".respuesta ~ x_km + y_km",1.3544415662,8.55236319392936,11.2962268132282,-1.30594222683644,0.447585090226895,0.846956129720873,0.005,"gaussiano",0.00367261460292826,0.05206636494202,21.5496472551598,0.000975454240903566,"universal",3.59768912957893,2.66079725307872,-0.141714808858707,0.943966744952076,686,0.911078717201166,"LOO_condicional_covarianza_fija"
2018,15,686,"FINAL_KRIGING","original","Mxy_alt",".respuesta ~ x_km + y_km + altitud_m",3.06984852824171,10.026584139109,13.0691509605329,-0.0112885871758103,0.0637752062688239,0.847894578716234,0.005,"esferico",0,180.622719249578,51.6722688787003,3082.95664682171,"universal",4.13151243767032,3.04217323343565,-0.0130502104465457,0.906437133633056,686,0.96064139941691,"LOO_condicional_covarianza_fija"
2019,15,686,"FINAL_KRIGING","original","MTA",".respuesta ~ temperatura_bilineal_c + altitud_m",1.86544207015465,11.6062615597719,14.7392457115866,0.000532913733266523,0.414603294914371,0.866699680057982,0.005,"gaussiano",22.0861179833744,202.54578292442,30.2333559438118,1428.96469267174,"universal",5.03593329600349,3.69118434146043,-0.00692404292061839,0.931662404481885,686,0.959183673469388,"LOO_condicional_covarianza_fija"
2020,15,686,"FINAL_KRIGING","raiz","MTRA",".respuesta ~ temperatura_bilineal_c + radiacion_bilineal_mj_m2_dia +      altitud_m",3.56188810324762,17.1170883803492,20.8135168963836,-1.14893737460643,0.180635901401555,0.837684119982191,0.005,"esferico",0,1.19727123919004,50.2267789854239,0.11159286560051,"universal",6.56900705124956,4.79616423883146,-0.156657426249872,0.918382094203768,686,0.962099125364432,"LOO_condicional_covarianza_fija"
2021,15,686,"FINAL_KRIGING","original","MTRA",".respuesta ~ temperatura_bilineal_c + radiacion_bilineal_mj_m2_dia +      altitud_m",1.92624523786488,7.35659791453258,9.34779634060297,-0.0018307982753873,0.78898188329575,0.712994736701252,0.005,"esferico",16.1840520438827,72.1975398938288,49.9872675877979,63.9118399556767,"universal",4.79019303812607,3.49621077204323,-0.0159739707472161,0.944587558043589,686,0.956268221574344,"LOO_condicional_covarianza_fija"
2022,15,686,"FINAL_KRIGING","original","MT",".respuesta ~ temperatura_bilineal_c",1,15.9784736369482,20.553590350042,-4.90483893304598e-05,0.249717947059989,0.857641360324917,0.005,"esferico",0,480.038031094567,83.7101520757148,738.317159945943,"universal",6.13771626669163,3.93108865567024,-0.0262309564283991,0.933094351996805,686,0.950437317784257,"LOO_condicional_covarianza_fija"
2023,15,686,"FINAL_KRIGING","original","Mxy_RA",".respuesta ~ x_km + y_km + radiacion_bilineal_mj_m2_dia + altitud_m",6.68376434769332,9.84537575994574,12.6011865042815,-0.0101344241406989,0.0570686668242387,0.849029457164044,0.005,"esferico",0,172.404871393754,50.6529291066549,12043.6341246613,"universal",3.80154774048557,2.88492380601263,-0.029233173346665,0.914182059842993,686,0.972303206997085,"LOO_condicional_covarianza_fija"
2024,15,686,"FINAL_KRIGING","raiz","Mxy_RA",".respuesta ~ x_km + y_km + radiacion_bilineal_mj_m2_dia + altitud_m",7.24949406532276,7.48836663754348,12.2673027388051,-0.790233657704552,0.807759195257507,0.901869284949612,0.005,"gaussiano",0.0457026554351672,0.801084109368729,30.4744070484915,0.00283115331248403,"universal",2.98555259552897,1.73185330928605,-0.0606996977772563,0.988613326646557,686,0.944606413994169,"LOO_condicional_covarianza_fija"
2025,15,686,"FINAL_KRIGING","raiz","MTRA",".respuesta ~ temperatura_bilineal_c + radiacion_bilineal_mj_m2_dia +      altitud_m",2.95427664893402,8.90596251050753,11.3523159189919,-0.580560424121368,0.314850074534682,0.812944922733926,0.005,"esferico",0,0.612238592206083,48.1960536136014,0.0192649525698997,"universal",3.76412564827479,2.90612669389066,-0.111003119940059,0.924674000701204,686,0.975218658892128,"LOO_condicional_covarianza_fija"
2011,16,686,"FINAL_KRIGING","original","Mxy_R",".respuesta ~ x_km + y_km + radiacion_bilineal_mj_m2_dia",8.15934897722415,19.7910747114768,25.2103512230201,-0.00338367750931812,0.571273865683645,0.839389329998035,0.005,"esferico",0,706.182204833032,68.8781958719302,24193.3260173237,"universal",8.53959020499775,6.20601823767202,-0.0326951539544322,0.950807802176039,686,0.943148688046647,"LOO_condicional_covarianza_fija"
2012,16,686,"FINAL_KRIGING","original","Mxy_alt",".respuesta ~ x_km + y_km + altitud_m",3.06984852824171,13.1416540112813,16.2234664522941,-0.0029815077548994,0.0162686680134886,0.808688218859509,0.005,"esferico",0,278.267073568762,52.120756680749,16704.8747862129,"universal",6.21636373581904,4.59566633753666,-0.0254820023131412,0.855568463864318,686,0.943148688046647,"LOO_condicional_covarianza_fija"
2013,16,686,"FINAL_KRIGING","log1p","Mxy_R",".respuesta ~ x_km + y_km + radiacion_bilineal_mj_m2_dia",5.26810140037571,17.3842954321506,24.8462334387857,-3.22038253396128,0.721889129049113,0.907416722967103,0.005,"gaussiano",0.00640956544177759,0.0801037489300484,33.7300863605493,0.000203004519888581,"universal",6.75208789210554,4.77058967028188,-0.275600085564071,0.979461296926249,686,0.948979591836735,"LOO_condicional_covarianza_fija"
2014,16,686,"FINAL_KRIGING","log1p","MTRA",".respuesta ~ temperatura_bilineal_c + radiacion_bilineal_mj_m2_dia +      altitud_m",1.88382803190299,13.1371043691488,16.5050678345194,-2.95006477341664,0.87209535945105,0.87349383323963,0.005,"esferico",0,0.11481090141777,63.7740412896528,8.11225326713662e-05,"universal",4.69280854804094,3.35218592316566,-0.223324815714372,0.989660075972498,686,0.97667638483965,"LOO_condicional_covarianza_fija"
2015,16,686,"FINAL_KRIGING","original","Mxy",".respuesta ~ x_km + y_km",1.3544415662,13.2346186198304,16.3358594622534,-0.017097969316363,0.30247882023236,0.891765247912574,0.005,"gaussiano",24.9800844674374,312.538362329349,47.8182373572866,1388.08024016686,"universal",5.82350040893608,4.47630248275849,-0.00930783625946832,0.911357572100994,686,0.932944606413994,"LOO_condicional_covarianza_fija"
2016,16,686,"FINAL_KRIGING","original","Mxy_R",".respuesta ~ x_km + y_km + radiacion_bilineal_mj_m2_dia",9.44098062037196,11.9305558692981,14.6478053208691,-0.0047451718776003,0.537273163227879,0.889165614588937,0.005,"gaussiano",8.34800188956384,222.703884413329,25.6265529665886,17537.5116847695,"universal",4.58688639115518,3.42819818873245,-0.0215236985899763,0.9546251150749,686,0.839650145772595,"LOO_condicional_covarianza_fija"
2017,16,686,"FINAL_KRIGING","original","MTRA",".respuesta ~ temperatura_bilineal_c + radiacion_bilineal_mj_m2_dia +      altitud_m",2.32488598678636,12.9623967726305,16.6147229271474,-0.00519157978078523,0.349643168606374,0.872433720003907,0.005,"gaussiano",15.4761708895814,279.33810563212,24.7216085671552,32013.9800065281,"universal",5.3690534796579,4.07041279044337,-0.0135200862051482,0.93208574206331,686,0.892128279883382,"LOO_condicional_covarianza_fija"
2018,16,686,"FINAL_KRIGING","original","MTRA",".respuesta ~ temperatura_bilineal_c + radiacion_bilineal_mj_m2_dia +      altitud_m",2.00579686916297,8.53474683183604,10.4879164305169,0.00563140709282168,0.471554047017439,0.881480186447861,0.005,"gaussiano",7.18183547357111,106.425638791035,27.6156248436343,2338.53349843698,"universal",3.25249591303912,2.35037592711174,-0.00394659946423338,0.949177542778693,686,0.912536443148688,"LOO_condicional_covarianza_fija"
2019,16,686,"FINAL_KRIGING","original","MTRA",".respuesta ~ temperatura_bilineal_c + radiacion_bilineal_mj_m2_dia +      altitud_m",1.94372031258143,17.2538329039828,21.2817109815601,0.00245365201441885,0.726645409608487,0.899162026879343,0.005,"gaussiano",38.4780913287106,479.89009585726,32.7582832133854,52134.605800698,"universal",7.23315262724798,5.35037169657644,0.00178956816163869,0.968423168617387,686,0.915451895043732,"LOO_condicional_covarianza_fija"
2020,16,686,"FINAL_KRIGING","original","Mxy_alt",".respuesta ~ x_km + y_km + altitud_m",3.06984852824171,8.30684056442999,10.7007320584801,-0.00622742258957256,0.201508002047401,0.677096503171545,0.005,"esferico",19.0403895698701,95.6149643319799,42.0624436718275,1011.09057820023,"universal",5.92739729687009,4.25624457607091,-0.0175943018943697,0.754996852070816,686,0.948979591836735,"LOO_condicional_covarianza_fija"
2021,16,686,"FINAL_KRIGING","original","Mxy_RA",".respuesta ~ x_km + y_km + radiacion_bilineal_mj_m2_dia + altitud_m",3.3271338970207,14.6094517244901,18.5477721071755,0.00376830529775492,0.491441851241535,0.868128163565541,0.005,"esferico",0,373.340519040163,58.1181055076027,37616.1829612254,"universal",5.68006117778578,4.41925156539208,0.000626387587009182,0.952306066492072,686,0.975218658892128,"LOO_condicional_covarianza_fija"
2022,16,686,"FINAL_KRIGING","log1p","MTRA",".respuesta ~ temperatura_bilineal_c + radiacion_bilineal_mj_m2_dia +      altitud_m",3.43565668763898,14.554019445851,18.4060840587662,-3.13850462044087,0.647753599814072,0.879859727136738,0.005,"gaussiano",0.0116379893257385,0.127503409509286,29.8652353276677,0.00028759834874191,"universal",6.88010443016669,5.10686736276072,-0.371469002689774,0.950783149148048,686,0.946064139941691,"LOO_condicional_covarianza_fija"
2023,16,686,"FINAL_KRIGING","log1p","Mxy",".respuesta ~ x_km + y_km",1.3544415662,11.8910469562216,14.2427863319067,-1.95464995522284,0.462258394436252,0.884035575328688,0.005,"gaussiano",0.00804684419898279,0.0710206256648249,30.1900418944854,1.54942805442476e-05,"universal",4.97767324421121,3.82205104573692,-0.26032046294929,0.934319494013502,686,0.962099125364432,"LOO_condicional_covarianza_fija"
2024,16,686,"FINAL_KRIGING","original","MTRA",".respuesta ~ temperatura_bilineal_c + radiacion_bilineal_mj_m2_dia +      altitud_m",5.93376223057549,13.7491622348337,16.605142920101,0.00512972907174385,0.299033364658261,0.850058143961191,0.005,"gaussiano",19.8203572323507,263.226540823811,24.8196359652241,7845.55098864994,"universal",5.67233365673939,4.21043476144338,-0.0308183331300666,0.918203325243624,686,0.912536443148688,"LOO_condicional_covarianza_fija"
2025,16,686,"FINAL_KRIGING","raiz","MTR",".respuesta ~ temperatura_bilineal_c + radiacion_bilineal_mj_m2_dia",6.18845660556313,8.88375851039801,10.9564524117267,-1.58820176023282,0.840659245391232,0.844249369953356,0.005,"gaussiano",0.123122650125741,1.65594896956,24.182966818539,0.762112129628446,"universal",3.33361527174471,2.35865021447163,-0.227832895475435,0.985249120675873,686,0.922740524781341,"LOO_condicional_covarianza_fija"
2011,17,686,"FINAL_KRIGING","raiz","Mxy_R",".respuesta ~ x_km + y_km + radiacion_bilineal_mj_m2_dia",7.65598533077956,21.047552796298,26.1131331304568,-2.59086732016224,0.447972509001173,0.852251291060206,0.005,"esferico",0,3.13773909858866,84.6316712605234,0.352800280625786,"universal",8.62404586714817,6.50913183292659,-0.283125884911962,0.93979052287362,686,0.921282798833819,"LOO_condicional_covarianza_fija"
2012,17,686,"FINAL_KRIGING","raiz","Mxy_RA",".respuesta ~ x_km + y_km + radiacion_bilineal_mj_m2_dia + altitud_m",3.49536014477964,15.2681207161195,19.6060800211505,-1.09086917155119,0.643287179622785,0.907621633468187,0.005,"gaussiano",0.0601325960993142,1.09182456200818,26.3674803449101,0.0405119376387031,"universal",5.18262197407098,3.75152550266581,-0.0750345792363922,0.975074938372177,686,0.941690962099125,"LOO_condicional_covarianza_fija"
2013,17,686,"FINAL_KRIGING","log1p","MTRA",".respuesta ~ temperatura_bilineal_c + radiacion_bilineal_mj_m2_dia +      altitud_m",1.94992219040398,17.6522189596275,25.2060712841919,-3.71845900041966,0.724694140597069,0.829515065869054,0.005,"gaussiano",0.00584469744973486,0.0908833094804145,19.2338776120346,0.000658512701927039,"universal",6.86076666923262,4.96505567106737,-0.299393250176538,0.979603744983303,686,0.919825072886297,"LOO_condicional_covarianza_fija"
2014,17,686,"FINAL_KRIGING","original","Mxy_RA",".respuesta ~ x_km + y_km + radiacion_bilineal_mj_m2_dia + altitud_m",5.94452164885295,16.3825464985735,20.934083426425,-0.00273932264522242,0.85964785108788,0.878564861518255,0.005,"esferico",40.2759746702549,484.119198414394,110.277425302032,1706.57813329461,"universal",6.40272897859565,4.58925208487269,0.00278289419151897,0.986870705101825,686,0.975218658892128,"LOO_condicional_covarianza_fija"
2015,17,686,"FINAL_KRIGING","log1p","MTR",".respuesta ~ temperatura_bilineal_c + radiacion_bilineal_mj_m2_dia",1.71220688981092,5.31126933338242,7.23038117507361,-0.764947291976013,0.822915805270312,0.50143041910423,0.005,"gaussiano",0.0492210756326422,0.0612102015447175,39.264970381997,5.42969730106976e-05,"universal",3.96263551897144,2.97778230000194,-0.395151540510756,0.946810529080552,686,0.975218658892128,"LOO_condicional_covarianza_fija"
2016,17,686,"FINAL_KRIGING","original","Mxy_R",".respuesta ~ x_km + y_km + radiacion_bilineal_mj_m2_dia",1.64328363797728,6.78370663807922,8.42120349446716,-0.00335209893069358,0.081099147545983,0.653302377819081,0.005,"esferico",16.30236496174,51.796698382256,50.2512493289033,336.13712510681,"universal",5.05058356465417,3.36145635931654,-0.00429539368637967,0.669475655434821,686,0.938775510204082,"LOO_condicional_covarianza_fija"
2017,17,686,"FINAL_KRIGING","log1p","Mxy_alt",".respuesta ~ x_km + y_km + altitud_m",3.06984852824171,14.6809362576975,18.9777846331314,-3.40913059340492,0.64569113159853,0.884356650400129,0.005,"gaussiano",0.0115759557294302,0.123147214674442,32.7121235102867,0.000931136997511684,"universal",5.80041142410285,4.34750862671736,-0.3087004434619,0.966901478547282,686,0.941690962099125,"LOO_condicional_covarianza_fija"
2018,17,686,"FINAL_KRIGING","original","MTR",".respuesta ~ temperatura_bilineal_c + radiacion_bilineal_mj_m2_dia",2.2098637258299,9.6882633145376,12.5878599738875,0.00866277909717092,0.75891919003753,0.848142660907724,0.005,"esferico",19.8257541255492,165.431888219241,103.035786748613,271.755445056378,"universal",4.55791411793111,3.12540179181978,-0.0130159176864007,0.96839242981248,686,0.973760932944606,"LOO_condicional_covarianza_fija"
2019,17,686,"FINAL_KRIGING","original","MTRA",".respuesta ~ temperatura_bilineal_c + radiacion_bilineal_mj_m2_dia +      altitud_m",1.98297369763131,7.96416460880009,10.0956043846773,0.00279004061132182,0.65766582930905,0.81691903305379,0.005,"gaussiano",12.2612525429034,85.6680792553246,22.6898388191154,232.751011782481,"universal",3.69743153958286,2.77404448270351,-0.00670656876177154,0.954081690920932,686,0.946064139941691,"LOO_condicional_covarianza_fija"
2020,17,686,"FINAL_KRIGING","raiz","MTRA",".respuesta ~ temperatura_bilineal_c + radiacion_bilineal_mj_m2_dia +      altitud_m",1.95460597104435,14.3340260384577,18.6681710285784,-3.23849979291125,0.627247512493613,0.817771567239298,0.005,"esferico",0,3.55779898108374,47.0418708666326,0.965151049651894,"universal",6.3745682311093,4.38876370251671,-0.488264955527666,0.956537114442405,686,0.956268221574344,"LOO_condicional_covarianza_fija"
2021,17,686,"FINAL_KRIGING","raiz","MTR",".respuesta ~ temperatura_bilineal_c + radiacion_bilineal_mj_m2_dia",1.09729855168004,9.46932226033431,12.1604917811669,-0.771547642223132,0.69848767039304,0.803719782541002,0.005,"esferico",0,0.835541779438019,44.7986634571394,0.343564921145542,"universal",4.31956061376247,3.29257829746864,-0.137607529408144,0.961956370431067,686,0.9533527696793,"LOO_condicional_covarianza_fija"
2022,17,686,"FINAL_KRIGING","raiz","Mxy",".respuesta ~ x_km + y_km",1.3544415662,15.2317829114226,18.6931003533645,-1.63030726985701,0.414221934726099,0.830470743269069,0.005,"esferico",0,1.78202033277882,53.8177208561726,1.0431114616085,"universal",6.71908307068458,4.92706950861231,-0.24167786650659,0.92431837450585,686,0.944606413994169,"LOO_condicional_covarianza_fija"
2023,17,686,"FINAL_KRIGING","original","Mxy_alt",".respuesta ~ x_km + y_km + altitud_m",3.06984852824171,8.50707638629595,10.5278558212802,-0.00579699963985982,0.065803073372212,0.831016652836921,0.005,"esferico",0,115.806532066008,53.4592252248798,483.848130832041,"universal",3.62552955162892,2.74098843937096,-0.0160996939097292,0.889209767011361,686,0.963556851311953,"LOO_condicional_covarianza_fija"
2024,17,686,"FINAL_KRIGING","log1p","Mxy_RA",".respuesta ~ x_km + y_km + radiacion_bilineal_mj_m2_dia + altitud_m",4.77160156388797,17.0091968390628,21.3072158122169,-3.43731452018732,0.564201713584856,0.900128176181431,0.005,"gaussiano",9.96160787297819e-05,0.10404718943149,27.1484884042184,0.00727576054823989,"universal",7.03517013381643,5.19587845581168,-0.174713751569576,0.952490406119164,686,0.215743440233236,"LOO_condicional_covarianza_fija"
2025,17,686,"FINAL_KRIGING","original","Mxy_R",".respuesta ~ x_km + y_km + radiacion_bilineal_mj_m2_dia",6.62803977756596,12.3500185107193,15.369834491674,-0.00289773592808438,0.564010919011036,0.723523792746566,0.005,"esferico",32.2888729574432,211.043937093198,51.4419847803036,270.247258301524,"universal",7.86657584317866,5.36043277577483,-0.0280009325743298,0.885788798755403,686,0.9533527696793,"LOO_condicional_covarianza_fija"
2011,18,686,"FINAL_KRIGING","raiz","MTR",".respuesta ~ temperatura_bilineal_c + radiacion_bilineal_mj_m2_dia",1.05516223317978,27.6761058623537,36.1610656707974,-2.96839282606263,0.71793628440095,0.92173519872721,0.005,"gaussiano",0.0557523443095777,3.35065071461592,31.6975434688829,2.14419103243834,"universal",7.99235272952601,5.90826244378543,-0.142522909072081,0.986221115295377,686,0.798833819241982,"LOO_condicional_covarianza_fija"
2012,18,686,"FINAL_KRIGING","original","Mxy_RA",".respuesta ~ x_km + y_km + radiacion_bilineal_mj_m2_dia + altitud_m",5.68431322692093,15.6346001099774,20.1354433188674,-0.0175845753824629,0.838482668606137,0.8509889100423,0.005,"gaussiano",39.8297938067161,356.696104093994,24.550917707993,3957.66783477269,"universal",7.23947013431884,5.16240231325626,-0.013360068889341,0.979120970856682,686,0.918367346938776,"LOO_condicional_covarianza_fija"
2013,18,686,"FINAL_KRIGING","log1p","MR",".respuesta ~ radiacion_bilineal_mj_m2_dia",1,21.1566207307996,28.2747023607063,-4.35343258631147,0.687659802008057,0.89946599568838,0.005,"gaussiano",0.00670749081113825,0.0839845219518112,30.0323428124868,0.000175779536900262,"universal",9.12507436578414,6.4804019907941,-0.383438388689475,0.967468460026616,686,0.943148688046647,"LOO_condicional_covarianza_fija"
2014,18,686,"FINAL_KRIGING","raiz","Mxy_RA",".respuesta ~ x_km + y_km + radiacion_bilineal_mj_m2_dia + altitud_m",3.21927093012107,14.3460798102591,18.2289125161596,-1.5265734128396,0.867852584613359,0.87068234202411,0.005,"esferico",0.016583179338616,1.73775759250127,88.9615991938777,0.0178863946826899,"universal",6.04564398733203,4.36692623236899,-0.134212344069545,0.98546475721767,686,0.965014577259475,"LOO_condicional_covarianza_fija"
2015,18,686,"FINAL_KRIGING","original","Mxy_alt",".respuesta ~ x_km + y_km + altitud_m",3.06984852824171,10.5246273116812,13.5336338085653,-0.0145846392960926,0.717155583940507,0.865859638312671,0.005,"esferico",0,223.708280543221,101.651314419363,1409.30855545773,"universal",3.51619134289772,2.4969780317354,-0.0312702836491998,0.980907457434336,686,0.959183673469388,"LOO_condicional_covarianza_fija"
2016,18,686,"FINAL_KRIGING","original","MTRA",".respuesta ~ temperatura_bilineal_c + radiacion_bilineal_mj_m2_dia +      altitud_m",2.55422729086589,15.2974741937688,18.7260745252641,0.0201729112519208,0.145548637100953,0.858792957072418,0.005,"esferico",3.06316526313341,426.657935052012,104.779530806968,1279.62540343614,"universal",5.95490458129827,4.17837433927204,0.0220584668010837,0.913594086534219,686,0.93731778425656,"LOO_condicional_covarianza_fija"
2017,18,686,"FINAL_KRIGING","log1p","Mxy_RA",".respuesta ~ x_km + y_km + radiacion_bilineal_mj_m2_dia + altitud_m",3.11803773656437,11.8788969391527,15.6710609734923,-1.73864461906393,0.814173647686191,0.873517282325762,0.005,"gaussiano",0.00155004568939959,0.0480064024742852,21.9592552255532,6.36653311958105e-05,"universal",4.47574802882802,3.1652425930108,-0.0921239209993317,0.984842005004309,686,0.86734693877551,"LOO_condicional_covarianza_fija"
2018,18,686,"FINAL_KRIGING","raiz","Mxy_RA",".respuesta ~ x_km + y_km + radiacion_bilineal_mj_m2_dia + altitud_m",3.07751987574849,15.1871069571775,19.2295811979055,-0.94850811987198,0.887077620070498,0.793684249070409,0.005,"esferico",0,0.989276658685541,41.6430033235351,0.200974115676393,"universal",7.82926142085688,5.53082640123028,-0.118366752103056,0.981281029492656,686,0.947521865889213,"LOO_condicional_covarianza_fija"
2019,18,686,"FINAL_KRIGING","log1p","Mxy_R",".respuesta ~ x_km + y_km + radiacion_bilineal_mj_m2_dia",8.36801266573519,6.37900105484273,9.64879330394351,-1.3439909666296,0.874690937759583,0.842568971983965,0.005,"esferico",0,0.0655636233060307,54.3663413560673,0.000394168772284732,"universal",2.749867969033,1.76446014669444,-0.121035828312447,0.98982205362389,686,0.975218658892128,"LOO_condicional_covarianza_fija"
2020,18,686,"FINAL_KRIGING","original","Mxy_R",".respuesta ~ x_km + y_km + radiacion_bilineal_mj_m2_dia",5.01301007102507,10.5534399891258,13.5118904920793,-0.00497114071371285,0.766879716566559,0.755856962099205,0.005,"esferico",0,189.102715632306,37.1936849089699,4277.50063927029,"universal",5.94449195950441,4.2547433619099,-0.0320314894601405,0.95487914539348,686,0.931486880466472,"LOO_condicional_covarianza_fija"
2021,18,686,"FINAL_KRIGING","log1p","Mxy_alt",".respuesta ~ x_km + y_km + altitud_m",3.06984852824171,9.1462303519094,11.4625403107187,-1.09779241267149,0.426701286597075,0.818417956823801,0.005,"esferico",0,0.0393440511964606,55.0670664050589,0.000350481681284354,"universal",4.53853616394085,3.31448754703737,-0.180846264612053,0.910122534744369,686,0.944606413994169,"LOO_condicional_covarianza_fija"
2022,18,686,"FINAL_KRIGING","raiz","MTA",".respuesta ~ temperatura_bilineal_c + altitud_m",1.90172750386268,11.6733588274573,14.5251354715148,-1.07076916846173,0.636415782672565,0.746519779932697,0.005,"exponencial",0,1.23965032664452,27.3039142094846,0.0166307536405262,"universal",6.31756740936264,4.24798372148475,-0.235357905209875,0.93121964566667,686,0.948979591836735,"LOO_condicional_covarianza_fija"
2023,18,686,"FINAL_KRIGING","original","Mxy_RA",".respuesta ~ x_km + y_km + radiacion_bilineal_mj_m2_dia + altitud_m",3.11397625175553,9.04398579023778,10.7994386890236,-0.00866698400453155,0.420907004088248,0.910831964619006,0.005,"gaussiano",6.19091159256834,121.135161492305,31.9376451413345,2802.2866944723,"universal",2.69370970865797,2.00264165613519,0.00033604739725139,0.963971388195994,686,0.940233236151603,"LOO_condicional_covarianza_fija"
2024,18,686,"FINAL_KRIGING","original","Mxy_RA",".respuesta ~ x_km + y_km + radiacion_bilineal_mj_m2_dia + altitud_m",5.54708079910487,16.8747668939481,20.8961203762697,-0.00472395027645644,0.553121470010069,0.853306462998335,0.005,"exponencial",0,504.590225857535,36.6337699867463,5476.47235196038,"universal",5.85303953184656,4.13499985394727,-0.0122832636610705,0.964939259721726,686,0.973760932944606,"LOO_condicional_covarianza_fija"
2025,18,686,"FINAL_KRIGING","raiz","MTR",".respuesta ~ temperatura_bilineal_c + radiacion_bilineal_mj_m2_dia",1.52483344254355,17.3267686164964,22.852577594915,-1.20454857751553,0.282424190405146,0.760452113739325,0.005,"exponencial",0.0669669583700565,1.27310647359101,29.6565325960512,0.0440901721365207,"universal",9.90811261730433,6.972725829103,-0.319278663371695,0.865110149423787,686,0.957725947521866,"LOO_condicional_covarianza_fija"
2011,19,686,"FINAL_KRIGING","raiz","MTA",".respuesta ~ temperatura_bilineal_c + altitud_m",1.89224418721006,17.899342637189,24.5472644430303,-1.88174266804532,0.837294232596758,0.90443409955541,0.005,"gaussiano",0.123619971820208,1.89225354368817,35.0417568260635,0.268059839945612,"universal",8.29045149078887,5.24126347731409,-0.178468253031166,0.981441062460043,686,0.924198250728863,"LOO_condicional_covarianza_fija"
2012,19,686,"FINAL_KRIGING","raiz","MTA",".respuesta ~ temperatura_bilineal_c + altitud_m",1.90536289518305,18.2290562284424,23.2562587171855,-1.68296579864466,0.794397226338383,0.765557548083475,0.005,"esferico",0.0756317325931364,1.61143434372659,54.1326017398848,0.108311037877393,"universal",8.86338832767944,6.1348231304802,-0.335734868173859,0.970135941792006,686,0.954810495626822,"LOO_condicional_covarianza_fija"
2013,19,686,"FINAL_KRIGING","log1p","Mxy_R",".respuesta ~ x_km + y_km + radiacion_bilineal_mj_m2_dia",1.58756873808351,11.198195148482,17.3632839625968,-1.98201859976695,0.873246409810312,0.775035462952221,0.005,"esferico",0.00113188393131116,0.0699175198076815,45.1229064338199,5.35445481093973e-05,"universal",6.04656253281542,3.98814547087021,-0.283637981026106,0.984628592682212,686,0.951895043731778,"LOO_condicional_covarianza_fija"
2014,19,686,"FINAL_KRIGING","log1p","MTR",".respuesta ~ temperatura_bilineal_c + radiacion_bilineal_mj_m2_dia",2.19520913626026,15.5577314770441,20.2150762093134,-2.99207986591998,0.69963688392425,0.868942452045533,0.005,"gaussiano",0.00197086763201252,0.0763765210095412,22.0070102995717,0.00295430498618672,"universal",7.05001741537587,4.96533164193765,-0.252667977395199,0.963467767329007,686,0.776967930029155,"LOO_condicional_covarianza_fija"
2015,19,686,"FINAL_KRIGING","original","MTRA",".respuesta ~ temperatura_bilineal_c + radiacion_bilineal_mj_m2_dia +      altitud_m",2.58791224764244,7.03070357498101,9.08497118189676,-0.00668256883302912,0.863537696685247,0.794140894205929,0.005,"exponencial",9.43436091585161,81.6780543405416,35.9506192300471,936.531614054237,"universal",3.48696088446304,2.44566412256821,-0.00226013480196068,0.979897052403459,686,0.983965014577259,"LOO_condicional_covarianza_fija"
2016,19,686,"FINAL_KRIGING","original","Mxy_RA",".respuesta ~ x_km + y_km + radiacion_bilineal_mj_m2_dia + altitud_m",8.5410327174648,19.0098655919034,23.3614325562151,-0.0191586650138022,0.706057521532755,0.81410516827834,0.005,"esferico",4.28355743399823,550.587699412067,53.1535786537364,5073.09904822912,"universal",7.94790636680995,5.88295884514816,0.000225088630480868,0.965977290708407,686,0.957725947521866,"LOO_condicional_covarianza_fija"
2017,19,686,"FINAL_KRIGING","original","MTRA",".respuesta ~ temperatura_bilineal_c + radiacion_bilineal_mj_m2_dia +      altitud_m",6.34198141045142,22.3903097415661,29.4618011020357,0.00439455126616548,0.662365484501487,0.863421519356156,0.005,"gaussiano",87.496827597502,750.424005583088,29.4279880782288,12976.6459255875,"universal",9.84713254013336,7.40890879223384,-0.00136712298053471,0.962282072842127,686,0.946064139941691,"LOO_condicional_covarianza_fija"
2018,19,686,"FINAL_KRIGING","log1p","MRA",".respuesta ~ radiacion_bilineal_mj_m2_dia + altitud_m",1.79059207776086,15.8186516732582,20.5493232837508,-4.10304282606518,0.615030686689872,0.73091937389592,0.005,"esferico",0.0253282067309612,0.161500647847204,71.4569905354557,0.000279476290848414,"universal",9.11722625436862,6.62346802211825,-0.985267649184652,0.924219663718122,686,0.951895043731778,"LOO_condicional_covarianza_fija"
2019,19,686,"FINAL_KRIGING","raiz","Mxy",".respuesta ~ x_km + y_km",1.3544415662,11.3201475863111,14.421724911509,-1.59118227830182,0.879196987909658,0.617094552944804,0.005,"esferico",0.429721202011044,1.200792180043,51.2879458964898,0.0400768719182277,"universal",6.89824575932764,4.75422676410886,-0.641407779093043,0.972361105145569,686,0.946064139941691,"LOO_condicional_covarianza_fija"
2020,19,686,"FINAL_KRIGING","raiz","Mxy_alt",".respuesta ~ x_km + y_km + altitud_m",3.06984852824171,8.49473931505638,12.0150931936535,-1.46268177054781,0.750662786943863,0.772359329514744,0.005,"esferico",0.256256802010795,1.42263989115982,80.3981332567535,0.0618404319098372,"universal",4.87334648966187,3.41702901828138,-0.393030493762202,0.958980780343141,686,0.959183673469388,"LOO_condicional_covarianza_fija"
2021,19,686,"FINAL_KRIGING","raiz","MTR",".respuesta ~ temperatura_bilineal_c + radiacion_bilineal_mj_m2_dia",3.4138151352785,16.374290047582,21.4414914197551,-1.72206371263435,0.717454951064956,0.86535528992271,0.005,"gaussiano",0.110165029268233,1.72719121451717,27.1604182828699,1.05286672325034,"universal",7.6403723747323,5.6189586232894,-0.196916735968641,0.964123772308355,686,0.877551020408163,"LOO_condicional_covarianza_fija"
2022,19,686,"FINAL_KRIGING","raiz","MTRA",".respuesta ~ temperatura_bilineal_c + radiacion_bilineal_mj_m2_dia +      altitud_m",9.1131402593945,10.9063874137701,14.0859351272414,-2.1603477264173,0.647316211520184,0.882110962092435,0.005,"esferico",0,2.5592396879307,85.1178138302553,0.0127964565319931,"universal",3.7860924701948,2.72119953188277,-0.185446467932261,0.974520167830297,686,0.956268221574344,"LOO_condicional_covarianza_fija"
2023,19,686,"FINAL_KRIGING","raiz","MTRA",".respuesta ~ temperatura_bilineal_c + radiacion_bilineal_mj_m2_dia +      altitud_m",9.20659838825174,3.94609939695939,5.14793891837095,-0.592818025796923,0.918802398177701,0.76407962417211,0.005,"esferico",0.0730473330567171,0.576825415174522,62.1043251341964,0.014345029511395,"universal",2.14333532171114,1.46777887417759,-0.155568479545875,0.985924731953483,686,0.951895043731778,"LOO_condicional_covarianza_fija"
2024,19,686,"FINAL_KRIGING","original","MTRA",".respuesta ~ temperatura_bilineal_c + radiacion_bilineal_mj_m2_dia +      altitud_m",3.71618416859333,10.7064897067084,14.1266013454096,0.000355002849387988,0.570143867346483,0.72452678297337,0.005,"exponencial",30.2364071115692,188.879076233144,28.4273752014029,3095.30415148927,"universal",6.95047787912277,4.63843587544144,-0.0184938104743764,0.895941615536681,686,0.962099125364432,"LOO_condicional_covarianza_fija"
2025,19,686,"FINAL_KRIGING","original","MTR",".respuesta ~ temperatura_bilineal_c + radiacion_bilineal_mj_m2_dia",1.06493117615298,11.1760278421912,14.3914812517197,-0.0110674000689854,0.446443456724034,0.770644874139413,0.005,"esferico",1.48604014071642,221.559083947761,44.5664239656424,8861.83057920123,"universal",5.66493332176142,4.24459754720732,-0.0128485728674908,0.914228974816953,686,0.946064139941691,"LOO_condicional_covarianza_fija"
2011,20,686,"FINAL_KRIGING","raiz","MTRA",".respuesta ~ temperatura_bilineal_c + radiacion_bilineal_mj_m2_dia +      altitud_m",2.13215358398935,16.8452913163145,22.5014777109074,-1.07029633915161,0.837559691320711,0.804428013375855,0.005,"esferico",0,1.11212137399982,48.0238165004755,0.123392251800263,"universal",7.89925870196966,5.48289001125228,-0.160403286607366,0.979980906830199,686,0.966472303206997,"LOO_condicional_covarianza_fija"
2012,20,686,"FINAL_KRIGING","original","Mxy_R",".respuesta ~ x_km + y_km + radiacion_bilineal_mj_m2_dia",6.69526813202559,17.5370276191815,22.1655721230298,0.00136667435631802,0.860643713043531,0.782184073168579,0.005,"esferico",0,503.133588686139,45.5626414625607,11242.315180252,"universal",8.81722105115117,6.12960909339027,0.0136930641878896,0.977948804831161,686,0.931486880466472,"LOO_condicional_covarianza_fija"
2013,20,686,"FINAL_KRIGING","log1p","Mxy_RA",".respuesta ~ x_km + y_km + radiacion_bilineal_mj_m2_dia + altitud_m",5.91434325713167,25.2753908311065,37.6332599138137,-5.69102099027667,0.761723035460525,0.750110271533527,0.005,"esferico",0.00827489862840699,0.128803687722801,52.5437112076726,0.00109346121371733,"universal",10.75471767173,7.05454009465964,-0.649364344699681,0.980540288069774,686,0.97667638483965,"LOO_condicional_covarianza_fija"
2014,20,686,"FINAL_KRIGING","original","Mxy_RA",".respuesta ~ x_km + y_km + radiacion_bilineal_mj_m2_dia + altitud_m",3.9895251323624,9.43968363309882,13.2149368889187,-0.00208998781704455,0.870061264035926,0.741578153384753,0.005,"exponencial",0,185.041864311122,22.638937920743,375.141593889196,"universal",5.35309868170448,3.63020589896379,-0.00254128108482554,0.978678441327996,686,0.938775510204082,"LOO_condicional_covarianza_fija"
2015,20,686,"FINAL_KRIGING","original","Mxy_RA",".respuesta ~ x_km + y_km + radiacion_bilineal_mj_m2_dia + altitud_m",3.50421222448696,19.329219078329,24.1914635969964,0.0131163348045208,0.872444186621665,0.80805368209318,0.005,"esferico",2.91553325528848,599.893502629806,50.1406003444104,82679.6172566923,"universal",9.05657463921039,6.47976335752594,-0.00363876401074904,0.982122618443558,686,0.934402332361516,"LOO_condicional_covarianza_fija"
2016,20,686,"FINAL_KRIGING","log1p","Mxy_alt",".respuesta ~ x_km + y_km + altitud_m",3.06984852824171,12.3703341417802,15.6895584712806,-1.972155536806,0.683528827483292,0.77972851573681,0.005,"esferico",0,0.0615358432635477,41.5340582231026,0.000289090029376987,"universal",6.42023016872022,4.89871828245716,-0.298832366280947,0.947007561055167,686,0.963556851311953,"LOO_condicional_covarianza_fija"
2017,20,686,"FINAL_KRIGING","original","Mxy_RA",".respuesta ~ x_km + y_km + radiacion_bilineal_mj_m2_dia + altitud_m",6.39225729585948,17.3761794966727,20.9898343990933,-0.0124083947958419,0.0548151473947094,0.765520092601561,0.005,"esferico",18.1979041639477,438.793358537998,45.8365853678758,21885.778351459,"universal",9.1205710300871,6.88657973721234,-0.013239974476248,0.821539219291231,686,0.940233236151603,"LOO_condicional_covarianza_fija"
2018,20,686,"FINAL_KRIGING","original","Mxy_RA",".respuesta ~ x_km + y_km + radiacion_bilineal_mj_m2_dia + altitud_m",3.43827882223323,20.6089742791793,28.160659482925,-0.000261822937516054,0.814894349652402,0.872439332587292,0.005,"gaussiano",40.6906012424918,807.939627713724,26.8216138764936,57694.0039046988,"universal",7.82633215968131,5.30216376286102,-0.0148130320108095,0.985702813399364,686,0.918367346938776,"LOO_condicional_covarianza_fija"
2019,20,686,"FINAL_KRIGING","raiz","MRA",".respuesta ~ radiacion_bilineal_mj_m2_dia + altitud_m",1.68408610080771,17.9707152844108,22.50262509703,-2.24172103870878,0.42295979947422,0.887966664471093,0.005,"gaussiano",0.130501582034851,2.43128437272929,28.9553126978741,0.39115406297202,"universal",7.73002670266215,5.9482478067988,-0.236925715453022,0.931907122219806,686,0.889212827988338,"LOO_condicional_covarianza_fija"
2020,20,686,"FINAL_KRIGING","raiz","MTRA",".respuesta ~ temperatura_bilineal_c + radiacion_bilineal_mj_m2_dia +      altitud_m",2.02184184784492,16.4195791120883,21.1054579799765,-2.36094268644545,0.871770924078014,0.932989914660201,0.005,"gaussiano",0.119113269166061,2.62135481752311,37.6353265895594,0.0508349058124081,"universal",6.43831995921652,4.32504698426375,-0.153735769420578,0.988067208218563,686,0.93002915451895,"LOO_condicional_covarianza_fija"
2021,20,686,"FINAL_KRIGING","raiz","MTRA",".respuesta ~ temperatura_bilineal_c + radiacion_bilineal_mj_m2_dia +      altitud_m",2.04132136595076,14.2866454832774,18.4713647025508,-0.940781541542787,0.905321194434767,0.77245295562485,0.005,"esferico",0.029997829816032,0.916652726318908,43.4250514316977,0.11789373884112,"universal",8.25518804941177,5.88211834611587,-0.208068669235677,0.981089250340853,686,0.956268221574344,"LOO_condicional_covarianza_fija"
2022,20,686,"FINAL_KRIGING","original","Mxy_RA",".respuesta ~ x_km + y_km + radiacion_bilineal_mj_m2_dia + altitud_m",3.2407828790859,12.0237474207471,14.8981790939808,-0.00883323626935725,0.886343729275548,0.801013777693884,0.005,"esferico",0,226.569621075962,51.7730472964995,4328.01838581856,"universal",5.45732899451496,3.88443271245735,-0.0399779949762375,0.984749387284449,686,0.935860058309038,"LOO_condicional_covarianza_fija"
2023,20,686,"FINAL_KRIGING","raiz","Mxy_alt",".respuesta ~ x_km + y_km + altitud_m",3.06984852824171,13.0548225533065,16.8142913076179,-1.3081331786447,0.460732092701736,0.919750657442451,0.005,"gaussiano",0.0667184552768929,1.45559280452748,37.4235238001412,0.439530688196483,"universal",4.84634494046589,3.6317648468479,-0.116262161316916,0.95520019900215,686,0.887755102040816,"LOO_condicional_covarianza_fija"
2024,20,686,"FINAL_KRIGING","original","Mxy_RA",".respuesta ~ x_km + y_km + radiacion_bilineal_mj_m2_dia + altitud_m",4.70179017758456,12.9287475914983,17.9563985322065,-0.00615115957746429,0.901609060680935,0.740693674693692,0.005,"esferico",6.89935596287064,332.56831982197,43.6497360490623,3018.17672938033,"universal",7.55123058861296,4.95587553108431,0.00269489957780844,0.982599885751353,686,0.935860058309038,"LOO_condicional_covarianza_fija"
2025,20,686,"FINAL_KRIGING","raiz","MTA",".respuesta ~ temperatura_bilineal_c + altitud_m",1.91898222047348,16.5050476340996,21.541854186874,-1.09580601000082,0.866130183240843,0.836862518420058,0.005,"gaussiano",0.105610231527088,1.076583046717,21.9832663154373,0.294872772678832,"universal",9.23635060934646,6.48571355036746,-0.136688383797223,0.975389676321464,686,0.93731778425656,"LOO_condicional_covarianza_fija"
2011,21,686,"FINAL_KRIGING","original","Mxy_RA",".respuesta ~ x_km + y_km + radiacion_bilineal_mj_m2_dia + altitud_m",4.4674916846397,30.4586342271991,41.3908593486284,-0.0199352740934543,0.45761251232076,0.921098935951512,0.005,"gaussiano",114.001855781956,2094.12873800249,57.0421792839359,43916.3592039683,"universal",13.1676532255951,8.27477189864556,-0.0481017143163749,0.945106927845335,686,0.924198250728863,"LOO_condicional_covarianza_fija"
2012,21,686,"FINAL_KRIGING","raiz","Mxy_RA",".respuesta ~ x_km + y_km + radiacion_bilineal_mj_m2_dia + altitud_m",3.16061364135265,13.7817461167448,19.4355599499695,-3.56455992646723,0.855174148674507,0.746074822586296,0.005,"esferico",0.118813511306122,3.50328487213953,38.9787876741117,1.39234272195632,"universal",7.66537315414481,4.43368675981639,-0.817231013259528,0.977472210575494,686,0.934402332361516,"LOO_condicional_covarianza_fija"
2013,21,686,"FINAL_KRIGING","raiz","Mxy_RA",".respuesta ~ x_km + y_km + radiacion_bilineal_mj_m2_dia + altitud_m",6.53929971811719,25.7297695966096,35.8962182301231,-3.16853916034714,0.812894895709807,0.87136650285693,0.005,"gaussiano",0.0537003871269581,3.32704588277415,21.029483294907,1.34346095521081,"universal",11.5869507568735,7.53336833670967,-0.133661410383635,0.980504850755186,686,0.733236151603499,"LOO_condicional_covarianza_fija"
2014,21,686,"FINAL_KRIGING","raiz","MTA",".respuesta ~ temperatura_bilineal_c + altitud_m",1.87958869022089,18.2180187971543,25.5379688157711,-1.86645934943115,0.87355326041741,0.879938290779568,0.005,"gaussiano",0.102783748696952,1.85376877357012,27.7332933765654,0.145512335300994,"universal",8.41475891521807,5.32001747554582,-0.164674884848083,0.986271651776346,686,0.922740524781341,"LOO_condicional_covarianza_fija"
2015,21,686,"FINAL_KRIGING","raiz","MTRA",".respuesta ~ temperatura_bilineal_c + radiacion_bilineal_mj_m2_dia +      altitud_m",2.07926860790715,8.89034575019166,13.102870042585,-0.791426554740628,0.893586251641529,0.647392631577345,0.005,"exponencial",0.213862105222274,0.664179823721315,31.1774934036069,0.00983232886814068,"universal",6.37896079331915,4.49888467123336,-0.354017733023393,0.974778858438382,686,0.96064139941691,"LOO_condicional_covarianza_fija"
2016,21,686,"FINAL_KRIGING","log1p","MTRA",".respuesta ~ temperatura_bilineal_c + radiacion_bilineal_mj_m2_dia +      altitud_m",5.31811712132837,11.5888624876291,16.6939188695338,-2.42351585482047,0.896413329353572,0.672514211078322,0.005,"esferico",0.0560456027091413,0.201866007969727,54.373645994026,0.00126809339118537,"universal",6.39399605417323,4.07585573301072,-0.532935079565656,0.98480390480531,686,0.9533527696793,"LOO_condicional_covarianza_fija"
2017,21,686,"FINAL_KRIGING","log1p","MTRA",".respuesta ~ temperatura_bilineal_c + radiacion_bilineal_mj_m2_dia +      altitud_m",4.57305056059576,19.6623650913431,26.2777666183272,-6.1677453679197,0.685860069205371,0.903440253289356,0.005,"gaussiano",0.0240732043428876,0.261186540000515,35.9355644308407,0.000349570335525418,"universal",7.83571459418159,5.41482969351468,-0.500305469529765,0.972067908289337,686,0.963556851311953,"LOO_condicional_covarianza_fija"
2018,21,686,"FINAL_KRIGING","original","MTRA",".respuesta ~ temperatura_bilineal_c + radiacion_bilineal_mj_m2_dia +      altitud_m",2.48901660583809,10.7687034895715,14.0406726253571,-0.000704643295030093,0.874881178728709,0.692603942711523,0.005,"exponencial",43.7843681050063,196.152390008909,47.6559872526454,1568.94369115733,"universal",7.38340945235256,5.03310879681271,0.0128477643996332,0.965401224883634,686,0.950437317784257,"LOO_condicional_covarianza_fija"
2019,21,686,"FINAL_KRIGING","original","Mxy_R",".respuesta ~ x_km + y_km + radiacion_bilineal_mj_m2_dia",2.97380011331173,18.9839130586455,23.9566820767354,0.00051698580213974,0.715159042555164,0.825677318319532,0.005,"esferico",0,606.981543749259,60.3000526200216,49081.3775220505,"universal",8.11303912628104,6.06652645575616,-0.0156289387846055,0.967332474500294,686,0.946064139941691,"LOO_condicional_covarianza_fija"
2020,21,686,"FINAL_KRIGING","raiz","Mxy",".respuesta ~ x_km + y_km",1.3544415662,11.0969813798526,14.8148212887577,-1.3134535151992,0.869268522061036,0.847529295794497,0.005,"esferico",0.012969282883009,1.45301728087765,73.7292606023837,0.107778417700746,"universal",5.3134030994848,3.57334511193225,-0.163158905321802,0.983183606291398,686,0.934402332361516,"LOO_condicional_covarianza_fija"
2021,21,686,"FINAL_KRIGING","raiz","MTR",".respuesta ~ temperatura_bilineal_c + radiacion_bilineal_mj_m2_dia",2.79060117054162,12.7818318020013,17.3410646348793,-0.975220282835122,0.752666436905193,0.811676175111366,0.005,"esferico",0,1.06644868822707,52.786434198307,0.290859583338092,"universal",6.4333053934181,4.61767309015616,-0.133922236906284,0.965959190722106,686,0.941690962099125,"LOO_condicional_covarianza_fija"
2022,21,686,"FINAL_KRIGING","original","MTR",".respuesta ~ temperatura_bilineal_c + radiacion_bilineal_mj_m2_dia",4.29161385133766,14.1850222386885,17.3801162445662,-0.00499066492639407,0.64743245011359,0.880958192069714,0.005,"gaussiano",36.3618423301041,354.951728688773,48.86338103217,488.575875037326,"universal",6.61309699494047,4.92520506967039,-0.0184082964047508,0.948955756812984,686,0.922740524781341,"LOO_condicional_covarianza_fija"
2023,21,686,"FINAL_KRIGING","original","Mxy_RA",".respuesta ~ x_km + y_km + radiacion_bilineal_mj_m2_dia + altitud_m",3.96183499868445,17.4049656875831,21.0200391370428,0.00871347147911797,0.775250859862109,0.859669719552891,0.005,"gaussiano",36.4311393428129,440.966886600033,30.0490046399075,47002.8249693289,"universal",7.25623053392849,5.26799831589534,-0.0160124506511834,0.973217374892226,686,0.919825072886297,"LOO_condicional_covarianza_fija"
2024,21,686,"FINAL_KRIGING","raiz","Mxy_alt",".respuesta ~ x_km + y_km + altitud_m",3.06984852824171,15.4921169014366,20.9483742774213,-1.65313250699933,0.899149703017593,0.86495077883872,0.005,"gaussiano",0.108776129926408,1.7272927823634,31.5051863304536,0.510162806836353,"universal",8.42374145029669,5.53361692826029,-0.176396557711629,0.983692529961998,686,0.892128279883382,"LOO_condicional_covarianza_fija"
2025,21,686,"FINAL_KRIGING","raiz","MTRA",".respuesta ~ temperatura_bilineal_c + radiacion_bilineal_mj_m2_dia +      altitud_m",1.92039472769141,7.28560871974164,8.97413080549686,-0.719748628560379,0.757692573982485,0.822064590150263,0.005,"esferico",0,0.762696356537816,46.4772731249648,0.128448184084091,"universal",3.0511140792847,2.14612527838622,-0.116182386362991,0.97199092121273,686,0.962099125364432,"LOO_condicional_covarianza_fija"
2011,22,686,"FINAL_KRIGING","original","MTRA",".respuesta ~ temperatura_bilineal_c + radiacion_bilineal_mj_m2_dia +      altitud_m",1.89644792034512,18.6896832408284,24.1685499041994,-0.0145712995763643,0.150977944400426,0.858501548160764,0.005,"esferico",17.2966966928682,624.442207524011,88.4641568229896,1752.32560372941,"universal",8.28093689640861,5.05742806366996,0.0170787400922133,0.900327182454683,686,0.943148688046647,"LOO_condicional_covarianza_fija"
2012,22,686,"FINAL_KRIGING","log1p","MTA",".respuesta ~ temperatura_bilineal_c + altitud_m",1.869975433577,9.91214297076467,13.7102722958478,-3.72370326588936,0.869778928104258,0.794013879194709,0.005,"esferico",0.0156061349071132,0.206068369948815,57.4404100018015,0.00190026555795573,"universal",5.15902437720167,3.29341704822584,-0.335889670905007,0.981561556142145,686,0.969387755102041,"LOO_condicional_covarianza_fija"
2013,22,686,"FINAL_KRIGING","raiz","MTA",".respuesta ~ temperatura_bilineal_c + altitud_m",1.90653913772988,20.7382208504921,27.2354274964563,-2.18497153123033,0.752566788924368,0.884988633321482,0.005,"gaussiano",0.290580010612992,2.1520511110489,42.1860672683575,0.080510010056747,"universal",9.98109183228779,7.07607905827517,-0.320015581488765,0.96676882472924,686,0.957725947521866,"LOO_condicional_covarianza_fija"
2014,22,686,"FINAL_KRIGING","original","Mxy_RA",".respuesta ~ x_km + y_km + radiacion_bilineal_mj_m2_dia + altitud_m",4.91882943229802,17.1313106444075,21.3377737072898,-0.0196387007247115,0.843848469346775,0.856984348227373,0.005,"esferico",0,606.631734844849,121.356173434228,4541.78095307764,"universal",6.4913315235386,3.95352809255874,0.0124371079078777,0.985548410548043,686,0.931486880466472,"LOO_condicional_covarianza_fija"
2015,22,686,"FINAL_KRIGING","raiz","Mxy",".respuesta ~ x_km + y_km",1.3544415662,15.462503863062,19.79283658144,-4.21210670944672,0.869758810306409,0.767855160439867,0.005,"esferico",0.235332833698016,4.28967837467941,55.8266281827765,2.73961820302007,"universal",7.3817304044172,5.0424791730365,-0.88833512207423,0.981884570448632,686,0.918367346938776,"LOO_condicional_covarianza_fija"
2016,22,686,"FINAL_KRIGING","log1p","Mxy_alt",".respuesta ~ x_km + y_km + altitud_m",3.06984852824171,12.5297530210117,16.2175964875534,-1.692823417987,0.897990210329035,0.77223662014184,0.005,"esferico",0.00207518920380179,0.0530756537589546,45.7953943889567,2.1732166617049e-05,"universal",8.44502755543461,5.85058128723191,-0.399129268873128,0.972338800232245,686,0.9533527696793,"LOO_condicional_covarianza_fija"
2017,22,686,"FINAL_KRIGING","raiz","Mxy_alt",".respuesta ~ x_km + y_km + altitud_m",3.06984852824171,8.68798008707867,11.4103808663747,-1.69336134494678,0.50960158521624,0.808190688764284,0.005,"esferico",0.188004456797522,1.68843204558415,74.601794643631,0.0235403574650223,"universal",3.95765547385571,2.65333040493829,-0.342046135736953,0.941003704066823,686,0.959183673469388,"LOO_condicional_covarianza_fija"
2018,22,686,"FINAL_KRIGING","original","MTRA",".respuesta ~ temperatura_bilineal_c + radiacion_bilineal_mj_m2_dia +      altitud_m",3.62192313431652,15.0003917280909,18.5187449604811,-0.0141944222688052,0.432822469318442,0.823784884556655,0.005,"esferico",0,394.854611312742,64.581059717603,7318.3258693783,"universal",6.80616138429269,4.96355282198689,-0.0177821013320036,0.923387364666367,686,0.922740524781341,"LOO_condicional_covarianza_fija"
2019,22,686,"FINAL_KRIGING","original","MTRA",".respuesta ~ temperatura_bilineal_c + radiacion_bilineal_mj_m2_dia +      altitud_m",7.80346546491652,14.2088431362419,17.7987848490075,-0.00511984182145106,0.347608762093556,0.887677663575201,0.005,"esferico",5.61995123601619,354.661739220181,96.750016836805,763.374315637848,"universal",4.88529880199278,3.7316312140204,-0.00235167685070001,0.950851566919695,686,0.96064139941691,"LOO_condicional_covarianza_fija"
2020,22,686,"FINAL_KRIGING","original","Mxy_RA",".respuesta ~ x_km + y_km + radiacion_bilineal_mj_m2_dia + altitud_m",5.82487103351739,19.6501703610814,24.3126623269632,-0.0242770078683568,0.835370506628619,0.900683787746518,0.005,"esferico",17.3510470859367,690.145512096112,101.841464505313,5366.76908716035,"universal",5.41684309868283,3.57071551512157,-0.0105122916070551,0.991827872805766,686,0.982507288629738,"LOO_condicional_covarianza_fija"
2021,22,686,"FINAL_KRIGING","raiz","Mxy_alt",".respuesta ~ x_km + y_km + altitud_m",3.06984852824171,9.86297015984439,12.9905417818158,-1.24230936739252,0.852224592534319,0.671456989267573,0.005,"esferico",0.251849625388999,1.13487033236934,62.2426811608294,0.0183370539368248,"universal",6.55808144882177,4.58502640973542,-0.41743861097272,0.962338184661476,686,0.946064139941691,"LOO_condicional_covarianza_fija"
2022,22,686,"FINAL_KRIGING","original","Mxy_RA",".respuesta ~ x_km + y_km + radiacion_bilineal_mj_m2_dia + altitud_m",4.97444144978879,12.0658938351064,14.9185333420766,-0.00673818721103927,0.759573337383447,0.818594092729888,0.005,"esferico",0,251.104765925686,69.8435003057407,5923.30117358008,"universal",5.50292521501992,3.8865576135529,-0.0398167389855516,0.967287209598383,686,0.927113702623907,"LOO_condicional_covarianza_fija"
2023,22,686,"FINAL_KRIGING","original","Mxy_R",".respuesta ~ x_km + y_km + radiacion_bilineal_mj_m2_dia",2.46965376330846,17.9717149315523,23.9015439324211,-0.00714243768580364,0.582657879061103,0.860795794027329,0.005,"esferico",16.0677956382337,618.947435256172,76.1669036177173,8088.13891179627,"universal",7.66333186053784,5.5432851639243,0.00327653960027663,0.957098194036268,686,0.963556851311953,"LOO_condicional_covarianza_fija"
2024,22,686,"FINAL_KRIGING","raiz","MTRA",".respuesta ~ temperatura_bilineal_c + radiacion_bilineal_mj_m2_dia +      altitud_m",2.03030901008419,18.4567970616354,23.9195945959127,-2.93763536058654,0.81374314995506,0.893689595801101,0.005,"gaussiano",0.145670751450697,3.11881327686621,32.2168338104193,0.103518018645682,"universal",8.77356953943703,5.64902300283337,-0.273001238604703,0.974941373102657,686,0.900874635568513,"LOO_condicional_covarianza_fija"
2025,22,686,"FINAL_KRIGING","log1p","Mxy",".respuesta ~ x_km + y_km",1.3544415662,11.9438261219831,20.3391867985544,-3.2580300288325,0.683827157085279,0.877283583034643,0.005,"gaussiano",0.011208108002063,0.104157149867606,29.5658643154218,0.000119965656510533,"universal",5.61807387196125,3.65065752734312,-0.260548158773295,0.975876946211915,686,0.959183673469388,"LOO_condicional_covarianza_fija"
2011,23,686,"FINAL_KRIGING","raiz","Mxy_RA",".respuesta ~ x_km + y_km + radiacion_bilineal_mj_m2_dia + altitud_m",5.89201593120737,23.5607226558784,32.6544372834211,-2.93472193437769,0.876096194674966,0.791535798263255,0.005,"esferico",0,3.31006277916831,64.6592810025027,1.44266222569692,"universal",12.2587891037616,6.59197544949283,-0.389114963122755,0.982537943724257,686,0.948979591836735,"LOO_condicional_covarianza_fija"
2012,23,686,"FINAL_KRIGING","raiz","MTRA",".respuesta ~ temperatura_bilineal_c + radiacion_bilineal_mj_m2_dia +      altitud_m",5.66868711634504,16.3744117772516,24.2451522664626,-2.76593854174446,0.894571756132599,0.867446135558284,0.005,"gaussiano",0.225380348882594,2.84826688043255,33.9071810533411,1.27844672093623,"universal",7.28511989528669,4.48887151802469,-0.364123431946346,0.990481236255976,686,0.908163265306122,"LOO_condicional_covarianza_fija"
2013,23,686,"FINAL_KRIGING","raiz","Mxy_alt",".respuesta ~ x_km + y_km + altitud_m",3.06984852824171,14.9253077211799,22.2421906323306,-3.08634814950375,0.914892280158581,0.871390265981008,0.005,"esferico",0,3.3943824126635,73.6514472017798,1.46507525926386,"universal",6.94262884885635,3.8067311892854,-0.28862505350593,0.991707953379133,686,0.941690962099125,"LOO_condicional_covarianza_fija"
2014,23,686,"FINAL_KRIGING","raiz","Mxy_RA",".respuesta ~ x_km + y_km + radiacion_bilineal_mj_m2_dia + altitud_m",3.25345758699193,9.91742631504709,12.8763418659468,-1.67365353039892,0.834622624806491,0.633798419188111,0.005,"exponencial",0.294637625260651,1.54384072520711,20.1194583213427,0.0800326674429487,"universal",6.79615190359743,4.32452494114237,-0.699586257038493,0.953930101843818,686,0.950437317784257,"LOO_condicional_covarianza_fija"
2015,23,686,"FINAL_KRIGING","log1p","Mxy_R",".respuesta ~ x_km + y_km + radiacion_bilineal_mj_m2_dia",3.93627357126649,5.56111835384194,8.37928517993524,-1.75995721073476,0.888532935229221,0.440387300293026,0.005,"exponencial",0.0642917893508953,0.338033911097216,10.6555680076783,0.00408264059142075,"universal",4.92332821769545,3.17936529687392,-0.752713654236281,0.961518658732658,686,0.928571428571429,"LOO_condicional_covarianza_fija"
2016,23,686,"FINAL_KRIGING","raiz","Mxy_R",".respuesta ~ x_km + y_km + radiacion_bilineal_mj_m2_dia",1.47666381273393,7.332918666291,9.34363104857428,-0.652037628095635,0.833625204244381,0.648886089662482,0.005,"exponencial",0.0470584772581487,0.619724970221728,16.5253609076591,0.00320699820535794,"universal",4.82652230325939,3.62988388871831,-0.2500404029366,0.955605945809266,686,0.9533527696793,"LOO_condicional_covarianza_fija"
2017,23,686,"FINAL_KRIGING","log1p","MTA",".respuesta ~ temperatura_bilineal_c + altitud_m",1.88389198792561,8.36293472312379,11.7764205612775,-1.7937627375946,0.853245085239463,0.862476168035106,0.005,"gaussiano",0.00478620985192751,0.0768737581022862,23.0296703687488,0.00028326633949213,"universal",4.00835328212476,2.59642564727263,-0.164533813814274,0.982998077811329,686,0.903790087463557,"LOO_condicional_covarianza_fija"
2018,23,686,"FINAL_KRIGING","log1p","Mxy_alt",".respuesta ~ x_km + y_km + altitud_m",3.06984852824171,6.96394734521856,9.80766131594218,-2.15665271500419,0.873563878631718,0.836680071590507,0.005,"gaussiano",0.00650486115608686,0.152976005802357,28.5287035277555,0.00352479478979568,"universal",3.80040012357882,2.30464715536635,-0.135447318900615,0.981015511887912,686,0.903790087463557,"LOO_condicional_covarianza_fija"
2019,23,686,"FINAL_KRIGING","raiz","Mxy",".respuesta ~ x_km + y_km",1.3544415662,12.3085318480758,15.4963283179747,-1.01742964555907,0.852151433994253,0.765810103357963,0.005,"esferico",0.135259420277021,0.845051596224752,60.8026927688548,0.0425942845454424,"universal",6.36886645930234,4.35351685866681,-0.267957558326272,0.975026248614365,686,0.96064139941691,"LOO_condicional_covarianza_fija"
2020,23,686,"FINAL_KRIGING","raiz","Mxy_alt",".respuesta ~ x_km + y_km + altitud_m",3.06984852824171,13.3334331884448,17.7913391067103,-1.66456457009479,0.315847741634557,0.899948748770782,0.005,"gaussiano",0.121981874048361,1.81005651333865,34.6923131638611,0.183349411651569,"universal",5.06594803929755,3.84533090368725,-0.179114849710229,0.944530155061179,686,0.943148688046647,"LOO_condicional_covarianza_fija"
2021,23,686,"FINAL_KRIGING","original","MTRA",".respuesta ~ temperatura_bilineal_c + radiacion_bilineal_mj_m2_dia +      altitud_m",2.12583287614421,19.6688158430762,25.0518716778227,-0.00452068467171819,0.906261790360165,0.7486255550548,0.005,"exponencial",47.0379163398621,750.858433017813,42.6030465969942,5227.39469092862,"universal",10.6698100532103,7.32780299331517,-0.00449344226927043,0.982996055701911,686,0.950437317784257,"LOO_condicional_covarianza_fija"
2022,23,686,"FINAL_KRIGING","original","Mxy_R",".respuesta ~ x_km + y_km + radiacion_bilineal_mj_m2_dia",1.9919654619865,20.4144019203136,26.8596177166767,-0.027480705091086,0.771484579050288,0.879658311621941,0.005,"esferico",0,923.4066731226,105.815185882905,43183.9596060027,"universal",7.97153476360879,5.19083923744098,0.0317258710009697,0.979872040621061,686,0.947521865889213,"LOO_condicional_covarianza_fija"
2023,23,686,"FINAL_KRIGING","log1p","Mxy_RA",".respuesta ~ x_km + y_km + radiacion_bilineal_mj_m2_dia + altitud_m",3.26128392919641,8.91852175266611,12.3991361382299,-1.63429545245451,0.756626265880121,0.768011243361068,0.005,"esferico",0.00779350081296748,0.0889454109014314,49.4382882683635,0.000548252805460312,"universal",5.46302873322033,3.67634687448989,-0.377477261628815,0.952754786250293,686,0.956268221574344,"LOO_condicional_covarianza_fija"
2024,23,686,"FINAL_KRIGING","raiz","Mxy_RA",".respuesta ~ x_km + y_km + radiacion_bilineal_mj_m2_dia + altitud_m",5.83869945188187,13.1118129201562,18.0716983634499,-1.55841052854716,0.834753021342244,0.76822342108374,0.005,"esferico",0.0779816896170701,1.56536311746797,49.7682473604746,0.29601325670117,"universal",6.40677651262054,4.26839518182453,-0.367100712821501,0.97923104052183,686,0.938775510204082,"LOO_condicional_covarianza_fija"
2025,23,686,"FINAL_KRIGING","original","Mxy_RA",".respuesta ~ x_km + y_km + radiacion_bilineal_mj_m2_dia + altitud_m",4.96027761596685,14.1451126502256,19.255025084912,-0.0144598735065563,0.853166392010886,0.777810050884978,0.005,"esferico",57.7206311717008,359.010723993272,103.404595850104,3269.04060959627,"universal",8.47239732932442,5.79882602418755,-0.00920436534409746,0.97157176334094,686,0.954810495626822,"LOO_condicional_covarianza_fija"
2011,24,686,"FINAL_KRIGING","raiz","MTA",".respuesta ~ temperatura_bilineal_c + altitud_m",1.87254694892395,12.1203135908803,21.3255262420865,-4.12865409410622,0.684547792546516,0.890925375562792,0.005,"gaussiano",0.236753745908205,4.30557939898883,31.6772247472441,5.61176488985821,"universal",4.37998450778386,2.76297128228283,-0.445931711266477,0.986693029141042,686,0.887755102040816,"LOO_condicional_covarianza_fija"
2012,24,686,"REVISAR_COVARIANZA","raiz","MTRA",".respuesta ~ temperatura_bilineal_c + radiacion_bilineal_mj_m2_dia +      altitud_m",4.59267603269215,19.774625596211,30.4205237600098,-3.14988634033662,0.848662886548375,0.942725705302318,0.005,"gaussiano",0,3.67783908074401,38.1258156386813,0.696766575173852,NA,NA,NA,NA,NA,NA,NA,NA
2013,24,686,"FINAL_KRIGING","raiz","Mxy_RA",".respuesta ~ x_km + y_km + radiacion_bilineal_mj_m2_dia + altitud_m",9.0668197067769,14.4262597637495,24.3232939150858,-2.17500649157686,0.863258964828792,0.808487808460913,0.005,"esferico",0,2.23597508831429,53.7851694286246,0.163805704213471,"universal",6.68046124227937,3.62368357367647,-0.294739709254122,0.989685053368771,686,0.938775510204082,"LOO_condicional_covarianza_fija"
2014,24,686,"FINAL_KRIGING","raiz","Mxy_alt",".respuesta ~ x_km + y_km + altitud_m",3.06984852824171,5.3490227583257,6.96054255885835,-0.826343824575993,0.853174993843556,0.664051856627544,0.005,"esferico",0.216179618346457,0.724983910193931,76.2021443839563,0.00594028570371662,"universal",2.99901143820971,1.94091937936182,-0.333316481144867,0.972743500115434,686,0.943148688046647,"LOO_condicional_covarianza_fija"
2015,24,686,"FINAL_KRIGING","raiz","Mxy_alt",".respuesta ~ x_km + y_km + altitud_m",3.06984852824171,7.63353338795227,11.4533435314027,-2.46906923150271,0.571823420016918,0.754163290842002,0.005,"esferico",0.433268515031833,2.40833464192175,70.7809333443054,0.645062977871523,"universal",4.38363358853935,3.07366820935859,-0.729258376220421,0.937276999365567,686,0.951895043731778,"LOO_condicional_covarianza_fija"
2016,24,686,"FINAL_KRIGING","raiz","Mxy",".respuesta ~ x_km + y_km",1.3544415662,9.65270105999059,13.6044947822917,-3.12682952650752,0.799618619920271,0.778153855699534,0.005,"esferico",0.398088107499558,3.12785841828388,59.99223299892,1.0438340561252,"universal",5.28980439137781,3.31271624139853,-0.773551154156897,0.969704944520374,686,0.9533527696793,"LOO_condicional_covarianza_fija"
2017,24,686,"FINAL_KRIGING","raiz","Mxy",".respuesta ~ x_km + y_km",1.3544415662,19.9528328423862,27.4422091814497,-3.11882976137844,0.528895170394712,0.881302344762298,0.005,"gaussiano",0.247774185350267,3.52520819048374,38.5968290758327,0.61845352643784,"universal",8.80959710523414,5.9230380303107,-0.411779146042726,0.951449745639266,686,0.916909620991254,"LOO_condicional_covarianza_fija"
2018,24,686,"FINAL_KRIGING","raiz","Mxy_alt",".respuesta ~ x_km + y_km + altitud_m",3.06984852824171,12.9093129230072,17.6056254416762,-1.65929754355885,0.84333750029094,0.931890721864805,0.005,"gaussiano",0.0301156915283505,1.86908099294043,34.9757921247842,0.122585318720176,"universal",4.91248916759566,2.75791439381436,-0.0700736804093905,0.987802653895678,686,0.845481049562682,"LOO_condicional_covarianza_fija"
2019,24,686,"REVISAR_COVARIANZA","log1p","Mxy_alt",".respuesta ~ x_km + y_km + altitud_m",3.06984852824171,11.5035566610049,16.7337753607587,-3.97256235720966,0.79775027078241,0.93768293012693,0.005,"gaussiano",0,0.316063762153211,37.7570279005693,0.0188784677974762,NA,NA,NA,NA,NA,NA,NA,NA
2020,24,686,"FINAL_KRIGING","log1p","Mxy",".respuesta ~ x_km + y_km",1.3544415662,10.4848511757595,15.4502228752734,-3.88082409132834,0.869237897754111,0.873843415980178,0.005,"gaussiano",0.00823193230047604,0.154195537899016,25.0619933761283,0.00117863258460562,"universal",5.28044243239963,3.15144379897091,-0.183502024073853,0.984725991733841,686,0.911078717201166,"LOO_condicional_covarianza_fija"
2021,24,686,"FINAL_KRIGING","log1p","Mxy_alt",".respuesta ~ x_km + y_km + altitud_m",3.06984852824171,15.3739630241535,21.0634573640455,-3.0039148784717,0.692244723620316,0.810717720855023,0.005,"esferico",0,0.0803151249581382,49.9995892474242,0.00102908081798138,"universal",7.72696585988819,5.61435739368586,-0.411340973768236,0.958584378933393,686,0.9533527696793,"LOO_condicional_covarianza_fija"
2022,24,686,"FINAL_KRIGING","original","Mxy_RA",".respuesta ~ x_km + y_km + radiacion_bilineal_mj_m2_dia + altitud_m",3.09610688490409,16.7806432206526,21.3376018601248,-0.0201169934406941,0.318946965515046,0.785328418723291,0.005,"exponencial",0,496.294889989289,26.6704653789635,6001.23654275471,"universal",9.10404838339242,6.54974584230593,-0.06044494765085,0.876017944611838,686,0.940233236151603,"LOO_condicional_covarianza_fija"
2023,24,686,"FINAL_KRIGING","raiz","Mxy_alt",".respuesta ~ x_km + y_km + altitud_m",3.06984852824171,8.07789692799195,12.4383468949325,-2.65489362835117,0.619682568064257,0.772099066763311,0.005,"gaussiano",0.536798851844828,2.2262738854199,26.5650625311121,0.149414062840288,"universal",4.35427645153458,2.85622003134359,-0.624118088813532,0.953392812112679,686,0.912536443148688,"LOO_condicional_covarianza_fija"
2024,24,686,"FINAL_KRIGING","raiz","Mxy_R",".respuesta ~ x_km + y_km + radiacion_bilineal_mj_m2_dia",2.6656446746015,20.048680861038,26.6974950764515,-1.92758199552447,0.567034750823012,0.892024100561096,0.005,"gaussiano",0.177107365036687,1.9328159719775,34.6014410203542,0.0525241992112646,"universal",9.3155774288698,6.64996571229783,-0.237013619067729,0.947285320555019,686,0.916909620991254,"LOO_condicional_covarianza_fija"
2025,24,686,"FINAL_KRIGING","log1p","Mxy_RA",".respuesta ~ x_km + y_km + radiacion_bilineal_mj_m2_dia + altitud_m",4.00978361363651,14.0100681465892,17.9351809137343,-2.68771673225442,0.809566551901814,0.830450973187872,0.005,"esferico",0,0.10734598120482,63.4958611923375,0.0016788214342547,"universal",8.02821288642266,5.49262483141768,-0.358616340415247,0.961843417684239,686,0.925655976676385,"LOO_condicional_covarianza_fija"
2011,25,686,"FINAL_KRIGING","raiz","Mxy_RA",".respuesta ~ x_km + y_km + radiacion_bilineal_mj_m2_dia + altitud_m",5.11639482588705,11.7599575708534,19.1333760096955,-0.857291976016983,0.929688192389592,0.80269307818679,0.005,"esferico",0,0.855515378358064,47.6695241905684,0.106484461444358,"universal",7.44218989239415,4.02173094353439,-0.120715798077207,0.989362329238029,686,0.93731778425656,"LOO_condicional_covarianza_fija"
2012,25,686,"FINAL_KRIGING","raiz","Mxy_R",".respuesta ~ x_km + y_km + radiacion_bilineal_mj_m2_dia",4.68137453103862,16.9023101330058,25.3623850879367,-1.90424363826807,0.933004545388514,0.81397457291328,0.005,"esferico",0.0251928643437341,2.17261114897403,66.6896002580626,0.31565871023533,"universal",9.51881976270179,5.14739466073004,-0.28710992644196,0.990563056367569,686,0.948979591836735,"LOO_condicional_covarianza_fija"
2013,25,686,"FINAL_KRIGING","log1p","MRA",".respuesta ~ radiacion_bilineal_mj_m2_dia + altitud_m",2.06447434891107,10.9445760053897,17.1573563171204,-4.23508336297788,0.93364235739167,0.864178770737962,0.005,"esferico",0,0.200306307811339,72.2313789750889,0.000260749176608442,"universal",7.58672530063164,3.88209697337458,-0.302544429034103,0.987025252144013,686,0.978134110787172,"LOO_condicional_covarianza_fija"
2014,25,686,"FINAL_KRIGING","log1p","Mxy",".respuesta ~ x_km + y_km",1.3544415662,7.65169235030906,10.9549270946408,-2.43644310158068,0.803358604164866,0.750892956225163,0.005,"esferico",0.0167034442539154,0.238271523471742,54.8847703050553,0.00692965583826166,"universal",4.60998610169497,2.9779166530826,-0.361382932225554,0.965177880853844,686,0.944606413994169,"LOO_condicional_covarianza_fija"
2015,25,686,"FINAL_KRIGING","log1p","Mxy",".respuesta ~ x_km + y_km",1.3544415662,7.25371319149459,10.563171849182,-1.88445477237512,0.850845600894545,0.786237589774601,0.005,"esferico",0.000651204495924011,0.110621299490415,56.1358862585116,0.00579616822008815,"universal",4.53782554915,3.00106724450741,-0.228857319154656,0.972474008701534,686,0.916909620991254,"LOO_condicional_covarianza_fija"
2016,25,686,"FINAL_KRIGING","log1p","MTRA",".respuesta ~ temperatura_bilineal_c + radiacion_bilineal_mj_m2_dia +      altitud_m",2.00442398535843,10.4095228155545,14.923557386298,-0.580518474551032,0.925761501817775,0.661884194604483,0.005,"esferico",0.0575880374765712,0.184973427002787,53.8119193891776,0.000574313617008467,"universal",7.6989861525289,4.5156996130008,-0.488858664764029,0.980241610849414,686,0.956268221574344,"LOO_condicional_covarianza_fija"
2017,25,686,"FINAL_KRIGING","original","Mxy_RA",".respuesta ~ x_km + y_km + radiacion_bilineal_mj_m2_dia + altitud_m",4.64901416363774,11.9783372257282,14.9847369582646,-0.00866503636655418,0.0959102823500065,0.785216754665154,0.005,"esferico",26.5797814771366,223.183944319018,81.6696625069064,719.349364051464,"universal",6.44226268796098,4.64520328580165,-0.0176262126769202,0.832894731905014,686,0.956268221574344,"LOO_condicional_covarianza_fija"
2018,25,686,"FINAL_KRIGING","log1p","MTRA",".respuesta ~ temperatura_bilineal_c + radiacion_bilineal_mj_m2_dia +      altitud_m",1.97019184930621,6.663705141371,11.4909338174135,-0.72510746952802,0.891416083252826,0.725459004762779,0.005,"esferico",0.0396066777971754,0.222755589332252,51.6530880537676,0.000478414052454907,"universal",4.75123105298029,2.39181632395375,-0.266532168988661,0.981436188155433,686,0.951895043731778,"LOO_condicional_covarianza_fija"
2019,25,686,"FINAL_KRIGING","log1p","Mxy",".respuesta ~ x_km + y_km",1.3544415662,9.32079514217699,12.1911959511212,-2.62163162942441,0.846457978844182,0.881002048858286,0.005,"gaussiano",0.00793708976633965,0.120673548292336,29.4244295728394,0.000462866770514934,"universal",4.49386859833121,2.91451619033875,-0.181816985715023,0.979137066759932,686,0.903790087463557,"LOO_condicional_covarianza_fija"
2020,25,686,"FINAL_KRIGING","log1p","Mxy_alt",".respuesta ~ x_km + y_km + altitud_m",3.06984852824171,9.99395783737716,13.7510426903049,-4.18740484542024,0.662639610355476,0.781835346899247,0.005,"esferico",0,0.513245585098231,52.0484390255238,0.0784467119559227,"universal",4.02287858215872,2.58756634171058,-0.350431513796237,0.971126683009959,686,0.932944606413994,"LOO_condicional_covarianza_fija"
2021,25,686,"FINAL_KRIGING","log1p","Mxy_R",".respuesta ~ x_km + y_km + radiacion_bilineal_mj_m2_dia",2.12707128188164,9.35422197854253,13.7915920565964,-3.22542496973836,0.721961268702999,0.663475140693953,0.005,"esferico",0.0136694602046579,0.266224271768859,38.2020148759815,0.0255536431577587,"universal",5.8558718008082,4.04861004583267,-0.467874058462793,0.949874396587013,686,0.950437317784257,"LOO_condicional_covarianza_fija"
2022,25,686,"FINAL_KRIGING","raiz","Mxy_R",".respuesta ~ x_km + y_km + radiacion_bilineal_mj_m2_dia",2.10100348655304,15.4347590636474,20.917838896144,-1.3696551760796,0.824086753082815,0.781429660864795,0.005,"esferico",0.0796252606230869,1.40586126440284,53.8843228033105,0.300063829444554,"universal",9.83923904470392,6.67602580180144,-0.243107866046177,0.961078645943515,686,0.947521865889213,"LOO_condicional_covarianza_fija"
2023,25,686,"FINAL_KRIGING","log1p","MT",".respuesta ~ temperatura_bilineal_c",1,4.7639660073315,7.68011739687497,-1.48007398419672,0.936797908632415,0.611063031898065,0.005,"esferico",0.0952116349087408,0.332227943579317,34.4542877367247,0.00181597710256663,"universal",3.94128814170014,2.29124954758153,-0.445178914812835,0.983355448186585,686,0.93002915451895,"LOO_condicional_covarianza_fija"
2024,25,686,"FINAL_KRIGING","raiz","Mxy_RA",".respuesta ~ x_km + y_km + radiacion_bilineal_mj_m2_dia + altitud_m",4.6097709780836,10.6864351065489,15.1867133071662,-1.58192649973489,0.869063272935979,0.641165482629522,0.005,"esferico",0.330018484300314,1.35177920789355,43.7297727347223,0.0297273240328921,"universal",7.90045379587746,5.36661024315019,-0.663023522869464,0.964564548792061,686,0.951895043731778,"LOO_condicional_covarianza_fija"
2025,25,686,"FINAL_KRIGING","raiz","Mxy_alt",".respuesta ~ x_km + y_km + altitud_m",3.06984852824171,15.0984023549541,23.2931497986426,-3.05013064012894,0.617888911992036,0.848825052473274,0.005,"esferico",0.0286016221879024,3.45505663257623,85.9327453122645,0.223005774728839,"universal",7.67833199132178,4.28016883798797,-0.34604584923656,0.95847907952942,686,0.935860058309038,"LOO_condicional_covarianza_fija"
2011,26,686,"FINAL_KRIGING","log1p","MR",".respuesta ~ radiacion_bilineal_mj_m2_dia",1,17.7465561673718,26.3940766999192,-8.1307012773806,0.758968646864705,0.774881750292811,0.005,"esferico",0.0279458173242237,0.448220634715805,62.5628493160841,0.0249449399566201,"universal",6.31386188665829,3.91455823472379,-0.536087776629397,0.986207253784215,686,0.956268221574344,"LOO_condicional_covarianza_fija"
2012,26,686,"FINAL_KRIGING","raiz","Mxy_RA",".respuesta ~ x_km + y_km + radiacion_bilineal_mj_m2_dia + altitud_m",4.99707859366038,13.8047773950764,21.6029162972293,-1.47013805856704,0.865382821786548,0.830962465967874,0.005,"esferico",0.0224911016320378,1.63587511575306,69.6263015104433,0.0882001301252446,"universal",8.1942313431719,4.65112042342503,-0.161342794110455,0.980631670763251,686,0.93002915451895,"LOO_condicional_covarianza_fija"
2013,26,686,"FINAL_KRIGING","raiz","Mxy_RA",".respuesta ~ x_km + y_km + radiacion_bilineal_mj_m2_dia + altitud_m",7.88141953296496,16.6436119396461,28.8062382232053,-1.96278804984262,0.876511427055427,0.870624666612343,0.005,"gaussiano",0.109125623622248,1.96799081219547,27.9087016778458,0.330778897210293,"universal",8.53761862929599,4.55535970119751,-0.164116491715444,0.989152561952205,686,0.916909620991254,"LOO_condicional_covarianza_fija"
2014,26,686,"FINAL_KRIGING","log1p","MT",".respuesta ~ temperatura_bilineal_c",1,12.8152017595912,17.7967541174992,-3.9510041181485,0.853231750014721,0.774231753931941,0.005,"esferico",0.0255553782242379,0.617835668875463,60.4526556027245,0.0123435528258561,"universal",6.51363388437976,4.25234662784676,-0.517726076966311,0.980339380236748,686,0.940233236151603,"LOO_condicional_covarianza_fija"
2015,26,686,"FINAL_KRIGING","raiz","Mxy_R",".respuesta ~ x_km + y_km + radiacion_bilineal_mj_m2_dia",6.96936212148423,8.34128520590589,11.0115702705763,-1.72033477686087,0.839856671199128,0.819513639933663,0.005,"esferico",0.160146220698178,1.79397849591406,74.2228501281383,0.0341503070528167,"universal",4.74494865825593,2.74486869252341,-0.305825548043941,0.970264627888536,686,0.9533527696793,"LOO_condicional_covarianza_fija"
2016,26,686,"FINAL_KRIGING","raiz","Mxy_alt",".respuesta ~ x_km + y_km + altitud_m",3.06984852824171,12.6144872147506,17.0601717783418,-3.56096651868417,0.651924406268338,0.864514630061121,0.005,"esferico",0,4.19165244181966,64.7715398185125,5.1433830997945,"universal",5.71704241310954,3.53027631677619,-0.39971772396494,0.960911446317728,686,0.932944606413994,"LOO_condicional_covarianza_fija"
2017,26,686,"FINAL_KRIGING","original","Mxy_RA",".respuesta ~ x_km + y_km + radiacion_bilineal_mj_m2_dia + altitud_m",6.26682422784438,12.92736587769,16.978709712716,-0.0304734159759646,0.620246811455899,0.780419924988774,0.005,"exponencial",68.7737440012989,379.535239255907,102.707305903572,3368.19052104234,"universal",8.32619389063016,5.59661220325628,0.0154321651638305,0.908675962721336,686,0.959183673469388,"LOO_condicional_covarianza_fija"
2018,26,686,"FINAL_KRIGING","log1p","Mxy_RA",".respuesta ~ x_km + y_km + radiacion_bilineal_mj_m2_dia + altitud_m",9.62097280007854,9.1154907530285,11.8609533262866,-1.57440538823953,0.765642666551043,0.841675865831967,0.005,"gaussiano",0.00626514070015346,0.127768394564992,23.5894199064819,0.00884303320476986,"universal",4.35891765466407,2.64613496914422,-0.200035725955901,0.968348326036454,686,0.946064139941691,"LOO_condicional_covarianza_fija"
2019,26,686,"FINAL_KRIGING","raiz","Mxy_R",".respuesta ~ x_km + y_km + radiacion_bilineal_mj_m2_dia",7.40832164461007,9.85978371442819,12.9261658715098,-1.01168909506433,0.822724669757781,0.867889559400744,0.005,"gaussiano",0.107948836208715,1.03904056563794,31.7841685038968,0.0475309546043427,"universal",4.84037957244351,3.46192971587961,-0.138776705025564,0.975141913621587,686,0.927113702623907,"LOO_condicional_covarianza_fija"
2020,26,686,"FINAL_KRIGING","log1p","MT",".respuesta ~ temperatura_bilineal_c",1,11.7770473594688,17.7248343711265,-4.03579044747611,0.637233087738818,0.860159211003531,0.005,"esferico",0.0757627136995532,1.38302901730095,203.433998764255,0.0158403578050935,"universal",3.98232989974016,2.55542942237609,-0.390237024535426,0.981687916235422,686,0.943148688046647,"LOO_condicional_covarianza_fija"
2021,26,686,"FINAL_KRIGING","raiz","Mxy_alt",".respuesta ~ x_km + y_km + altitud_m",3.06984852824171,16.1131303687761,21.6688931278168,-6.25578177297941,0.606424473127527,0.852116166889454,0.005,"esferico",0,7.2878343360975,62.2103123114104,16.7011156662397,"universal",5.7652756304834,3.77999430144929,-0.686463265407653,0.972139123147728,686,0.922740524781341,"LOO_condicional_covarianza_fija"
2022,26,686,"FINAL_KRIGING","log1p","Mxy_RA",".respuesta ~ x_km + y_km + radiacion_bilineal_mj_m2_dia + altitud_m",5.23057420576097,16.51684863448,21.5309890364668,-6.26238501084721,0.752421786161048,0.790459513469716,0.005,"esferico",0.0138444813490663,0.385544147638857,57.6419343708077,0.0202433481592507,"universal",9.23492361445832,6.2951719305582,-0.869645959577448,0.954453911999884,686,0.918367346938776,"LOO_condicional_covarianza_fija"
2023,26,686,"FINAL_KRIGING","log1p","Mxy_R",".respuesta ~ x_km + y_km + radiacion_bilineal_mj_m2_dia",4.71339663511163,12.5496330579025,16.0398416111653,-3.66594174964715,0.795551548824955,0.930262612973094,0.005,"gaussiano",0.0138469543219624,0.206376811690299,42.4025575067345,0.00138728164599165,"universal",5.4161915347164,3.76432604016711,-0.286136830565623,0.976688420418854,686,0.965014577259475,"LOO_condicional_covarianza_fija"
2024,26,686,"FINAL_KRIGING","raiz","Mxy_R",".respuesta ~ x_km + y_km + radiacion_bilineal_mj_m2_dia",8.9842851041571,14.1316982040881,20.8381502955758,-1.67073847871805,0.776621146296798,0.78970069566232,0.005,"exponencial",0.228231061638497,1.67769758655844,40.0063803864079,0.188034526546882,"universal",7.19979967886778,4.90953283529166,-0.385951628373126,0.973333590000558,686,0.97667638483965,"LOO_condicional_covarianza_fija"
2025,26,686,"FINAL_KRIGING","raiz","Mxy_alt",".respuesta ~ x_km + y_km + altitud_m",3.06984852824171,11.2226340275707,15.8122559244883,-2.58594534319311,0.350300586856845,0.544316853838315,0.005,"exponencial",0.521655601995238,2.06999369280829,14.8092066704185,0.0164316744726173,"universal",8.81293049963952,5.85214756691648,-1.29034834638319,0.798179398981943,686,0.932944606413994,"LOO_condicional_covarianza_fija"
2011,27,686,"FINAL_KRIGING","raiz","Mxy_R",".respuesta ~ x_km + y_km + radiacion_bilineal_mj_m2_dia",3.79247500579282,11.571291927404,17.1194756459009,-1.02767243742724,0.870566761321945,0.794687355743453,0.005,"esferico",0.0172470369057459,1.00185283027319,50.8777762842202,0.020224378038226,"universal",6.25819708509467,4.05857962833885,-0.226369388681461,0.98270329521157,686,0.924198250728863,"LOO_condicional_covarianza_fija"
2012,27,686,"FINAL_KRIGING","log1p","MTRA",".respuesta ~ temperatura_bilineal_c + radiacion_bilineal_mj_m2_dia +      altitud_m",2.77206929545698,9.3422709566652,16.4017260913661,-3.43036912674255,0.816499535059168,0.713683606176043,0.005,"esferico",0.062703639401517,0.24424451314616,50.2604074975051,0.000997804584521263,"universal",4.21456465319029,2.47580866189271,-0.494709534562251,0.987883881837909,686,0.956268221574344,"LOO_condicional_covarianza_fija"
2013,27,686,"FINAL_KRIGING","raiz","Mxy_R",".respuesta ~ x_km + y_km + radiacion_bilineal_mj_m2_dia",4.36579542746101,12.5473613317758,20.9494421695695,-1.78066641174977,0.813499236811525,0.855668435987674,0.005,"esferico",0,2.13437000883801,94.1987135776389,0.097418534287692,"universal",5.56414162278066,3.05243213173086,-0.167756944562326,0.986843752419068,686,0.93002915451895,"LOO_condicional_covarianza_fija"
2014,27,686,"FINAL_KRIGING","log1p","Mxy",".respuesta ~ x_km + y_km",1.3544415662,10.3576008421483,15.4458080156642,-2.95416232015236,0.881940198690516,0.741510286401801,0.005,"esferico",0.000840439080217245,0.15479849911067,50.5012697097619,0.00261632142419869,"universal",5.30549204149177,3.21098446287193,-0.220398752686792,0.986070609364856,686,0.928571428571429,"LOO_condicional_covarianza_fija"
2015,27,686,"FINAL_KRIGING","log1p","Mxy_alt",".respuesta ~ x_km + y_km + altitud_m",3.06984852824171,5.97180822565191,8.04524991798015,-1.55618861271448,0.866456117632759,0.887048991101049,0.005,"gaussiano",0.00762251546577863,0.107769400451259,30.5980947013929,0.00269938798472934,"universal",3.00295864078235,2.04296540558118,-0.121883382419675,0.981394402555783,686,0.93002915451895,"LOO_condicional_covarianza_fija"
2016,27,686,"FINAL_KRIGING","log1p","MTR",".respuesta ~ temperatura_bilineal_c + radiacion_bilineal_mj_m2_dia",4.37419477134001,15.0040281700429,20.6797940054776,-3.80713931974962,0.918647081066841,0.683904570178807,0.005,"esferico",0.0142913108291823,0.0774682130306499,79.9375432284679,0.000283643796184052,"universal",8.65478485569244,5.57574323364836,-0.491834772555962,0.985750708329614,686,0.986880466472303,"LOO_condicional_covarianza_fija"
2017,27,686,"FINAL_KRIGING","log1p","Mxy",".respuesta ~ x_km + y_km",1.3544415662,10.640299976644,16.0068425929192,-4.65287007616463,0.860155433127381,0.618194097223525,0.005,"esferico",0.092014803220088,0.236941115452399,64.7329079666781,0.00120484324661466,"universal",5.89091102450266,3.67262767558035,-0.784615605950196,0.981059162581722,686,0.957725947521866,"LOO_condicional_covarianza_fija"
2018,27,686,"FINAL_KRIGING","log1p","MTR",".respuesta ~ temperatura_bilineal_c + radiacion_bilineal_mj_m2_dia",1.11429526161206,8.38687225171801,12.6694008045244,-3.9242288789325,0.886195158569675,0.643888420052116,0.005,"esferico",0.0823031564085,0.524428175438599,48.347252699333,0.0783796654496367,"universal",4.92203341586687,3.12769729822795,-0.628919005179606,0.982823380208578,686,0.915451895043732,"LOO_condicional_covarianza_fija"
2019,27,686,"FINAL_KRIGING","original","MTR",".respuesta ~ temperatura_bilineal_c + radiacion_bilineal_mj_m2_dia",2.6695415682415,10.2336973296943,12.3790798898538,-0.00745047372722445,0.563406127485475,0.857952696008242,0.005,"esferico",0,167.69882386825,65.2508065193916,1276.9555224969,"universal",3.98602500241239,2.74509906816784,-0.0272147249482247,0.954733080414746,686,0.943148688046647,"LOO_condicional_covarianza_fija"
2020,27,686,"FINAL_KRIGING","original","MTRA",".respuesta ~ temperatura_bilineal_c + radiacion_bilineal_mj_m2_dia +      altitud_m",2.04704762029292,12.1145310787566,15.3871943882754,-0.0080302053216042,0.423753607096444,0.819794205568438,0.005,"esferico",20.0415264658515,259.529844657969,96.2080039103427,156.8468857566,"universal",6.03425711212104,4.42526093172274,-0.02456259927782,0.911378935743181,686,0.967930029154519,"LOO_condicional_covarianza_fija"
2021,27,686,"FINAL_KRIGING","raiz","Mxy_alt",".respuesta ~ x_km + y_km + altitud_m",3.06984852824171,5.89838535729676,8.8944120118145,-2.20986170599624,0.758719063136827,0.664820566002628,0.005,"esferico",0.504290504795063,1.79857701943463,49.8293029703935,0.18517790097806,"universal",3.89594412095764,2.63749414439725,-0.839858134945863,0.953707145334721,686,0.951895043731778,"LOO_condicional_covarianza_fija"
2022,27,686,"FINAL_KRIGING","original","Mxy_alt",".respuesta ~ x_km + y_km + altitud_m",3.06984852824171,10.8779554318715,13.993105114019,-0.013476951629247,0.300627141715398,0.776240840214703,0.005,"exponencial",15.6718307590292,253.27241967189,60.2032042641303,1055.67038073561,"universal",6.25142409040634,3.90189551979304,-0.0338986068561157,0.860415079052367,686,0.934402332361516,"LOO_condicional_covarianza_fija"
2023,27,686,"FINAL_KRIGING","log1p","Mxy_RA",".respuesta ~ x_km + y_km + radiacion_bilineal_mj_m2_dia + altitud_m",8.2513417640188,10.326738251598,15.7381849531513,-3.65314654771571,0.733666439170162,0.851897680840012,0.005,"esferico",0,0.283387305433365,63.6950890132214,0.00404323402023804,"universal",5.20550109102495,3.51179455045561,-0.340053931903237,0.970863210950618,686,0.93731778425656,"LOO_condicional_covarianza_fija"
2024,27,686,"FINAL_KRIGING","log1p","MTRA",".respuesta ~ temperatura_bilineal_c + radiacion_bilineal_mj_m2_dia +      altitud_m",2.24372007802216,13.3846867059728,20.1662359345645,-3.24163357933631,0.665074142353019,0.673933265223371,0.005,"esferico",0.0348540764936899,0.10613812861288,47.5938148505465,0.00128948624147704,"universal",5.86361378404358,3.80071018084966,-0.635391471385331,0.971684143382267,686,0.985422740524781,"LOO_condicional_covarianza_fija"
2025,27,686,"FINAL_KRIGING","raiz","Mxy",".respuesta ~ x_km + y_km",1.3544415662,14.7158077551682,24.0550570690476,-2.94853107483905,0.679613545840566,0.928238853238057,0.005,"gaussiano",0.126431736417273,3.41822727820454,41.6605158641341,0.364076699361395,"universal",5.88284547781404,3.29931717375526,-0.200336971035386,0.980838202554685,686,0.877551020408163,"LOO_condicional_covarianza_fija"
2011,28,686,"FINAL_KRIGING","log1p","Mxy_alt",".respuesta ~ x_km + y_km + altitud_m",3.06984852824171,11.2496297253574,19.8247348194126,-3.74162304207372,0.76971549694237,0.748341223141357,0.005,"esferico",0.00696127681966862,0.131035293860791,69.4156141769545,0.000179872427813045,"universal",5.99751845688656,2.94734736340934,-0.26544896351754,0.978923760457966,686,0.972303206997085,"LOO_condicional_covarianza_fija"
2012,28,686,"FINAL_KRIGING","log1p","MRA",".respuesta ~ radiacion_bilineal_mj_m2_dia + altitud_m",1.90071978957815,13.4823267756542,23.2947727101296,-7.45980344120855,0.897753057321349,0.842353389709542,0.005,"exponencial",0.0484058387143553,1.36351944813651,52.1001658548404,0.00619847559112233,"universal",6.13866413088688,3.38990594576152,-0.494188692541945,0.992899627708577,686,0.941690962099125,"LOO_condicional_covarianza_fija"
2013,28,686,"FINAL_KRIGING","raiz","Mxy_alt",".respuesta ~ x_km + y_km + altitud_m",3.06984852824171,11.4466838683744,23.2548757393495,-4.9668210261573,0.684311752685814,0.815599850140082,0.005,"esferico",0.297866448843334,4.97445926608317,74.1480485866349,1.39545663354388,"universal",7.15273821574288,3.33544980503334,-0.856442735215442,0.970134139755379,686,0.954810495626822,"LOO_condicional_covarianza_fija"
2014,28,686,"FINAL_KRIGING","log1p","Mxy",".respuesta ~ x_km + y_km",1.3544415662,5.69894793828054,8.48157194980112,-1.67712296756289,0.852419000396111,0.798867363551492,0.005,"esferico",0.00465155693495811,0.0977935572048561,60.1281368976491,0.000437934510804346,"universal",2.80603260571097,1.82243997635195,-0.181298682920838,0.983846628814823,686,0.950437317784257,"LOO_condicional_covarianza_fija"
2015,28,686,"FINAL_KRIGING","log1p","MTA",".respuesta ~ temperatura_bilineal_c + altitud_m",1.83317113717694,10.0658699990524,14.7782045319578,-2.01923582649913,0.86191057406633,0.863852397794743,0.005,"esferico",0,0.0732640074122776,64.3618214264517,0.000171541232103475,"universal",4.40834425362208,2.88635904080825,-0.184459223699206,0.987712371235979,686,0.975218658892128,"LOO_condicional_covarianza_fija"
2016,28,686,"FINAL_KRIGING","log1p","Mxy",".respuesta ~ x_km + y_km",1.3544415662,7.46167596787186,12.8256709577853,-3.60524259395248,0.677925229491,0.764441102341446,0.005,"esferico",0.0313654657656335,0.355475285747473,43.8412165478504,0.00126935230678627,"universal",3.60917176161574,2.28327891668326,-0.420588578210156,0.974495805032039,686,0.951895043731778,"LOO_condicional_covarianza_fija"
2017,28,686,"FINAL_KRIGING","log1p","MTRA",".respuesta ~ temperatura_bilineal_c + radiacion_bilineal_mj_m2_dia +      altitud_m",1.95367221476561,7.36451654898652,12.2900301139756,-3.86421933940465,0.883356302127619,0.692285055444542,0.005,"esferico",0.0552361227324752,0.496298413079814,36.6107929130584,0.0406466721967819,"universal",4.61969451737739,2.71971512610074,-0.584357393256583,0.983519062902234,686,0.941690962099125,"LOO_condicional_covarianza_fija"
2018,28,686,"FINAL_KRIGING","log1p","MT",".respuesta ~ temperatura_bilineal_c",1,5.25207433979199,7.877402413886,-1.31964691047908,0.916147892309318,0.734430307705628,0.005,"esferico",0.0142780906953019,0.374857510743729,42.9520044835611,0.00949714721979893,"universal",3.19979292752794,1.87740367027361,-0.257519098564502,0.98616460164242,686,0.922740524781341,"LOO_condicional_covarianza_fija"
2019,28,686,"FINAL_KRIGING","raiz","Mxy_R",".respuesta ~ x_km + y_km + radiacion_bilineal_mj_m2_dia",1.6693182008837,6.17230778254095,10.5458165912301,-2.54096910772115,0.76754904622048,0.745336167098908,0.005,"esferico",0.179054005818877,2.44782601153528,47.4488793490401,0.11541603499364,"universal",4.05727652522701,2.17369129722912,-0.599138318144408,0.965593529732905,686,0.918367346938776,"LOO_condicional_covarianza_fija"
2020,28,686,"FINAL_KRIGING","original","MTR",".respuesta ~ temperatura_bilineal_c + radiacion_bilineal_mj_m2_dia",1.62806332193329,15.9517699545551,22.1970353289397,-0.0177799633230808,0.515787424240203,0.882494536105642,0.005,"esferico",0,541.622459901755,93.8278276220341,2375.75174573089,"universal",5.35777903079055,3.46961737472829,-0.0474760511700346,0.971789179711045,686,0.963556851311953,"LOO_condicional_covarianza_fija"
2021,28,686,"FINAL_KRIGING","log1p","Mxy",".respuesta ~ x_km + y_km",1.3544415662,6.99567135847687,11.7937592930272,-4.49677677582425,0.76847923968058,0.688816068490689,0.005,"esferico",0.110085453934669,0.743306619286307,42.5559004440365,0.183582038663558,"universal",2.97840211503018,1.96982913891754,-0.548660057036346,0.985234366524789,686,0.928571428571429,"LOO_condicional_covarianza_fija"
2022,28,686,"FINAL_KRIGING","original","Mxy_alt",".respuesta ~ x_km + y_km + altitud_m",3.06984852824171,8.72345063132363,11.6721428473813,-0.0141524114908835,0.286723082411776,0.864220732592379,0.005,"esferico",0,155.470312687041,95.6017591062503,48.5993912875449,"universal",3.32784211966008,1.92757446870697,-0.0147153827485667,0.942019439350133,686,0.959183673469388,"LOO_condicional_covarianza_fija"
2023,28,686,"FINAL_KRIGING","raiz","Mxy_RA",".respuesta ~ x_km + y_km + radiacion_bilineal_mj_m2_dia + altitud_m",6.43053844135588,11.936915221966,15.3579222172123,-2.05374253147049,0.656896040715293,0.789332330620718,0.005,"esferico",0.0850978280185707,2.10430596926098,55.6300509657599,0.0189637306898676,"universal",5.29215662778825,3.8342586996981,-0.427709802886199,0.959259516330267,686,0.950437317784257,"LOO_condicional_covarianza_fija"
2024,28,686,"FINAL_KRIGING","log1p","MTRA",".respuesta ~ temperatura_bilineal_c + radiacion_bilineal_mj_m2_dia +      altitud_m",2.36390730964632,8.33730485882276,15.0910035745816,-3.89947144317081,0.889449595312571,0.714573304789165,0.005,"esferico",0.0107126469710447,0.380441326296042,35.1624440714017,0.0200105308973882,"universal",4.70189750043225,2.52290180854451,-0.410314877348535,0.989268253445286,686,0.906705539358601,"LOO_condicional_covarianza_fija"
2025,28,686,"FINAL_KRIGING","log1p","Mxy_alt",".respuesta ~ x_km + y_km + altitud_m",3.06984852824171,5.71742712755771,7.64573591587432,-1.22486160728433,0.927303117908198,0.670159045008953,0.005,"gaussiano",0.0772447454486089,0.168788056669512,21.2348192289693,0.000625640958317543,"universal",3.41240845935278,2.3379972022027,-0.317638738699184,0.98551897785239,686,0.954810495626822,"LOO_condicional_covarianza_fija"
2011,29,686,"FINAL_KRIGING","log1p","Mxy_R",".respuesta ~ x_km + y_km + radiacion_bilineal_mj_m2_dia",1.75153183755667,12.8301373973388,16.653229597171,-4.36573672839734,0.776101066454616,0.686698276358541,0.005,"esferico",0.0976656958324603,0.657311120452896,46.6740337342354,0.0160695029449934,"universal",8.62733313642061,5.52553334503877,-1.2843798302836,0.939909167318471,686,0.935860058309038,"LOO_condicional_covarianza_fija"
2012,29,686,"FINAL_KRIGING","raiz","MTRA",".respuesta ~ temperatura_bilineal_c + radiacion_bilineal_mj_m2_dia +      altitud_m",2.63871682093177,21.9414023307044,30.7650890010442,-4.47580032147526,0.787601057165599,0.898253813563646,0.005,"gaussiano",0.395864387870301,5.15444224875646,46.5345520877496,0.643951892420738,"universal",6.73343375355604,4.5328664870378,-0.474348408434007,0.989825591215522,686,0.940233236151603,"LOO_condicional_covarianza_fija"
2013,29,686,"REVISAR_COVARIANZA","raiz","Mxy_alt",".respuesta ~ x_km + y_km + altitud_m",3.06984852824171,23.7642098648821,35.0322900013356,-3.8578828024391,0.859113295616863,0.942848918228813,0.005,"gaussiano",0,4.60078862660882,37.1518599264851,2.28629178984012,NA,NA,NA,NA,NA,NA,NA,NA
2014,29,686,"FINAL_KRIGING","log1p","MTRA",".respuesta ~ temperatura_bilineal_c + radiacion_bilineal_mj_m2_dia +      altitud_m",5.28301047716594,4.80339985520261,9.07960200529658,-0.0233712853808869,0.917802858827784,0.703476310729441,0.005,"esferico",0.027362974797059,0.226257616511114,37.8902968769002,0.000854246171379279,"universal",2.62492141265812,1.34402895261788,-0.184097625159072,0.993130016404554,686,0.938775510204082,"LOO_condicional_covarianza_fija"
2015,29,686,"FINAL_KRIGING","raiz","Mxy_RA",".respuesta ~ x_km + y_km + radiacion_bilineal_mj_m2_dia + altitud_m",7.59910877371415,6.19600726722106,10.3128731017774,-1.74110158429989,0.878655669559639,0.574353295301431,0.005,"esferico",0.337244037244871,1.39957598645487,24.6565253209454,0.406882310703205,"universal",5.24832469716416,3.07138536503015,-0.816651733696705,0.968573100757322,686,0.941690962099125,"LOO_condicional_covarianza_fija"
2016,29,686,"FINAL_KRIGING","raiz","Mxy_RA",".respuesta ~ x_km + y_km + radiacion_bilineal_mj_m2_dia + altitud_m",9.71269919111981,8.79415675162745,14.0619458242624,-2.71592301009421,0.32956854391457,0.786094579390005,0.005,"exponencial",0,2.94344414423796,31.332374848373,0.0920249107400907,"universal",4.998756355856,2.85520252580136,-0.469867435476847,0.915279700835749,686,0.932944606413994,"LOO_condicional_covarianza_fija"
2017,29,686,"FINAL_KRIGING","raiz","Mxy_alt",".respuesta ~ x_km + y_km + altitud_m",3.06984852824171,9.88736725297895,16.383161677869,-3.74086006816107,0.699368922277508,0.771982241765014,0.005,"esferico",0.286229797179594,3.62257747025495,62.14729776187,0.170156676231314,"universal",5.01262756937607,2.94419332582169,-0.743226879816048,0.971857069623856,686,0.946064139941691,"LOO_condicional_covarianza_fija"
2018,29,686,"FINAL_KRIGING","raiz","Mxy",".respuesta ~ x_km + y_km",1.3544415662,8.27849464662351,13.1164052347156,-1.41602935198648,0.903258146526507,0.758673338946922,0.005,"exponencial",0.329269139090396,1.31479569188675,41.0920658215659,0.0564928336122365,"universal",4.78273885926851,3.12502597048203,-0.488106354486182,0.987137123805094,686,0.972303206997085,"LOO_condicional_covarianza_fija"
2019,29,686,"FINAL_KRIGING","log1p","Mxy_alt",".respuesta ~ x_km + y_km + altitud_m",3.06984852824171,8.27016527098474,10.8624174605987,-3.11505222035814,0.804511237107865,0.724290043494363,0.005,"esferico",0.0473447943269316,0.31248291307314,60.4969164093792,0.000302924157845951,"universal",5.25033106017113,3.33084417590613,-0.605915447923199,0.954328823746794,686,0.944606413994169,"LOO_condicional_covarianza_fija"
2020,29,686,"FINAL_KRIGING","log1p","Mxy_alt",".respuesta ~ x_km + y_km + altitud_m",3.06984852824171,7.41571872661064,11.8143847996567,-3.06548243264247,0.671341265731972,0.711365076927769,0.005,"exponencial",0.0203430975921598,0.320765266806574,23.8102947740983,0.000364045003993326,"universal",5.84769945212182,2.93575859111053,-0.682828462538843,0.91948198835369,686,0.938775510204082,"LOO_condicional_covarianza_fija"
2021,29,686,"FINAL_KRIGING","log1p","MT",".respuesta ~ temperatura_bilineal_c",1,8.4658127889017,10.9988427973148,-1.9821148287898,0.919014742997778,0.818110494573442,0.005,"esferico",0.0504402497522775,0.569153908601306,131.758263817358,0.00134224744854653,"universal",3.745693201077,2.54826711322851,-0.286995915679064,0.990607604314368,686,0.940233236151603,"LOO_condicional_covarianza_fija"
2022,29,686,"FINAL_KRIGING","original","MTRA",".respuesta ~ temperatura_bilineal_c + radiacion_bilineal_mj_m2_dia +      altitud_m",2.58062891839628,6.5951572799581,8.45403732103487,-0.00379923540959689,0.106726368955922,0.764714709229842,0.005,"esferico",5.93645286884819,71.4795578603183,75.4793984851462,199.475998720344,"universal",3.92487826011797,2.64518736951079,-0.00742877114499789,0.807465494568926,686,0.935860058309038,"LOO_condicional_covarianza_fija"
2023,29,686,"FINAL_KRIGING","log1p","Mxy_R",".respuesta ~ x_km + y_km + radiacion_bilineal_mj_m2_dia",9.90692845077284,5.82942986247427,9.3347331774509,-1.14744661716428,0.87909676214554,0.695195722961725,0.005,"esferico",0.0249934993549275,0.15657878872186,58.3449711958374,0.000318549885272875,"universal",3.127147076197,1.80804675662546,-0.192705216260222,0.986431534668546,686,0.957725947521866,"LOO_condicional_covarianza_fija"
2024,29,686,"FINAL_KRIGING","log1p","MTA",".respuesta ~ temperatura_bilineal_c + altitud_m",1.88096585367522,10.4032752610824,19.8997976233746,-5.91623053078348,0.893323867546169,0.590413979053578,0.005,"exponencial",0.0499849947732257,0.295867581930568,15.9256205540082,0.00102162580939564,"universal",5.16689774511682,3.03945162779898,-0.666210631226319,0.992808331241421,686,0.927113702623907,"LOO_condicional_covarianza_fija"
2025,29,686,"FINAL_KRIGING","log1p","MTA",".respuesta ~ temperatura_bilineal_c + altitud_m",1.89296577815193,4.32972752219485,7.20266299123359,-1.56841655404624,0.82677373934831,0.703809524599196,0.005,"exponencial",0,0.338298012120645,16.1465529526113,0.00503884895122176,"universal",1.93199832413598,1.21841631118416,-0.200524459582822,0.987536470911435,686,0.924198250728863,"LOO_condicional_covarianza_fija"
2011,30,686,"FINAL_KRIGING","raiz","Mxy_alt",".respuesta ~ x_km + y_km + altitud_m",3.06984852824171,7.26024370733133,13.1482056377933,-2.84798630352878,0.757591448337763,0.823356667158656,0.005,"esferico",0,2.79747457654688,64.0580709394604,1.2562053054304,"universal",5.86193334178686,2.95933544706663,-0.370068521053132,0.951816680974558,686,0.916909620991254,"LOO_condicional_covarianza_fija"
2012,30,686,"FINAL_KRIGING","log1p","MTRA",".respuesta ~ temperatura_bilineal_c + radiacion_bilineal_mj_m2_dia +      altitud_m",2.87570219533987,14.3119294923754,25.196719324107,-6.88243739330524,0.858389793415264,0.891307870628619,0.005,"gaussiano",0.00973926073545317,0.173372901659145,29.3727518791954,0.00788722688728986,"universal",5.68665951059671,3.18532745159373,-0.21213574352885,0.992786915646653,686,0.918367346938776,"LOO_condicional_covarianza_fija"
2013,30,686,"FINAL_KRIGING","raiz","Mxy_alt",".respuesta ~ x_km + y_km + altitud_m",3.06984852824171,15.057373915463,22.3694402897776,-2.42873526630685,0.727656116016632,0.90818523817885,0.005,"gaussiano",0.0599928477152745,2.82340051671063,34.3241162838793,1.49739165505352,"universal",6.90697657303541,3.96917941208315,-0.161990537775543,0.974035297109303,686,0.825072886297376,"LOO_condicional_covarianza_fija"
2014,30,686,"FINAL_KRIGING","raiz","Mxy_alt",".respuesta ~ x_km + y_km + altitud_m",3.06984852824171,9.44500804727015,16.3874607308488,-2.63507517138365,0.863953160617259,0.9040346833724,0.005,"gaussiano",0.160075385817677,2.91056783106473,43.2602683147139,1.06876613722094,"universal",4.06702712375689,2.27702234738708,-0.304292770532497,0.991620477597464,686,0.86734693877551,"LOO_condicional_covarianza_fija"
2015,30,686,"FINAL_KRIGING","raiz","Mxy_RA",".respuesta ~ x_km + y_km + radiacion_bilineal_mj_m2_dia + altitud_m",4.13391916638351,4.93537137474161,6.98102238373659,-0.621012906875534,0.883234193381891,0.690845607250505,0.005,"esferico",0.138854773211885,0.508759172199899,69.2475888320399,0.0495284244882007,"universal",3.65576627529402,2.32195741163046,-0.244667107875585,0.967979031232253,686,0.951895043731778,"LOO_condicional_covarianza_fija"
2016,30,686,"FINAL_KRIGING","log1p","Mxy_alt",".respuesta ~ x_km + y_km + altitud_m",3.06984852824171,9.30606063311253,15.7820824628266,-4.98255694473495,0.79109984191166,0.640460857965823,0.005,"esferico",0.165604692445227,0.577462142408097,39.4729871890154,0.0177468210776925,"universal",7.25225947229499,4.23453341183277,-1.19193795576271,0.955887992767084,686,0.947521865889213,"LOO_condicional_covarianza_fija"
2017,30,686,"FINAL_KRIGING","log1p","MTR",".respuesta ~ temperatura_bilineal_c + radiacion_bilineal_mj_m2_dia",1.60898949674119,10.233263810224,14.2473280960527,-2.8482396042031,0.838205553195536,0.623664486901014,0.005,"esferico",0.0409336645849843,0.129020071701222,44.1174618938055,0.00332376122500381,"universal",5.61768035974999,4.00904619546842,-0.647680817856581,0.974845782630733,686,0.975218658892128,"LOO_condicional_covarianza_fija"
2018,30,686,"FINAL_KRIGING","log1p","Mxy_alt",".respuesta ~ x_km + y_km + altitud_m",3.06984852824171,18.2827472028644,25.4861805753301,-11.3706184553727,0.884522335476492,0.711018976794029,0.005,"esferico",0.231571894376484,1.26032529807977,50.8175975159379,0.265147448151921,"universal",10.0648921690382,7.03495587714355,-1.9806157346274,0.981990289447278,686,0.925655976676385,"LOO_condicional_covarianza_fija"
2019,30,686,"FINAL_KRIGING","raiz","Mxy_RA",".respuesta ~ x_km + y_km + radiacion_bilineal_mj_m2_dia + altitud_m",3.34420159430291,10.4909695702475,13.4125076110868,-1.22634281801486,0.475200287176404,0.755131424856857,0.005,"esferico",0.159595997208325,1.2110534849418,71.7468957992165,0.0128139362346818,"universal",5.48489459585253,3.73400689166298,-0.319697879049562,0.912237255078849,686,0.951895043731778,"LOO_condicional_covarianza_fija"
2020,30,686,"FINAL_KRIGING","raiz","MTRA",".respuesta ~ temperatura_bilineal_c + radiacion_bilineal_mj_m2_dia +      altitud_m",1.92099934097116,16.8657101316648,22.7817917373129,-3.45024787385501,0.47016922232294,0.85586340992651,0.005,"esferico",0.00402003032795146,4.15493371379513,90.1801916507177,0.158581198714466,"universal",5.79123676632502,3.66358485967502,-0.45948187205088,0.96576234041685,686,0.916909620991254,"LOO_condicional_covarianza_fija"
2021,30,686,"FINAL_KRIGING","log1p","MTRA",".respuesta ~ temperatura_bilineal_c + radiacion_bilineal_mj_m2_dia +      altitud_m",6.2522418660512,13.4731645891729,19.6434092319962,-2.29646774784178,0.883591168221881,0.578810195027525,0.005,"esferico",0.0434998005831067,0.0846773204883157,77.7896232823367,0.000185480996890498,"universal",7.17481684077532,4.8723856861341,-0.603495122098577,0.984469914749082,686,0.982507288629738,"LOO_condicional_covarianza_fija"
2022,30,686,"FINAL_KRIGING","original","Mxy_alt",".respuesta ~ x_km + y_km + altitud_m",3.06984852824171,9.13970477141895,11.978016411401,-0.00707576141777254,0.0847445304121903,0.690624619968235,0.005,"exponencial",30.7790738012524,138.830383171474,40.6432946448669,643.857570773909,"universal",6.34880956299378,4.72830712276927,-0.0167680800696957,0.742867409044088,686,0.963556851311953,"LOO_condicional_covarianza_fija"
2023,30,686,"FINAL_KRIGING","log1p","Mxy",".respuesta ~ x_km + y_km",1.3544415662,4.8401499731119,7.53212294966049,-1.41205430790129,0.82959948952642,0.877382267902885,0.005,"esferico",0,0.126949534230658,72.54165498233,0.00196285109979649,"universal",2.01826679432729,1.31619228966138,-0.0900053671302917,0.987765302376823,686,0.973760932944606,"LOO_condicional_covarianza_fija"
2024,30,686,"FINAL_KRIGING","log1p","MTRA",".respuesta ~ temperatura_bilineal_c + radiacion_bilineal_mj_m2_dia +      altitud_m",2.14356081941903,3.42304271786207,5.49910133570015,-1.01582072577179,0.916571365885797,0.532220719967182,0.005,"esferico",0.0775339686034148,0.231640164754672,25.6916152911537,0.0146759912648849,"universal",3.12102071496602,1.82398071507363,-0.416739444097673,0.973126453117811,686,0.919825072886297,"LOO_condicional_covarianza_fija"
2025,30,686,"FINAL_KRIGING","raiz","MTA",".respuesta ~ temperatura_bilineal_c + altitud_m",1.87783599578352,9.35393446833164,12.416870667721,-1.62177379397879,0.809280718723333,0.821105733139011,0.005,"exponencial",0,2.01307988334253,39.6627630505609,0.100011482805428,"universal",3.03746435512123,2.01805354052756,-0.235270613470555,0.988587187915028,686,0.934402332361516,"LOO_condicional_covarianza_fija"
2011,31,686,"FINAL_KRIGING","log1p","Mxy",".respuesta ~ x_km + y_km",1.3544415662,24.1899271104224,33.0339173554913,-7.41017359159471,0.836264141723576,0.917001025690623,0.005,"gaussiano",0.00229091649272294,0.143221790461632,31.6271717771802,0.0042081670556562,"universal",8.4831935994895,5.51012944958511,-0.23427532933423,0.989202022913654,686,0.806122448979592,"LOO_condicional_covarianza_fija"
2012,31,686,"FINAL_KRIGING","log1p","MTRA",".respuesta ~ temperatura_bilineal_c + radiacion_bilineal_mj_m2_dia +      altitud_m",4.65661123335744,13.9865336490776,23.5881906265837,-6.72873015675294,0.902959469274937,0.550426844950431,0.005,"exponencial",0.102858119531809,0.269065243810062,22.9856428202682,0.00241492130386774,"universal",6.66386006168749,4.0864662283876,-0.869580563753456,0.992255103072413,686,0.927113702623907,"LOO_condicional_covarianza_fija"
2013,31,686,"FINAL_KRIGING","log1p","Mxy_alt",".respuesta ~ x_km + y_km + altitud_m",3.06984852824171,13.4487120806792,29.2104909199155,-10.9980925684543,0.815393065932126,0.7382929889903,0.005,"esferico",0.119474512252158,0.910002341116446,58.5779709827819,0.21282765590863,"universal",7.48501549718232,3.71247990700429,-0.781369849027713,0.987878518429349,686,0.918367346938776,"LOO_condicional_covarianza_fija"
2014,31,686,"FINAL_KRIGING","log1p","MT",".respuesta ~ temperatura_bilineal_c",1,5.17742598450696,7.22910107686126,-1.15087118258624,0.950633881203646,0.775539881437861,0.005,"exponencial",0.0483757012076955,0.388605531123425,53.7438439257961,0.00274546964812152,"universal",4.09965228765112,2.62054984989262,-0.336538845676722,0.984123512091628,686,0.9533527696793,"LOO_condicional_covarianza_fija"
2015,31,686,"FINAL_KRIGING","log1p","Mxy_RA",".respuesta ~ x_km + y_km + radiacion_bilineal_mj_m2_dia + altitud_m",7.35816938420367,6.5485338833177,11.2618366640444,-3.02173056768445,0.848541461015032,0.79668827491202,0.005,"esferico",0.0475551140751622,0.588880712512149,71.9829504527018,0.0131950027760627,"universal",3.17194139004818,1.89456863025341,-0.310005376205067,0.987984948888321,686,0.93002915451895,"LOO_condicional_covarianza_fija"
2016,31,686,"FINAL_KRIGING","log1p","MTRA",".respuesta ~ temperatura_bilineal_c + radiacion_bilineal_mj_m2_dia +      altitud_m",3.05693618816987,10.689892702575,14.7586840239772,-4.1444694457048,0.905337081077815,0.82650598552074,0.005,"esferico",0,0.447072431314973,64.156507383733,0.00460950378138275,"universal",5.0308392302729,3.39225756255206,-0.321094144122653,0.989000688539304,686,0.927113702623907,"LOO_condicional_covarianza_fija"
2017,31,686,"FINAL_KRIGING","log1p","Mxy_alt",".respuesta ~ x_km + y_km + altitud_m",3.06984852824171,4.25788212450514,6.69883743245296,-2.27991682100717,0.763399902331987,0.654005258085472,0.005,"esferico",0.134443307336428,0.614265045353202,44.810485532167,0.111972866887393,"universal",2.71779953075116,1.65053024724021,-0.552434936395722,0.961055074148474,686,0.932944606413994,"LOO_condicional_covarianza_fija"
2018,31,686,"FINAL_KRIGING","raiz","Mxy_RA",".respuesta ~ x_km + y_km + radiacion_bilineal_mj_m2_dia + altitud_m",8.06509212484212,15.0314105331735,18.3953822882146,-1.76769242423034,0.285822651300029,0.621682395510835,0.005,"esferico",0.428435421735479,1.43771107396858,44.8758357377682,0.209901140669463,"universal",10.7782360218586,7.94422531371165,-0.765832204442968,0.754820691692921,686,0.954810495626822,"LOO_condicional_covarianza_fija"
2019,31,686,"FINAL_KRIGING","raiz","Mxy_alt",".respuesta ~ x_km + y_km + altitud_m",3.06984852824171,12.0905512534903,19.4519623404083,-3.21103966493583,0.865612500423328,0.81579775745486,0.005,"esferico",0,3.47103499305804,67.378704771434,2.4635330191129,"universal",5.2346719519276,3.24604621741161,-0.409003622081399,0.990267801147364,686,0.899416909620991,"LOO_condicional_covarianza_fija"
2020,31,686,"FINAL_KRIGING","raiz","Mxy",".respuesta ~ x_km + y_km",1.3544415662,4.38376181553793,7.48482866318102,-2.03907001548429,0.532306037318194,0.782674179783336,0.005,"esferico",0.161631462680707,1.83267425462981,71.7916695479877,0.0874192531085053,"universal",3.13492738274643,1.52068573999484,-0.41097129245746,0.917954832144553,686,0.927113702623907,"LOO_condicional_covarianza_fija"
2021,31,686,"FINAL_KRIGING","raiz","Mxy_RA",".respuesta ~ x_km + y_km + radiacion_bilineal_mj_m2_dia + altitud_m",7.9189343727248,8.81230615197734,11.5797133918219,-0.548802251569912,0.887840695751434,0.811420491281476,0.005,"esferico",0,0.576894356690906,47.7998491598065,0.0190011260973571,"universal",4.19911292703972,3.07772457559959,-0.0778903607569167,0.985251264250672,686,0.973760932944606,"LOO_condicional_covarianza_fija"
2022,31,686,"FINAL_KRIGING","raiz","Mxy_alt",".respuesta ~ x_km + y_km + altitud_m",3.06984852824171,17.4587314839126,23.2664603419114,-1.83740167822803,0.351058548961759,0.819621974441166,0.005,"esferico",0,1.99305325757444,57.4126571570809,1.26863041046147,"universal",7.663849899553,5.57932728826265,-0.240300892693481,0.9295892674359,686,0.954810495626822,"LOO_condicional_covarianza_fija"
2023,31,686,"FINAL_KRIGING","log1p","MTA",".respuesta ~ temperatura_bilineal_c + altitud_m",1.84577529103412,11.4427881309481,21.11108510528,-4.52437848874756,0.742572477719386,0.835001291411099,0.005,"exponencial",0,0.476415571969851,38.5961451616735,0.00802267255493108,"universal",4.11513059715967,2.41746512843345,-0.284675568367477,0.990218597989415,686,0.959183673469388,"LOO_condicional_covarianza_fija"
2024,31,686,"FINAL_KRIGING","raiz","Mxy",".respuesta ~ x_km + y_km",1.3544415662,14.569539862202,20.5212720901191,-2.97414101229488,0.896232639567191,0.804005468231043,0.005,"esferico",0.0123103477408112,3.2069135209065,54.011419136433,0.716967809780361,"universal",7.38553552161723,5.02728780346806,-0.454130439554876,0.986559476184658,686,0.916909620991254,"LOO_condicional_covarianza_fija"
2025,31,686,"FINAL_KRIGING","raiz","Mxy_alt",".respuesta ~ x_km + y_km + altitud_m",3.06984852824171,7.00378921785237,10.3464633286346,-0.803060778756138,0.764476562072825,0.795386837961536,0.005,"esferico",0.0229369766283946,0.797429806302714,55.7031468323227,0.055852519416553,"universal",3.3968495329306,2.39356365134587,-0.169979130294493,0.974613495525473,686,0.941690962099125,"LOO_condicional_covarianza_fija"
2011,32,686,"FINAL_KRIGING","raiz","Mxy_alt",".respuesta ~ x_km + y_km + altitud_m",3.06984852824171,17.0571209942413,27.2587956784181,-4.44215872694921,0.761831046927549,0.846063400089964,0.005,"esferico",0.134012052567597,4.65091090217455,66.2470928256044,2.40800847312739,"universal",6.48973178008718,3.74143245736512,-0.609508153876979,0.986500262786325,686,0.940233236151603,"LOO_condicional_covarianza_fija"
2012,32,686,"FINAL_KRIGING","raiz","Mxy_alt",".respuesta ~ x_km + y_km + altitud_m",3.06984852824171,13.6213111505002,20.916197896241,-4.8688029428882,0.608758048156818,0.77282732626368,0.005,"esferico",0.682203039558239,4.89044235619349,73.5852203126711,1.00118353329541,"universal",8.25693336256504,5.05680957144094,-1.25701471141075,0.939029817954886,686,0.956268221574344,"LOO_condicional_covarianza_fija"
2013,32,686,"FINAL_KRIGING","log1p","Mxy_alt",".respuesta ~ x_km + y_km + altitud_m",3.06984852824171,20.3228677713785,31.5108576228783,-5.98540037544754,0.852689121240412,0.88300997624429,0.005,"gaussiano",0.00861998009023407,0.0934123701825626,33.2205215414003,0.0004604830606229,"universal",9.9870553130474,6.53036418588311,-0.411595235372498,0.985202468135907,686,0.940233236151603,"LOO_condicional_covarianza_fija"
2014,32,686,"FINAL_KRIGING","raiz","Mxy_RA",".respuesta ~ x_km + y_km + radiacion_bilineal_mj_m2_dia + altitud_m",7.6134626810207,9.17667308870135,13.8796206495733,-3.12077114921107,0.782675910302289,0.742011787153551,0.005,"gaussiano",0.907409697693781,2.41593970988198,26.4329916914257,0.29190100906356,"universal",6.13894270385983,4.05332210521876,-1.02895065239095,0.957485229749988,686,0.938775510204082,"LOO_condicional_covarianza_fija"
2015,32,686,"REVISAR_COVARIANZA","raiz","Mxy",".respuesta ~ x_km + y_km",1.3544415662,9.76123520473623,12.1504848109842,-1.28084092939665,0.763188450495582,0.919895226213847,0.005,"gaussiano",0,1.55921465249859,36.2894731694408,0.628173008464567,NA,NA,NA,NA,NA,NA,NA,NA
2016,32,686,"FINAL_KRIGING","log1p","Mxy",".respuesta ~ x_km + y_km",1.3544415662,6.87242112806906,11.7848268356083,-2.8468489033941,0.832022258573607,0.729440666198754,0.005,"esferico",0.0298316178116102,0.251018936516358,77.3862477679193,0.00453596004994818,"universal",3.2798280972764,1.91532838628089,-0.276016899902644,0.98698909545356,686,0.944606413994169,"LOO_condicional_covarianza_fija"
2017,32,686,"FINAL_KRIGING","log1p","MTA",".respuesta ~ temperatura_bilineal_c + altitud_m",1.8246663843211,2.41076496310176,4.01592377512173,-0.44517814530492,0.894992375248994,0.605024647119583,0.005,"exponencial",0.0189565689902437,0.0965712921367336,16.473833256806,0.000272491390872086,"universal",1.76762799156526,0.998024997066823,-0.166459068482007,0.979656219868913,686,0.962099125364432,"LOO_condicional_covarianza_fija"
2018,32,686,"FINAL_KRIGING","raiz","Mxy_RA",".respuesta ~ x_km + y_km + radiacion_bilineal_mj_m2_dia + altitud_m",8.2306058219515,6.27939097907196,9.5078814786149,-1.29478594646731,0.760626510178046,0.711185245941571,0.005,"esferico",0.163843575182935,1.30415762132041,53.2808946885636,0.482595007082854,"universal",3.63144574229374,2.26010905415238,-0.367281149178483,0.965080529301436,686,0.935860058309038,"LOO_condicional_covarianza_fija"
2019,32,686,"FINAL_KRIGING","raiz","Mxy",".respuesta ~ x_km + y_km",1.3544415662,10.6423669894191,21.2585301627078,-4.04863394032575,0.701515227157117,0.845567326847003,0.005,"esferico",0.0615409939438239,4.37843252539689,80.1150407900297,1.23141298334624,"universal",4.37789332159281,2.48360422344907,-0.458469528506933,0.987341388753327,686,0.935860058309038,"LOO_condicional_covarianza_fija"
2020,32,686,"FINAL_KRIGING","log1p","Mxy",".respuesta ~ x_km + y_km",1.3544415662,2.56853936408948,4.74438095558299,-0.256172791588399,0.931877874066009,0.499386993470963,0.005,"exponencial",0.0884131840839127,0.0809325872057688,31.5606825697525,0.00109105555619254,"universal",2.57018790382275,1.50138184385524,-0.217251929525578,0.980007880659451,686,0.924198250728863,"LOO_condicional_covarianza_fija"
2021,32,686,"FINAL_KRIGING","raiz","MTRA",".respuesta ~ temperatura_bilineal_c + radiacion_bilineal_mj_m2_dia +      altitud_m",3.24295094591552,10.587211094373,15.5816429660269,-2.57724495183041,0.893512315457735,0.81577822021089,0.005,"esferico",0,2.70517378598398,53.8003914632032,1.01857639275513,"universal",5.4399259002411,3.51507487813568,-0.322721000351134,0.987020473355762,686,0.919825072886297,"LOO_condicional_covarianza_fija"
2022,32,686,"FINAL_KRIGING","raiz","MTRA",".respuesta ~ temperatura_bilineal_c + radiacion_bilineal_mj_m2_dia +      altitud_m",2.52719710496849,18.0960466941803,25.9037804651416,-3.29757150419398,0.554599504911373,0.763790528229339,0.005,"esferico",0.446267505590598,3.14366039205664,67.1761009886873,0.0403191517317994,"universal",8.11106621058111,5.65092123215368,-0.911437203848235,0.956330292099045,686,0.941690962099125,"LOO_condicional_covarianza_fija"
2023,32,686,"FINAL_KRIGING","raiz","MTRA",".respuesta ~ temperatura_bilineal_c + radiacion_bilineal_mj_m2_dia +      altitud_m",2.76263939867048,9.83337735899445,16.1308055145524,-1.24670776839291,0.89455549761457,0.834693179923304,0.005,"esferico",0.0336072178502223,1.20973859279488,60.6953333255515,0.173934906245773,"universal",4.22998585059058,2.53533817855784,-0.17026717789182,0.992749137645427,686,0.969387755102041,"LOO_condicional_covarianza_fija"
2024,32,686,"FINAL_KRIGING","log1p","Mxy_RA",".respuesta ~ x_km + y_km + radiacion_bilineal_mj_m2_dia + altitud_m",3.77109302697752,14.0161376842847,24.1917174885076,-4.25846345439456,0.836120636710868,0.494738934351346,0.005,"exponencial",0.11469053979257,0.211792616327528,27.6121561983664,0.000235475254634079,"universal",9.0402938243323,6.12982386162658,-1.30988215596882,0.977114734477659,686,0.944606413994169,"LOO_condicional_covarianza_fija"
2025,32,686,"FINAL_KRIGING","raiz","Mxy_RA",".respuesta ~ x_km + y_km + radiacion_bilineal_mj_m2_dia + altitud_m",3.93097935282534,14.9384455145913,20.0715118123517,-2.27022560719091,0.406151326334674,0.76310510943827,0.005,"esferico",0,2.43945053309144,45.1199729038607,0.909076952033787,"universal",7.99409014480706,5.41677227378963,-0.425582467964546,0.9057993927035,686,0.906705539358601,"LOO_condicional_covarianza_fija"
2011,33,686,"FINAL_KRIGING","raiz","Mxy_alt",".respuesta ~ x_km + y_km + altitud_m",3.06984852824171,17.4193337998754,31.7589481132096,-6.00780201413235,0.795693583183802,0.867523175929862,0.005,"esferico",0,6.63057681975517,70.2117308753955,6.27519715584238,"universal",6.6143171330689,3.8998426237999,-0.567808982716152,0.991138243438122,686,0.935860058309038,"LOO_condicional_covarianza_fija"
2012,33,686,"FINAL_KRIGING","log1p","MTA",".respuesta ~ temperatura_bilineal_c + altitud_m",1.84128848745377,17.397622804199,28.9308629624375,-9.07541097097513,0.90704813245852,0.704903458036481,0.005,"esferico",0.0995997580811929,0.886122115865978,41.5168803144145,0.15034804187908,"universal",9.41198168172341,6.021821624184,-0.974990197862854,0.990162211308773,686,0.921282798833819,"LOO_condicional_covarianza_fija"
2013,33,686,"FINAL_KRIGING","raiz","Mxy_alt",".respuesta ~ x_km + y_km + altitud_m",3.06984852824171,35.8526298926578,50.1797387587117,-6.43009205794715,0.791706248291381,0.922427604478031,0.005,"gaussiano",0.0313494533538152,7.18242513731071,32.0515621162174,9.06273117054519,"universal",11.7484467337381,7.41692490286163,-0.272473888841537,0.98858225459627,686,0.594752186588921,"LOO_condicional_covarianza_fija"
2014,33,686,"FINAL_KRIGING","raiz","Mxy_RA",".respuesta ~ x_km + y_km + radiacion_bilineal_mj_m2_dia + altitud_m",7.01136934752505,6.0579047240609,8.19213930802191,-1.39130332752055,0.919748794298541,0.664284807910043,0.005,"esferico",0.361917859678493,1.13631403621031,53.7018206244737,0.0434511882853385,"universal",4.66482264383519,3.06688827677394,-0.575517734706332,0.973978808353256,686,0.951895043731778,"LOO_condicional_covarianza_fija"
2015,33,686,"FINAL_KRIGING","log1p","MTA",".respuesta ~ temperatura_bilineal_c + altitud_m",1.7935032174182,4.7267561808092,6.5347389090435,-0.999797746627839,0.933851830397105,0.841683449939966,0.005,"exponencial",0.0145563813813268,0.199298667793501,74.516150396326,0.000561177411330935,"universal",2.72307975358535,1.7447204443577,-0.187614365712895,0.988513649275878,686,0.973760932944606,"LOO_condicional_covarianza_fija"
2016,33,686,"FINAL_KRIGING","raiz","Mxy_alt",".respuesta ~ x_km + y_km + altitud_m",3.06984852824171,15.5185845740073,26.637682615291,-4.06788335976207,0.831281172779908,0.886093049797927,0.005,"gaussiano",0.315041132893779,4.02308522348175,36.0250525092478,2.02558599353181,"universal",6.64341210718222,3.90247934586364,-0.40769870334967,0.989505710151469,686,0.928571428571429,"LOO_condicional_covarianza_fija"
2017,33,686,"FINAL_KRIGING","log1p","MTRA",".respuesta ~ temperatura_bilineal_c + radiacion_bilineal_mj_m2_dia +      altitud_m",4.76762932803055,12.4773593476278,19.5178538907331,-3.09231167466171,0.95212433445666,0.549018594688934,0.005,"esferico",0.04126302975121,0.11583044545589,59.6559126846605,0.00119080105061648,"universal",7.93311128875286,5.10438517849793,-0.558671873701458,0.992090704660336,686,0.965014577259475,"LOO_condicional_covarianza_fija"
2018,33,686,"FINAL_KRIGING","log1p","MTA",".respuesta ~ temperatura_bilineal_c + altitud_m",1.843095404328,8.48341222497472,11.3053831154481,-3.10048623979347,0.855591246994966,0.644352778797469,0.005,"gaussiano",0.102785541972397,0.182640358561856,18.7936440587715,0.00152564438023513,"universal",5.88638853839284,4.15438752113532,-0.900273123823975,0.960850988655625,686,0.951895043731778,"LOO_condicional_covarianza_fija"
2019,33,686,"FINAL_KRIGING","raiz","Mxy_RA",".respuesta ~ x_km + y_km + radiacion_bilineal_mj_m2_dia + altitud_m",4.86101563756298,6.86304252378279,11.7417055000693,-1.8974372947297,0.826353012826563,0.716815682983203,0.005,"esferico",0.415357488433826,1.71258519046527,93.0190346841608,0.229043560789385,"universal",3.59194106753842,2.15218809929933,-0.580663234278247,0.983749628604428,686,0.925655976676385,"LOO_condicional_covarianza_fija"
2020,33,686,"REVISAR_COVARIANZA","raiz","Mxy",".respuesta ~ x_km + y_km",1.3544415662,14.0361868219773,17.2027498792909,-1.77718332921338,0.370866247497587,0.950150472517493,0.005,"gaussiano",0,2.13996466969033,36.7692834965912,1.28725237085032,NA,NA,NA,NA,NA,NA,NA,NA
2021,33,686,"FINAL_KRIGING","log1p","Mxy",".respuesta ~ x_km + y_km",1.3544415662,11.323632762598,13.855249944768,-1.66013881588147,0.706296231600051,0.807079869161118,0.005,"esferico",0,0.055184865762694,53.2156148373352,0.00144522731914252,"universal",6.16757062144229,4.48855768725021,-0.287717592289323,0.941801867163028,686,0.928571428571429,"LOO_condicional_covarianza_fija"
2022,33,686,"FINAL_KRIGING","original","Mxy_alt",".respuesta ~ x_km + y_km + altitud_m",3.06984852824171,11.7435100473365,14.2629411894892,-0.00319532407300154,0.355125775807873,0.773142080833098,0.005,"esferico",13.6774409463384,202.619768274661,56.4544334410001,687.509470541386,"universal",6.26736455898916,4.33382592635782,0.00561454358637871,0.875483544286951,686,0.927113702623907,"LOO_condicional_covarianza_fija"
2023,33,686,"FINAL_KRIGING","raiz","Mxy_RA",".respuesta ~ x_km + y_km + radiacion_bilineal_mj_m2_dia + altitud_m",3.53595922972451,10.7077041090199,19.0126094439772,-1.14217251026296,0.736541967617335,0.900431964770833,0.005,"gaussiano",0.0537479875636647,1.10278741065396,27.7819631777319,0.0845249074853396,"universal",4.07212291130572,2.65661558208233,-0.109585641379169,0.987914357425158,686,0.918367346938776,"LOO_condicional_covarianza_fija"
2024,33,686,"FINAL_KRIGING","log1p","MTA",".respuesta ~ temperatura_bilineal_c + altitud_m",1.79894021657829,8.2444319177099,17.0044131459839,-4.00408670778141,0.678976028293118,0.589329066897191,0.005,"esferico",0.182540730865196,0.511319268274429,54.2924180339258,0.00930741802068276,"universal",5.72713274484758,3.51745728807775,-1.05582824073393,0.963584299720254,686,0.925655976676385,"LOO_condicional_covarianza_fija"
2025,33,686,"FINAL_KRIGING","log1p","MTA",".respuesta ~ temperatura_bilineal_c + altitud_m",1.85835985621369,9.60519667014809,12.8427641302622,-3.96160724386499,0.787147916971484,0.551453482100565,0.005,"esferico",0.174014244042614,0.760403103067485,23.295374405777,0.0412963209707851,"universal",6.95184600130456,4.64761562132557,-1.36128721623541,0.93763209185485,686,0.921282798833819,"LOO_condicional_covarianza_fija"
2011,34,686,"FINAL_KRIGING","raiz","MT",".respuesta ~ temperatura_bilineal_c",1,12.8107951290202,17.7916224759768,-3.05722733731186,0.708347659636875,0.687695501144558,0.005,"esferico",0.74122081147724,2.53442108888705,54.9180716969165,0.317873146927635,"universal",8.03727726753842,5.00109205613516,-1.17490381793873,0.94048146155156,686,0.956268221574344,"LOO_condicional_covarianza_fija"
2012,34,686,"FINAL_KRIGING","raiz","Mxy_RA",".respuesta ~ x_km + y_km + radiacion_bilineal_mj_m2_dia + altitud_m",4.38478745746271,18.6617341189176,27.8261508961056,-2.01510693164856,0.925557284259248,0.761787356216741,0.005,"esferico",0.0939286341624695,2.02977781949517,46.8448623994685,0.155134918307797,"universal",9.40852985719296,6.28009637901931,-0.375853480597694,0.991489413869312,686,0.956268221574344,"LOO_condicional_covarianza_fija"
2013,34,686,"FINAL_KRIGING","log1p","MTA",".respuesta ~ temperatura_bilineal_c + altitud_m",1.8321649474052,12.7945341542102,19.1700402226154,0.263760875308534,0.897847473733063,0.79899402834703,0.005,"exponencial",0,0.604179829487907,30.4905437656286,0.00199487552282093,"universal",4.83501242670154,3.01318330136538,-0.340214706126593,0.993501722514815,686,0.941690962099125,"LOO_condicional_covarianza_fija"
2014,34,686,"FINAL_KRIGING","log1p","MTA",".respuesta ~ temperatura_bilineal_c + altitud_m",1.80836692503236,7.62570660107425,10.6259608473837,-3.36493564199205,0.881861572260294,0.684828561230755,0.005,"exponencial",0.204840713008394,0.73063405366774,45.50192104714,0.00123540635229123,"universal",5.49292844008058,3.63610094325615,-0.924350041321059,0.968430867609378,686,0.935860058309038,"LOO_condicional_covarianza_fija"
2015,34,686,"FINAL_KRIGING","raiz","Mxy_RA",".respuesta ~ x_km + y_km + radiacion_bilineal_mj_m2_dia + altitud_m",9.23530384304358,5.85285980118746,8.8232712287893,-0.498236855026478,0.905500797469837,0.724791423615915,0.005,"exponencial",0.0776641669311615,0.530287311852891,44.3742980362311,0.00178961063057403,"universal",3.94273560060188,2.41890931339514,-0.170448011076477,0.981130334882604,686,0.957725947521866,"LOO_condicional_covarianza_fija"
2016,34,686,"FINAL_KRIGING","raiz","Mxy_alt",".respuesta ~ x_km + y_km + altitud_m",3.06984852824171,8.99481491033363,13.0922069312766,-1.43799835198286,0.870903268495763,0.849059647620442,0.005,"esferico",0,1.55885210700427,66.0901853243673,0.452884084335687,"universal",3.73976090187778,2.35636033573821,-0.146104089566377,0.989466390879641,686,0.938775510204082,"LOO_condicional_covarianza_fija"
2017,34,686,"FINAL_KRIGING","raiz","Mxy_RA",".respuesta ~ x_km + y_km + radiacion_bilineal_mj_m2_dia + altitud_m",7.01670651956908,14.3152232834566,17.5938937337369,-1.73968000634845,0.808454014695435,0.915072312424798,0.005,"gaussiano",0.082660169561676,1.9345589702928,34.9345633673209,0.07064080557788,"universal",5.66465957024802,3.79304537087586,-0.121336998774723,0.980143771813583,686,0.934402332361516,"LOO_condicional_covarianza_fija"
2018,34,686,"FINAL_KRIGING","raiz","Mxy_alt",".respuesta ~ x_km + y_km + altitud_m",3.06984852824171,9.21494089363065,12.6144632415132,-2.15359316622552,0.774187072834014,0.871785313089825,0.005,"gaussiano",0.212754213011431,2.30514701832027,34.8183815709232,0.469329322829053,"universal",4.29871479728068,2.82929171561236,-0.29642175631134,0.973776629315783,686,0.900874635568513,"LOO_condicional_covarianza_fija"
2019,34,686,"FINAL_KRIGING","raiz","Mxy_RA",".respuesta ~ x_km + y_km + radiacion_bilineal_mj_m2_dia + altitud_m",4.94756620675549,8.1283858565489,14.5222659343887,-2.34924766120891,0.829184618598803,0.784456013741657,0.005,"esferico",0.0645541080235234,2.25169809090186,60.6170874569679,0.719938957891383,"universal",3.73548515994419,2.0084329120452,-0.369249290783681,0.98869807983761,686,0.922740524781341,"LOO_condicional_covarianza_fija"
2020,34,686,"FINAL_KRIGING","original","MTRA",".respuesta ~ temperatura_bilineal_c + radiacion_bilineal_mj_m2_dia +      altitud_m",8.30882217964083,10.3174320940185,13.0623537728441,0.00376577153953686,0.390419984004202,0.841573011956798,0.005,"exponencial",7.18221080226849,216.318598184584,54.8102491954677,329.151216304029,"universal",4.27226193640583,3.05008723003795,-0.0317368556241304,0.934791594446332,686,0.972303206997085,"LOO_condicional_covarianza_fija"
2021,34,686,"FINAL_KRIGING","raiz","Mxy_R",".respuesta ~ x_km + y_km + radiacion_bilineal_mj_m2_dia",4.57220781627276,7.57783557687196,11.0257254684898,-1.11083812114715,0.85911637520056,0.622550325596032,0.005,"exponencial",0.106514838705244,1.11564503951471,18.7647787157382,0.0344215163423264,"universal",5.68284265883582,3.64671805788295,-0.425306095374413,0.962573653725926,686,0.941690962099125,"LOO_condicional_covarianza_fija"
2022,34,686,"FINAL_KRIGING","original","Mxy",".respuesta ~ x_km + y_km",1.3544415662,12.1482047711909,15.2267089483999,-0.0175180370898212,0.225752635249458,0.779731109870742,0.005,"esferico",21.559794874687,230.11954284508,66.0728161696198,4821.58453284496,"universal",6.73139229532361,4.70173321778715,-0.0131645960774288,0.848686580629027,686,0.943148688046647,"LOO_condicional_covarianza_fija"
2023,34,686,"FINAL_KRIGING","raiz","MTRA",".respuesta ~ temperatura_bilineal_c + radiacion_bilineal_mj_m2_dia +      altitud_m",1.84140814465385,22.8080187136129,39.6170157731869,-4.79187799262474,0.403220431934897,0.893739162908688,0.005,"esferico",0,5.3349545298861,90.9858116757123,0.431375443896595,"universal",6.14613527583833,3.84085942074501,-0.44515975229144,0.985636685873149,686,0.935860058309038,"LOO_condicional_covarianza_fija"
2024,34,686,"REVISAR_COVARIANZA","raiz","Mxy",".respuesta ~ x_km + y_km",1.3544415662,10.3182025292323,16.1890332090011,-2.26947034680367,0.646994173923431,0.940322806063216,0.005,"gaussiano",0,2.92758708249033,43.0977621206812,1.00849626890562,NA,NA,NA,NA,NA,NA,NA,NA
2025,34,686,"FINAL_KRIGING","log1p","MTA",".respuesta ~ temperatura_bilineal_c + altitud_m",1.81746989152135,8.77031395492589,12.621040209956,-2.25957686718939,0.847915849781096,0.695595749283249,0.005,"exponencial",0.0266589132459607,0.510812163830392,24.4169966969671,0.00134238141839875,"universal",6.37104544053074,4.17074291875961,-0.681331822906554,0.961246131615974,686,0.944606413994169,"LOO_condicional_covarianza_fija"
2011,35,686,"FINAL_KRIGING","log1p","MTA",".respuesta ~ temperatura_bilineal_c + altitud_m",1.80039692881449,20.221050452228,30.3457928483304,-6.63405812620049,0.80783559846927,0.680126272024468,0.005,"esferico",0.185426655926015,0.607715722171731,71.6145397605989,0.00304637000704279,"universal",8.76895658428028,5.97135886713411,-1.34568584481628,0.983953814823937,686,0.943148688046647,"LOO_condicional_covarianza_fija"
2012,35,686,"FINAL_KRIGING","raiz","Mxy_alt",".respuesta ~ x_km + y_km + altitud_m",3.06984852824171,22.9862142165965,41.452730674371,-8.2368903870893,0.71501052552111,0.893640809651873,0.005,"esferico",0,8.8656472636363,84.6559068088854,12.0691673300593,"universal",8.37776173768432,4.00449448913258,-0.542135532706725,0.988359314902397,686,0.931486880466472,"LOO_condicional_covarianza_fija"
2013,35,686,"FINAL_KRIGING","log1p","MTA",".respuesta ~ temperatura_bilineal_c + altitud_m",1.81478961871708,8.35853899109703,14.1629926446371,-2.00740534678314,0.882442457450278,0.754196218937794,0.005,"esferico",0.0325253829486699,0.313408657071757,43.3401501818524,0.0120959813325413,"universal",4.70073864705331,2.35969743662986,-0.378465477019084,0.987049914034636,686,0.924198250728863,"LOO_condicional_covarianza_fija"
2014,35,686,"FINAL_KRIGING","raiz","Mxy_R",".respuesta ~ x_km + y_km + radiacion_bilineal_mj_m2_dia",9.14468559017744,11.5607040995722,15.5088451925732,-3.39916637163567,0.639715216114233,0.663356174137984,0.005,"esferico",0.330467122380571,3.10861279061418,32.0355309980148,0.896904934435391,"universal",6.90658054819537,4.48768470739689,-1.10373036186113,0.928548202101731,686,0.912536443148688,"LOO_condicional_covarianza_fija"
2015,35,686,"FINAL_KRIGING","raiz","MTRA",".respuesta ~ temperatura_bilineal_c + radiacion_bilineal_mj_m2_dia +      altitud_m",1.86304584055206,7.09594028063274,10.1072622966097,-1.86187159261841,0.84613915980192,0.851523788400447,0.005,"esferico",0,2.03301034060576,67.1310672736669,1.02335533976574,"universal",3.71024424021436,2.28462122590388,-0.185396945018626,0.979266814845978,686,0.93002915451895,"LOO_condicional_covarianza_fija"
2016,35,686,"FINAL_KRIGING","log1p","Mxy_alt",".respuesta ~ x_km + y_km + altitud_m",3.06984852824171,9.38542489210466,17.4573466689154,-6.02353337452642,0.733987936988662,0.769101614951778,0.005,"esferico",0.0676699292600574,0.891938735435441,56.2055146372607,0.21857871536329,"universal",4.1020017263321,2.63297323313304,-0.495498691015758,0.985312883612913,686,0.908163265306122,"LOO_condicional_covarianza_fija"
2017,35,686,"FINAL_KRIGING","raiz","Mxy_RA",".respuesta ~ x_km + y_km + radiacion_bilineal_mj_m2_dia + altitud_m",6.80473028971621,6.66168936122123,9.33202694131229,-1.09630792724039,0.80559100956023,0.71152939893905,0.005,"esferico",0.0885821629497085,1.06281058555987,41.3553219970965,0.00869887860638859,"universal",3.56331193637562,2.38926044087692,-0.295974237474005,0.971655287099116,686,0.938775510204082,"LOO_condicional_covarianza_fija"
2018,35,686,"FINAL_KRIGING","raiz","Mxy_alt",".respuesta ~ x_km + y_km + altitud_m",3.06984852824171,12.8242926822196,20.8939108250359,-5.86754204121343,0.712446555592636,0.831684684069262,0.005,"esferico",0.11309954257435,6.34384482475589,73.1874605662816,3.44996366661128,"universal",5.48612364693005,3.21749944835563,-0.767447756886311,0.98017513294712,686,0.912536443148688,"LOO_condicional_covarianza_fija"
2019,35,686,"FINAL_KRIGING","raiz","MTRA",".respuesta ~ temperatura_bilineal_c + radiacion_bilineal_mj_m2_dia +      altitud_m",7.28735659755855,7.81032857330019,10.4205613154144,-1.13652970695467,0.801716648724724,0.830882613998787,0.005,"esferico",0.0915531903317025,1.15672551891669,90.4886609945687,0.0229752695830731,"universal",3.17326720717601,2.15943598019361,-0.191088992958403,0.981612727550014,686,0.96064139941691,"LOO_condicional_covarianza_fija"
2020,35,686,"FINAL_KRIGING","raiz","Mxy_RA",".respuesta ~ x_km + y_km + radiacion_bilineal_mj_m2_dia + altitud_m",5.50224389104664,8.7011887632856,11.0404350178662,-0.725995793071903,0.217314512146233,0.83197501940319,0.005,"esferico",0.0540167461970737,0.795683816056669,89.2070175854341,0.00257763777799517,"universal",3.97043967341019,2.93352161463567,-0.117212219096314,0.898773991294984,686,0.962099125364432,"LOO_condicional_covarianza_fija"
2021,35,686,"FINAL_KRIGING","log1p","Mxy_RA",".respuesta ~ x_km + y_km + radiacion_bilineal_mj_m2_dia + altitud_m",5.13952392835247,9.96553088190207,12.6823599978359,-1.33730141800026,0.727233091341732,0.700320801112666,0.005,"esferico",0.00665857633633337,0.0393539804343728,50.5234307637606,0.000197277925283618,"universal",7.35211535322051,5.01079051154158,-0.422395911969103,0.90833233835907,686,0.96064139941691,"LOO_condicional_covarianza_fija"
2022,35,686,"FINAL_KRIGING","original","Mxy_RA",".respuesta ~ x_km + y_km + radiacion_bilineal_mj_m2_dia + altitud_m",5.902669024588,8.98813521138286,12.2482115472413,-0.00527961355305108,0.809302933103283,0.73680752710346,0.005,"esferico",32.1315934940255,128.385963060123,80.5565100074283,123.392455660894,"universal",6.03616311724505,4.04284269165,-0.00879746832917663,0.95368511495869,686,0.954810495626822,"LOO_condicional_covarianza_fija"
2023,35,686,"FINAL_KRIGING","log1p","Mxy_alt",".respuesta ~ x_km + y_km + altitud_m",3.06984852824171,9.53608464001455,11.6276662729216,-1.93199958445399,0.665213659455385,0.895050928653148,0.005,"gaussiano",0.00405131343450834,0.0976580285622659,27.8952713027657,0.000237255419052188,"universal",4.25141135636979,2.99142310122128,-0.168330719327759,0.955244246858382,686,0.900874635568513,"LOO_condicional_covarianza_fija"
2024,35,686,"FINAL_KRIGING","raiz","Mxy_alt",".respuesta ~ x_km + y_km + altitud_m",3.06984852824171,15.3417887936336,20.9513269034003,-3.3715987636515,0.745088078615928,0.892935734072199,0.005,"gaussiano",0.308734531286097,3.66686243429549,37.2621093014435,1.21649586184314,"universal",7.49020397279252,4.24942459433746,-0.362717940356661,0.967419753251755,686,0.931486880466472,"LOO_condicional_covarianza_fija"
2025,35,686,"FINAL_KRIGING","log1p","MT",".respuesta ~ temperatura_bilineal_c",1,13.8104838511046,19.3962790733763,-5.24922539967548,0.831423779801796,0.677641889370515,0.005,"esferico",0.16346416771036,0.562863942725591,63.3659821462147,0.00653991935908703,"universal",6.85588533339405,4.48643885195051,-1.09845791798937,0.978938633080665,686,0.941690962099125,"LOO_condicional_covarianza_fija"
2011,36,686,"FINAL_KRIGING","raiz","Mxy_alt",".respuesta ~ x_km + y_km + altitud_m",3.06984852824171,16.9479816532895,26.7992508720309,-5.20635217043474,0.677922240480208,0.804724363997647,0.005,"esferico",0.441649227504361,5.54251054017448,65.1811296650308,4.33924626648193,"universal",7.45466238220062,4.88175646056211,-1.08505364637212,0.975078660214862,686,0.944606413994169,"LOO_condicional_covarianza_fija"
2012,36,686,"FINAL_KRIGING","log1p","MTA",".respuesta ~ temperatura_bilineal_c + altitud_m",1.78499304702644,17.5965122475422,29.004877290407,-9.29198550356674,0.893916130210389,0.770584413988424,0.005,"esferico",0.0103731942920755,0.355366028987553,76.2393886359146,0.00845913408013283,"universal",6.21094404754098,3.58036403584909,-0.309205493320238,0.995135675685209,686,0.948979591836735,"LOO_condicional_covarianza_fija"
2013,36,686,"FINAL_KRIGING","log1p","MTA",".respuesta ~ temperatura_bilineal_c + altitud_m",1.83003843205789,16.2677122993443,21.8990940709912,-6.10255250080028,0.854355822328184,0.851810290267089,0.005,"esferico",0.00689277570660709,0.24826640116677,78.6598352209678,0.00129575885517535,"universal",7.55147075341524,4.80524039370407,-0.484187273247805,0.982681753420532,686,0.935860058309038,"LOO_condicional_covarianza_fija"
2014,36,686,"FINAL_KRIGING","raiz","Mxy_alt",".respuesta ~ x_km + y_km + altitud_m",3.06984852824171,10.1806998300354,14.4146106545288,-1.11198598579148,0.900641131436606,0.877085191451938,0.005,"gaussiano",0.0701013845072106,1.14671690898356,27.2612423194416,0.0815249691054671,"universal",4.42663217154447,2.8948995930135,-0.103199961270382,0.990629825545673,686,0.896501457725947,"LOO_condicional_covarianza_fija"
2015,36,686,"FINAL_KRIGING","log1p","Mxy",".respuesta ~ x_km + y_km",1.3544415662,5.54239122624577,10.3921144916996,-1.72284963226771,0.645032396273327,0.879865564153369,0.005,"esferico",0,0.21351347451522,78.5329050891278,0.00406134460128174,"universal",2.85568319111219,1.57102167653718,-0.134244972496867,0.973195918875472,686,0.948979591836735,"LOO_condicional_covarianza_fija"
2016,36,686,"FINAL_KRIGING","original","Mxy_RA",".respuesta ~ x_km + y_km + radiacion_bilineal_mj_m2_dia + altitud_m",3.21125731853249,11.3696308299539,16.1456300927617,0.00328338720684463,0.918283056600225,0.834542661692605,0.005,"esferico",0,299.68634829641,67.832856472949,5640.84612952232,"universal",5.31238235187702,3.78872907998904,0.0155611922088708,0.99115331084942,686,0.927113702623907,"LOO_condicional_covarianza_fija"
2017,36,686,"FINAL_KRIGING","raiz","MTRA",".respuesta ~ temperatura_bilineal_c + radiacion_bilineal_mj_m2_dia +      altitud_m",3.03653539934868,5.46801922090379,7.66601536484182,-1.12097785448095,0.593438521560184,0.661578987775008,0.005,"esferico",0.263508929216859,0.955639692106844,62.8265248098939,0.0253727112696106,"universal",3.78965826263861,2.46348935822569,-0.462020241668824,0.900645634637219,686,0.938775510204082,"LOO_condicional_covarianza_fija"
2018,36,686,"FINAL_KRIGING","raiz","MTRA",".respuesta ~ temperatura_bilineal_c + radiacion_bilineal_mj_m2_dia +      altitud_m",1.85986549832446,7.53234859289268,10.6331462221487,-0.853940565042944,0.833985095448401,0.652567933202454,0.005,"esferico",0.164776171222839,0.701030143866708,39.6164337316959,0.0244203885659243,"universal",5.60430858969818,3.68817048524983,-0.377419694666262,0.953882305359918,686,0.947521865889213,"LOO_condicional_covarianza_fija"
2019,36,686,"FINAL_KRIGING","raiz","Mxy",".respuesta ~ x_km + y_km",1.3544415662,5.04815030700401,7.11544245966543,-0.503692939109771,0.928589761741192,0.80918334756847,0.005,"esferico",0,0.547605983641423,55.3370335443878,0.0271692398598675,"universal",2.38262949639618,1.5230225224042,-0.0737804802313186,0.991993002590847,686,0.950437317784257,"LOO_condicional_covarianza_fija"
2020,36,686,"FINAL_KRIGING","raiz","MTRA",".respuesta ~ temperatura_bilineal_c + radiacion_bilineal_mj_m2_dia +      altitud_m",8.63933716899621,8.47838302509102,11.1611888322813,-1.45847057702263,0.815442982561619,0.748022724088553,0.005,"esferico",0.156534927473699,1.43752796976697,51.2459903451865,0.217723100914863,"universal",4.88870458977596,3.54290607242985,-0.389742676021837,0.964592338791052,686,0.950437317784257,"LOO_condicional_covarianza_fija"
2021,36,686,"FINAL_KRIGING","raiz","MT",".respuesta ~ temperatura_bilineal_c",1,13.1190040559943,16.5655878855565,-3.00557735972295,0.807083319345854,0.624300231745638,0.005,"esferico",0.528765305488643,2.68256579138916,36.2406626251675,1.83219745002761,"universal",9.74162408309962,6.88400260794899,-1.21512238058415,0.933285719226731,686,0.935860058309038,"LOO_condicional_covarianza_fija"
2022,36,686,"FINAL_KRIGING","log1p","MTR",".respuesta ~ temperatura_bilineal_c + radiacion_bilineal_mj_m2_dia",1.00271028681925,7.5904698552017,10.9585882742939,-3.39486493462074,0.812333293896526,0.615224100976241,0.005,"esferico",0.130525349131495,0.549416067994368,34.2682988675435,0.0342202264380809,"universal",5.23329665036483,3.35535423534936,-0.912129638988133,0.957201483289023,686,0.931486880466472,"LOO_condicional_covarianza_fija"
2023,36,686,"FINAL_KRIGING","log1p","MTRA",".respuesta ~ temperatura_bilineal_c + radiacion_bilineal_mj_m2_dia +      altitud_m",3.5600128910844,8.74025838789985,13.4874789964458,-2.11205212097585,0.849603428221266,0.866565796843955,0.005,"esferico",0,0.0673556499851995,61.4306876699912,7.3322320001767e-05,"universal",3.20743052662444,2.12087051562198,-0.139477954780509,0.991494675443388,686,0.970845481049563,"LOO_condicional_covarianza_fija"
2024,36,686,"FINAL_KRIGING","log1p","MTRA",".respuesta ~ temperatura_bilineal_c + radiacion_bilineal_mj_m2_dia +      altitud_m",3.18921288993579,10.5399012304756,16.6058248948275,-5.64911239410703,0.907015023249642,0.732253275229575,0.005,"esferico",0.132214861185549,0.728004728863484,53.4272079805023,0.0149448801746622,"universal",8.8025943629424,4.97322345352602,-1.07877787865031,0.973871573446819,686,0.941690962099125,"LOO_condicional_covarianza_fija"
2025,36,686,"FINAL_KRIGING","log1p","MTA",".respuesta ~ temperatura_bilineal_c + altitud_m",1.82780270479171,8.78861003556118,12.506608561226,-2.03652788218938,0.856856977135874,0.827832919632143,0.005,"esferico",0.0132528395461814,0.223087229572597,122.338295927919,0.000557071335921532,"universal",3.09310117891033,2.08422468124163,-0.212799181917503,0.991244532852555,686,0.963556851311953,"LOO_condicional_covarianza_fija"
2011,37,686,"FINAL_KRIGING","log1p","MTRA",".respuesta ~ temperatura_bilineal_c + radiacion_bilineal_mj_m2_dia +      altitud_m",2.41072353438093,19.2692360455551,28.4086667810977,-7.37020543374758,0.781110333755166,0.8069018276343,0.005,"esferico",0,0.236283432458255,48.8365499689396,0.00291306441784876,"universal",8.82684452948385,5.84109846835158,-0.651798649600927,0.978868296518443,686,0.931486880466472,"LOO_condicional_covarianza_fija"
2012,37,686,"FINAL_KRIGING","raiz","MRA",".respuesta ~ radiacion_bilineal_mj_m2_dia + altitud_m",1.51667094149405,7.64055325398971,12.3136712778782,-1.88013404165782,0.860690797114023,0.904369937872862,0.005,"exponencial",0.0411673143606018,3.5630558771143,109.973855826069,0.0850449616205669,"universal",3.65721254267822,1.61800244317499,-0.117632000423466,0.987711323908965,686,0.978134110787172,"LOO_condicional_covarianza_fija"
2013,37,686,"FINAL_KRIGING","raiz","MTRA",".respuesta ~ temperatura_bilineal_c + radiacion_bilineal_mj_m2_dia +      altitud_m",6.59292320030264,15.2039914043179,21.5091061102022,-1.61767363201763,0.850983508515756,0.889247658190497,0.005,"gaussiano",0.11756267155241,1.66558282872493,32.8888179464642,0.0245825801633076,"universal",7.10006205542616,4.56635110285114,-0.159969670093264,0.983762696855832,686,0.934402332361516,"LOO_condicional_covarianza_fija"
2014,37,686,"FINAL_KRIGING","raiz","Mxy_alt",".respuesta ~ x_km + y_km + altitud_m",3.06984852824171,12.0413588410103,17.958445491877,-3.15655934151755,0.902360847985,0.796349765248173,0.005,"esferico",0.322655723373432,2.87425949473415,65.2346384746616,0.0825244120400062,"universal",6.13600270272754,4.06426207192207,-0.678786089521239,0.988601240208089,686,0.954810495626822,"LOO_condicional_covarianza_fija"
2015,37,686,"FINAL_KRIGING","log1p","Mxy",".respuesta ~ x_km + y_km",1.3544415662,5.24892555283992,7.78985625422065,-1.53377378096773,0.906330557694708,0.637919494076962,0.005,"esferico",0.0271369495920428,0.289667166750598,28.6773759125769,0.00467285269187814,"universal",3.17474173288178,2.1439037464287,-0.325506426307758,0.98444192542255,686,0.948979591836735,"LOO_condicional_covarianza_fija"
2016,37,686,"FINAL_KRIGING","log1p","MTA",".respuesta ~ temperatura_bilineal_c + altitud_m",1.82678131931851,11.1166672919429,14.3859088336171,-1.72268793044676,0.878841661792654,0.666450166955232,0.005,"exponencial",0.0782786654145393,0.397621780161805,24.297698672758,0.00345385001700746,"universal",7.15383979262957,5.03457410081812,-0.91346448359703,0.970038943706331,686,0.954810495626822,"LOO_condicional_covarianza_fija"
2017,37,686,"FINAL_KRIGING","original","Mxy_RA",".respuesta ~ x_km + y_km + radiacion_bilineal_mj_m2_dia + altitud_m",3.68809347700588,14.2845891265717,19.4473989815396,-0.0128589510328523,0.835988152706773,0.860389587926756,0.005,"gaussiano",8.76470922152122,362.676301193816,19.8427345048838,11048.5033180971,"universal",5.509555631465,3.7513594040848,0.00187492009373325,0.986836077497226,686,0.841107871720117,"LOO_condicional_covarianza_fija"
2018,37,686,"FINAL_KRIGING","original","Mxy_R",".respuesta ~ x_km + y_km + radiacion_bilineal_mj_m2_dia",5.55943861613647,18.6064000733485,24.7950842993318,-0.0299774241244286,0.362768994596589,0.78260472005822,0.005,"esferico",0,633.860563783058,44.6424021184455,38321.3681969388,"universal",10.7370659561457,6.82179497476628,0.0205434818505186,0.880508513908547,686,0.927113702623907,"LOO_condicional_covarianza_fija"
2019,37,686,"FINAL_KRIGING","log1p","Mxy",".respuesta ~ x_km + y_km",1.3544415662,6.33698220339169,9.66288902323591,-1.58178634131476,0.910520302594223,0.833646779573236,0.005,"gaussiano",0.0141711586826337,0.0974070799998741,26.7212908940795,0.000735372092510156,"universal",3.85052642589025,2.17186172309826,-0.157844611893664,0.985791417941879,686,0.981049562682216,"LOO_condicional_covarianza_fija"
2020,37,686,"FINAL_KRIGING","raiz","MTRA",".respuesta ~ temperatura_bilineal_c + radiacion_bilineal_mj_m2_dia +      altitud_m",3.20026796778675,6.13477045907857,8.08948110342134,-0.844623596273433,0.474300196403,0.71630640501451,0.005,"esferico",0.0624607387129502,0.817529016308386,38.6393381974542,0.0205913651071078,"universal",3.76774789168624,2.74424559727815,-0.220279526571892,0.885959226049718,686,0.957725947521866,"LOO_condicional_covarianza_fija"
2021,37,686,"FINAL_KRIGING","raiz","Mxy_RA",".respuesta ~ x_km + y_km + radiacion_bilineal_mj_m2_dia + altitud_m",4.2583733379387,13.2913086967653,18.8120750189031,-2.41778117434685,0.666573403558269,0.537898530149899,0.005,"esferico",0.936946378217956,1.63055108168364,43.0475761860551,0.671148392677186,"universal",10.8106523709511,7.45514372788825,-1.36232927123266,0.889889016941743,686,0.963556851311953,"LOO_condicional_covarianza_fija"
2022,37,686,"FINAL_KRIGING","raiz","Mxy_alt",".respuesta ~ x_km + y_km + altitud_m",3.06984852824171,8.10742541527525,11.2432026610852,-2.70807790377724,0.545129070237668,0.691836138005628,0.005,"esferico",0.178703611609397,2.50927042163511,29.6245729616838,0.219094859599629,"universal",5.60879669183234,3.36486352708473,-0.824844888575958,0.886799720169894,686,0.931486880466472,"LOO_condicional_covarianza_fija"
2023,37,686,"FINAL_KRIGING","log1p","MTA",".respuesta ~ temperatura_bilineal_c + altitud_m",1.79391968793137,8.7707081918561,18.6403287521664,-3.06106030579527,0.776025381700328,0.61018071573854,0.005,"esferico",0.0620268236230734,0.117140189530614,105.59357366251,0.000194999658950301,"universal",3.97783990160365,2.64943636711596,-0.544336687714458,0.989800326504106,686,0.959183673469388,"LOO_condicional_covarianza_fija"
2024,37,686,"FINAL_KRIGING","log1p","Mxy_alt",".respuesta ~ x_km + y_km + altitud_m",3.06984852824171,7.39107075972625,13.7143216784936,-2.98292258920281,0.721313985673356,0.885081024570744,0.005,"gaussiano",0.0205800330489332,0.176533689647264,34.6060600188629,0.00109002180069706,"universal",4.07828372982237,2.31306201354706,-0.242514389412081,0.975355422101793,686,0.956268221574344,"LOO_condicional_covarianza_fija"
2025,37,686,"FINAL_KRIGING","raiz","Mxy_alt",".respuesta ~ x_km + y_km + altitud_m",3.06984852824171,3.76600362731431,6.8459868446163,-1.40029166947057,0.878475123534158,0.761548984777673,0.005,"esferico",0.0449686478078702,1.25972335008156,49.3609692192773,0.0803306789109555,"universal",2.77874986601041,1.48745007708027,-0.261877843267965,0.979978713639947,686,0.919825072886297,"LOO_condicional_covarianza_fija"
2011,38,686,"FINAL_KRIGING","raiz","MTRA",".respuesta ~ temperatura_bilineal_c + radiacion_bilineal_mj_m2_dia +      altitud_m",2.10919215134366,14.6018409267553,20.9166301293466,-3.13508100175551,0.921420907796378,0.735561733132151,0.005,"exponencial",0.561821016306269,2.89410056292776,30.7121657956957,0.353571935623873,"universal",9.97408149985244,6.45061745965229,-1.00286781774534,0.982132269275384,686,0.962099125364432,"LOO_condicional_covarianza_fija"
2012,38,686,"FINAL_KRIGING","log1p","MTA",".respuesta ~ temperatura_bilineal_c + altitud_m",1.79662909275904,8.61413980939729,16.6429762352398,-3.03571247529973,0.934409144371092,0.761467265603875,0.005,"esferico",0.0277346528763148,0.204846764053519,64.0229057883151,0.000481399705767707,"universal",6.88291695558145,2.9385754933681,-0.368229279247368,0.988781717569211,686,0.947521865889213,"LOO_condicional_covarianza_fija"
2013,38,686,"FINAL_KRIGING","log1p","Mxy_alt",".respuesta ~ x_km + y_km + altitud_m",3.06984852824171,14.4261270812052,23.7024486399736,-6.90125794935454,0.885846682566109,0.75946770484741,0.005,"esferico",0,0.361241471077593,52.5707772083415,0.0700773458959812,"universal",6.68270414494404,3.39579314313924,-0.25816667558203,0.990925836966161,686,0.9533527696793,"LOO_condicional_covarianza_fija"
2014,38,686,"FINAL_KRIGING","raiz","Mxy_R",".respuesta ~ x_km + y_km + radiacion_bilineal_mj_m2_dia",1.83674832011893,10.0128961162449,13.2166081840955,-1.46944433249762,0.711481258636295,0.787975280415277,0.005,"esferico",0,1.56568592659195,39.7925371264837,1.26997783315481,"universal",5.08681026613887,3.67090002903441,-0.295801297810434,0.957260929111725,686,0.969387755102041,"LOO_condicional_covarianza_fija"
2015,38,686,"FINAL_KRIGING","original","Mxy_alt",".respuesta ~ x_km + y_km + altitud_m",3.06984852824171,9.77921551910486,12.5344631973864,-0.00817994444887989,0.538535192430168,0.916471246758134,0.005,"gaussiano",8.24041518864457,174.007975902917,36.6542587195525,2262.88968047603,"universal",3.18506990846391,1.95318965768537,-0.0184995461377386,0.970203514278108,686,0.931486880466472,"LOO_condicional_covarianza_fija"
2016,38,686,"FINAL_KRIGING","raiz","MTRA",".respuesta ~ temperatura_bilineal_c + radiacion_bilineal_mj_m2_dia +      altitud_m",8.14361280289769,12.7069082394717,16.1924341669343,-1.52632765609877,0.334087775518196,0.853578506337918,0.005,"esferico",0.0589586258450923,1.64793791167461,84.4367407181313,0.0302862607038784,"universal",4.94516789946182,3.68874584737802,-0.179248630250896,0.937890963744894,686,0.969387755102041,"LOO_condicional_covarianza_fija"
2017,38,686,"FINAL_KRIGING","raiz","MTR",".respuesta ~ temperatura_bilineal_c + radiacion_bilineal_mj_m2_dia",4.42349099814359,11.6779300073624,14.6101217217392,-1.48153494476807,0.624648685289878,0.885734815722717,0.005,"gaussiano",0.0775723464627452,1.59797594279486,27.8876027191127,0.335258127078246,"universal",4.27311169776754,3.05423793150536,-0.146005915237677,0.967891592692053,686,0.931486880466472,"LOO_condicional_covarianza_fija"
2018,38,686,"FINAL_KRIGING","log1p","MR",".respuesta ~ radiacion_bilineal_mj_m2_dia",1,6.81266842790331,9.59149583214488,-2.97421292770633,0.694928048168664,0.831247793195072,0.005,"exponencial",0.0590365586356764,0.957310134169299,70.7807351049073,0.00147894369906741,"universal",3.44948139153046,2.23936313262257,-0.44777618536987,0.960541805545068,686,0.951895043731778,"LOO_condicional_covarianza_fija"
2019,38,686,"FINAL_KRIGING","original","Mxy_R",".respuesta ~ x_km + y_km + radiacion_bilineal_mj_m2_dia",9.4403389292108,10.3298796262343,12.8930522782797,-0.010639583133881,0.485129136422696,0.79867950373635,0.005,"esferico",0,180.459188765274,52.8468964611299,2315.34791537688,"universal",4.78654661158125,3.42775406820207,-0.0439688648883381,0.929037090476345,686,0.9533527696793,"LOO_condicional_covarianza_fija"
2020,38,686,"FINAL_KRIGING","log1p","Mxy_RA",".respuesta ~ x_km + y_km + radiacion_bilineal_mj_m2_dia + altitud_m",9.66293413262214,8.43961593421843,11.7460047770087,-2.07574356209853,0.787448720318724,0.859850203151688,0.005,"esferico",0,0.159393889819906,53.3338095894489,0.00134401123780052,"universal",3.86664023104549,2.56483290002751,-0.232461818160871,0.97696697874426,686,0.972303206997085,"LOO_condicional_covarianza_fija"
2021,38,686,"FINAL_KRIGING","original","Mxy",".respuesta ~ x_km + y_km",1.3544415662,13.064167884424,17.811759988526,0.00716743791140761,0.580935905479399,0.903272018884645,0.005,"gaussiano",10.5335814221597,361.544745343785,32.7549030735542,52303.9151681635,"universal",5.60538720743051,4.04597565955833,-0.00747671398460897,0.9584971405863,686,0.80466472303207,"LOO_condicional_covarianza_fija"
2022,38,686,"FINAL_KRIGING","original","Mxy_RA",".respuesta ~ x_km + y_km + radiacion_bilineal_mj_m2_dia + altitud_m",3.54500886965289,9.22294629577129,11.5353759843272,0.00502401075815864,0.359248810425168,0.69583391720261,0.005,"esferico",15.3864486994762,121.91733867603,39.059531746753,1820.27849352318,"universal",6.04835167207746,4.62153425428579,-0.00752842839877228,0.823842969241566,686,0.950437317784257,"LOO_condicional_covarianza_fija"
2023,38,686,"FINAL_KRIGING","raiz","Mxy_alt",".respuesta ~ x_km + y_km + altitud_m",3.06984852824171,5.86009171394538,8.57138358751306,-1.55422624717166,0.846354790090483,0.834685490470845,0.005,"esferico",0,1.67996064429833,54.2218082480379,0.422373456792534,"universal",3.13828831138108,1.8956401158312,-0.188834562516226,0.979403053477635,686,0.93002915451895,"LOO_condicional_covarianza_fija"
2024,38,686,"FINAL_KRIGING","log1p","MTA",".respuesta ~ temperatura_bilineal_c + altitud_m",1.75166435450714,8.72449388789971,12.3824966912291,-3.17395610253303,0.763444436077862,0.82078010360148,0.005,"exponencial",0.0398577409149855,1.16633166568424,231.963124431116,0.001332954451425,"universal",3.96649364846712,2.53456044429535,-0.361327758731293,0.975726620128765,686,0.954810495626822,"LOO_condicional_covarianza_fija"
2025,38,686,"FINAL_KRIGING","log1p","Mxy",".respuesta ~ x_km + y_km",1.3544415662,11.5006311755678,16.8994112318567,-2.13202288746135,0.714286104005867,0.867028282078607,0.005,"esferico",0.00162104958719365,0.0661749695565732,77.3436866456437,0.000104739499600264,"universal",4.47559610998122,3.15988462636578,-0.225970030992637,0.979960356550773,686,0.97667638483965,"LOO_condicional_covarianza_fija"
2011,39,686,"REVISAR_COVARIANZA","raiz","Mxy_alt",".respuesta ~ x_km + y_km + altitud_m",3.06984852824171,31.1682961048948,41.010125688361,-5.10917275024801,0.736975913457733,0.934779759311248,0.005,"gaussiano",0,6.0067164831016,33.7479048197334,10.6392220967588,NA,NA,NA,NA,NA,NA,NA,NA
2012,39,686,"FINAL_KRIGING","log1p","MTA",".respuesta ~ temperatura_bilineal_c + altitud_m",1.84207650207881,15.3955270657011,24.4835989327577,-6.37529184946474,0.898757574654252,0.840552986951278,0.005,"esferico",0,0.186162441861889,53.0700883712916,0.00124098310183136,"universal",6.40229689550641,3.50998545269417,-0.330166186235784,0.993077170319163,686,0.962099125364432,"LOO_condicional_covarianza_fija"
2013,39,686,"FINAL_KRIGING","log1p","MRA",".respuesta ~ radiacion_bilineal_mj_m2_dia + altitud_m",2.06113462063254,17.3136751847838,22.2156011038177,-5.23208019567738,0.867063003368228,0.917269232899274,0.005,"gaussiano",0.000703991639027335,0.143437626387101,27.2532737361714,0.00314060067018651,"universal",6.75304090817894,4.49353112290149,-0.131349151170484,0.98771632022002,686,0.561224489795918,"LOO_condicional_covarianza_fija"
2014,39,686,"FINAL_KRIGING","raiz","Mxy",".respuesta ~ x_km + y_km",1.3544415662,12.6391660796334,16.6857792206126,-1.91839248010061,0.876943032920547,0.820899403424986,0.005,"esferico",0,2.18698081795649,62.020961516687,0.225250939346843,"universal",5.30016646988354,3.41322743515945,-0.285969378068401,0.987583698725854,686,0.927113702623907,"LOO_condicional_covarianza_fija"
2015,39,686,"FINAL_KRIGING","log1p","MTA",".respuesta ~ temperatura_bilineal_c + altitud_m",1.77287786865414,6.46713946867208,9.79537575039662,-2.1089969853119,0.950726338996058,0.805775823280436,0.005,"exponencial",0.0436035097842037,0.431153477368382,266.897808876575,0.00246046146061261,"universal",4.05346243067736,2.5048141865181,-0.334673604793734,0.991562283386511,686,0.975218658892128,"LOO_condicional_covarianza_fija"
2016,39,686,"FINAL_KRIGING","original","Mxy_RA",".respuesta ~ x_km + y_km + radiacion_bilineal_mj_m2_dia + altitud_m",5.38538218571307,10.7563837159177,13.9316206578448,-0.00444716120294416,0.888490433667483,0.848467117364138,0.005,"gaussiano",18.3142989320346,198.506644949285,28.375328540543,9183.35681873003,"universal",5.01532901567383,3.29917284373266,-0.00624964367440096,0.985548673826623,686,0.908163265306122,"LOO_condicional_covarianza_fija"
2017,39,686,"FINAL_KRIGING","log1p","MTA",".respuesta ~ temperatura_bilineal_c + altitud_m",1.83157341059335,9.97911370384768,12.7765293740771,-1.16986709760937,0.802198627008782,0.685052934261924,0.005,"esferico",0.00518238081596816,0.0416240879572659,38.3743818033696,5.67955705312905e-05,"universal",5.98561139235369,4.4155978621572,-0.347686652852076,0.956586925734689,686,0.956268221574344,"LOO_condicional_covarianza_fija"
2018,39,686,"FINAL_KRIGING","log1p","MRA",".respuesta ~ radiacion_bilineal_mj_m2_dia + altitud_m",2.11974073896694,8.37786075187499,11.0401345665825,-2.17082789476376,0.632836573407534,0.59159869063777,0.005,"exponencial",0.0832166554182704,0.237740687837718,27.3360133682876,0.000788651332438305,"universal",5.72654551905428,3.73651259041961,-0.905307449776913,0.901213837548596,686,0.956268221574344,"LOO_condicional_covarianza_fija"
2019,39,686,"FINAL_KRIGING","raiz","Mxy_R",".respuesta ~ x_km + y_km + radiacion_bilineal_mj_m2_dia",1.99425014369675,17.3216908460525,21.8140384474012,-2.37710083646277,0.71837065841343,0.832026565725857,0.005,"esferico",0,2.74626418510226,61.6007812019187,2.4615020942951,"universal",7.8961473145581,5.6773425311341,-0.297300087078202,0.963099161423735,686,0.948979591836735,"LOO_condicional_covarianza_fija"
2020,39,686,"FINAL_KRIGING","raiz","Mxy_alt",".respuesta ~ x_km + y_km + altitud_m",3.06984852824171,6.75219736962633,8.99237246768758,-2.5700711915423,0.608805426820675,0.728563504464149,0.005,"exponencial",0.322696495418308,2.81043564529199,40.9266081961101,0.0126991450024178,"universal",3.66568531225677,2.41132999490312,-0.740000238285341,0.934993826039553,686,0.924198250728863,"LOO_condicional_covarianza_fija"
2021,39,686,"FINAL_KRIGING","raiz","Mxy",".respuesta ~ x_km + y_km",1.3544415662,19.2714981268751,25.768712362708,-5.63515204457984,0.691774344954606,0.780607365741968,0.005,"esferico",0,6.03621033289369,40.9573777978526,7.80125961422855,"universal",8.62326657815731,5.77235043676486,-0.997177417347647,0.965483482425761,686,0.928571428571429,"LOO_condicional_covarianza_fija"
2022,39,686,"FINAL_KRIGING","log1p","Mxy_alt",".respuesta ~ x_km + y_km + altitud_m",3.06984852824171,10.9080133923771,14.2073961469252,-1.79237571293096,0.390986901053483,0.796379642624678,0.005,"esferico",0.00615287793568635,0.0658699852890158,75.7194702034453,8.92672650779338e-05,"universal",5.66091297085848,4.31855393831181,-0.370840283758125,0.903312437907838,686,0.956268221574344,"LOO_condicional_covarianza_fija"
2023,39,686,"FINAL_KRIGING","log1p","Mxy_alt",".respuesta ~ x_km + y_km + altitud_m",3.06984852824171,9.05588966886826,13.6896430004874,-3.27417437604347,0.703852587775701,0.789157434909042,0.005,"esferico",0.0150046607016173,0.313663600676673,72.9991024767312,0.00108842007644897,"universal",3.40991144665906,2.07281533651203,-0.258223245405877,0.981625738276732,686,0.954810495626822,"LOO_condicional_covarianza_fija"
2024,39,686,"FINAL_KRIGING","log1p","MR",".respuesta ~ radiacion_bilineal_mj_m2_dia",1,9.99688772272804,15.5533201733854,-3.21791771141673,0.733587527020756,0.878537117575052,0.005,"gaussiano",0.0149555989815367,0.162776579530733,30.6221009680957,0.000274467960746439,"universal",4.84974199741535,3.43468259528189,-0.307873214389675,0.974097266369925,686,0.925655976676385,"LOO_condicional_covarianza_fija"
2025,39,686,"FINAL_KRIGING","log1p","Mxy_alt",".respuesta ~ x_km + y_km + altitud_m",3.06984852824171,8.07414438898316,11.120974954399,-2.64660216838812,0.555864354822044,0.774038785144495,0.005,"esferico",0.0833117371910172,0.662947750191432,76.2576387024435,0.013732622371885,"universal",3.95995746035023,2.68783706057689,-0.610899870299263,0.94368670419512,686,0.966472303206997,"LOO_condicional_covarianza_fija"
2011,40,686,"FINAL_KRIGING","raiz","MTRA",".respuesta ~ temperatura_bilineal_c + radiacion_bilineal_mj_m2_dia +      altitud_m",2.332790788249,23.1517810240492,31.9970604237992,-3.07203862963084,0.868423627474767,0.808293585537174,0.005,"esferico",0.0742761586510625,3.25312589571588,62.5622671126903,0.515165472328853,"universal",8.92850535600874,6.51471810467514,-0.522742503277063,0.989754921908043,686,0.946064139941691,"LOO_condicional_covarianza_fija"
2012,40,686,"FINAL_KRIGING","raiz","MTRA",".respuesta ~ temperatura_bilineal_c + radiacion_bilineal_mj_m2_dia +      altitud_m",2.42780013416231,19.1385569601154,24.8079696413305,-1.77421556744034,0.893027883656863,0.917958248585503,0.005,"gaussiano",0.00655819194137606,1.99379604601899,29.5024714641616,0.843756483753764,"universal",6.19580139677991,4.17035507924889,-0.0459122896815538,0.993327583910539,686,0.473760932944606,"LOO_condicional_covarianza_fija"
2013,40,686,"FINAL_KRIGING","raiz","Mxy_R",".respuesta ~ x_km + y_km + radiacion_bilineal_mj_m2_dia",5.84693250820873,9.6697993287843,13.772757971166,-0.925677707285527,0.941018943380451,0.798662895353321,0.005,"exponencial",0,0.995472975159344,24.3785569797795,0.00615901545723794,"universal",4.3936099362653,2.74805920351138,-0.186439957161213,0.99399775508236,686,0.970845481049563,"LOO_condicional_covarianza_fija"
2014,40,686,"FINAL_KRIGING","log1p","MTA",".respuesta ~ temperatura_bilineal_c + altitud_m",1.81275233667543,9.84304263210194,13.6512926989884,-1.90652768486645,0.91877229681601,0.698649547419067,0.005,"esferico",0.104405736144558,0.843781411394486,40.0623705075257,0.0197547860312169,"universal",5.38005086796749,3.26258803610341,-0.854985819286853,0.987383776327924,686,0.931486880466472,"LOO_condicional_covarianza_fija"
2015,40,686,"FINAL_KRIGING","log1p","MTRA",".respuesta ~ temperatura_bilineal_c + radiacion_bilineal_mj_m2_dia +      altitud_m",5.40398472826858,8.2858349080367,11.4399020944773,-1.37817482531429,0.794076441119422,0.886995818064758,0.005,"gaussiano",0.0045743403715524,0.0537265277205413,35.3767792196968,0.000372689987005163,"universal",3.65645084887218,2.57829622639403,-0.162344303565323,0.978963140822763,686,0.946064139941691,"LOO_condicional_covarianza_fija"
2016,40,686,"FINAL_KRIGING","raiz","MTA",".respuesta ~ temperatura_bilineal_c + altitud_m",1.860940385632,21.5129684245661,27.9194714872376,-3.33398621979854,0.67599161227672,0.933787681888061,0.005,"esferico",0,4.27990358312618,108.998607293196,0.104986654805208,"universal",4.90953715803887,3.55961047272994,-0.118064420608714,0.989981032448871,686,0.994169096209913,"LOO_condicional_covarianza_fija"
2017,40,686,"FINAL_KRIGING","log1p","MTA",".respuesta ~ temperatura_bilineal_c + altitud_m",1.8688514836178,16.0204918164647,21.3817486133457,-4.30968913210569,0.860033337188337,0.734822701245809,0.005,"exponencial",0.0372146871672815,0.223950069989341,44.0688700958565,0.000699423766758999,"universal",7.95889087739713,5.80212779754625,-0.835899919154263,0.980607077138331,686,0.979591836734694,"LOO_condicional_covarianza_fija"
2018,40,686,"FINAL_KRIGING","original","Mxy_RA",".respuesta ~ x_km + y_km + radiacion_bilineal_mj_m2_dia + altitud_m",6.56781675407091,16.0832136805675,20.8174644467653,-0.0160859905778096,0.4599121778774,0.871315719654763,0.005,"gaussiano",32.5596540552284,439.226335735763,29.0534612950224,19780.577378982,"universal",6.26364777197963,4.69373914998416,-0.0225641440601565,0.951105120831814,686,0.932944606413994,"LOO_condicional_covarianza_fija"
2019,40,686,"FINAL_KRIGING","raiz","MTRA",".respuesta ~ temperatura_bilineal_c + radiacion_bilineal_mj_m2_dia +      altitud_m",2.96601394846035,14.1929913451892,18.2511630941034,-1.48924829734608,0.591437592733044,0.79140437196092,0.005,"esferico",0.041612016779004,1.59061658156322,53.8731003964188,0.0997871918804411,"universal",7.31435418190869,5.21437882253542,-0.298996154896397,0.934381048860953,686,0.951895043731778,"LOO_condicional_covarianza_fija"
2020,40,686,"FINAL_KRIGING","log1p","MTR",".respuesta ~ temperatura_bilineal_c + radiacion_bilineal_mj_m2_dia",3.21565042762178,13.5504866758115,19.0817417352847,-3.68363248734801,0.66923234381665,0.777278697086094,0.005,"esferico",0.0658579469862525,0.609147194486516,67.1295512276921,0.00156296150946086,"universal",8.98966572868397,5.58561149257882,-1.2326354313398,0.926586810074478,686,0.954810495626822,"LOO_condicional_covarianza_fija"
2021,40,686,"FINAL_KRIGING","raiz","MTRA",".respuesta ~ temperatura_bilineal_c + radiacion_bilineal_mj_m2_dia +      altitud_m",4.19802361287603,10.7330347225402,13.9526841623539,-2.11048116183344,0.898017172359993,0.646844045010954,0.005,"esferico",0.143156321613982,2.01120525139841,27.9169351966119,0.21469672388756,"universal",6.81554854624623,4.99342412036449,-0.699543038928055,0.975666019626417,686,0.932944606413994,"LOO_condicional_covarianza_fija"
2022,40,686,"FINAL_KRIGING","log1p","Mxy_alt",".respuesta ~ x_km + y_km + altitud_m",3.06984852824171,19.0123967980047,25.9952481065001,-7.41128367831451,0.694948657427996,0.860836156339032,0.005,"gaussiano",0.0136997232650443,0.303393008756475,23.6144310955393,0.0069761126493529,"universal",7.75672904873944,5.41666049487846,-0.56583121184677,0.972839219256229,686,0.858600583090379,"LOO_condicional_covarianza_fija"
2023,40,686,"FINAL_KRIGING","log1p","MTA",".respuesta ~ temperatura_bilineal_c + altitud_m",1.79205432159114,10.779718649305,13.8674638616239,-3.14169339509063,0.904977407420143,0.753589825568754,0.005,"esferico",0.0058762415923867,0.115529313719724,51.093811795899,0.000482148752694712,"universal",5.43154157482439,3.92449596954434,-0.404614895858063,0.985422635739013,686,0.938775510204082,"LOO_condicional_covarianza_fija"
2024,40,686,"FINAL_KRIGING","original","Mxy_R",".respuesta ~ x_km + y_km + radiacion_bilineal_mj_m2_dia",2.92721894034673,17.8480461151439,21.6447667224477,-0.0284033670584349,0.066638292526788,0.853743451547679,0.005,"exponencial",0,589.541226395426,43.3994233890736,3158.31708066355,"universal",6.41097037541259,4.76412756515764,-0.0058151935850566,0.918117385653546,686,0.970845481049563,"LOO_condicional_covarianza_fija"
2025,40,686,"FINAL_KRIGING","log1p","Mxy_R",".respuesta ~ x_km + y_km + radiacion_bilineal_mj_m2_dia",6.11043597773503,10.4891385866009,14.9628864387941,-2.06943687701324,0.84309940084726,0.626080151227406,0.005,"esferico",0.0191901373624025,0.0764180152835791,39.5411140771907,0.000604727061008405,"universal",5.97661701367841,4.23295289735702,-0.534981134624923,0.974967472848968,686,0.969387755102041,"LOO_condicional_covarianza_fija"
2011,41,686,"FINAL_KRIGING","log1p","MTA",".respuesta ~ temperatura_bilineal_c + altitud_m",1.84768976888774,27.2550989964472,35.3707806304765,-6.95678591853927,0.850880375589061,0.799239138694026,0.005,"esferico",0,0.146360603921617,52.7842934160749,0.00516913856481022,"universal",11.4831001429161,8.28666272188555,-0.587287674024922,0.984283211237895,686,0.93731778425656,"LOO_condicional_covarianza_fija"
2012,41,686,"FINAL_KRIGING","log1p","MTRA",".respuesta ~ temperatura_bilineal_c + radiacion_bilineal_mj_m2_dia +      altitud_m",8.1554017354337,29.7194709152356,39.6030303368809,-10.753296913213,0.872182838406224,0.933018520366354,0.005,"gaussiano",8.17181296116703e-05,0.173915447825564,28.1966081469974,0.00130342355444567,"universal",10.120213181104,5.76551271524224,-0.145927347688662,0.991653360542747,686,0.233236151603499,"LOO_condicional_covarianza_fija"
2013,41,686,"FINAL_KRIGING","raiz","Mxy_RA",".respuesta ~ x_km + y_km + radiacion_bilineal_mj_m2_dia + altitud_m",9.09756145597415,24.5364541569674,32.9790638125702,-3.72546706899887,0.904730250467757,0.825326800549529,0.005,"gaussiano",0.550016530648809,3.64136960494678,28.7932963437196,0.0469354835267823,"universal",12.3655573827243,8.62622788877674,-0.605956962794848,0.986606139489703,686,0.957725947521866,"LOO_condicional_covarianza_fija"
2014,41,686,"FINAL_KRIGING","log1p","MTRA",".respuesta ~ temperatura_bilineal_c + radiacion_bilineal_mj_m2_dia +      altitud_m",1.87874782090167,20.8800853352849,27.402951801098,-4.31167510714772,0.787192302529645,0.767850804016432,0.005,"esferico",0.0022763299347284,0.0846836593921976,43.4650120757284,0.000142382448405692,"universal",8.67588247635488,5.8782629059467,-0.517627079336647,0.978668570509011,686,0.966472303206997,"LOO_condicional_covarianza_fija"
2015,41,686,"FINAL_KRIGING","raiz","MTRA",".respuesta ~ temperatura_bilineal_c + radiacion_bilineal_mj_m2_dia +      altitud_m",2.71440701016586,10.1010401139639,13.0413629756989,-1.3286526434996,0.897037150493972,0.749390302842594,0.005,"exponencial",0.391224412175653,1.22561320804339,65.8573021785028,0.103599355600221,"universal",5.5876199957411,3.72079161467594,-0.525876274766389,0.981098846305335,686,0.962099125364432,"LOO_condicional_covarianza_fija"
2016,41,686,"FINAL_KRIGING","log1p","MTR",".respuesta ~ temperatura_bilineal_c + radiacion_bilineal_mj_m2_dia",1.28596096909373,14.8572278881762,18.8703903836398,-2.72844345459357,0.799157493145001,0.85733263123456,0.005,"gaussiano",0.00591483199381734,0.0700203959517822,24.8009873735944,0.000452802421921792,"universal",7.59043459681812,5.40195092458594,-0.344854168713634,0.967504206301609,686,0.928571428571429,"LOO_condicional_covarianza_fija"
2017,41,686,"FINAL_KRIGING","log1p","MTRA",".respuesta ~ temperatura_bilineal_c + radiacion_bilineal_mj_m2_dia +      altitud_m",4.07991184291607,21.2415383703751,27.6108472987431,-5.79068010932218,0.59209139302277,0.775741420091239,0.005,"esferico",0.023329810342989,0.207013596348691,80.3255550829474,0.00151368985170292,"universal",8.38123343069395,5.86030072032196,-0.872743970680905,0.962414591553895,686,0.957725947521866,"LOO_condicional_covarianza_fija"
2018,41,686,"FINAL_KRIGING","log1p","Mxy_RA",".respuesta ~ x_km + y_km + radiacion_bilineal_mj_m2_dia + altitud_m",6.0368790002783,12.6832877099632,16.8373644970442,-2.37978447531291,0.477010132622765,0.771363933745744,0.005,"esferico",0.00891526536149734,0.0886515638222355,64.3953623460154,4.25434391615683e-05,"universal",6.80654537710685,5.0649592251767,-0.480271248973652,0.91453298507416,686,0.959183673469388,"LOO_condicional_covarianza_fija"
2019,41,686,"FINAL_KRIGING","raiz","Mxy_R",".respuesta ~ x_km + y_km + radiacion_bilineal_mj_m2_dia",7.1948721827158,12.0977000469415,16.5053871151439,-0.821649747534502,0.879641383274165,0.799213787407837,0.005,"esferico",0,0.863580980947474,45.9958991189962,0.309592081840208,"universal",6.43867308451563,4.6348679475062,-0.0809084898618001,0.981684511422827,686,0.950437317784257,"LOO_condicional_covarianza_fija"
2020,41,686,"FINAL_KRIGING","raiz","MTRA",".respuesta ~ temperatura_bilineal_c + radiacion_bilineal_mj_m2_dia +      altitud_m",8.37664115932543,8.54449529633421,11.8140726208114,-1.42344465546892,0.873086010820754,0.69540812158227,0.005,"exponencial",0,1.41220890616499,16.6753316736741,0.152630946594047,"universal",5.71481728050758,3.85590730267208,-0.423822002837766,0.970302839821623,686,0.941690962099125,"LOO_condicional_covarianza_fija"
2021,41,686,"FINAL_KRIGING","log1p","MR",".respuesta ~ radiacion_bilineal_mj_m2_dia",1,15.7889283502526,21.4984045185959,-3.72641884652847,0.461022186462516,0.881640275369101,0.005,"gaussiano",0.0151097697518385,0.137894786008085,34.4134875562673,7.78189102109113e-05,"universal",6.08714920014512,4.61774854270029,-0.36051023638322,0.956789795575512,686,0.967930029154519,"LOO_condicional_covarianza_fija"
2022,41,686,"FINAL_KRIGING","log1p","MT",".respuesta ~ temperatura_bilineal_c",1,21.6559945547325,27.9011225240701,-5.13738529771869,0.57456653589283,0.838010874514421,0.005,"esferico",0,0.172271345067624,66.1813208465792,0.00363370658569288,"universal",10.8574971166679,7.68272997131379,-0.686285447249638,0.935575991867324,686,0.931486880466472,"LOO_condicional_covarianza_fija"
2023,41,686,"FINAL_KRIGING","log1p","Mxy",".respuesta ~ x_km + y_km",1.3544415662,17.2359784032833,22.4817199767966,-4.06248951414367,0.874691401580185,0.764025422385734,0.005,"esferico",0,0.0953895618518614,40.9293136463626,0.00015081447240247,"universal",8.06636841557675,6.00868296330375,-0.458960345436149,0.983868382658964,686,0.931486880466472,"LOO_condicional_covarianza_fija"
2024,41,686,"FINAL_KRIGING","raiz","MTRA",".respuesta ~ temperatura_bilineal_c + radiacion_bilineal_mj_m2_dia +      altitud_m",5.33962601130544,16.7011069972113,23.3790129574644,-2.19354704657485,0.538958128798555,0.847595550191936,0.005,"esferico",0,2.50657041968652,67.3939808425512,0.14279373871293,"universal",7.83607391540637,5.35962775107377,-0.283149680868147,0.9482053296013,686,0.956268221574344,"LOO_condicional_covarianza_fija"
2025,41,686,"FINAL_KRIGING","log1p","MRA",".respuesta ~ radiacion_bilineal_mj_m2_dia + altitud_m",1.96614687350288,19.6136845770127,25.1936196754073,-3.45157274028784,0.583944821569303,0.861703633383327,0.005,"esferico",0,0.0783388314862767,65.4015281237622,0.00173032569452836,"universal",8.19380805095316,5.91450934490738,-0.341348479867294,0.955991013638664,686,0.946064139941691,"LOO_condicional_covarianza_fija"
2011,42,686,"FINAL_KRIGING","raiz","Mxy_R",".respuesta ~ x_km + y_km + radiacion_bilineal_mj_m2_dia",3.91887409953674,25.0283268766443,31.5292829862631,-1.81471844805321,0.781218354970155,0.856202745947558,0.005,"gaussiano",0.236376924585762,1.7373504914308,34.5645876137922,0.0357388246061796,"universal",13.1731366816665,9.10350910250997,-0.238202809814404,0.961808994693125,686,0.963556851311953,"LOO_condicional_covarianza_fija"
2012,42,686,"REVISAR_COVARIANZA","raiz","MTA",".respuesta ~ temperatura_bilineal_c + altitud_m",1.87952507679013,35.295805378695,42.3420420157987,-4.55486253742061,0.839628205448142,0.938099330800785,0.005,"gaussiano",0,5.21093465864985,31.2326837607182,7.16126868082227,NA,NA,NA,NA,NA,NA,NA,NA
2013,42,686,"FINAL_KRIGING","log1p","MTA",".respuesta ~ temperatura_bilineal_c + altitud_m",1.83451804272714,16.2914159058558,21.3052781255991,-4.97963254818938,0.907989445957464,0.660448578017406,0.005,"exponencial",0.15995096934903,0.533539812371622,34.7442146704994,0.00579427865773979,"universal",11.1441247556148,7.59621718286663,-1.54555581708737,0.974825830016112,686,0.93731778425656,"LOO_condicional_covarianza_fija"
2014,42,686,"FINAL_KRIGING","log1p","MTR",".respuesta ~ temperatura_bilineal_c + radiacion_bilineal_mj_m2_dia",4.07952446353597,15.8657927566609,20.5474145390309,-2.84205209510878,0.86931745517251,0.681064273321539,0.005,"esferico",0.00442666977773741,0.0969767867577656,45.8021336802201,0.00170845200115986,"universal",8.77132335982083,6.00401271910413,-0.465545356662248,0.976185939036093,686,0.972303206997085,"LOO_condicional_covarianza_fija"
2015,42,686,"REVISAR_COVARIANZA","raiz","Mxy",".respuesta ~ x_km + y_km",1.3544415662,25.2141648147396,30.4582464142614,-3.99447482640782,0.529815792828837,0.946842661321334,0.005,"gaussiano",0,5.3250008214948,45.7751726713222,3.62240247895303,NA,NA,NA,NA,NA,NA,NA,NA
2016,42,686,"FINAL_KRIGING","log1p","MRA",".respuesta ~ radiacion_bilineal_mj_m2_dia + altitud_m",2.20102955724159,17.5694799040908,24.4189976000615,-3.88413722037655,0.782147132158732,0.881041954146437,0.005,"gaussiano",0.00939084053272562,0.0740857953212149,34.1818463851929,0.000111477344182157,"universal",8.89973101128907,5.69498308423543,-0.393529895650268,0.971062475358497,686,0.950437317784257,"LOO_condicional_covarianza_fija"
2017,42,686,"FINAL_KRIGING","log1p","Mxy",".respuesta ~ x_km + y_km",1.3544415662,9.27813267397205,11.2397779409737,-2.26643951352123,0.747496291264715,0.825383171941186,0.005,"esferico",0,0.135232761368874,49.5404703096069,0.00488254588329803,"universal",4.30887445058185,2.89352330261493,-0.265763583561897,0.962890937808161,686,0.9533527696793,"LOO_condicional_covarianza_fija"
2018,42,686,"FINAL_KRIGING","log1p","MR",".respuesta ~ radiacion_bilineal_mj_m2_dia",1,15.8877144941821,21.2181543323245,-4.07048786133265,0.713680311915487,0.894400296426815,0.005,"gaussiano",0.0103636863522313,0.130736826859387,33.3793815984967,0.000754013501055984,"universal",8.50068170878294,5.32038667210531,-0.376081040665224,0.954043863079611,686,0.947521865889213,"LOO_condicional_covarianza_fija"
2019,42,686,"FINAL_KRIGING","raiz","MTRA",".respuesta ~ temperatura_bilineal_c + radiacion_bilineal_mj_m2_dia +      altitud_m",4.08741646963583,16.0051826391327,19.8942209802737,-2.36073451182432,0.809757536446951,0.680188239049689,0.005,"esferico",0.398950638379744,2.15836879176208,55.5457805640932,0.0948213229992667,"universal",8.44500137811895,5.27881383443196,-0.822951228215418,0.965719035257178,686,0.950437317784257,"LOO_condicional_covarianza_fija"
2020,42,686,"FINAL_KRIGING","log1p","MTA",".respuesta ~ temperatura_bilineal_c + altitud_m",1.80401876554832,14.3255408661522,19.2634328662156,-5.77774285110298,0.768312154705915,0.74090030871439,0.005,"exponencial",0.00927352714943294,0.539829144154407,27.10665384183,0.0017050210172347,"universal",7.37570004410902,5.13373702778368,-0.764996343334357,0.966034158700112,686,0.950437317784257,"LOO_condicional_covarianza_fija"
2021,42,686,"FINAL_KRIGING","raiz","Mxy_alt",".respuesta ~ x_km + y_km + altitud_m",3.06984852824171,18.6595957384573,25.7304091681852,-2.06184023324878,0.477496560310606,0.828334504538127,0.005,"esferico",0,2.23912305517604,60.1731106642228,0.0582240883880216,"universal",8.92077850486951,6.16495801379939,-0.296867916768554,0.937193978785302,686,0.934402332361516,"LOO_condicional_covarianza_fija"
2022,42,686,"FINAL_KRIGING","log1p","MTA",".respuesta ~ temperatura_bilineal_c + altitud_m",1.89374631483252,25.0913506183019,32.9476011816588,-9.69118630906683,0.79857270700135,0.560691252378575,0.005,"esferico",0.420634070863534,0.840819252508561,43.8588952651424,0.00626417880062596,"universal",15.4336783633286,10.4125368130697,-3.68542902508664,0.955801288764759,686,0.927113702623907,"LOO_condicional_covarianza_fija"
2023,42,686,"FINAL_KRIGING","log1p","MTR",".respuesta ~ temperatura_bilineal_c + radiacion_bilineal_mj_m2_dia",9.13137505864849,14.5214605656335,17.4859507264799,-3.02492408835555,0.560140464325987,0.828159791456409,0.005,"esferico",0,0.122252557055586,47.8117560537026,0.000839770739731314,"universal",5.60752383577864,4.15410456134108,-0.350206460929961,0.954764669520009,686,0.957725947521866,"LOO_condicional_covarianza_fija"
2024,42,686,"FINAL_KRIGING","raiz","Mxy_alt",".respuesta ~ x_km + y_km + altitud_m",3.06984852824171,18.2170640238987,26.0834772186967,-1.8328247317568,0.716576628303476,0.867934752624367,0.005,"gaussiano",0.0838768289321992,1.94546262727456,27.1999291372662,1.51746717267417,"universal",6.8001285219216,4.68432574517753,-0.167525086677558,0.98073633453532,686,0.925655976676385,"LOO_condicional_covarianza_fija"
2025,42,686,"FINAL_KRIGING","raiz","MTRA",".respuesta ~ temperatura_bilineal_c + radiacion_bilineal_mj_m2_dia +      altitud_m",1.99899350413082,16.4693872157315,23.5247898349335,-1.60907727388037,0.502738793593376,0.829609445872377,0.005,"esferico",0.0344181033413289,1.61345785385994,62.879877761314,0.010144444914978,"universal",7.99315365207017,5.78423465337831,-0.234575327657103,0.942592399104564,686,0.943148688046647,"LOO_condicional_covarianza_fija"
2011,43,686,"FINAL_KRIGING","original","Mxy_R",".respuesta ~ x_km + y_km + radiacion_bilineal_mj_m2_dia",9.4468229759821,15.9693688740897,25.1653445361601,-0.00759715658749875,0.348408558313652,0.618188233287531,0.005,"esferico",225.927939915337,442.143719828089,91.5872370258885,12526.709066285,"universal",15.6387337084325,8.18477820986484,-0.0441045269975282,0.748363996261844,686,0.941690962099125,"LOO_condicional_covarianza_fija"
2012,43,686,"FINAL_KRIGING","log1p","MT",".respuesta ~ temperatura_bilineal_c",1,23.1948469747132,29.9931673348374,-5.72298869836025,0.621660298465113,0.905851192604645,0.005,"gaussiano",0.00106885284702705,0.143342560563968,26.7538964701821,0.00504252665175262,"universal",9.47287982269249,6.12073420930147,-0.290680175008884,0.962260050797569,686,0.60932944606414,"LOO_condicional_covarianza_fija"
2013,43,686,"FINAL_KRIGING","raiz","MTRA",".respuesta ~ temperatura_bilineal_c + radiacion_bilineal_mj_m2_dia +      altitud_m",2.53466650043354,21.7813089302058,31.0016347055197,-2.34957434413061,0.917261603372817,0.785253587075951,0.005,"exponencial",0.051966222308131,2.65843034301353,30.0811216784226,0.117706525098805,"universal",12.8949933513555,7.72623070135926,-0.383070989752857,0.985685369032304,686,0.969387755102041,"LOO_condicional_covarianza_fija"
2014,43,686,"FINAL_KRIGING","log1p","MT",".respuesta ~ temperatura_bilineal_c",1,22.0171301544023,27.7636181273772,-4.85092639834544,0.653418514446111,0.875889416428254,0.005,"gaussiano",0.00391195830513872,0.110996817798606,25.0687468399271,0.00754228069328359,"universal",10.1593669031897,7.39635774360676,-0.414530966241888,0.953592676199955,686,0.806122448979592,"LOO_condicional_covarianza_fija"
2015,43,686,"FINAL_KRIGING","raiz","MTRA",".respuesta ~ temperatura_bilineal_c + radiacion_bilineal_mj_m2_dia +      altitud_m",3.47804808290545,10.8720132058664,14.8347251421411,-1.17735291575154,0.816548690803348,0.812069885358707,0.005,"exponencial",0,1.46646125475896,38.1240183441238,0.00667979179230335,"universal",5.63754976966377,3.40175426268986,-0.218795289168776,0.973506301779543,686,0.951895043731778,"LOO_condicional_covarianza_fija"
2016,43,686,"FINAL_KRIGING","log1p","MTA",".respuesta ~ temperatura_bilineal_c + altitud_m",1.82750508357083,22.624242111834,31.6366616272506,-7.53837415983473,0.83067967357898,0.834360603261117,0.005,"esferico",0,0.180685281571519,62.2366370797638,0.00185218747693732,"universal",10.3682008525897,6.84590983650585,-0.561919334972882,0.981814108254182,686,0.902332361516035,"LOO_condicional_covarianza_fija"
2017,43,686,"FINAL_KRIGING","log1p","Mxy_alt",".respuesta ~ x_km + y_km + altitud_m",3.06984852824171,14.33500897885,19.1498781312154,-3.81412604413662,0.807113051753305,0.854733991258003,0.005,"esferico",0,0.120625203523499,59.6188990936976,0.00219705411474209,"universal",6.13788940806653,3.85189087073961,-0.271458859420085,0.980184322240961,686,0.946064139941691,"LOO_condicional_covarianza_fija"
2018,43,686,"FINAL_KRIGING","raiz","MTRA",".respuesta ~ temperatura_bilineal_c + radiacion_bilineal_mj_m2_dia +      altitud_m",6.64344162410111,12.494132039375,16.0240943957743,-2.83559834085904,0.617091145548505,0.710899568255941,0.005,"exponencial",0.246732526788576,2.82703511005432,24.3971176479528,0.09621803033618,"universal",8.45661946418188,5.77795131385046,-0.850876697553896,0.893354632136159,686,0.932944606413994,"LOO_condicional_covarianza_fija"
2019,43,686,"FINAL_KRIGING","log1p","MTA",".respuesta ~ temperatura_bilineal_c + altitud_m",1.87706509090074,16.5687550122573,22.85189076707,-4.60032987790254,0.580696937014012,0.925212267133805,0.005,"gaussiano",0.00336723944349797,0.165754132997278,30.69875013519,0.000394089816754193,"universal",7.63028980101235,4.39771105234219,-0.233315928518762,0.953251700057934,686,0.845481049562682,"LOO_condicional_covarianza_fija"
2020,43,686,"FINAL_KRIGING","log1p","Mxy",".respuesta ~ x_km + y_km",1.3544415662,14.6572024473023,17.8121050971459,-3.28844540476292,0.75619618065492,0.821477382257194,0.005,"gaussiano",0.00971093262241628,0.101297891999376,22.7218729168411,0.000662649313593404,"universal",7.65217711121675,5.29071185822682,-0.389329797425147,0.955003365354132,686,0.919825072886297,"LOO_condicional_covarianza_fija"
2021,43,686,"FINAL_KRIGING","log1p","Mxy",".respuesta ~ x_km + y_km",1.3544415662,17.3657140797783,23.6964862102455,-5.18479005754431,0.750930629580767,0.629584901404619,0.005,"esferico",0.018477674360342,0.190950129359987,46.3082065890148,0.000578739123615602,"universal",11.3631236015172,7.10073664962372,-1.03446753997166,0.942727270664294,686,0.969387755102041,"LOO_condicional_covarianza_fija"
2022,43,686,"FINAL_KRIGING","log1p","MT",".respuesta ~ temperatura_bilineal_c",1,31.9782149207006,40.94579041127,-10.3037274665925,0.598963115984265,0.602111289254836,0.005,"esferico",0.0948634506662918,0.251717500719236,38.1272962491794,0.0038954809507427,"universal",18.1865809602882,13.1318133018427,-2.65422495837591,0.920883344579805,686,0.97667638483965,"LOO_condicional_covarianza_fija"
2023,43,686,"FINAL_KRIGING","raiz","MTRA",".respuesta ~ temperatura_bilineal_c + radiacion_bilineal_mj_m2_dia +      altitud_m",4.26958750330264,7.72809053794718,10.1390354576863,-0.626003297642191,0.928101718468188,0.824490618556457,0.005,"esferico",0,0.636725082269733,56.618110307045,0.0879706868643535,"universal",4.59697854408702,2.3759751444672,-0.101805446469921,0.985220144773118,686,0.9533527696793,"LOO_condicional_covarianza_fija"
2024,43,686,"FINAL_KRIGING","raiz","MTRA",".respuesta ~ temperatura_bilineal_c + radiacion_bilineal_mj_m2_dia +      altitud_m",8.62961852129147,12.7681090240188,19.511400066858,-3.65132361362512,0.686326341615068,0.660789693627192,0.005,"esferico",0.685758889410829,2.96049030014724,41.8902310767255,0.76056182803469,"universal",7.92604432017055,5.14614409119951,-1.34449900605158,0.948237627441507,686,0.93002915451895,"LOO_condicional_covarianza_fija"
2025,43,686,"FINAL_KRIGING","original","MTRA",".respuesta ~ temperatura_bilineal_c + radiacion_bilineal_mj_m2_dia +      altitud_m",2.03848237383218,24.0238576021192,32.577028942349,-0.0137300353358164,0.588630955158962,0.81299597358967,0.005,"esferico",0,1198.47914299896,66.0928808922792,158947.974391995,"universal",12.4987854446092,8.10530041919472,-0.00271243302837016,0.93944579777019,686,0.924198250728863,"LOO_condicional_covarianza_fija"
2011,44,686,"FINAL_KRIGING","log1p","Mxy",".respuesta ~ x_km + y_km",1.3544415662,27.5745956774118,40.7354358045074,-10.5943436593803,0.77141328083993,0.743994862676034,0.005,"esferico",0.015116612619798,0.263712513905437,44.1106986834245,0.0469241996342237,"universal",17.9726684335663,9.77752860616228,-1.02209998653718,0.955502933042361,686,0.978134110787172,"LOO_condicional_covarianza_fija"
2012,44,686,"FINAL_KRIGING","raiz","Mxy_R",".respuesta ~ x_km + y_km + radiacion_bilineal_mj_m2_dia",9.4792182830875,16.2549357570515,20.4461611153961,-3.14621875681892,0.719189783172234,0.70200125658022,0.005,"esferico",0.285507562148084,3.06259076051667,37.8101947267961,0.393704024077023,"universal",9.72247004909239,6.00532223101495,-0.916146849734552,0.936504554403329,686,0.947521865889213,"LOO_condicional_covarianza_fija"
2013,44,686,"FINAL_KRIGING","raiz","Mxy_RA",".respuesta ~ x_km + y_km + radiacion_bilineal_mj_m2_dia + altitud_m",7.44138367350258,16.0209537921767,20.4578398878691,-1.99491373652616,0.620374057494325,0.810193698184991,0.005,"esferico",0.055420737356728,2.18362066432483,64.7493768715642,0.0296338088571789,"universal",8.76404418425004,6.2220557529595,-0.333268952204956,0.930330057939601,686,0.93002915451895,"LOO_condicional_covarianza_fija"
2014,44,686,"FINAL_KRIGING","log1p","Mxy",".respuesta ~ x_km + y_km",1.3544415662,21.679955690842,27.8342059475578,-5.1615485542284,0.624517284698646,0.663125406474721,0.005,"esferico",0.026933449776946,0.130464821698565,58.1489113014467,0.00314175351369796,"universal",11.5538571533323,8.49682433363173,-1.23931664823238,0.935302683891523,686,0.978134110787172,"LOO_condicional_covarianza_fija"
2015,44,686,"FINAL_KRIGING","log1p","MTRA",".respuesta ~ temperatura_bilineal_c + radiacion_bilineal_mj_m2_dia +      altitud_m",6.97771935127895,12.7231843825159,18.2739583943546,-3.88110562472768,0.85846237649472,0.693821965776671,0.005,"exponencial",0.124252529733553,0.391060429891607,266.897808876575,0.0170333976846032,"universal",8.43652158746979,5.28758510018213,-1.17060282339966,0.969832905762183,686,0.979591836734694,"LOO_condicional_covarianza_fija"
2016,44,686,"FINAL_KRIGING","log1p","MT",".respuesta ~ temperatura_bilineal_c",1,19.0332791705216,25.173403021558,-2.75546634039404,0.821334212190618,0.70660072523788,0.005,"esferico",0.010363409839013,0.0708139992725887,41.5038427166715,0.000847785439859491,"universal",12.5785538143261,8.98958894659168,-0.836625731044309,0.955391361816836,686,0.962099125364432,"LOO_condicional_covarianza_fija"
2017,44,686,"FINAL_KRIGING","log1p","MTA",".respuesta ~ temperatura_bilineal_c + altitud_m",1.86513032261971,16.4722499388353,21.1884840966565,-2.83658696772552,0.606074899860282,0.755829619726831,0.005,"esferico",0.0021375916754586,0.0734266305399087,45.2446400506912,0.000953175537333374,"universal",9.19325339092053,6.7555063425871,-0.548578109531824,0.925842967636384,686,0.935860058309038,"LOO_condicional_covarianza_fija"
2018,44,686,"FINAL_KRIGING","original","MRA",".respuesta ~ radiacion_bilineal_mj_m2_dia + altitud_m",2.26376030077302,28.0604104747294,33.7374863712773,0.000315776855142139,0.493667288764557,0.85744124115596,0.005,"esferico",0,1283.46745426388,83.2825350151553,4105.9982523981,"universal",10.8352726385695,7.8997836826204,0.00316001541423964,0.947773583431675,686,0.934402332361516,"LOO_condicional_covarianza_fija"
2019,44,686,"FINAL_KRIGING","raiz","MTRA",".respuesta ~ temperatura_bilineal_c + radiacion_bilineal_mj_m2_dia +      altitud_m",7.0524647900637,19.4676265116762,26.4498105513553,-2.64601295158058,0.737948567423117,0.845436611961363,0.005,"esferico",0,3.03475530612455,72.0561283351667,0.024915901310283,"universal",8.83894812971195,6.0973111351594,-0.325020999882466,0.970735401009236,686,0.932944606413994,"LOO_condicional_covarianza_fija"
2020,44,686,"FINAL_KRIGING","raiz","MR",".respuesta ~ radiacion_bilineal_mj_m2_dia",1,16.0023422959609,22.3182320973602,-1.65527893504061,0.792619301142816,0.88428812790868,0.005,"gaussiano",0.072978079779162,1.9129189740437,38.4127027813732,0.205161337583086,"universal",8.00290873184769,4.80682627861616,-0.179541229741289,0.973334822287183,686,0.887755102040816,"LOO_condicional_covarianza_fija"
2021,44,686,"FINAL_KRIGING","original","Mxy_RA",".respuesta ~ x_km + y_km + radiacion_bilineal_mj_m2_dia + altitud_m",5.25539224936615,14.1364166370311,19.9321910083236,-0.00195003867874008,0.826027229874372,0.754778523308651,0.005,"exponencial",47.7920174890169,439.407353389624,52.9410548312646,6833.62549518866,"universal",9.17284411131258,5.41469943507194,0.00941198752691905,0.963154943750646,686,0.969387755102041,"LOO_condicional_covarianza_fija"
2022,44,686,"FINAL_KRIGING","original","MTRA",".respuesta ~ temperatura_bilineal_c + radiacion_bilineal_mj_m2_dia +      altitud_m",3.22745521579778,40.8840481704993,51.5105012609721,0.0141784175147013,0.808369529715999,0.756944831609347,0.005,"esferico",2.27662477296844,2734.31644734371,43.8469441578653,812022.66058818,"universal",23.0796665530923,15.9558128352437,-0.0494871680757478,0.96152912420881,686,0.922740524781341,"LOO_condicional_covarianza_fija"
2023,44,686,"FINAL_KRIGING","log1p","MTRA",".respuesta ~ temperatura_bilineal_c + radiacion_bilineal_mj_m2_dia +      altitud_m",4.98290606666972,13.096778510068,17.803221997007,-2.17162924809177,0.775267725684663,0.751419424006606,0.005,"esferico",0,0.0631733757428377,41.17902063773,0.000326806601310966,"universal",9.05872762917967,5.71386507303365,-0.395331955491239,0.94181612574768,686,0.941690962099125,"LOO_condicional_covarianza_fija"
2024,44,686,"FINAL_KRIGING","raiz","MTA",".respuesta ~ temperatura_bilineal_c + altitud_m",1.82936901174543,24.7462429317983,34.3747473575795,-2.36809911153733,0.775699289090532,0.802961343835504,0.005,"esferico",0,2.40415957497172,55.2419242512889,0.248250022212466,"universal",11.3293468064002,7.715202854665,-0.29801455354659,0.975635283476739,686,0.950437317784257,"LOO_condicional_covarianza_fija"
2025,44,686,"FINAL_KRIGING","log1p","MT",".respuesta ~ temperatura_bilineal_c",1,20.6865339216131,28.637051178116,-6.25951706543803,0.586074731693664,0.865342228979969,0.005,"gaussiano",0.0165201356503702,0.272208995205146,25.6514515257975,0.0135284567613384,"universal",9.85978446166997,6.7254258638868,-0.630579564394094,0.950931792845997,686,0.889212827988338,"LOO_condicional_covarianza_fija"
2011,45,686,"FINAL_KRIGING","raiz","MRA",".respuesta ~ radiacion_bilineal_mj_m2_dia + altitud_m",2.30278976097009,29.4704233075496,37.3862924730275,-4.85576436006805,0.68676229388706,0.730956389605365,0.005,"esferico",0.469107738240503,4.74440287698687,52.6223961173531,7.13109212572686,"universal",18.1807342297418,12.0109357888303,-1.24852608049663,0.925924929564228,686,0.946064139941691,"LOO_condicional_covarianza_fija"
2012,45,686,"FINAL_KRIGING","raiz","Mxy_R",".respuesta ~ x_km + y_km + radiacion_bilineal_mj_m2_dia",1.47448206999395,29.3549358802125,43.3740850131752,-2.93335859144598,0.895101327265153,0.779025280383885,0.005,"esferico",0.0225331861169111,3.18530437100891,53.6100346675551,0.285557046914163,"universal",14.9699146425763,9.4000218037464,-0.480901239825092,0.987504662569182,686,0.924198250728863,"LOO_condicional_covarianza_fija"
2013,45,686,"FINAL_KRIGING","raiz","Mxy_R",".respuesta ~ x_km + y_km + radiacion_bilineal_mj_m2_dia",9.4778815850637,27.9813314312173,39.2449707262627,-5.18561509726719,0.558724938560886,0.688393595483389,0.005,"exponencial",1.60080988290301,4.49534254608661,43.6159434024882,0.565331090121794,"universal",19.5623662923338,12.3622786444146,-2.08721929610883,0.890356184997573,686,0.966472303206997,"LOO_condicional_covarianza_fija"
2014,45,686,"FINAL_KRIGING","original","MTRA",".respuesta ~ temperatura_bilineal_c + radiacion_bilineal_mj_m2_dia +      altitud_m",8.75130522341455,20.4710960944749,26.2110427981078,0.00194318321087743,0.764337021789913,0.701011651860762,0.005,"gaussiano",160.984257142416,541.448843817635,21.4841140939504,5548.55337156489,"universal",13.0144246188992,9.85329270999909,-0.0711752415034704,0.941900458218178,686,0.957725947521866,"LOO_condicional_covarianza_fija"
2015,45,686,"FINAL_KRIGING","raiz","Mxy_R",".respuesta ~ x_km + y_km + radiacion_bilineal_mj_m2_dia",5.94334901224964,12.9037205528621,16.6565913748497,-2.18454744685557,0.574971201786008,0.808643135378872,0.005,"esferico",0,2.55796549649915,68.9554511120152,0.815460071187906,"universal",7.270482954488,4.8039923829603,-0.312847334527576,0.91902096166414,686,0.927113702623907,"LOO_condicional_covarianza_fija"
2016,45,686,"FINAL_KRIGING","raiz","MRA",".respuesta ~ radiacion_bilineal_mj_m2_dia + altitud_m",2.16795387892062,19.4778937072621,24.4421588678764,-1.94368409928071,0.788988875574891,0.776299364362706,0.005,"esferico",0,2.03935639623148,46.491750697218,0.200913334380535,"universal",12.1656786340317,8.22910597430603,-0.319978090701808,0.947724414385125,686,0.931486880466472,"LOO_condicional_covarianza_fija"
2017,45,686,"FINAL_KRIGING","raiz","MTRA",".respuesta ~ temperatura_bilineal_c + radiacion_bilineal_mj_m2_dia +      altitud_m",3.89577344099817,29.1268326989742,36.623029482209,-3.29026062571311,0.457882459288993,0.835256770025198,0.005,"esferico",0,3.92108483204734,78.1047507161128,2.47717008324256,"universal",15.9677515946199,9.68470834654873,-0.451667341062434,0.896944194550053,686,0.922740524781341,"LOO_condicional_covarianza_fija"
2018,45,686,"FINAL_KRIGING","original","Mxy_R",".respuesta ~ x_km + y_km + radiacion_bilineal_mj_m2_dia",1.66584099448588,22.8999747694484,27.8275421829592,-0.00221702209573837,0.244656015999158,0.809657765240278,0.005,"esferico",0.571735418166656,878.10144447522,60.8281083229285,120185.262722008,"universal",10.4755039158204,7.73991109362281,-0.0825876347600291,0.892960290410714,686,0.935860058309038,"LOO_condicional_covarianza_fija"
2019,45,686,"FINAL_KRIGING","raiz","Mxy",".respuesta ~ x_km + y_km",1.3544415662,19.8209679000162,25.9146409114123,-2.3142775219524,0.602311910125543,0.842186198622365,0.005,"esferico",0,2.29085413490689,58.3620026542209,0.123660638922192,"universal",8.17838536885477,5.96066973985871,-0.292873394192699,0.960391596676715,686,0.954810495626822,"LOO_condicional_covarianza_fija"
2020,45,686,"FINAL_KRIGING","original","MTRA",".respuesta ~ temperatura_bilineal_c + radiacion_bilineal_mj_m2_dia +      altitud_m",6.67194515566148,7.09919037006677,9.82379711395777,-0.00395520376469487,0.0860546817577279,0.687314247357403,0.005,"esferico",18.1434033734638,85.0082234359131,71.1131554360905,284.72734637314,"universal",5.37961499929662,3.15111957339401,0.00315984431836692,0.725928526417538,686,0.9533527696793,"LOO_condicional_covarianza_fija"
2021,45,686,"FINAL_KRIGING","original","MTA",".respuesta ~ temperatura_bilineal_c + altitud_m",1.84106230692082,14.993848686843,21.6269226671149,-0.00662117425794045,0.252117840074026,0.681499452567285,0.005,"exponencial",82.4876453137443,428.432205136839,37.4194545579105,1533.03286444371,"universal",12.4249477301255,7.88198958481702,-0.0097656484751561,0.75315015445811,686,0.947521865889213,"LOO_condicional_covarianza_fija"
2022,45,686,"FINAL_KRIGING","raiz","MTR",".respuesta ~ temperatura_bilineal_c + radiacion_bilineal_mj_m2_dia",9.8739087204046,15.717572072499,22.9152348071847,-2.14493191926728,0.557780477596068,0.83530921072869,0.005,"esferico",0,2.27983705824752,59.2919311806919,1.02730417847669,"universal",6.97502429878193,4.55992261219343,-0.282762631690154,0.959028606280447,686,0.950437317784257,"LOO_condicional_covarianza_fija"
2023,45,686,"FINAL_KRIGING","original","MRA",".respuesta ~ radiacion_bilineal_mj_m2_dia + altitud_m",1.97713256607053,26.5435804602243,32.751436729602,-0.0240587338467127,0.174933754329474,0.8780655839686,0.005,"gaussiano",72.2502089151692,1162.71780075103,29.5721713533372,400495.941063319,"universal",9.78017016606064,7.27573750555432,-0.0452983243052942,0.926426582441465,686,0.924198250728863,"LOO_condicional_covarianza_fija"
2024,45,686,"FINAL_KRIGING","original","MTRA",".respuesta ~ temperatura_bilineal_c + radiacion_bilineal_mj_m2_dia +      altitud_m",2.23061864588408,25.1357461529227,33.9525262317349,0.0123882938946473,0.626484572929672,0.772048863700855,0.005,"esferico",197.169947001748,1026.73595567991,86.1379753260137,24939.0696321527,"universal",15.8321156318532,10.5260104406579,0.0456282943365732,0.918783875218747,686,0.951895043731778,"LOO_condicional_covarianza_fija"
2025,45,686,"FINAL_KRIGING","original","MRA",".respuesta ~ radiacion_bilineal_mj_m2_dia + altitud_m",2.12162920480997,13.0172603694581,18.9245595800753,-0.00999166071109335,0.169551876943344,0.881501496324609,0.005,"esferico",2.02205913439109,398.720040853774,103.950545331379,2139.70656046205,"universal",5.35041454732316,3.79722048310064,0.0114997321640379,0.933620219818042,686,0.944606413994169,"LOO_condicional_covarianza_fija"
2011,46,686,"FINAL_KRIGING","raiz","MTR",".respuesta ~ temperatura_bilineal_c + radiacion_bilineal_mj_m2_dia",8.61355081719055,39.921862918876,51.9206787046558,-4.89651252459831,0.534869900760471,0.746738001022312,0.005,"esferico",0.495685641973003,4.67521977441487,51.1447020816574,4.58639412678406,"universal",24.3250803418382,16.7841104277709,-1.23817172921511,0.89790551350007,686,0.96064139941691,"LOO_condicional_covarianza_fija"
2012,46,686,"FINAL_KRIGING","log1p","MTRA",".respuesta ~ temperatura_bilineal_c + radiacion_bilineal_mj_m2_dia +      altitud_m",2.06886767689536,29.5235222319523,42.4842607319177,-6.72849376352813,0.811921603579888,0.828568920738653,0.005,"esferico",0,0.111225059379114,46.9916606169054,0.00295976869876953,"universal",16.5957511263212,10.8395246892222,-0.763157818058383,0.971300349424753,686,0.96064139941691,"LOO_condicional_covarianza_fija"
2013,46,686,"FINAL_KRIGING","log1p","MTRA",".respuesta ~ temperatura_bilineal_c + radiacion_bilineal_mj_m2_dia +      altitud_m",7.33292171668635,19.7818313864093,30.4140206570638,-7.72524125528961,0.886430969791527,0.741852742177845,0.005,"esferico",0.0149490837027103,0.296503133289751,44.8352101922036,0.00585083205847201,"universal",13.0327517862059,7.44950679025009,-0.969573800463383,0.979146234184798,686,0.959183673469388,"LOO_condicional_covarianza_fija"
2014,46,686,"FINAL_KRIGING","raiz","Mxy_RA",".respuesta ~ x_km + y_km + radiacion_bilineal_mj_m2_dia + altitud_m",3.92014102654613,37.1211232833097,46.8928006863201,-10.331789553521,0.568977430705984,0.824523205286026,0.005,"esferico",0,11.8280598421839,66.3695188224713,28.2583609304136,"universal",14.3921615121018,10.2879653215293,-1.36009708145902,0.959398720893344,686,0.927113702623907,"LOO_condicional_covarianza_fija"
2015,46,686,"FINAL_KRIGING","original","MT",".respuesta ~ temperatura_bilineal_c",1,20.9335441469315,26.9241961188894,-0.000111081897533726,0.841239430557717,0.843113592868051,0.005,"esferico",0,738.576176461598,58.4391609259405,60770.148874601,"universal",8.22566634064673,5.21570812720478,-0.00183108828786903,0.985181667495011,686,0.96064139941691,"LOO_condicional_covarianza_fija"
2016,46,686,"FINAL_KRIGING","log1p","MTR",".respuesta ~ temperatura_bilineal_c + radiacion_bilineal_mj_m2_dia",3.75134459398617,20.7324458821612,29.3440897622187,-5.01057818339357,0.390628340468487,0.887930089327768,0.005,"gaussiano",0.00726713152723595,0.137780556782182,26.7059587170789,0.00328916444967609,"universal",11.7100202361192,7.92098109454696,-0.528860805255166,0.902958777611499,686,0.880466472303207,"LOO_condicional_covarianza_fija"
2017,46,686,"FINAL_KRIGING","raiz","MT",".respuesta ~ temperatura_bilineal_c",1,21.36698679414,30.7323445122615,-7.77632784060534,0.506590553952654,0.688406853091214,0.005,"esferico",1.48059854331476,6.58252288486431,46.9967054805369,2.23669902355188,"universal",18.4275750501053,10.618151078613,-2.75257207036771,0.822600475764147,686,0.941690962099125,"LOO_condicional_covarianza_fija"
2018,46,686,"FINAL_KRIGING","log1p","MT",".respuesta ~ temperatura_bilineal_c",1,21.4128768141813,27.3554638504376,-6.372684710693,0.806567638858088,0.798772004916976,0.005,"esferico",0,0.210626142306943,44.4336762212828,0.00399661257965704,"universal",13.1198614900052,8.91796542993785,-0.823156084925662,0.955506203231542,686,0.938775510204082,"LOO_condicional_covarianza_fija"
2019,46,686,"FINAL_KRIGING","original","MTRA",".respuesta ~ temperatura_bilineal_c + radiacion_bilineal_mj_m2_dia +      altitud_m",7.06358811703283,21.2739309676992,27.2302990813945,-0.00704685364111099,0.315518504911452,0.828550053361023,0.005,"esferico",23.6162967817991,764.754618221287,63.4990709104243,12435.6005292545,"universal",9.71570823948167,7.17999085401111,-0.00452786444331621,0.912862355117973,686,0.975218658892128,"LOO_condicional_covarianza_fija"
2020,46,686,"FINAL_KRIGING","original","MTR",".respuesta ~ temperatura_bilineal_c + radiacion_bilineal_mj_m2_dia",2.75784673493827,27.4968534806062,32.9597115275278,-0.0224861808667803,0.251369526750609,0.785647517292911,0.005,"esferico",101.11444538539,1114.07684865552,67.4925404871875,61484.5613587879,"universal",14.5917733256847,9.36617420393046,-0.00586574548407029,0.853270699765073,686,0.947521865889213,"LOO_condicional_covarianza_fija"
2021,46,686,"FINAL_KRIGING","raiz","Mxy",".respuesta ~ x_km + y_km",1.3544415662,22.8922332136949,30.4096938916286,-5.09392625798241,0.40389652184587,0.769343914634082,0.005,"gaussiano",1.10396984454173,4.3421940754558,28.9718026555995,0.306907095697826,"universal",14.2424726919815,9.92826145211066,-1.28392144339313,0.869241975764689,686,0.93731778425656,"LOO_condicional_covarianza_fija"
2022,46,686,"FINAL_KRIGING","raiz","MTR",".respuesta ~ temperatura_bilineal_c + radiacion_bilineal_mj_m2_dia",6.36095348713704,25.3419577321523,31.9823293494352,-2.05694294090848,0.585139141966275,0.840129886429697,0.005,"gaussiano",0.246047614474924,1.89604293163591,27.9807014037755,0.111905791259941,"universal",11.9277052192324,8.77842761097809,-0.310441190418561,0.942297308152391,686,0.938775510204082,"LOO_condicional_covarianza_fija"
2023,46,686,"FINAL_KRIGING","raiz","MTRA",".respuesta ~ temperatura_bilineal_c + radiacion_bilineal_mj_m2_dia +      altitud_m",8.31815327457335,16.4473358914161,22.471499473119,-3.79864233962652,0.879459122072071,0.756224418637022,0.005,"esferico",0.117051300446148,3.68965208509976,41.4660480890054,1.15053612156289,"universal",8.22576734719715,5.39499843936048,-0.823794475047039,0.983848119661662,686,0.947521865889213,"LOO_condicional_covarianza_fija"
2024,46,686,"FINAL_KRIGING","original","Mxy_alt",".respuesta ~ x_km + y_km + altitud_m",3.06984852824171,14.5218504807984,18.8738335417048,-0.019281659521184,0.180461040427434,0.711445512176599,0.005,"esferico",43.179913219012,338.616874859959,74.934219255762,12876.0308288574,"universal",9.99331368499729,5.64830542947508,-0.0380588774980588,0.770243184599673,686,0.924198250728863,"LOO_condicional_covarianza_fija"
2025,46,686,"FINAL_KRIGING","log1p","Mxy_alt",".respuesta ~ x_km + y_km + altitud_m",3.06984852824171,16.8290373244342,22.1114042771896,-5.86835171781201,0.770666519412106,0.36721415108131,0.005,"exponencial",0.159545553469859,0.311629957785829,12.467723160424,0.00258417250148931,"universal",12.033692332163,7.90058875812182,-2.58387227340545,0.932074535135846,686,0.948979591836735,"LOO_condicional_covarianza_fija"
2011,47,686,"FINAL_KRIGING","raiz","MTRA",".respuesta ~ temperatura_bilineal_c + radiacion_bilineal_mj_m2_dia +      altitud_m",1.91381564028651,47.1039228946755,69.1364364534713,-16.7164565900815,0.461527449963764,0.831984109577151,0.005,"esferico",0.255720852295361,18.1323946811557,68.265679564442,25.6859301383193,"universal",23.014612505664,12.8207911326393,-2.30489137615545,0.940329878530998,686,0.924198250728863,"LOO_condicional_covarianza_fija"
2012,47,686,"FINAL_KRIGING","raiz","MTRA",".respuesta ~ temperatura_bilineal_c + radiacion_bilineal_mj_m2_dia +      altitud_m",2.49446105140973,18.5280401075371,33.4787400196095,-4.1272622409973,0.61448521142266,0.735917331440387,0.005,"exponencial",0,4.303859504154,18.0005233129056,0.223235761132711,"universal",12.5343416138618,7.29308649102427,-1.04049773435579,0.945961176336593,686,0.956268221574344,"LOO_condicional_covarianza_fija"
2013,47,686,"FINAL_KRIGING","log1p","Mxy_R",".respuesta ~ x_km + y_km + radiacion_bilineal_mj_m2_dia",4.60242379702254,34.1136556597913,43.0133777022859,-10.1485639311213,0.640769408283224,0.756316997113537,0.005,"esferico",0.0358541261741453,0.257843113701818,39.3409363978483,0.00428533845732719,"universal",16.2805839996255,11.0413013064682,-1.50906915776343,0.948535687308887,686,0.978134110787172,"LOO_condicional_covarianza_fija"
2014,47,686,"FINAL_KRIGING","original","Mxy_RA",".respuesta ~ x_km + y_km + radiacion_bilineal_mj_m2_dia + altitud_m",8.48499838110411,23.5447985330043,32.8981863458389,0.0135005381385192,0.559388381303409,0.832348449192226,0.005,"esferico",0,1201.79255034851,53.7312468372546,579529.495987691,"universal",11.0100932672977,8.19442970286679,-0.0225702083950342,0.950649219176882,686,0.962099125364432,"LOO_condicional_covarianza_fija"
2015,47,686,"FINAL_KRIGING","raiz","MTR",".respuesta ~ temperatura_bilineal_c + radiacion_bilineal_mj_m2_dia",1.15785476441061,21.2276871815515,27.9607007653292,-1.8153688345767,0.828659791114495,0.795870680347615,0.005,"esferico",0.0331433211681504,1.87312352400608,58.7006512653898,0.182288401780518,"universal",10.4193466455009,6.74198432137967,-0.303553756313842,0.976207276227982,686,0.946064139941691,"LOO_condicional_covarianza_fija"
2016,47,686,"FINAL_KRIGING","raiz","MTA",".respuesta ~ temperatura_bilineal_c + altitud_m",1.83588120394653,25.6009954679133,34.5054965947857,-3.49692977405815,0.636734628423104,0.783399187849424,0.005,"esferico",0.257773941583629,3.52463477556915,62.8955818827326,1.35063037229532,"universal",13.8477878990289,8.14691625500692,-0.75662183970368,0.941492944413946,686,0.93731778425656,"LOO_condicional_covarianza_fija"
2017,47,686,"FINAL_KRIGING","original","MTRA",".respuesta ~ temperatura_bilineal_c + radiacion_bilineal_mj_m2_dia +      altitud_m",3.67592574869288,31.0730936702676,40.2803372279538,-0.0204412274258315,0.061483595595107,0.675993782728732,0.005,"esferico",164.003254408851,1440.61767486535,35.602422990727,211984.952367672,"universal",22.0300437039829,14.7389931019758,-0.0024293468973715,0.719271574492123,686,0.944606413994169,"LOO_condicional_covarianza_fija"
2018,47,686,"FINAL_KRIGING","raiz","MT",".respuesta ~ temperatura_bilineal_c",1,32.5571486377828,40.1490853199197,-4.902922151416,0.535194877017766,0.919957543714762,0.005,"gaussiano",0.0591467820084079,5.60691835915317,32.879098342321,3.20426255345024,"universal",12.505149977319,8.76663876095645,-0.292712854847137,0.954908217416473,686,0.618075801749271,"LOO_condicional_covarianza_fija"
2019,47,686,"FINAL_KRIGING","original","MTRA",".respuesta ~ temperatura_bilineal_c + radiacion_bilineal_mj_m2_dia +      altitud_m",3.77077602167522,20.3007689218612,25.3488508549038,0.0116448533928645,0.405178004008509,0.743007612258714,0.005,"esferico",99.1718636949772,551.890828433581,62.1975805571011,16236.8252715682,"universal",12.3735952899191,7.99928813033315,0.00161917329492014,0.858269838471007,686,0.965014577259475,"LOO_condicional_covarianza_fija"
2020,47,686,"FINAL_KRIGING","original","MTRA",".respuesta ~ temperatura_bilineal_c + radiacion_bilineal_mj_m2_dia +      altitud_m",6.42860208078731,20.0763671077244,25.5520006947806,0.00168399593488085,0.0967298090720087,0.818679080293793,0.005,"esferico",0,709.751814080613,59.7327810973846,85949.0428218903,"universal",10.2028315704085,6.93973564319898,-0.0507554896750214,0.855984481733673,686,0.93002915451895,"LOO_condicional_covarianza_fija"
2021,47,686,"FINAL_KRIGING","original","Mxy_R",".respuesta ~ x_km + y_km + radiacion_bilineal_mj_m2_dia",3.77419014302722,19.5789416542266,24.8446362736702,-0.0281972724975805,0.337633786461183,0.728239187398508,0.005,"esferico",128.754252037823,592.755020368719,106.071231850511,1726.22347097924,"universal",12.5203853726684,8.5687571932483,-0.041533545122288,0.831783621674293,686,0.946064139941691,"LOO_condicional_covarianza_fija"
2022,47,686,"FINAL_KRIGING","raiz","Mxy_alt",".respuesta ~ x_km + y_km + altitud_m",3.06984852824171,16.9862706111137,21.6061387704856,-1.98639693931058,0.703551932828432,0.70398719765406,0.005,"esferico",0.450234378214755,1.68515841532837,62.3091657777349,0.0246555990588639,"universal",9.29041947523858,6.50342676874118,-0.725471121259907,0.94518935059046,686,0.966472303206997,"LOO_condicional_covarianza_fija"
2023,47,686,"FINAL_KRIGING","original","Mxy_RA",".respuesta ~ x_km + y_km + radiacion_bilineal_mj_m2_dia + altitud_m",8.8942316973866,17.0303786754859,22.5365712895332,-0.00644091840541151,0.79581101041247,0.684516313213573,0.005,"esferico",79.9176451525663,443.54924656051,63.4634949147037,5322.20864446565,"universal",11.3702334021111,7.70347735786669,-0.0173097209425005,0.948024892879838,686,0.954810495626822,"LOO_condicional_covarianza_fija"
2024,47,686,"FINAL_KRIGING","original","Mxy",".respuesta ~ x_km + y_km",1.3544415662,24.0372981505654,33.6167899332912,-0.0272214702897497,0.0942531829892425,0.682823871491314,0.005,"exponencial",231.451711237014,953.862049009416,44.1347689701534,15050.7795925769,"universal",17.3618491830797,10.9809618030324,-0.0725791778098288,0.758405916460914,686,0.946064139941691,"LOO_condicional_covarianza_fija"
2025,47,686,"FINAL_KRIGING","log1p","Mxy",".respuesta ~ x_km + y_km",1.3544415662,17.2337643013057,23.8552649061015,-3.75841979780611,0.692494255478521,0.833588542696388,0.005,"esferico",0,0.0960306197399114,51.8376940421752,0.0014416347631062,"universal",6.81491322320939,4.42573011825506,-0.339576436304388,0.974903947956493,686,0.962099125364432,"LOO_condicional_covarianza_fija"
2011,48,686,"FINAL_KRIGING","raiz","MTR",".respuesta ~ temperatura_bilineal_c + radiacion_bilineal_mj_m2_dia",8.85263902576999,31.579027226493,45.3012236948803,-6.30766790149561,0.636895512765133,0.667877496436785,0.005,"esferico",1.68644742911526,4.28251507423239,63.3058323959521,0.922501403001315,"universal",24.9984123343961,15.3644872785521,-2.61931977457937,0.889430179802568,686,0.9533527696793,"LOO_condicional_covarianza_fija"
2012,48,686,"FINAL_KRIGING","raiz","Mxy_RA",".respuesta ~ x_km + y_km + radiacion_bilineal_mj_m2_dia + altitud_m",7.73909630193811,24.2873190097765,36.1601452714908,-6.92162847792308,0.856515711753402,0.599176261620015,0.005,"esferico",2.09665182676243,4.86261861542409,52.8404912017569,4.45115005552179,"universal",22.8854071220536,13.1245598209072,-3.15195706830753,0.942527339717245,686,0.941690962099125,"LOO_condicional_covarianza_fija"
2013,48,686,"FINAL_KRIGING","raiz","MR",".respuesta ~ radiacion_bilineal_mj_m2_dia",1,21.5261214477718,29.3080093255476,-7.52191134731104,0.581978726263649,0.698882841941646,0.005,"gaussiano",2.18826677937181,5.63681128562352,18.9088546730517,0.42996885213988,"universal",16.9380239180595,10.9103153838985,-2.62694984785011,0.860378845197929,686,0.944606413994169,"LOO_condicional_covarianza_fija"
2014,48,686,"FINAL_KRIGING","raiz","MT",".respuesta ~ temperatura_bilineal_c",1,12.7679205611157,16.9776513637566,-2.80897866642897,0.868114077373985,0.654822818612867,0.005,"esferico",0.508559431997421,2.34308345776211,38.6399987394981,0.624121636024517,"universal",9.19856350499716,6.06841576634203,-1.08769433071875,0.961284645379268,686,0.93731778425656,"LOO_condicional_covarianza_fija"
2015,48,686,"FINAL_KRIGING","raiz","MTRA",".respuesta ~ temperatura_bilineal_c + radiacion_bilineal_mj_m2_dia +      altitud_m",2.65467634997522,13.6133569099976,18.7557085085182,-3.43952024876746,0.842764262970975,0.719443453746686,0.005,"gaussiano",2.21796165950149,9.91997454070436,266.897808876575,3.16898638045657,"universal",16.9825297736019,12.2971758689181,-2.78092642537184,0.871089266073493,686,0.928571428571429,"LOO_condicional_covarianza_fija"
2016,48,686,"FINAL_KRIGING","original","MTR",".respuesta ~ temperatura_bilineal_c + radiacion_bilineal_mj_m2_dia",9.71503372320236,16.3061060786019,20.7159368161943,-0.0217231117706439,0.189851463564978,0.798895402012792,0.005,"esferico",46.9261757293802,437.621869542136,85.0649694454494,1783.89959502518,"universal",8.79561893142628,5.96678942380553,0.0210237195598182,0.853954457253554,686,0.946064139941691,"LOO_condicional_covarianza_fija"
2017,48,686,"FINAL_KRIGING","original","Mxy_alt",".respuesta ~ x_km + y_km + altitud_m",3.06984852824171,18.017984755472,22.8780009051103,-0.0090393002531045,0.0981507812518336,0.596414112720427,0.005,"gaussiano",162.872970154561,361.191430521516,19.4880263025295,1672.26304862724,"universal",14.0936038945931,8.94096353236414,-0.0655200199028493,0.657751218655833,686,0.934402332361516,"LOO_condicional_covarianza_fija"
2018,48,686,"FINAL_KRIGING","raiz","MTRA",".respuesta ~ temperatura_bilineal_c + radiacion_bilineal_mj_m2_dia +      altitud_m",4.89352407277,18.5462771610349,24.5279086118878,-2.08169832714717,0.448195683430323,0.804323744246158,0.005,"esferico",0,2.14868127024392,57.934324970427,0.544917948600859,"universal",10.1755064418816,6.46694187935016,-0.289846478641461,0.905032255872236,686,0.938775510204082,"LOO_condicional_covarianza_fija"
2019,48,686,"FINAL_KRIGING","original","Mxy_alt",".respuesta ~ x_km + y_km + altitud_m",3.06984852824171,11.5784788911272,15.1669118237327,-0.0167967549379096,0.203073189045491,0.701191981371872,0.005,"exponencial",18.2875706430379,214.313031194943,21.9255581623739,2924.67435992674,"universal",7.67736956545832,4.65177062019181,-0.0430584775061542,0.795803164373389,686,0.938775510204082,"LOO_condicional_covarianza_fija"
2020,48,686,"FINAL_KRIGING","raiz","MRA",".respuesta ~ radiacion_bilineal_mj_m2_dia + altitud_m",2.20211726719756,25.2398712776088,32.8345344068151,-7.32157120282255,0.487141420735196,0.78846581828359,0.005,"esferico",0,7.80218859730089,45.8906506594316,9.20405596459559,"universal",12.6798841457918,8.5573761307555,-1.22135123080019,0.923516725870303,686,0.919825072886297,"LOO_condicional_covarianza_fija"
2021,48,686,"FINAL_KRIGING","raiz","Mxy_alt",".respuesta ~ x_km + y_km + altitud_m",3.06984852824171,27.8308527682705,38.7994454513617,-4.66074098545831,0.370556548671801,0.708519129810331,0.005,"gaussiano",1.3952240411595,3.5487432119431,23.6675301667547,1.32696729060967,"universal",17.1006802584393,12.312994236083,-1.50392383283342,0.877726468307856,686,0.970845481049563,"LOO_condicional_covarianza_fija"
2022,48,686,"FINAL_KRIGING","raiz","MTRA",".respuesta ~ temperatura_bilineal_c + radiacion_bilineal_mj_m2_dia +      altitud_m",4.7254328507226,16.0700709734515,21.3295856690583,-4.11312026307792,0.839572350544011,0.635759197388624,0.005,"esferico",0.70826028551252,3.48856752016927,40.3017714197074,0.0369163044080663,"universal",10.9245411267969,7.32915968771734,-1.54632416826963,0.957915633920477,686,0.940233236151603,"LOO_condicional_covarianza_fija"
2023,48,686,"FINAL_KRIGING","raiz","MTRA",".respuesta ~ temperatura_bilineal_c + radiacion_bilineal_mj_m2_dia +      altitud_m",6.65018717890719,15.0255998655588,20.3372074674885,-2.77499687588982,0.689868028148977,0.651661152927003,0.005,"esferico",0.519621987372437,2.65054169093166,80.7359751368934,0.246903079859439,"universal",8.64765753346991,5.84554358321172,-0.946981062217239,0.943926086564742,686,0.934402332361516,"LOO_condicional_covarianza_fija"
2024,48,686,"FINAL_KRIGING","raiz","Mxy_alt",".respuesta ~ x_km + y_km + altitud_m",3.06984852824171,18.3767905806966,28.0542884882217,-8.6007710096864,0.466225659661909,0.710098372695428,0.005,"esferico",1.55586392016471,8.07394911482358,65.9936015845645,12.3520166904187,"universal",14.0561725980867,7.80237760075165,-2.73918000295891,0.866003536054368,686,0.941690962099125,"LOO_condicional_covarianza_fija"
2025,48,686,"FINAL_KRIGING","log1p","Mxy_alt",".respuesta ~ x_km + y_km + altitud_m",3.06984852824171,16.7180465782495,21.893615051705,-2.50056760662113,0.68084344505498,0.83567612090101,0.005,"gaussiano",0.00401659452090478,0.0608913443045851,22.1209852602922,0.000802778606260698,"universal",6.51412262669303,4.59523776608418,-0.245733618289,0.971745952392363,686,0.932944606413994,"LOO_condicional_covarianza_fija"
2011,49,686,"FINAL_KRIGING","raiz","MTRA",".respuesta ~ temperatura_bilineal_c + radiacion_bilineal_mj_m2_dia +      altitud_m",1.94772578766685,44.3353164862674,67.0326301227296,-13.3514641088616,0.561679880274386,0.587370068191714,0.005,"exponencial",1.18723222429825,12.4233643364801,14.6011293564126,5.98013147805296,"universal",45.4095962850377,27.0798299567234,-5.58088218299926,0.798852718312658,686,0.940233236151603,"LOO_condicional_covarianza_fija"
2012,49,686,"FINAL_KRIGING","original","MTRA",".respuesta ~ temperatura_bilineal_c + radiacion_bilineal_mj_m2_dia +      altitud_m",1.92058507266908,28.5126983624785,38.2269006151067,-0.0473085025180387,0.523115651092324,0.726889812814371,0.005,"esferico",267.643752344347,1264.47792936927,65.078711687183,61735.0236012569,"universal",19.5628916184445,12.3873603353557,-0.00527408359642376,0.875106167611236,686,0.946064139941691,"LOO_condicional_covarianza_fija"
2013,49,686,"FINAL_KRIGING","original","Mxy_RA",".respuesta ~ x_km + y_km + radiacion_bilineal_mj_m2_dia + altitud_m",4.20051588272451,32.9163525488351,43.0137647993963,-0.030219338154623,0.835749699487063,0.782915632180503,0.005,"esferico",123.589703135741,1920.12084672688,63.4216398032764,347021.035169627,"universal",17.2281237638713,11.1248154670528,-0.0603499701682546,0.973650812571198,686,0.946064139941691,"LOO_condicional_covarianza_fija"
2014,49,686,"FINAL_KRIGING","log1p","MT",".respuesta ~ temperatura_bilineal_c",1,20.3427610862445,27.3198237147373,-7.53892508539767,0.655769336621774,0.724096471560625,0.005,"esferico",0.0842430382076914,0.293922508734772,64.5253248342168,0.000741302666751321,"universal",10.215557046482,7.20227980028852,-1.42127307471757,0.951869776856377,686,0.967930029154519,"LOO_condicional_covarianza_fija"
2015,49,686,"FINAL_KRIGING","original","Mxy",".respuesta ~ x_km + y_km",1.3544415662,11.7567777057679,14.9822639012267,-0.0117475505055525,0.754446477360807,0.773540522658972,0.005,"esferico",17.7399066252789,229.376991697033,79.6932846698592,385.211819952732,"universal",6.04955004571495,4.3170544564823,-0.0285776067825721,0.959965221382478,686,0.943148688046647,"LOO_condicional_covarianza_fija"
2016,49,686,"FINAL_KRIGING","original","Mxy_R",".respuesta ~ x_km + y_km + radiacion_bilineal_mj_m2_dia",1.6031905920847,20.8557643225303,25.8652404214663,5.20375115942799e-05,0.265119433405481,0.869364567593512,0.005,"exponencial",0,1035.60784248397,65.4796741138896,1777.20137646987,"universal",8.02560082667094,5.54019857879772,-0.0129850341065227,0.929247981551053,686,0.954810495626822,"LOO_condicional_covarianza_fija"
2017,49,686,"FINAL_KRIGING","raiz","MT",".respuesta ~ temperatura_bilineal_c",1,15.2057081759217,20.3983662784323,-3.452846561149,0.423161759802694,0.657579178234353,0.005,"exponencial",0.605836929285877,3.10793558489515,26.5545135610419,0.0273300639255871,"universal",10.1596848915271,6.62539427783408,-1.3243951769254,0.856905234220465,686,0.944606413994169,"LOO_condicional_covarianza_fija"
2018,49,686,"FINAL_KRIGING","original","Mxy_RA",".respuesta ~ x_km + y_km + radiacion_bilineal_mj_m2_dia + altitud_m",8.17365141460727,12.6422889861562,16.035510637059,-0.0148298714105962,0.15601119841305,0.544090584312044,0.005,"exponencial",0,248.439629674272,9.90643992007229,231.309007138051,"universal",10.2207675778218,6.23437301944391,-0.0142039812084264,0.657123184047968,686,0.944606413994169,"LOO_condicional_covarianza_fija"
2019,49,686,"FINAL_KRIGING","original","Mxy_RA",".respuesta ~ x_km + y_km + radiacion_bilineal_mj_m2_dia + altitud_m",4.32251402559526,14.981093182154,18.7120873912603,-0.0181052440870315,0.76357720183742,0.76503485321378,0.005,"esferico",0,365.042641446949,51.0988593324385,11887.9460510429,"universal",8.51052522495568,5.86878478655853,-0.0772844534109792,0.951094511028509,686,0.908163265306122,"LOO_condicional_covarianza_fija"
2020,49,686,"FINAL_KRIGING","original","Mxy_RA",".respuesta ~ x_km + y_km + radiacion_bilineal_mj_m2_dia + altitud_m",8.1622465605458,17.3618156183387,22.0149125164979,-0.0236837376827545,0.873170831916787,0.671791244175114,0.005,"esferico",105.654773911398,402.117679632584,47.2849886169372,5020.10016162303,"universal",12.2297765646821,8.39115135173341,-0.0393744094542225,0.960859870243464,686,0.956268221574344,"LOO_condicional_covarianza_fija"
2021,49,686,"FINAL_KRIGING","original","MT",".respuesta ~ temperatura_bilineal_c",1,18.3863454341693,24.0584279777915,-0.00168343792809909,0.687050651895079,0.7642891587018,0.005,"esferico",70.9025310721434,583.017552026375,92.5308150013901,11811.6269231783,"universal",10.6983746614122,7.53391762301686,-0.00124383591475501,0.938116457813642,686,0.943148688046647,"LOO_condicional_covarianza_fija"
2022,49,686,"FINAL_KRIGING","raiz","MTRA",".respuesta ~ temperatura_bilineal_c + radiacion_bilineal_mj_m2_dia +      altitud_m",2.38531972872498,19.3965288434217,24.5107322750346,-5.02865101305316,0.655898051226481,0.645450204853176,0.005,"exponencial",0,5.3061379133265,14.0859741598377,0.420048624543776,"universal",11.8943665506333,8.24323588859037,-1.63255829817227,0.91896788102158,686,0.921282798833819,"LOO_condicional_covarianza_fija"
2023,49,686,"FINAL_KRIGING","log1p","Mxy_R",".respuesta ~ x_km + y_km + radiacion_bilineal_mj_m2_dia",2.64604900706224,8.27156404989924,12.2039511758884,-1.48581706167995,0.927539726603744,0.617876595145337,0.005,"exponencial",0.114500374108497,0.316215870661332,26.2610766497993,0.00476879716233872,"universal",7.37632111146284,3.96209824629138,-0.711525246482383,0.973528492495766,686,0.93731778425656,"LOO_condicional_covarianza_fija"
2024,49,686,"FINAL_KRIGING","original","Mxy_RA",".respuesta ~ x_km + y_km + radiacion_bilineal_mj_m2_dia + altitud_m",3.40336809981962,10.2299721181924,14.0402432036033,-0.00680113841511596,0.303412904077118,0.73095719579545,0.005,"exponencial",34.6189751838551,254.536266612659,78.7870992894806,372.362197750086,"universal",7.07655708503775,3.77990105816707,-0.0150744124502801,0.82304200356822,686,0.931486880466472,"LOO_condicional_covarianza_fija"
2025,49,686,"FINAL_KRIGING","log1p","MTR",".respuesta ~ temperatura_bilineal_c + radiacion_bilineal_mj_m2_dia",1.8822111450754,12.9919592063161,21.2989351319553,-4.52171924570042,0.705595496998053,0.698603041996824,0.005,"gaussiano",0.091252753911997,0.175564360879795,18.3285569668514,0.00512511491652283,"universal",12.2585217393553,6.12638201364971,-1.00793722173066,0.902477490151582,686,0.96064139941691,"LOO_condicional_covarianza_fija"
2011,50,686,"FINAL_KRIGING","original","MTRA",".respuesta ~ temperatura_bilineal_c + radiacion_bilineal_mj_m2_dia +      altitud_m",6.06113334241951,78.3623092540944,100.626855361077,-0.088585305397387,0.283512409202514,0.757877513598183,0.005,"exponencial",1643.33800240498,15664.0788041554,95.6812619551246,915579.186749402,"universal",49.1106970444583,32.363993148881,-0.0154574427653533,0.829339478819709,686,0.946064139941691,"LOO_condicional_covarianza_fija"
2012,50,686,"FINAL_KRIGING","original","Mxy_R",".respuesta ~ x_km + y_km + radiacion_bilineal_mj_m2_dia",9.91386148895026,25.4050067949244,37.4270209708569,-0.0136900654572148,0.629349462772957,0.632847756921933,0.005,"esferico",381.512860802483,1081.455173226,65.1662799846126,48511.8136779698,"universal",23.0400443707396,12.4716820386064,-0.0644058876102627,0.859537389630886,686,0.951895043731778,"LOO_condicional_covarianza_fija"
2013,50,686,"FINAL_KRIGING","original","Mxy_R",".respuesta ~ x_km + y_km + radiacion_bilineal_mj_m2_dia",9.16116607387753,13.0943955970226,17.541177720824,-0.00493708476162893,0.361359859374206,0.827969491876221,0.005,"esferico",0,311.77598679412,66.0912713282791,4356.47393500681,"universal",6.1558592244894,3.65934301952097,-0.0534081021502076,0.921346858473131,686,0.931486880466472,"LOO_condicional_covarianza_fija"
2014,50,686,"FINAL_KRIGING","original","MTRA",".respuesta ~ temperatura_bilineal_c + radiacion_bilineal_mj_m2_dia +      altitud_m",2.66680057172835,19.6712836824441,25.9784681734753,-0.0046719666457062,0.266280864559588,0.837450010918461,0.005,"esferico",0,714.6746946293,64.6526063897684,6179.82731932847,"universal",8.81712893646127,6.50058283760509,-0.033779776421923,0.915480454959583,686,0.935860058309038,"LOO_condicional_covarianza_fija"
2015,50,686,"FINAL_KRIGING","original","MTRA",".respuesta ~ temperatura_bilineal_c + radiacion_bilineal_mj_m2_dia +      altitud_m",7.08306100012718,10.7400749489243,14.1245173462925,-0.00345060750969701,0.828051404221715,0.826400807012676,0.005,"esferico",4.26851730222407,236.035600708536,83.2172509937176,1062.18380942155,"universal",4.50004605895483,3.20314132222945,-0.0324885568496204,0.982546387942342,686,0.959183673469388,"LOO_condicional_covarianza_fija"
2016,50,686,"FINAL_KRIGING","log1p","MTRA",".respuesta ~ temperatura_bilineal_c + radiacion_bilineal_mj_m2_dia +      altitud_m",1.98713713489178,12.8538760961192,18.1578774122005,-5.06120299179032,0.677744210660734,0.673909463717897,0.005,"gaussiano",0.299754876990977,0.633275639002801,18.7544655431748,0.00464297929660705,"universal",8.89259059526517,5.82899319608892,-1.73112115966839,0.92270931338103,686,0.938775510204082,"LOO_condicional_covarianza_fija"
2017,50,686,"FINAL_KRIGING","original","MTRA",".respuesta ~ temperatura_bilineal_c + radiacion_bilineal_mj_m2_dia +      altitud_m",1.86057751734621,13.5553008849957,19.0044864828483,0.0116728229691842,0.202013563835332,0.720018379590843,0.005,"gaussiano",104.669992435298,263.333762726213,31.2145359075655,3157.06106224565,"universal",9.91845856151973,6.48641403253277,-0.0131795936455658,0.782644017748946,686,0.957725947521866,"LOO_condicional_covarianza_fija"
2018,50,686,"FINAL_KRIGING","log1p","MTR",".respuesta ~ temperatura_bilineal_c + radiacion_bilineal_mj_m2_dia",6.19128482524081,12.3949259566751,18.1143702986035,-1.67225729349332,0.809347132200366,0.663622212480719,0.005,"esferico",0.143265109259782,0.479584632866694,42.5224282983896,0.00395924300995954,"universal",8.48461500126671,5.43051991097662,-1.16079987415022,0.958172573915022,686,0.934402332361516,"LOO_condicional_covarianza_fija"
2019,50,686,"FINAL_KRIGING","original","MTRA",".respuesta ~ temperatura_bilineal_c + radiacion_bilineal_mj_m2_dia +      altitud_m",7.59811912644405,15.8178836242475,20.0282650258894,-0.0222905903095378,0.377538049427978,0.745851577679533,0.005,"esferico",23.5877640570586,410.278166031064,62.4571142057877,9442.15328524424,"universal",9.74591910013091,6.37079893917431,-0.0241973308120936,0.852608732313298,686,0.91399416909621,"LOO_condicional_covarianza_fija"
2020,50,686,"FINAL_KRIGING","raiz","Mxy",".respuesta ~ x_km + y_km",1.3544415662,17.290093398996,24.6758042882282,-4.65395818066418,0.541758405138056,0.755214400563023,0.005,"esferico",1.20472786092963,4.19437053209491,88.7988367922661,0.487980957784564,"universal",8.41276231802915,6.1102688529839,-1.57235758537119,0.946736572231851,686,0.943148688046647,"LOO_condicional_covarianza_fija"
2021,50,686,"FINAL_KRIGING","original","Mxy_RA",".respuesta ~ x_km + y_km + radiacion_bilineal_mj_m2_dia + altitud_m",6.07332059524634,9.22901757754519,12.1016349063358,-0.00151356633079569,0.809167697957224,0.682393148161962,0.005,"exponencial",18.5542101264655,136.298741504914,23.9413322488958,310.615539667823,"universal",6.20133851313757,4.29175410295299,0.00643763238959101,0.949888814876434,686,0.947521865889213,"LOO_condicional_covarianza_fija"
2022,50,686,"FINAL_KRIGING","original","Mxy_RA",".respuesta ~ x_km + y_km + radiacion_bilineal_mj_m2_dia + altitud_m",9.143647900437,12.3661009517726,16.0159591213662,-0.0194910035034226,0.583300776926541,0.697627060087988,0.005,"esferico",46.5994987839139,221.294808502573,65.5962996557951,6265.66118053966,"universal",8.40217433576618,5.0036534089294,-0.0174641513281602,0.8853167044828,686,0.9533527696793,"LOO_condicional_covarianza_fija"
2023,50,686,"FINAL_KRIGING","raiz","Mxy_alt",".respuesta ~ x_km + y_km + altitud_m",3.06984852824171,19.3080134957821,25.5721284974713,-3.26679708688077,0.526553749360224,0.884126562810268,0.005,"gaussiano",0.183471762867951,3.57102685489447,30.922598490047,3.89918065263625,"universal",7.96649949569123,4.69742035096823,-0.336383833164663,0.954051430896855,686,0.892128279883382,"LOO_condicional_covarianza_fija"
2024,50,686,"FINAL_KRIGING","raiz","Mxy",".respuesta ~ x_km + y_km",1.3544415662,13.0126761009579,17.9853062173665,-1.76695822225256,0.462982345693951,0.873298796589502,0.005,"esferico",0,1.95879982856461,73.4041691067607,0.213703612193549,"universal",5.1972452643245,3.36299052960466,-0.195637156899352,0.955156519305871,686,0.947521865889213,"LOO_condicional_covarianza_fija"
2025,50,686,"FINAL_KRIGING","original","Mxy",".respuesta ~ x_km + y_km",1.3544415662,6.85843861708417,9.88586340444639,-0.0102203153960834,0.422619921900298,0.52434359005016,0.005,"exponencial",31.8638943514493,92.3855505495271,85.3297723626589,77.7634782749372,"universal",7.13406066900841,3.48415280137054,-0.0173119155906324,0.699318865132935,686,0.950437317784257,"LOO_condicional_covarianza_fija"
2011,51,686,"FINAL_KRIGING","original","Mxy_RA",".respuesta ~ x_km + y_km + radiacion_bilineal_mj_m2_dia + altitud_m",6.75847854883252,47.2134914926753,60.2080397749618,-0.020004625161761,0.0668131051501587,0.666216766465614,0.005,"esferico",806.165659939114,3079.79238888996,66.4967510889525,542855.594876008,"universal",34.0710125289862,20.9610636426335,-0.00864260235041754,0.701166187308293,686,0.948979591836735,"LOO_condicional_covarianza_fija"
2012,51,686,"FINAL_KRIGING","raiz","MT",".respuesta ~ temperatura_bilineal_c",1,39.6527625808016,57.4451796852067,-11.3794133002962,0.516201697018269,0.738929840659578,0.005,"esferico",0.781381823608894,11.2737668011968,56.1655151498448,24.2428970026604,"universal",22.9497909352348,13.1833330783915,-2.8343099552262,0.922782697948502,686,0.93002915451895,"LOO_condicional_covarianza_fija"
2013,51,686,"FINAL_KRIGING","original","Mxy_RA",".respuesta ~ x_km + y_km + radiacion_bilineal_mj_m2_dia + altitud_m",4.30106306033244,18.7145100437924,24.3808970749052,-0.0184210021733691,0.231760032694578,0.775111666159062,0.005,"exponencial",20.3165832150612,613.484793485793,30.2046088235187,13113.0911573801,"universal",10.1137117406721,6.00843412608843,0.0172186069352645,0.867803889397335,686,0.940233236151603,"LOO_condicional_covarianza_fija"
2014,51,686,"FINAL_KRIGING","original","Mxy_alt",".respuesta ~ x_km + y_km + altitud_m",3.06984852824171,8.05079735717224,11.3389075860224,-0.00736812655916546,0.477315017951496,0.736551353992628,0.005,"gaussiano",32.8901080418884,93.084170725122,20.4592754728093,300.011780064285,"universal",5.73446143623189,3.89895456414595,-0.0136940002745414,0.866314943636041,686,0.941690962099125,"LOO_condicional_covarianza_fija"
2015,51,686,"FINAL_KRIGING","original","Mxy",".respuesta ~ x_km + y_km",1.3544415662,23.2885865306038,28.8013723783962,-0.0263510855505652,0.415668416566454,0.924882871503181,0.005,"gaussiano",53.5328751040232,1085.55675553161,55.8733014038498,39660.1778110554,"universal",7.40846501729207,5.15245303132414,-0.00183468154727505,0.96133754164539,686,0.947521865889213,"LOO_condicional_covarianza_fija"
2016,51,686,"FINAL_KRIGING","original","MTRA",".respuesta ~ temperatura_bilineal_c + radiacion_bilineal_mj_m2_dia +      altitud_m",1.92913394959451,9.98779806200002,13.0362044212921,-0.0067479917223977,0.657916653222604,0.699536652193114,0.005,"exponencial",1.44672315213672,183.315577154735,21.1975345361343,537.976070302235,"universal",6.45304339620144,4.43190124703717,-0.0510252586829598,0.916177853140219,686,0.935860058309038,"LOO_condicional_covarianza_fija"
2017,51,686,"FINAL_KRIGING","original","MTA",".respuesta ~ temperatura_bilineal_c + altitud_m",1.86944985497595,0.847733355689546,2.86865416656868,-0.000337169798665674,0.00650934263606462,0.187068531862128,0.005,"esferico",6.10984093702309,2.1050366421732,38.3014616702109,1.04794314650553,"universal",2.74715359354691,0.846875325813837,-0.00213348796074568,0.08888482240677,686,0.978134110787172,"LOO_condicional_covarianza_fija"
2018,51,686,"FINAL_KRIGING","original","MTRA",".respuesta ~ temperatura_bilineal_c + radiacion_bilineal_mj_m2_dia +      altitud_m",9.43811084978551,7.30789496789717,9.47517409116986,-0.00421772526238304,0.660370329619551,0.741868304777366,0.005,"exponencial",33.3502325241683,208.239305784437,266.897808876575,547.222780340255,"universal",5.18346299320015,3.80605791721091,-0.00210936000835697,0.898358461105539,686,0.972303206997085,"LOO_condicional_covarianza_fija"
2019,51,686,"FINAL_KRIGING","raiz","Mxy_alt",".respuesta ~ x_km + y_km + altitud_m",3.06984852824171,11.80382732803,15.0188823572541,-2.1958675043997,0.748036182960194,0.803467605660166,0.005,"esferico",0.055867566311346,2.37473764270409,58.1720990804878,0.0651534331218892,"universal",6.08841880064472,4.1702117599715,-0.368110268243397,0.958593169869354,686,0.940233236151603,"LOO_condicional_covarianza_fija"
2020,51,686,"FINAL_KRIGING","original","MTRA",".respuesta ~ temperatura_bilineal_c + radiacion_bilineal_mj_m2_dia +      altitud_m",2.3844273043536,13.8062019624797,17.7940138579845,-0.00727384512217625,0.624779466768643,0.881179606088459,0.005,"gaussiano",16.6118779707667,299.986509435442,27.7773274597701,6251.64384615015,"universal",4.82496072968803,3.55056745997118,-0.0224165839374293,0.972411612756069,686,0.928571428571429,"LOO_condicional_covarianza_fija"
2021,51,686,"FINAL_KRIGING","original","Mxy",".respuesta ~ x_km + y_km",1.3544415662,7.99831845278654,11.0829563381795,-0.0117208693387009,0.387423473495828,0.799205345301028,0.005,"gaussiano",22.6110340029791,146.491796370408,68.5524769354569,328.79359988319,"universal",5.59996818727458,3.11219220113661,-0.00708990397972997,0.843605950126854,686,0.909620991253644,"LOO_condicional_covarianza_fija"
2022,51,686,"FINAL_KRIGING","original","Mxy_R",".respuesta ~ x_km + y_km + radiacion_bilineal_mj_m2_dia",6.7055345049836,11.770382454107,17.550259928964,-0.013250410845457,0.404901486205548,0.789428499140669,0.005,"esferico",7.6549748905546,290.624323040748,54.893343976693,1483.04992010185,"universal",7.72308622633478,4.15981394304815,0.0301890853015126,0.884759926397477,686,0.925655976676385,"LOO_condicional_covarianza_fija"
2023,51,686,"REVISAR_COVARIANZA","log1p","Mxy",".respuesta ~ x_km + y_km",1.3544415662,20.6248918277473,30.8006147500341,-5.98056804706473,0.575781610314243,0.935404116211461,0.005,"gaussiano",0,0.175935092146593,33.18419419858,0.00695970799443893,NA,NA,NA,NA,NA,NA,NA,NA
2024,51,686,"FINAL_KRIGING","raiz","MTRA",".respuesta ~ temperatura_bilineal_c + radiacion_bilineal_mj_m2_dia +      altitud_m",1.94925497604079,19.2763734182613,29.243641700287,-2.19807775989066,0.691523452316865,0.81185394787617,0.005,"exponencial",0,2.34004892781426,31.4106767393031,0.0936008213909207,"universal",9.8784204768462,6.59414684524789,-0.343258803425807,0.964800681139992,686,0.963556851311953,"LOO_condicional_covarianza_fija"
2025,51,686,"FINAL_KRIGING","original","Mxy_alt",".respuesta ~ x_km + y_km + altitud_m",3.06984852824171,15.383913354004,20.1633492500797,-0.00795045393449395,0.167965607235603,0.758172274215903,0.005,"esferico",56.9591988862997,432.926331909846,103.786342824988,2449.10612044994,"universal",9.96277607128176,5.77546253084031,-0.00447325186813463,0.796868782611797,686,0.935860058309038,"LOO_condicional_covarianza_fija"
2011,52,686,"FINAL_KRIGING","original","Mxy",".respuesta ~ x_km + y_km",1.3544415662,18.4517885155608,24.8859996275428,-0.00653932317790525,-0.00180693050700231,0.517046250073407,0.005,"esferico",344.521983219878,357.811982390156,111.807136733524,9992.88645820932,"universal",19.1099757822813,11.1729025648773,0.00969899849193806,0.409263066030778,686,0.962099125364432,"LOO_condicional_covarianza_fija"
2012,52,686,"FINAL_KRIGING","original","Mxy_alt",".respuesta ~ x_km + y_km + altitud_m",3.06984852824171,19.0587120169636,25.6226188404819,-0.0221200322119662,0.336593543679168,0.69956472744353,0.005,"gaussiano",247.144856925837,670.14921101541,75.9555944732999,5286.46726774017,"universal",17.7881868376325,10.424615781433,-0.00261650441148841,0.68026069519282,686,0.916909620991254,"LOO_condicional_covarianza_fija"
2013,52,686,"FINAL_KRIGING","original","Mxy_alt",".respuesta ~ x_km + y_km + altitud_m",3.06984852824171,22.6695538375456,29.3452655140827,-0.00538106047165569,0.0662279547198764,0.655355010656449,0.005,"exponencial",207.919139509421,731.161798112314,28.4670592200914,12731.9934208128,"universal",16.6722034474197,10.1982937278774,0.0164916347351436,0.698594769977993,686,0.950437317784257,"LOO_condicional_covarianza_fija"
2014,52,686,"FINAL_KRIGING","original","Mxy_alt",".respuesta ~ x_km + y_km + altitud_m",3.06984852824171,4.73686170256345,6.04865329123887,-0.00678613933404472,0.324004664604296,0.814745471734015,0.005,"exponencial",1.69408507931242,53.4259921726757,68.7109782766224,9.6640541502797,"universal",2.34866281867707,1.19287433295771,-0.00972171507935906,0.898078064714647,686,0.932944606413994,"LOO_condicional_covarianza_fija"
2015,52,686,"FINAL_KRIGING","original","Mxy_RA",".respuesta ~ x_km + y_km + radiacion_bilineal_mj_m2_dia + altitud_m",7.44187023867111,11.7489116170611,15.5799219254777,-0.00942106039900259,0.635244396869322,0.856481076409862,0.005,"gaussiano",18.6970701009091,243.802370536226,30.4179578553961,5712.46446083148,"universal",5.25138680392557,3.45647949110453,-0.00281709631060491,0.958560029748051,686,0.919825072886297,"LOO_condicional_covarianza_fija"
2016,52,686,"FINAL_KRIGING","original","Mxy_RA",".respuesta ~ x_km + y_km + radiacion_bilineal_mj_m2_dia + altitud_m",3.07013306091405,11.584909858471,14.8629311472645,-0.0127795797419752,0.5762250574377,0.689453030222527,0.005,"esferico",54.7074791039861,184.948861684932,76.1439285011078,652.200422769471,"universal",8.16058083239783,5.66672273129178,0.0210445869242173,0.872247771787701,686,0.9533527696793,"LOO_condicional_covarianza_fija"
2017,52,686,"FINAL_KRIGING","original","Mxy_R",".respuesta ~ x_km + y_km + radiacion_bilineal_mj_m2_dia",4.18047147716793,10.087613330849,13.4596411161306,0.00234411282598355,0.513043026561514,0.678842937627815,0.005,"esferico",30.3743916075412,163.894503651367,57.9824805474916,597.993034709617,"universal",7.71562141352144,4.52255698223818,-0.00567866381831657,0.839983248816905,686,0.928571428571429,"LOO_condicional_covarianza_fija"
2018,52,686,"FINAL_KRIGING","original","Mxy_RA",".respuesta ~ x_km + y_km + radiacion_bilineal_mj_m2_dia + altitud_m",5.51432761689773,7.31315078889529,9.33681957875047,0.00507076795649745,0.163023827823574,0.631447616395141,0.005,"esferico",16.5977772964591,73.5787347940032,34.6696245021413,252.559122344449,"universal",5.64161482045754,4.14801627297179,0.00919847965212501,0.694422042446632,686,0.934402332361516,"LOO_condicional_covarianza_fija"
2019,52,686,"FINAL_KRIGING","raiz","Mxy",".respuesta ~ x_km + y_km",1.3544415662,9.09098176370511,12.0119226912866,-1.22276681522068,0.713705093602542,0.759060244818803,0.005,"esferico",0.0830445475561626,1.30045612071829,67.5467312403659,0.0818081351290129,"universal",6.20258857058331,4.21095114487304,-0.249437345991405,0.923663101035135,686,0.950437317784257,"LOO_condicional_covarianza_fija"
2020,52,686,"FINAL_KRIGING","raiz","MTR",".respuesta ~ temperatura_bilineal_c + radiacion_bilineal_mj_m2_dia",1.16317607250719,21.2039176180828,25.8590436234381,-2.32239052696613,0.563453613932943,0.815236447047234,0.005,"esferico",0.188896354889319,2.32135461326335,61.4741152786126,0.0284935275615911,"universal",9.43085192362318,6.97088392972426,-0.453049282745671,0.941935949102955,686,0.981049562682216,"LOO_condicional_covarianza_fija"
2021,52,686,"FINAL_KRIGING","original","Mxy_R",".respuesta ~ x_km + y_km + radiacion_bilineal_mj_m2_dia",7.85787131471145,11.4775146046045,15.2062952993847,0.000223076358591447,0.326573281337889,0.678055266252501,0.005,"exponencial",99.5339354533668,299.233522414789,158.089699251602,4907.07040383018,"universal",9.034228577666,6.01000680272708,0.00694556278082195,0.762301931677376,686,0.962099125364432,"LOO_condicional_covarianza_fija"
2022,52,686,"FINAL_KRIGING","original","MTRA",".respuesta ~ temperatura_bilineal_c + radiacion_bilineal_mj_m2_dia +      altitud_m",6.38622216811242,9.41549105362376,12.4073011823399,0.00254351901186881,0.146867337771442,0.848769874198473,0.005,"esferico",0.850794864269029,163.676121757151,64.7347504067836,1961.15130537946,"universal",3.77253727095853,2.62814458055281,-0.0234066102833178,0.921126884093972,686,0.954810495626822,"LOO_condicional_covarianza_fija"
2023,52,686,"FINAL_KRIGING","log1p","MTR",".respuesta ~ temperatura_bilineal_c + radiacion_bilineal_mj_m2_dia",1.79827270932531,13.3363061594754,21.1296812748841,-3.2273768586867,0.700301350756234,0.792907570168352,0.005,"esferico",0,0.128535852364585,44.4867365364002,0.000283023292788452,"universal",5.29540814862697,3.78029514038205,-0.362723115951009,0.98117661295965,686,0.947521865889213,"LOO_condicional_covarianza_fija"
2024,52,686,"FINAL_KRIGING","original","MTRA",".respuesta ~ temperatura_bilineal_c + radiacion_bilineal_mj_m2_dia +      altitud_m",5.35537674819407,27.6138012919963,34.3447123219893,-0.0378524785379727,0.107999682150952,0.805434095829088,0.005,"exponencial",60.5551970559212,1264.02841555074,40.2534255352452,48118.1938872879,"universal",13.8977492520667,9.41977608428975,-0.110296915379777,0.853939027947484,686,0.947521865889213,"LOO_condicional_covarianza_fija"
2025,52,686,"FINAL_KRIGING","original","Mxy_alt",".respuesta ~ x_km + y_km + altitud_m",3.06984852824171,20.3596085516989,26.7149520805992,0.011942306384085,0.319248953120942,0.658504892386009,0.005,"esferico",218.021335835021,602.475212111699,107.037889699772,3106.63578733401,"universal",16.1422363394839,9.46793968735236,0.00819331512831887,0.751453917707859,686,0.925655976676385,"LOO_condicional_covarianza_fija"
