"familia","metodo","nugget","psill","range_km","SSE"
"exponencial","MCO",376.876934831368,2300.62912731765,74.7952306310554,99023.8661414027
"exponencial","MCP",391.498699826861,2337.04855789898,78.4164900912148,1755733297.08273
"esferico","MCO",487.922154364552,1724.62770152637,124.269256994019,99037.9246426488
"esferico","MCP",535.964395358347,1697.10420018826,129.559413172865,1637468716.23918
"gaussiano","MCO",726.489330962215,1506.41063076915,61.9772262894686,135177.021856011
"gaussiano","MCP",823.035115425446,1442.87173226404,66.6341301588421,1893419836.26927
"exponencial","MCO",0,4.53410067614215,29.0610176481588,0.366084456255452
"exponencial","MCP",0,4.4715268334817,27.3132184653288,5339.14319141729
"esferico","MCO",0.13064442286403,4.13752602516343,60.907555190053,0.580460362122894
"esferico","MCP",0.287182950332959,3.94271806154991,61.619949856766,9353.7982659615
"gaussiano","MCO",0.737877810307472,3.53527271127142,29.8208354387232,0.551855809182872
"gaussiano","MCP",0.951073110959684,3.29468656362227,31.0290072191133,8493.06831556891
"exponencial","MCO",0,4.3139414423046,28.7285259220489,1.0232681306689
"exponencial","MCP",0,4.34631841300451,27.8856331119383,15550.0116214693
"esferico","MCO",0.129511310718935,4.02422476738883,68.3493614869032,0.442590241586656
"esferico","MCP",0.180088247539174,4.00936874971197,69.8812582374548,7006.35302471272
"gaussiano","MCO",0.698935016811704,3.4566550617373,33.1930404078506,0.478620781874663
"gaussiano","MCP",0.805113021530104,3.39126369393297,34.4207323434078,7492.54513015748
"exponencial","MCO",0,200.065926789418,35.1358809593617,655.658246702872
"exponencial","MCP",0,199.468136995734,33.8203729966877,7791812.75898172
"esferico","MCO",4.50448344594756,182.591975568663,76.0709083131269,336.458665870939
"esferico","MCP",16.1661198496067,171.657728892296,80.3154166351988,4945266.36425177
"gaussiano","MCO",28.1960923505423,158.421976962051,36.1069054187935,446.942709321992
"gaussiano","MCP",40.681452741939,147.031494298733,38.850062195396,5775428.94478812
"exponencial","MCO",0.0755965466458148,21.1717319321177,70.7113446613155,7.55884246977187
"exponencial","MCP",0,21.8388827742404,74.0374535727261,132047.835865368
"esferico","MCO",1.03398767005801,16.1990335080998,119.682561082714,3.47163446360535
"esferico","MCP",0.928856879909387,16.3769148032017,120.637235592056,62130.253881685
"gaussiano","MCO",3.35155631788047,14.1643660150933,60.6771141832866,5.39895129695375
"gaussiano","MCP",3.88701277053651,13.8759796742349,63.680274484164,73185.2893127121
"exponencial","MCO",0.108462577360776,1.98695341660713,47.7963769322427,0.0124968860165641
"exponencial","MCP",0.114393834827643,1.99544763174751,48.7568249985006,195.263987680442
"esferico","MCO",0.32231436573331,1.59294144357149,107.528856135062,0.0218032174081123
"esferico","MCP",0.401339808928251,1.52028496595397,111.680426474055,208.173516506917
"gaussiano","MCO",0.517434047731696,1.38666226199177,50.5688160485748,0.0528684458483281
"gaussiano","MCP",0.62959485467076,1.29216165833521,54.6319385495922,468.697811075746
"exponencial","MCO",0,1164.79367362386,28.77601253572,107208.192825
"exponencial","MCP",0,1182.68173202001,29.0230695929594,1695210242.63576
"esferico","MCO",114.78948987326,1015.73871111599,75.1225967828927,69892.5921367074
"esferico","MCP",123.429893073765,1020.21790575442,76.9009026565179,1076890774.23394
"gaussiano","MCO",254.062346458688,876.062920621762,36.2500705839716,74199.283714119
"gaussiano","MCP",281.093736983453,864.09556322563,37.7955317429996,1140358707.60647
"exponencial","MCO",0,1264.81312516588,57.3797698202179,12436.0447270568
"exponencial","MCP",0,1272.92819926471,57.6388914474542,221065863.032543
"esferico","MCO",47.4824485284627,1037.0456238617,106.357643632487,1584.49411163697
"esferico","MCP",58.3258590476975,1027.06983973819,107.280639794293,23421555.0641627
"gaussiano","MCO",186.624732995218,901.454489031586,51.9352130731904,9279.17456414106
"gaussiano","MCP",228.857533366551,867.015153027859,54.316456161808,83441532.7987241
"exponencial","MCO",0,1.28254808865173,21.2378895773407,0.336162143129038
"exponencial","MCP",0,1.25860292420286,18.4638264631731,5636.59937680871
"esferico","MCO",0.0175719436986693,1.23364409669113,50.4256807578947,0.282404398579982
"esferico","MCP",0,1.23993142456539,49.2099380293754,4706.36527801028
"gaussiano","MCO",0.212317749224798,1.03958946439133,24.8381394768335,0.286633958722056
"gaussiano","MCP",0.183025153516184,1.05748831651917,24.0200720818195,4790.22274478082
"exponencial","MCO",0,2.71162049971355,12.8563042595343,0.154124831030119
"exponencial","MCP",0,2.70077160365744,11.9329030561614,2356.37120876828
"esferico","MCO",0.427026166067277,2.26142342906026,36.2859743397127,0.0898534819046183
"esferico","MCP",0.424269344113925,2.26040212289327,36.167461823394,1430.37604104649
"gaussiano","MCO",0.829174654552321,1.8611818068912,18.1708960762167,0.0928623309543863
"gaussiano","MCP",0.792148608701312,1.89389287864431,17.8966084530329,1483.97893828212
"exponencial","MCO",0,0.710641923381541,17.1804380423446,0.0692194064025572
"exponencial","MCP",0,0.723455072279041,16.8511983631844,1159.17560711231
"esferico","MCO",0.111342923003098,0.596324419279809,52.1484051838662,0.0562887124693593
"esferico","MCP",0.115020142848746,0.605264525303278,53.6779139365469,937.03776837021
"gaussiano","MCO",0.19928736597315,0.507786348292217,25.1715165015863,0.0575230214751229
"gaussiano","MCP",0.205392276713293,0.514827710521994,26.029002847108,961.677808828979
"exponencial","MCO",0,2.03029333777053,18.8101109411016,0.482928205203814
"exponencial","MCP",0,1.99129467457896,16.36651078571,7618.14052538744
"esferico","MCO",0,1.98110692391014,43.1730209001838,0.385926319922181
"esferico","MCP",0,1.96025388014802,42.4447471294793,6084.10493752906
"gaussiano","MCO",0.339340020906593,1.64534089399193,21.6516413803169,0.391687591237703
"gaussiano","MCP",0.273209542144437,1.68956296046571,20.7753445516327,6216.20995003449
"exponencial","MCO",0,4.84043837832136,40.030058323947,0.242243094948834
"exponencial","MCP",-1.11022302462516e-16,4.7971783386759,38.3015934021821,3602.99557680945
"esferico","MCO",0.135080750619895,4.28168760373644,81.4144536855569,0.260758816860788
"esferico","MCP",0.237234697501556,4.1581319883748,81.9365149322981,4931.44077344517
"gaussiano","MCO",0.690035372797816,3.72285889034306,38.9482416292756,0.220121249132708
"gaussiano","MCP",0.838512613620478,3.56266264646344,39.9772965666424,3680.63376655333
"exponencial","MCO",201.734732399334,410.269294221998,73.6063805806199,4648.66875359626
"exponencial","MCP",239.373679977085,452.57194846951,113.599474437633,54498585.7552053
"esferico","MCO",232.461945365949,310.771354390143,137.370070753705,5831.22595025191
"esferico","MCP",256.868611053007,298.421968335373,153.49401492608,55556268.1119836
"gaussiano","MCO",271.475253342918,267.699228363627,64.8592170374025,8610.52779523503
"gaussiano","MCP",302.609547522037,251.108434224523,75.3080505662826,66304280.4096282
"exponencial","MCO",17.5114838635327,335.900138224602,21.2943478266221,3157.11396082563
"exponencial","MCP",0,354.741655747189,20.472302503996,57430252.5535172
"esferico","MCO",84.5136037025436,264.382537163977,63.7015108684308,1372.32033571508
"esferico","MCP",84.8951796534912,265.150460350721,64.07253127741,26047548.7164847
"gaussiano","MCO",123.652110791792,225.407766919968,31.1563740096059,1773.58052351608
"gaussiano","MCP",128.352760013519,222.125582457678,31.7316612434078,32517227.6824659
"exponencial","MCO",0,779.297859169704,26.4229962701836,23667.6502055399
"exponencial","MCP",0,788.561371265151,26.7490174609983,408439515.236842
"esferico","MCO",115.069317384014,646.097717591125,73.254833543259,12222.1585893578
"esferico","MCP",126.624312314212,641.126494983006,75.1979754006649,202181720.995557
"gaussiano","MCO",205.413932616337,555.659771072021,35.4796280886694,14578.1843182439
"gaussiano","MCP",226.435896803082,542.154737428767,36.9706762753572,233159054.133569
"exponencial","MCO",0,3.9521749736941,39.8605116696351,4.24818181449232
"exponencial","MCP",0,4.02929742231098,38.4472842012392,68013.502864553
"esferico","MCO",0,3.69526338731099,85.4670821433917,2.38178568292519
"esferico","MCP",0,3.77657966886994,85.70391648121,38134.0186808794
"gaussiano","MCO",0.0619923232059877,3.64808927277988,39.054301766455,2.12473542832576
"gaussiano","MCP",0,3.79310752759213,39.5242422200517,34691.3757403539
"exponencial","MCO",0,6.2496097898984,35.5774341314717,9.64185343078549
"exponencial","MCP",0,6.30760526911289,32.8350123796476,151447.864469847
"esferico","MCO",0,5.9091157717006,77.6355037493585,4.80205961596314
"esferico","MCP",0,6.01749050191432,76.9028058418952,76813.8472950283
"gaussiano","MCO",0,5.93567834366905,35.1938475653648,3.72966098155973
"gaussiano","MCP",0,6.04455968507108,35.5502799654399,65050.6442088328
"exponencial","MCO",0,305.152538593977,15.9304155581457,21887.9804177808
"exponencial","MCP",0,309.558500702579,14.0323835521722,360167495.49785
"esferico","MCO",0,304.264386215337,42.9705463336835,14977.6252667762
"esferico","MCP",0,309.587064790882,43.166147893291,274338675.360589
"gaussiano","MCO",33.0112086147579,271.26589872121,20.3349901222784,15197.5246443898
"gaussiano","MCP",24.9182290463224,284.763548386255,20.3416162342507,279844585.062671
"exponencial","MCO",0.129938201107732,1.62672329941828,35.6253387121686,0.0703021389562964
"exponencial","MCP",0.166630876095054,1.57095240416653,35.1603674651174,1178.43885561691
"esferico","MCO",0.258632464754996,1.36752860889362,74.5844716286912,0.133737400112589
"esferico","MCP",0.314724983141827,1.29130172516993,74.8507701870767,2102.85928227515
"gaussiano","MCO",0.456907470849485,1.17369090703591,36.8115138454358,0.133857585471725
"gaussiano","MCP",0.555713026630534,1.06412435662197,39.0078980119513,1983.02992641459
"exponencial","MCO",0,1781.57037330087,59.0991006973271,62511.5319462782
"exponencial","MCP",90.5805191391094,1719.60051839596,64.8016282844663,1134889813.85787
"esferico","MCO",210.988225932082,1396.60300960224,134.968295595839,117791.54542567
"esferico","MCP",346.527436757142,1293.59176515918,148.675312218016,1668207831.19451
"gaussiano","MCO",312.726500354093,1197.44066766447,53.5269085933221,173903.685337964
"gaussiano","MCP",503.355989039528,1062.21002394133,65.2909922202237,2462226142.9735
"exponencial","MCO",0,0.958041742845423,21.938383478476,0.0444299369502884
"exponencial","MCP",0,0.96315399040302,20.9632599051039,783.945826962227
"esferico","MCO",0.0805316289683412,0.860565602418527,58.2220601607577,0.0194470214637443
"esferico","MCP",0.0925743788581133,0.855739077481361,59.4210866912912,362.208743561153
"gaussiano","MCO",0.208074992298898,0.732948393348068,28.3351264454516,0.0228215200911987
"gaussiano","MCP",0.227192358275145,0.721566534114804,29.1310922345561,419.985996725875
"exponencial","MCO",0,764.341073219016,21.7251504558152,83039.2355271285
"exponencial","MCP",0,776.179025169676,20.764097973014,1334940976.12998
"esferico","MCO",21.0216196508444,732.172258623297,56.4299822064287,55731.8306488095
"esferico","MCP",25.9044067329879,740.542817485818,58.1897514964834,929436334.786239
"gaussiano","MCO",130.985632563485,622.535473320031,27.5725612701596,57273.4316319373
"gaussiano","MCP",140.392890510899,626.526828386192,28.4840658271902,956470982.771066
"exponencial","MCO",0,128.099535530587,21.0555335093455,666.359661785132
"exponencial","MCP",0,127.479177617955,19.4886210636432,11842895.1453078
"esferico","MCO",7.57789819238394,117.714175155532,52.7128271979214,267.312255675505
"esferico","MCP",6.22599476557429,118.97336992342,52.3128260386545,5220960.63960131
"gaussiano","MCO",25.634082042272,99.7071257057539,25.8168092507177,301.888311143651
"gaussiano","MCP",24.3607180951452,100.870308711383,25.5038092348494,5904057.10932673
"exponencial","MCO",0.0102277625392691,0.764154430276749,200.942249782082,0.0577969780464935
"exponencial","MCP",0,0.764154430276749,202.327282011916,827.177518613954
"esferico","MCO",0.00507524384364863,0.584060299340624,266.897808876575,0.047863866889494
"esferico","MCP",0,0.573655294534135,266.897808876575,644.644245262349
"gaussiano","MCO",0.0692279143404712,0.764154430276749,160.636333240137,0.0184433420369482
"gaussiano","MCP",0.0431925406982257,0.764154430276749,152.017419303536,211.206854880317
"exponencial","MCO",0,1147.539924883,23.7124466222634,76299.9025071064
"exponencial","MCP",0,1162.5869550056,24.0081529589841,1402535033.05336
"esferico","MCO",193.332128616783,937.37454296351,69.3363945039832,43837.8532542646
"esferico","MCP",194.632328420984,947.655532698396,70.604148507354,791329712.588097
"gaussiano","MCO",328.04810844546,802.655933295515,33.7021642420008,50914.3473277307
"gaussiano","MCP",348.48678744927,795.022419434355,34.8741603943333,913344456.975797
"exponencial","MCO",43.6084326919699,319.617153334693,35.3932669093624,918.01387799553
"exponencial","MCP",40.0453505352451,323.4536444804,35.0805795251944,17327995.5823942
"esferico","MCO",84.9140023835084,260.611665983264,87.174158331296,968.850397656809
"esferico","MCP",96.0199370894324,249.263187685737,89.4925773613495,12051752.3355733
"gaussiano","MCO",120.726769534887,224.87506052204,42.2859515389926,1669.28239836399
"gaussiano","MCP",138.457909692155,208.608193230154,45.2645466300276,17682442.6829321
"exponencial","MCO",0,553.673980596612,22.0064675168488,133226.723648155
"exponencial","MCP",0,571.994900342536,21.617380247319,2261860924.7072
"esferico","MCO",25.6081913374798,527.648373714202,63.0674352976516,108552.474441866
"esferico","MCP",9.89556208179632,561.69994178758,64.6611482850148,1825377045.54478
"gaussiano","MCO",99.6100010494332,452.632716945979,30.21735814724,110692.133811342
"gaussiano","MCP",92.1185549074764,478.473833053341,31.0868114884108,1875729154.08869
"exponencial","MCO",0,174.74853891856,46.8565626172449,1555.99185306236
"exponencial","MCP",0,178.975846304834,48.7924957775201,26407057.9970783
"esferico","MCO",10.512167784057,147.766607009195,98.979461312619,590.075094892003
"esferico","MCP",4.76143165317189,154.681630262365,98.1563654385508,9267455.13907465
"gaussiano","MCO",31.3198942826438,128.077734970886,49.1966169396978,649.095724326033
"gaussiano","MCP",31.2662574045128,129.771725237083,50.0126415616418,10763042.0760234
"exponencial","MCO",31.4399918752743,106.402171574518,31.3210341037344,268.80862895166
"exponencial","MCP",37.1404541644965,100.567694568487,32.8354514339214,4075577.26249325
"esferico","MCO",45.2750937698901,86.8857482462943,75.6678605980371,501.80658023283
"esferico","MCP",54.8947417904576,76.9305105772125,82.1870030389717,6827206.53556917
"gaussiano","MCO",56.4679224137084,75.3606693487778,35.7099340764207,554.478867633672
"gaussiano","MCP",67.0701222289843,64.9752250087104,40.7039332431966,7141032.91405424
"exponencial","MCO",0,5.73180481419734,27.9730706906572,3.01699908463273
"exponencial","MCP",0,5.79486581522011,27.0836696350329,49815.2778933831
"esferico","MCO",0.12094388168082,5.43317633504336,67.9192039800529,1.46192230320877
"esferico","MCP",0.0614748735902724,5.55871111275258,68.6582255374625,24777.8327183626
"gaussiano","MCO",0.911567194729481,4.64938016473709,33.2397788580191,1.57362611635417
"gaussiano","MCP",0.960674474482264,4.67181219612914,34.0283875023017,26737.3767579146
"exponencial","MCO",0.113343015030225,0.455695211590429,53.8619756690429,0.00180269848006919
"exponencial","MCP",0.116317569497102,0.447324653348861,52.7700287997604,30.4275562617177
"esferico","MCO",0.161896482747409,0.357540351738176,116.984475914798,0.00526599215826445
"esferico","MCP",0.192514409251906,0.331708733177638,126.708717228077,75.2437547922848
"gaussiano","MCO",0.193962978249004,0.313956201688074,50.2468445724668,0.00624420131102702
"gaussiano","MCP",0.220506029972561,0.288294292754634,53.8507715349473,83.8536264374597
"exponencial","MCO",0.160173028434086,2.33115464052081,19.6982240042182,0.227729204651295
"exponencial","MCP",0.177899011096577,2.34238537852489,20.6552321989539,4035.97821422688
"esferico","MCO",0.770512063862436,1.7088443869735,66.3541224769732,0.242008510728541
"esferico","MCP",1.00309925776361,1.50999264625265,75.8137748604208,3523.23897684496
"gaussiano","MCO",0.96834932646214,1.49779542256336,30.1691180446528,0.264510095900046
"gaussiano","MCP",1.20410189403021,1.30103406243708,35.7389320669201,3986.29366926492
"exponencial","MCO",0,2.32447302748837,33.7884787540114,0.602669346835499
"exponencial","MCP",0,2.34782322113485,32.5093392621823,9763.67741554566
"esferico","MCO",0,2.20952442760655,75.8945056019964,0.227087640644437
"esferico","MCP",0,2.23526269889087,76.2293692120241,3693.05635322245
"gaussiano","MCO",0.240500312224496,1.97363102151719,36.396158994721,0.237442074146915
"gaussiano","MCP",0.215614820438439,2.02609147072543,36.6467228048249,3913.63810805672
"exponencial","MCO",0,473.366260129739,35.0435451931998,4065.56267131712
"exponencial","MCP",0,473.04443919596,33.980368668415,66710842.3759029
"esferico","MCO",18.4529773859459,425.423442002835,77.4806309030733,553.384028430311
"esferico","MCP",24.5712651603559,419.646092940024,78.3137046761509,7731484.46332147
"gaussiano","MCO",78.2200341443668,366.217356617839,37.776502815532,1336.53008480968
"gaussiano","MCP",93.7689619827572,352.280482138502,39.182615300133,15650368.136092
"exponencial","MCO",0,45.9145174582967,17.1355322393582,6.461727249414
"exponencial","MCP",0,45.9173220161137,16.94191333238,93500.0259354681
"esferico","MCO",8.27721632695295,36.8877840674144,47.7946822465221,21.9708323295427
"esferico","MCP",12.6036969536402,32.6400975823914,52.2914068771223,322857.839621243
"gaussiano","MCO",13.5385508786892,31.5724470423236,22.8342169077328,20.461042641167
"gaussiano","MCP",17.6465717856491,27.6406810811064,25.7253020462323,303225.107119273
"exponencial","MCO",0,341.96233991611,18.552143551708,15710.7744269909
"exponencial","MCP",0,344.991829133203,16.7353844170531,252814372.695091
"esferico","MCO",0,338.879690836579,48.1140648164317,8380.83175543361
"esferico","MCP",0,343.277578008148,48.5568740386638,152384388.52103
"gaussiano","MCO",45.0588719817428,293.799124285929,23.1769982987414,8676.76739952238
"gaussiano","MCP",37.3426462835895,305.84438463495,23.0970036217403,158132939.233631
"exponencial","MCO",5.39484969457797,217.866189400178,13.9477185055765,1779.03422293291
"exponencial","MCP",17.0226043679688,204.699828074579,14.2273394740942,29524883.2133006
"esferico","MCO",52.0305519044786,168.225579156971,39.395723039078,2189.6911371836
"esferico","MCP",88.7418457962997,131.213502962733,48.3140733562444,34563679.5008667
"gaussiano","MCO",80.930843462691,139.550528949465,19.7144420294792,2120.33975995631
"gaussiano","MCP",97.7704370518084,121.645068429627,21.5762687756641,33800676.3926824
"exponencial","MCO",0.0888736764982336,0.446573835841801,9.84238718424076,0.0121670491010343
"exponencial","MCP",0.0385352181210129,0.50138338351687,9.45837687822143,186.465406874896
"esferico","MCO",0.252779643750496,0.282491723086695,36.7777294505506,0.0111943515866582
"esferico","MCP",0.256741579907684,0.282996571204703,37.9633985218379,171.702912053228
"gaussiano","MCO",0.301255646807843,0.23407888503972,18.2145365962179,0.0112781956510774
"gaussiano","MCP",0.298316218130858,0.241400276809099,18.438127259568,173.244482538896
"exponencial","MCO",0.137898846861122,1.06685666520161,16.3738706385447,0.014975123492926
"exponencial","MCP",0.177188957624162,1.03418691821259,17.2101632254419,260.399152269566
"esferico","MCO",0.412487186774303,0.782664171537308,52.2309450239785,0.023294835955111
"esferico","MCP",0.55629504922736,0.649193156621308,62.4842854117347,303.216129722352
"gaussiano","MCO",0.519901645556938,0.673267920864709,24.7118939301474,0.0246528381590308
"gaussiano","MCP",0.644095841159731,0.560021311838164,29.7611071626735,332.886452283039
"exponencial","MCO",15.7575456124989,201.069036877064,30.4024245165148,1074.10503141428
"exponencial","MCP",12.5592749564527,204.269942585392,29.9693186116742,17896883.6118622
"esferico","MCO",47.539634720925,161.80898774849,81.1608064975264,1137.85643841439
"esferico","MCP",57.7052052114951,151.881015916866,84.9031111413771,15993007.6455079
"gaussiano","MCO",68.4566777946155,140.250445589878,38.396710129805,1397.12723840717
"gaussiano","MCP",81.1974059517686,128.503540132336,41.656796789088,18881209.0985186
"exponencial","MCO",8.59875550379426,54.7619831117217,42.4924706930223,190.154363716514
"exponencial","MCP",3.25094171503958,60.3957264845468,39.4286308275819,3013936.51485185
"esferico","MCO",14.0462015105078,45.4142155276609,98.7527376784718,89.1119647145732
"esferico","MCP",12.4050024007122,47.5424795118479,98.4527539924335,1422614.29279581
"gaussiano","MCO",20.3353084267441,39.3661155353297,48.6760814031195,98.6607702241632
"gaussiano","MCP",20.3262307527017,39.979292805723,49.6356301781134,1636714.09405142
"exponencial","MCO",0,530.777768348682,18.7936115517423,27177.4062741441
"exponencial","MCP",0,536.958139601609,17.8285389372348,456851273.920164
"esferico","MCO",42.5544400851984,483.266285083749,51.8368870876842,17543.4738911188
"esferico","MCP",44.731080081095,488.114952933613,52.9397254105185,306049797.555652
"gaussiano","MCO",115.355977549316,410.250926381494,25.1885586995839,18270.8646969562
"gaussiano","MCP",118.096521272305,414.771472217962,25.7215762816726,319783793.984616
"exponencial","MCO",0,178.675345470639,35.8947500268386,912.856338786653
"exponencial","MCP",0,180.679127413586,36.3593232916184,16368508.789057
"esferico","MCO",17.2378360622562,152.003858446464,87.1417110781258,314.791028396322
"esferico","MCP",18.9160267575927,151.255072592567,88.4727667800038,5451760.09706664
"gaussiano","MCO",37.6863556499609,131.454457964644,42.0070346627755,513.593124985451
"gaussiano","MCP",43.3197277748829,127.35706341025,43.9641568252897,8219823.70417673
"exponencial","MCO",1.87618101755715,43.4775643619144,27.2509174477229,40.4405102603819
"exponencial","MCP",4.17002385928609,41.5393057336478,29.4130526885342,773746.671602803
"esferico","MCO",11.0982863812901,33.307546205647,81.8269679133128,78.5521728068546
"esferico","MCP",16.8988705046802,28.1598122243317,97.5929615836654,1080132.32747989
"gaussiano","MCO",13.2175042474819,30.3549203342101,33.3473067050256,80.7907246415769
"gaussiano","MCP",19.5788136935603,24.8487612178834,43.0329964571499,1287785.33534223
"exponencial","MCO",6.52331194514445,454.742366913883,42.2599150715737,11966.6208413624
"exponencial","MCP",23.6408506102939,449.745021037224,46.8491415321219,214616404.329658
"esferico","MCO",61.908089239273,367.783526461903,101.341944833313,11185.5007417266
"esferico","MCP",79.8719266702942,351.129991110348,105.06418493906,177992120.072233
"gaussiano","MCO",114.410917314465,316.066139754467,49.7941671019715,14801.5081281666
"gaussiano","MCP",147.42624684536,290.572032567851,55.5287934476641,211524827.060754
"exponencial","MCO",0,8.59491816053991,71.2835166240369,1.86189918231134
"exponencial","MCP",0,8.60136898692255,70.0158453851009,30246.0444332617
"esferico","MCO",0,6.80864918340671,109.538757433109,0.369833022950451
"esferico","MCP",0,6.82218762007158,109.359207907564,6057.10323258982
"gaussiano","MCO",0.62300268175305,6.21837089349891,52.2095386389139,0.344578976528886
"gaussiano","MCP",0.756335012116948,6.12810080557675,53.4862712101585,5279.87149493289
"exponencial","MCO",0,228.657914926865,17.7017099087785,7541.03969177228
"exponencial","MCP",0,230.837299592508,15.7405673311277,107591854.147867
"esferico","MCO",0,226.179326257232,44.817730267552,4054.74826272141
"esferico","MCP",0,229.209987284218,44.6005932042638,65923838.8776644
"gaussiano","MCO",19.6454898934144,206.695925954211,21.0626372772521,4012.47020725532
"gaussiano","MCP",13.529417760678,215.893699874117,20.9781184403878,66915044.6992019
"exponencial","MCO",0,0.761502754431807,19.6335264567862,0.0154214469962394
"exponencial","MCP",0,0.753882561093427,18.6318841597055,256.030907627424
"esferico","MCO",0.105260919904738,0.638646184451136,51.1021491741576,0.0175874072597065
"esferico","MCP",0.143275500522657,0.595437457225715,52.4993479319176,269.093302181666
"gaussiano","MCO",0.201031583833897,0.542678193265529,24.8312926752644,0.0179411194333986
"gaussiano","MCP",0.235336540480246,0.503963205717156,25.7604637277487,272.952299380759
"exponencial","MCO",0,228.037048011309,17.4047061961554,6484.25164026903
"exponencial","MCP",0,230.95611595691,16.3349847907337,98228143.8392809
"esferico","MCO",3.80687983411017,221.32266088354,44.2665546776368,4727.90205588765
"esferico","MCP",5.31805986072267,223.217134382429,45.5621243957034,77010625.1857205
"gaussiano","MCO",40.5933184142152,184.837738804532,22.0231691137553,4764.44182613326
"gaussiano","MCP",40.9592965013385,187.864746811681,22.4997206733749,77414424.8571636
"exponencial","MCO",0,300.352592772082,33.0812169887082,667.689273290514
"exponencial","MCP",0,297.982443721228,31.7404188598624,8730122.89426803
"esferico","MCO",15.6978303379911,266.007037071202,72.7609327722778,1070.81521933591
"esferico","MCP",30.2337447440251,250.434545255758,75.1757167800947,15409268.9465685
"gaussiano","MCO",51.9144144063887,229.536843792834,34.9796011125811,1314.17247970795
"gaussiano","MCP",70.9361638781872,210.680357067337,37.4992598708501,16271548.6365336
"exponencial","MCO",0,574.594129119137,33.9515340702954,4178.60871453608
"exponencial","MCP",0,567.178171777168,32.0116380324158,61561491.4022168
"esferico","MCO",10.2396618970637,522.3692205666,69.1302701899684,6229.70778915717
"esferico","MCP",24.3712733904483,503.974201445996,69.4582611440811,107087825.988307
"gaussiano","MCO",84.3492405312396,449.036343091334,33.7402844281354,5821.18491515582
"gaussiano","MCP",107.189662798339,423.486142917935,34.8540816674761,91977906.4742423
"exponencial","MCO",0,1.42375684353932,38.7591287452268,0.131564309520483
"exponencial","MCP",0,1.42479276205469,37.1786871260145,2255.53647383191
"esferico","MCO",0,1.31836204461102,80.7612189584272,0.0434941658954057
"esferico","MCP",0,1.32443548597352,80.9258897476069,748.814083104582
"gaussiano","MCO",0.166229958910561,1.15541336031689,39.210935674293,0.0498745651361929
"gaussiano","MCP",0.170744950513168,1.15869044502294,39.6416799181829,871.151247054521
"exponencial","MCO",0,14.1784546718615,8.15094649094167,16.0222596441024
"exponencial","MCP",11.6615971552602,9.35640103770374,266.897808876575,201202.747143693
"esferico","MCO",2.03959401201713,12.0038995955156,20.9508184787684,15.8544854055734
"esferico","MCP",11.7958873194395,5.20285836821777,266.897808876575,202009.164843249
"gaussiano","MCO",3.22811299060962,10.8167581226134,9.70949646591752,15.8517545279824
"gaussiano","MCP",12.4540804674453,3.8436748460571,110.996072496686,210105.017059411
"exponencial","MCO",0,615.028881228823,29.302449276865,32032.4004672114
"exponencial","MCP",0,619.586341435382,27.9409350458424,476546376.035581
"esferico","MCO",0,591.479328865876,67.8566164155849,12580.202287388
"esferico","MCP",0,597.346117616972,68.4782839193664,193743340.89506
"gaussiano","MCO",72.5766121870506,519.228149400756,32.5675111332413,13257.1839161092
"gaussiano","MCP",78.9854018092276,519.298371103376,33.3058401181126,206827200.016409
"exponencial","MCO",0,78.850788818255,11.3673521492241,144.585687780435
"exponencial","MCP",0,79.2581836608659,11.0419683830085,2569901.78134874
"esferico","MCO",18.8387543202396,59.5825409931949,35.3158558357157,122.557554993382
"esferico","MCP",20.9846543349094,57.9438835721817,36.5280004282275,2262475.68350202
"gaussiano","MCO",29.2992513539043,49.1661188999791,17.6069380123795,120.931199590367
"gaussiano","MCP",30.0031696948468,48.957068386436,17.9847981804129,2241678.19842953
"exponencial","MCO",0,281.183120760872,41.5107103224927,6993.10051369895
"exponencial","MCP",0,286.075750301333,41.7683917489893,120162703.477786
"esferico","MCO",2.45956405511492,257.796498438321,88.528064854985,2907.48845285357
"esferico","MCP",0,263.220953030361,89.3466663919309,48205839.4479122
"gaussiano","MCO",38.5377700431815,222.532458173452,43.446205900991,3280.01285660758
"gaussiano","MCP",38.4154539225388,226.112726816894,44.2752761980432,55990129.8793902
"exponencial","MCO",0,255.6241921622,17.6732970627383,13452.1097153803
"exponencial","MCP",0,259.672534685956,16.0491203898806,214590177.072098
"esferico","MCO",0,253.742373456108,46.2492954872493,9203.70629949807
"esferico","MCP",0,258.560921660308,46.9310908245251,160494478.404245
"gaussiano","MCO",30.5568148751648,223.280295640049,22.1505244004231,9282.73863255555
"gaussiano","MCP",26.5926672046293,232.056349448513,22.3733527104304,162425543.653194
"exponencial","MCO",0.222103875013139,2.81894646944662,29.0024761883002,0.464006977827114
"exponencial","MCP",0.242226696593549,2.85030520452489,30.8208255584432,8405.03777880281
"esferico","MCO",0.779963263923647,2.21207626164832,87.7852722991158,0.385126981782818
"esferico","MCP",0.911340653674041,2.10745583200696,92.154766704275,5938.54240810966
"gaussiano","MCO",1.06238023886208,1.91357707200877,41.126814370968,0.493569696379759
"gaussiano","MCP",1.26657603354909,1.75776232590558,45.961065291649,7335.47482780641
"exponencial","MCO",0,0.362917825766361,15.9890798785904,0.00556246853508484
"exponencial","MCP",0,0.361703091824355,14.4638408493266,92.6758424880902
"esferico","MCO",0.0228154021242696,0.335914769988881,41.899641174446,0.00194125504098894
"esferico","MCP",0.0134752532037967,0.345491131489001,41.410389369357,38.7282293752733
"gaussiano","MCO",0.0797989691547855,0.279286582954022,20.8522472685043,0.00221763167112445
"gaussiano","MCP",0.0678849619559502,0.29130452346123,20.3028598567669,43.9811277950194
"exponencial","MCO",0,2011.02866209047,40.9428663413332,400503.809994458
"exponencial","MCP",0,2018.51220652454,39.0678397186188,6087565050.11995
"esferico","MCO",0,1855.05478346941,84.988370159823,155954.911515828
"esferico","MCP",0,1872.34741788622,85.0239108451726,2472546623.52256
"gaussiano","MCO",117.949544590667,1731.7164923818,38.7535157382794,140241.995193184
"gaussiano","MCP",133.568013088485,1734.97425892455,39.5244431764595,2399804847.68116
"exponencial","MCO",0,445.208561419692,14.1174447859161,1299.87828692461
"exponencial","MCP",0,444.914149229348,14.0986285838349,22686398.2183957
"esferico","MCO",94.3617706755271,345.194874330854,40.3681186558977,1766.55727851943
"esferico","MCP",99.0312396698848,339.861537722502,40.5541339855616,32665174.7648623
"gaussiano","MCO",156.934391474367,283.517054875418,20.5892124604295,1609.40312625354
"gaussiano","MCP",166.348986747402,273.714475536958,21.0719016203628,29420182.3400636
"exponencial","MCO",47.9117851800238,282.299354992502,47.0939221072792,2183.12463153644
"exponencial","MCP",60.4746161014669,279.700825342971,53.5298423440466,40808209.685062
"esferico","MCO",78.1097637048884,227.067332381893,106.248507767845,2157.53304713983
"esferico","MCP",90.4738385199742,216.026374563792,111.455210180468,32659568.4583825
"gaussiano","MCO",110.84178250361,195.552338358272,52.7090303835843,3438.63825911611
"gaussiano","MCP",131.21875606598,180.348949667994,58.9775423920705,42218829.6322274
"exponencial","MCO",34.7386810332032,187.109691053565,39.6410844570229,231.141032690808
"exponencial","MCP",49.5231947421036,176.737100502473,45.6559318696021,2511259.78347747
"esferico","MCO",62.5315173636023,148.28254164633,100.633280818876,895.722420049571
"esferico","MCP",81.0185112806844,131.756423662091,112.916586045113,7647919.5266021
"gaussiano","MCO",78.7425218324003,129.599511158469,45.289867826399,1309.04243622144
"gaussiano","MCP",99.8699820687213,112.008157667627,54.1482503116126,11492429.9551514
"exponencial","MCO",0,1.60935116920542,19.2264240614109,0.455439688251122
"exponencial","MCP",0,1.64586006407222,19.4619013891085,7485.21329057173
"esferico","MCO",0.285037095592245,1.31792822716493,59.7548575508913,0.376607479829585
"esferico","MCP",0.281438576361858,1.35572371292303,61.7933261473753,6042.95250838361
"gaussiano","MCO",0.480376339226099,1.12227093930449,29.0823360568819,0.387590853704863
"gaussiano","MCP",0.491610174183675,1.14529168783811,30.1398759185289,6250.25342229782
"exponencial","MCO",0,96.5320760904826,11.8022970791337,3558.5460695246
"exponencial","MCP",0,97.8465325969472,9.78606490508158,58751707.4873493
"esferico","MCO",0,96.7616936275887,33.0899383844665,2757.41934724574
"esferico","MCP",0,98.2010591477752,32.6102990277334,50831737.3158496
"gaussiano","MCO",7.00088156969476,89.9014865888523,15.5944856557667,2773.60651668938
"gaussiano","MCP",1.72487182579322,96.5936346936081,15.3922424295332,51312387.759371
"exponencial","MCO",5.633446827317,31.6229750703933,38.2834989270997,33.9907038664546
"exponencial","MCP",10.8263111881174,28.2209355268146,52.9466817702105,443152.276396829
"esferico","MCO",11.9183166241542,24.3497894955452,112.519922470448,68.8594001763965
"esferico","MCP",16.2496322384485,20.9499547289295,136.941462983747,635741.584486875
"gaussiano","MCO",12.932025598444,21.8631295494505,42.1613765793153,81.4123279399516
"gaussiano","MCP",18.6924927336122,17.5463680313074,60.4460519839072,836386.485552351
"exponencial","MCO",0,289.917147835474,37.2364842138675,847.634518702768
"exponencial","MCP",0,291.682919885492,37.6406963243016,14621888.9775179
"esferico","MCO",36.566867915145,237.303251456004,92.6089656504814,811.990991418635
"esferico","MCP",50.2746948803889,225.014151066998,97.1318681465586,12102135.3548088
"gaussiano","MCO",65.0627746484492,207.043607029837,43.1078893859288,1308.48800288367
"gaussiano","MCP",81.9239013701176,192.486685974667,46.6190524242647,18039926.9625955
"exponencial","MCO",0,213.686521683908,25.6457610333225,3445.18012360147
"exponencial","MCP",0,215.552399441876,24.6532392196087,57924695.2469159
"esferico","MCO",8.49437982631554,199.923875536518,64.5818117715252,1694.38726999435
"esferico","MCP",11.4382776936528,199.239856451502,66.1525772205563,30202362.784341
"gaussiano","MCO",36.5165320301406,171.710518979882,31.0868197806622,1870.26742313944
"gaussiano","MCP",41.887400869126,168.877736881187,32.3057435563176,33276948.7090249
"exponencial","MCO",0,141.296713789983,20.4858102207285,858.154255031683
"exponencial","MCP",0,139.990319142803,18.8324357156534,13354818.8700661
"esferico","MCO",8.05980205724868,129.751087166224,49.8226434605878,602.748229751511
"esferico","MCP",9.44165533167666,127.781778393796,49.8088365053091,9290737.89476659
"gaussiano","MCO",28.5294446911826,109.389001751174,24.5742018142145,612.63399368853
"gaussiano","MCP",29.9379689715621,107.439156571506,24.6108958915423,9452145.52645946
"exponencial","MCO",0,170.30803235506,6.17156094072048,717.048537815022
"exponencial","MCP",0,170.619594878257,5.63724297696532,10763672.3846912
"esferico","MCO",52.0827352560345,117.749503598407,20.0172683630022,603.756868612422
"esferico","MCP",53.9403590567247,116.469790336955,20.4025719641135,9755930.11756701
"gaussiano","MCO",49.9540618045838,119.875488494715,8.68500858561754,603.787704800286
"gaussiano","MCP",57.5623804292068,112.844173349663,9.06687199175675,9757002.64527312
"exponencial","MCO",0,0.370418751725155,16.4292904179126,0.0092791202722818
"exponencial","MCP",0,0.372423758999747,15.773713355968,175.421158407653
"esferico","MCO",0.0686664374419188,0.299752717731259,50.4378741987353,0.00715965339845865
"esferico","MCP",0.0814865846726781,0.28967292139979,52.541359848115,135.855699956373
"gaussiano","MCO",0.11183753982999,0.256044955325494,24.1302003051209,0.00741921218312964
"gaussiano","MCP",0.11842423411624,0.252140896140354,24.7797104848596,141.550427296599
"exponencial","MCO",0.0356902741678471,1.04107680735805,26.4689404826876,0.0141434802484348
"exponencial","MCP",0.0462951875014381,1.02941502068417,26.6658662148432,231.642633613039
"esferico","MCO",0.213849761785381,0.830903309297681,72.0857834757839,0.0240824987966131
"esferico","MCP",0.286839176760668,0.756470045367645,76.6292827801965,309.283792064772
"gaussiano","MCO",0.319933252808573,0.721012101688302,33.8205843569314,0.0292123751487319
"gaussiano","MCP",0.408118680798207,0.636833273904292,37.9153108426341,365.510782128092
"exponencial","MCO",0,755.190948734746,33.273911544121,73207.2452357921
"exponencial","MCP",0,765.588559708637,32.7321096875135,1190083871.89414
"esferico","MCO",5.73150041766465,715.855409720825,77.2872668814814,45249.2720583125
"esferico","MCP",11.9599643326273,719.757762136472,79.2858275197669,755345806.406987
"gaussiano","MCO",102.335026983991,618.577177465442,37.140308795714,47766.4832127988
"gaussiano","MCP",120.590640828562,611.479370132908,38.7261837173511,796119636.199525
"exponencial","MCO",0.270875955034305,2.6577838349322,40.6508244161211,0.097292685665498
"exponencial","MCP",0.243895078463089,2.6740016677216,39.812961271694,1537.41683121869
"esferico","MCO",0.572428010368265,2.15768561794477,94.0909372174013,0.142349335353271
"esferico","MCP",0.676353315447735,2.04966959971374,96.8550152119796,1958.36049615188
"gaussiano","MCO",0.849535126020407,1.8737690289059,44.7962738124173,0.186136996192153
"gaussiano","MCP",1.00285430594786,1.73143900135292,48.1399475518829,2350.05879834215
"exponencial","MCO",0,541.164612584804,19.7135813477672,36987.6060992895
"exponencial","MCP",0,551.223425140688,19.7374602916578,609845442.886758
"esferico","MCO",85.9785516659877,451.218589381503,59.0685002594778,29682.2359017016
"esferico","MCP",94.970245434075,451.956014038522,61.6178704254608,478417338.602829
"gaussiano","MCO",152.575876916238,384.480015556312,28.707878439933,30806.3393677762
"gaussiano","MCP",164.839159335266,382.104683057289,30.0830323628338,497220118.319815
"exponencial","MCO",0.681431195912867,2.35193923544632,23.4852462727398,0.222391538021997
"exponencial","MCP",0.91395956891506,2.15461021701178,27.1285506131138,4075.27680141445
"esferico","MCO",1.28834757997359,1.72591430636329,78.5842988517919,0.33666822791709
"esferico","MCP",1.61227211722963,1.43794107424889,94.2067167246481,4378.63401922032
"gaussiano","MCO",1.36353941238225,1.59990633244042,30.6061908647368,0.352768626308624
"gaussiano","MCP",1.80230258837273,1.23093680732477,43.8983458188381,5207.65257874874
"exponencial","MCO",0,4.12609828035832,28.8985739694763,0.824598646503319
"exponencial","MCP",0,4.13150992044681,27.386298531003,13290.5243160296
"esferico","MCO",0.0201327886983148,3.93894416504512,66.2745434357382,0.186901881027579
"esferico","MCP",0,3.97787741512472,66.5205020198829,3273.27046607628
"gaussiano","MCO",0.597212322087431,3.36738092762241,32.477858489834,0.234328090985379
"gaussiano","MCP",0.645194229986839,3.34291826808572,33.0441915031474,4094.43410422045
"exponencial","MCO",0,255.158158711189,22.3465114305662,3398.70669443148
"exponencial","MCP",0,257.139729231183,21.8843048182955,50301154.2466473
"esferico","MCO",21.3165119461911,227.785905510118,57.2338306189946,2876.09842830017
"esferico","MCP",41.3589269062235,210.516160880255,62.5071300503408,45245015.6607621
"gaussiano","MCO",53.2586592999231,195.606236912969,27.4585372360801,2887.86620439132
"gaussiano","MCP",71.1623922253374,180.645700205072,30.1909963088446,45254504.5379039
"exponencial","MCO",0,1.25943354471657,17.8492836161447,0.564029783814335
"exponencial","MCP",0,1.28492493621055,16.2522746600216,9922.41045361524
"esferico","MCO",0,1.25967950285685,49.6055286242861,0.434767560284752
"esferico","MCP",0,1.28929267762403,50.9048632101015,8007.96692609419
"gaussiano","MCO",0.17743717821305,1.08092055287764,23.8501913702107,0.442453645645163
"gaussiano","MCP",0.140110121629871,1.14697613678958,23.9055449891587,8160.89047922444
"exponencial","MCO",2.5837452364195,101.950336486874,26.6117378090753,150.580276164831
"exponencial","MCP",0,104.353564934723,25.7486088519836,2390903.52851802
"esferico","MCO",18.5828429498447,82.7417746446908,71.0958377595817,122.277940584596
"esferico","MCP",21.019347777545,80.1578276582922,72.2493043743856,1729157.00617747
"gaussiano","MCO",30.1380814256203,71.1865025505917,34.4248782406758,144.948437043509
"gaussiano","MCP",33.7366768921248,67.6277092659168,35.7537538151431,1924021.06718538
"exponencial","MCO",0,176.867028800445,21.6971514867485,814.519615714605
"exponencial","MCP",0,176.969543237587,20.6148567934145,14406015.7467471
"esferico","MCO",15.827669135823,157.319357884438,56.3602203926843,186.699654086765
"esferico","MCP",16.3367778245192,157.2641806124,56.6237102682141,3650722.25367504
"gaussiano","MCO",39.9906166919377,133.31946062132,27.7273696987967,272.861626480397
"gaussiano","MCP",42.4000496434874,131.483642996803,28.1151077124748,5020801.17984384
"exponencial","MCO",24.4566433181509,110.431338756952,78.9284843221174,44.0641695905619
"exponencial","MCP",28.47213859965,113.119981486347,91.8087596618553,442328.872222389
"esferico","MCO",31.224134742751,82.1432128589332,136.780333123599,95.2482642415958
"esferico","MCP",35.2392140594891,79.31773694117,144.168589483531,704049.087146434
"gaussiano","MCO",41.0637307392906,70.9315440529328,63.7275103006656,230.342933103776
"gaussiano","MCP",47.2236382352703,66.8834942336747,70.3537977281066,1682376.89213911
"exponencial","MCO",111.249467991485,262.902929009237,41.193514082301,7780.94913736114
"exponencial","MCP",145.213137759817,236.322613369904,50.7777729977876,112561661.135517
"esferico","MCO",131.979634134713,215.83458811058,83.276928709199,10156.5700316859
"esferico","MCP",206.932154591721,194.396650142706,185.744872186424,132050176.251307
"gaussiano","MCO",161.859421537256,185.700627651305,40.2222388820211,10850.6025572702
"gaussiano","MCP",195.911209246671,153.766474868181,48.5750272565212,142965439.700243
"exponencial","MCO",2.89642566137426,88.9633531588282,29.667950126713,308.353328475771
"exponencial","MCP",5.9458562210871,85.7145549110229,30.3936427255294,5151096.12893259
"esferico","MCO",16.5065308367739,71.6922343873448,76.973954672491,406.023862866935
"esferico","MCP",22.5382049270688,65.2066981240566,80.5405320375173,5783602.79485884
"gaussiano","MCO",25.6480317469956,62.1799981433847,36.1049797788343,465.112421879459
"gaussiano","MCP",33.5249079174543,54.4751292064874,40.3352905091405,6383035.47328941
"exponencial","MCO",0,3.21527704519165,25.6298316798778,0.505874139259227
"exponencial","MCP",0,3.22920330482019,24.4149281848478,8335.93382497368
"esferico","MCO",0.108076199859365,3.01312641446825,62.3066397311799,0.131994657900793
"esferico","MCP",0.0451973574385615,3.0949585038911,62.0572537177276,2279.130460615
"gaussiano","MCO",0.562265189490505,2.5638963285254,30.7117939421972,0.154130451338824
"gaussiano","MCP",0.560639408004163,2.58680540866522,30.930439660232,2711.07919384788
"exponencial","MCO",20.2379986490134,187.184947200365,19.5399986127306,262.729181279452
"exponencial","MCP",19.6729995277361,187.331165429303,19.313410811112,4056012.57449268
"esferico","MCO",58.8185829385041,145.455837403619,56.9194427648041,448.639232212681
"esferico","MCP",71.9824959833604,132.03764992203,60.4545833074594,5317172.03642532
"gaussiano","MCO",79.4279890570944,124.645855974637,27.2959912372602,521.235344561736
"gaussiano","MCP",93.1856787223565,111.026676420227,29.8675856613686,6066125.37456508
"exponencial","MCO",0,2.31793742885177,13.0185383880417,0.357162123217089
"exponencial","MCP",0,2.33536964491006,12.1283494612346,5589.61702160976
"esferico","MCO",0.260911632404572,2.04068607680493,36.20703810102,0.271475450504724
"esferico","MCP",0.301690155858567,2.02313684038817,37.2568634105976,4547.80147128653
"gaussiano","MCO",0.614125600770615,1.68828804766809,17.9741770760989,0.273749326206352
"gaussiano","MCP",0.604404773749278,1.72064519817111,18.172104775335,4592.17260687529
"exponencial","MCO",0,0.152222158766003,23.2076788195622,0.00724111389119132
"exponencial","MCP",0,0.155671717839395,21.723138082544,119.691479577041
"esferico","MCO",0,0.15078881155287,60.6256812520056,0.00474176256465955
"esferico","MCP",0,0.154566390726641,61.3255198807477,80.256931034035
"gaussiano","MCO",0.015479245266561,0.135504929397845,28.9463875096868,0.00484450887293722
"gaussiano","MCP",0.00910138371826424,0.145617079363545,28.8444859285137,82.1569984180323
"exponencial","MCO",0,0.107577512690639,19.5871932914886,0.00607233337028371
"exponencial","MCP",0,0.110886857307417,17.8008464707579,99.7662752030225
"esferico","MCO",0,0.107730606210831,54.1971900268293,0.00455365420021193
"esferico","MCP",0,0.111229891754275,54.500591806123,77.7847000734283
"gaussiano","MCO",0.00620866169144743,0.101559738367593,24.9955857533178,0.00456417697918223
"gaussiano","MCP",0.000806211647009108,0.110461912842616,24.9622428380625,78.4963444766309
"exponencial","MCO",0,2.92583403075703,15.3668266716271,0.945884387585797
"exponencial","MCP",0,2.94754293311164,13.9813637817174,16615.7961475455
"esferico","MCO",0.183695123264079,2.72574066961011,42.5087817340922,0.628150552414856
"esferico","MCP",0.137417447180482,2.80168228990188,42.6864768228187,12034.2812236627
"gaussiano","MCO",0.633906801224889,2.27696205877986,20.9773840916431,0.651127657842948
"gaussiano","MCP",0.577207887842697,2.36365141678301,20.8960200226264,12455.3830046357
"exponencial","MCO",0,0.215596022303473,11.9081880221435,0.00458136739474363
"exponencial","MCP",0,0.216800234888959,11.6509201526979,88.098570638349
"esferico","MCO",0.0634531186928538,0.15180534302154,41.2489860881833,0.00427667008823578
"esferico","MCP",0.0696848819597881,0.14690458553879,42.8266167047124,82.2586742386741
"gaussiano","MCO",0.0878540749034879,0.127418765901099,20.1945497767301,0.00429581682013204
"gaussiano","MCP",0.0903115879633462,0.126303066805856,20.6534883047599,82.7051909491048
"exponencial","MCO",94.776922861738,157.590861279136,45.6544644272643,786.12903863214
"exponencial","MCP",115.97420144039,149.079003395018,63.4731654497559,7749988.04425531
"esferico","MCO",115.240282326292,124.81175167102,108.825033579542,1224.40107853609
"esferico","MCP",131.569794249959,111.247712805796,124.68387043102,9527322.90504316
"gaussiano","MCO",131.900146611334,107.560669763096,52.1215615177438,1708.1661388958
"gaussiano","MCP",149.907937068282,94.0599652012812,62.9757249741374,11829829.0349991
"exponencial","MCO",0.0380969017370795,0.206696651745786,22.1431025243146,0.00196529078848685
"exponencial","MCP",0.0558112891729685,0.187961805362862,23.5849259643048,30.8260691514909
"esferico","MCO",0.0735571875324557,0.165495247425144,59.0773191943882,0.00268583527021343
"esferico","MCP",0.0958398723559729,0.14177211358574,64.5254158312597,38.2012713864834
"gaussiano","MCO",0.0941272470520569,0.144112746645067,27.3397221612489,0.00277442429363558
"gaussiano","MCP",0.116734961666979,0.120842009683225,31.2887641896244,39.4447299729503
"exponencial","MCO",0,1.39724601051228,18.2486437176532,0.0387408461591563
"exponencial","MCP",0,1.40777398060076,18.3027726240504,664.760811043835
"esferico","MCO",0.292359284446535,1.09037755938105,55.5087530706867,0.02515827471792
"esferico","MCP",0.342197016618648,1.05010841072135,58.0224490975058,414.165459917611
"gaussiano","MCO",0.453254080061063,0.929351792453298,26.9497331683702,0.0279775972508368
"gaussiano","MCP",0.50322040765918,0.889802838909574,28.3843520890539,453.989900541987
"exponencial","MCO",0,393.120568529806,51.0895627892162,14370.8893382723
"exponencial","MCP",0,402.844043263619,52.489008121295,236547915.57936
"esferico","MCO",0,349.823328960857,99.4569699192752,6980.59048917923
"esferico","MCP",0,354.02105462467,100.965756598795,112977159.195758
"gaussiano","MCO",45.7254375242029,305.148543449605,48.456697908855,8179.11646465703
"gaussiano","MCP",51.4389734046573,305.14491708219,50.2508705555892,132172193.04056
"exponencial","MCO",0,273.032643557543,15.160354094417,1389.86034794837
"exponencial","MCP",0,273.174599877307,14.1158453318076,18685638.1979518
"esferico","MCO",22.4295576280522,247.009644672343,39.337534279075,549.793074070919
"esferico","MCP",29.1634481704177,241.214773465227,40.159775840014,9543947.73550869
"gaussiano","MCO",64.8401172957134,204.830788499062,19.6216389707732,531.612790575753
"gaussiano","MCP",69.4478331251696,201.277557667284,20.0371780818323,9215079.1096294
"exponencial","MCO",0.0720351899259137,0.223585433445541,43.50622038698,0.000376573845698595
"exponencial","MCP",0.0807798601264382,0.219796644265263,47.758744408638,6.18356331134549
"esferico","MCO",0.0993272597546846,0.179645649841375,103.161465221123,0.000583260085915778
"esferico","MCP",0.111615535241921,0.168443136131642,109.093604362641,4.77892704031695
"gaussiano","MCO",0.123006774150627,0.155447173789751,49.4538503870701,0.00121247873147046
"gaussiano","MCP",0.139991951469493,0.141646785956419,55.2374438636329,9.61964733812767
"exponencial","MCO",0,28.5005869031236,17.1841072429254,184.135692934423
"exponencial","MCP",0,29.1498028065477,17.0667726630719,3275107.71769974
"esferico","MCO",4.81482181231086,23.6202793210456,53.7733806909719,168.62040078623
"esferico","MCP",7.09871334886719,22.1093638792302,60.5504215002611,2960968.21165367
"gaussiano","MCO",7.97995986502097,20.3835202726866,25.2899441380846,170.362888904301
"gaussiano","MCP",9.69568345107155,19.4090042661012,28.0603641502054,3018818.51505272
"exponencial","MCO",1.22718146245732,37.736598052148,17.0072035102718,33.2587613924397
"exponencial","MCP",7.41298649437762,31.6691688186259,20.266138163963,494726.716336433
"esferico","MCO",5.54709457773832,32.3829938451403,39.9643176974848,57.0488709702049
"esferico","MCP",19.5111744601032,19.2974239132909,73.781643601132,815785.573048186
"gaussiano","MCO",11.9676140191375,26.1239848647741,21.1446225654373,52.9411694740581
"gaussiano","MCP",18.3536877784011,19.8843778377016,27.5228889848098,825759.471017813
"exponencial","MCO",0,177.154193377812,13.8727192727663,2566.21667960641
"exponencial","MCP",0,178.607598996878,13.0227535835216,45078989.1685462
"esferico","MCO",24.3873073722847,151.690017543859,40.1011120992125,2080.27962610706
"esferico","MCP",29.438475487192,148.454467193234,41.5880115974969,38227744.2901521
"gaussiano","MCO",49.3488005197179,126.762306119536,19.7406162132221,2092.78326878642
"gaussiano","MCP",51.6788288791718,126.31628338407,20.2980080075449,38497697.818811
"exponencial","MCO",0,563.379448730265,23.6748021412751,7558.6849528462
"exponencial","MCP",0,564.164685776664,22.8775335280654,129324062.635161
"esferico","MCO",58.4149231603312,490.771233473156,61.4373867445917,3154.56151006009
"esferico","MCP",67.9184232484677,482.736399941439,62.508519780043,53504162.2195851
"gaussiano","MCO",129.619027277985,419.635377329654,29.8743543865907,3639.96191672655
"gaussiano","MCP",143.145186953286,408.079670283318,30.7304998386676,60120116.6155
"exponencial","MCO",0,216.792895424875,14.3203696531727,1007.13723154389
"exponencial","MCP",0,216.358024220967,13.8109474117706,17722101.8053745
"esferico","MCO",48.3313321638676,166.643382119425,43.6518347181297,901.399105037237
"esferico","MCP",59.0068650842758,155.950062233047,45.5782733424223,15009034.8101952
"gaussiano","MCO",74.517515261321,140.493821964671,21.3291672945195,899.494042026127
"gaussiano","MCP",80.3573937026085,134.589742728869,21.9139606320669,15107430.2899459
"exponencial","MCO",0,1.79531624743054,20.4700685897201,0.190515252893924
"exponencial","MCP",0,1.80617760429963,19.3126175923752,3085.91537554312
"esferico","MCO",0.106159268134487,1.66046792631372,53.3982169284143,0.0853227567477502
"esferico","MCP",0.0925448662643981,1.68842454313408,53.7230133105728,1452.45269481912
"gaussiano","MCO",0.360756711797352,1.40674537537004,26.166069050036,0.0931415748611676
"gaussiano","MCP",0.36034271794591,1.4222820763235,26.4090599222739,1597.33215186026
"exponencial","MCO",0,426.538203444233,16.9687118047822,47552.9937318516
"exponencial","MCP",0,431.634632368718,15.1688129479316,831695003.205696
"esferico","MCO",0,424.899843815638,45.698934346016,35411.2862455591
"esferico","MCP",0,431.551013172812,46.3283369914983,665214553.27564
"gaussiano","MCO",61.1685743725673,363.806378434695,22.1947879363506,36056.0405275302
"gaussiano","MCP",51.960346096813,379.608151509306,22.1947676438502,676988476.119205
"exponencial","MCO",0,619.544883752975,26.9556891697549,18911.5651566225
"exponencial","MCP",0,623.194746798798,25.9629754595871,283904258.177263
"esferico","MCO",17.434303137213,581.221981623918,64.4679816884598,8580.75120303506
"esferico","MCP",35.8104856017693,567.808739815426,66.7385359392024,141503048.021501
"gaussiano","MCO",100.567285579888,498.176820089645,31.2887206767414,9456.67748451061
"gaussiano","MCP",124.70543505287,479.920688915657,32.8868639163105,150800041.930522
"exponencial","MCO",16.8560925368463,66.167686253825,88.8979861934835,357.861699815071
"exponencial","MCP",16.474283887021,72.4098732640364,101.276651213607,6644018.58789622
"esferico","MCO",17.7174750967046,47.5639594434826,122.29916518811,293.210976910987
"esferico","MCP",16.301961193208,49.6206203650068,124.46699392311,5474118.13293148
"gaussiano","MCO",25.3830006756125,42.2305281650383,66.6993301074415,292.645769379055
"gaussiano","MCP",26.2219604456941,42.8115983068042,70.3550952727126,5000177.78800387
"exponencial","MCO",66.3006629910326,1130.64596655493,40.4102240213381,7259.10225510933
"exponencial","MCP",111.738840655447,1092.50555260783,42.7572400194954,100249228.934665
"esferico","MCO",208.500933971896,906.881147254661,95.6659279767766,30049.8317738412
"esferico","MCP",305.26052351542,817.027768003549,105.328427228119,354543197.46772
"gaussiano","MCO",315.573788792555,791.267745143567,44.24703479209,39688.9080923526
"gaussiano","MCP",418.411780033504,699.304534300433,50.3590202279019,427578498.139669
"exponencial","MCO",0,854.126799535576,32.4429819509751,47992.624092895
"exponencial","MCP",0,857.500855354087,31.0379910323489,796897416.226773
"esferico","MCO",0,812.049733545217,72.5887017158263,13749.8086284947
"esferico","MCP",0,817.651254072334,73.0504251349504,236582462.268911
"gaussiano","MCO",112.543598117904,700.904198471363,35.4441449124196,15487.7519541433
"gaussiano","MCP",112.214170217455,707.36134668356,35.7729209874349,272249247.572362
"exponencial","MCO",0.21988569377947,2.39228488569057,40.0082175131117,0.073057478491426
"exponencial","MCP",0.340959089601464,2.28049172221644,42.5080612997744,1102.18157068625
"esferico","MCO",0.516670634602645,1.91654739834213,93.4153386957452,0.215362652332418
"esferico","MCP",0.790188354915894,1.67427163072067,108.633668264915,2814.62904723587
"gaussiano","MCO",0.721869020635366,1.68527454266011,42.0855661948409,0.242868462322544
"gaussiano","MCP",0.95911202129562,1.46671832348186,48.4820744288081,3027.72366376144
"exponencial","MCO",0,213.613812614145,25.2258136755516,468.25530552765
"exponencial","MCP",13.9483522854276,199.894311119843,26.8736949601186,7846364.40702271
"esferico","MCO",25.5754039676109,179.150206326276,60.5588162324887,1548.73794446182
"esferico","MCP",78.7449456696765,131.59522967865,89.7204143274416,22102890.7766644
"gaussiano","MCO",48.6899124425988,155.49990519588,28.4811684400549,1499.96458117484
"gaussiano","MCP",80.935221056245,125.103193012768,35.8753842383654,22840714.2561156
"exponencial","MCO",1.12015366838953,90.0727190646389,26.6248571603544,273.257417575505
"exponencial","MCP",0,92.2768726515475,27.1645534745181,4865403.43908825
"esferico","MCO",17.9055952440211,71.4751168451401,77.8781051683892,167.807099997652
"esferico","MCP",20.7627385002807,69.3504596130307,81.0086229302218,2663100.45956366
"gaussiano","MCO",27.7202887696837,61.5646137264125,37.4748358797567,222.801644115618
"gaussiano","MCP",31.887919565951,58.3578382930039,40.052868085955,3322537.35853624
"exponencial","MCO",0,288.16558878513,25.329189346675,5459.8617881266
"exponencial","MCP",0,292.11409033924,25.3935140168674,94003952.5306797
"esferico","MCO",35.5511015666289,246.813412615999,69.6727540474756,3299.13382013113
"esferico","MCP",38.7379964849746,246.952202186228,71.5565988575347,54857503.2066348
"gaussiano","MCO",70.7357369670894,211.605995403339,33.813814797739,3727.90022027586
"gaussiano","MCP",78.4817718595568,207.577013608395,35.3438924835286,61513467.137024
"exponencial","MCO",0,3214.74885199502,181.139228832591,43027.0187470005
"exponencial","MCP",0,3309.46480590925,187.113522891676,727820589.868044
"esferico","MCO",0,1670.00828141882,155.548550223227,22394.8151150269
"esferico","MCP",0,1688.70493904859,157.829372264548,383862664.298855
"gaussiano","MCO",164.700353908585,1472.73425393229,71.7741358009766,2413.38206832519
"gaussiano","MCP",171.737687618369,1472.3663153092,72.4002965499794,36505709.8269958
"exponencial","MCO",0,1.57836637640298,17.453779374803,0.272292455403296
"exponencial","MCP",0,1.57796471698113,15.3452534301486,4552.33312520608
"esferico","MCO",0,1.56187834176091,44.4977594637769,0.132106568620079
"esferico","MCP",0,1.56942085443289,44.2921658734174,2631.67818653047
"gaussiano","MCO",0.222891814185624,1.34050451731232,21.7366036321358,0.139751182108863
"gaussiano","MCP",0.163709412078556,1.40709491281394,21.2419866216989,2768.17254446276
"exponencial","MCO",0,3.06537576918949,24.896927188354,0.954897287597974
"exponencial","MCP",0,3.07708665064155,22.8659500802079,15205.0287422608
"esferico","MCO",0,2.98649036600503,59.6834872785762,0.33576936956963
"esferico","MCP",0,3.01354568206206,59.585492946242,6036.36268603591
"gaussiano","MCO",0.321681899985588,2.66760358408219,28.4843642255866,0.350594003741748
"gaussiano","MCP",0.276026594400203,2.74094195182599,28.4346205857383,6434.38074546367
"exponencial","MCO",0,945.88676082504,32.4311121393397,20725.3649099718
"exponencial","MCP",0,945.744964513113,31.2358588610167,336180342.730356
"esferico","MCO",30.6291343033082,865.432207852671,73.2170146975421,1804.29116440162
"esferico","MCP",41.5236034091558,856.421698840851,74.0403082198587,30293837.1997576
"gaussiano","MCO",153.081773743578,743.683920332262,35.6602310905726,4708.85643797078
"gaussiano","MCP",180.646973437313,719.908085687271,36.8376029772671,64094696.824039
"exponencial","MCO",0,280.188865916567,12.8027439395988,2910.00256327999
"exponencial","MCP",0,281.505640900032,11.8917517608085,44956716.3244433
"esferico","MCO",37.022575140962,241.301568290724,36.2474335272661,1801.0722702186
"esferico","MCP",40.9212571231598,239.432446776436,37.0464304987496,30646567.3740605
"gaussiano","MCO",78.9026349298215,199.528529751571,18.0104768773394,1833.96536367242
"gaussiano","MCP",77.1159603599494,203.277507918007,18.0997049652629,31270131.7984038
"exponencial","MCO",0,3.82523922113292,22.5069864134796,0.581456613698813
"exponencial","MCP",0,3.82880631721286,21.0496067985468,8812.27619215343
"esferico","MCO",0.06863672569642,3.6578108217558,53.9153653076393,0.11907125353046
"esferico","MCP",0,3.74036736665611,53.5791778377236,1969.13449026577
"gaussiano","MCO",0.647504581669671,3.08635126548062,26.786915362282,0.128832148768894
"gaussiano","MCP",0.601661115787345,3.14690280032839,26.6267064164993,2224.04739094027
"exponencial","MCO",34.643231801624,575.14873756372,23.915313412091,2794.87303833792
"exponencial","MCP",18.0672573284851,587.453585184871,22.7573543986824,48552318.4190502
"esferico","MCO",121.618376655517,470.131725860304,62.0679427232685,4893.51401921884
"esferico","MCP",141.87118322366,446.617759305005,63.2175273532711,75413814.7572245
"gaussiano","MCO",190.167300937134,401.855282830499,30.2734609676798,5179.776168198
"gaussiano","MCP",216.800976877636,373.228839341312,31.6989945959432,74566621.8952202
"exponencial","MCO",0,2.32589381535053,23.3917603849666,0.122883400174351
"exponencial","MCP",0,2.31308714546103,21.9195566930326,2004.26800987732
"esferico","MCO",0.0811598387356141,2.16759227551421,54.3408104202052,0.0444098165364283
"esferico","MCP",0.0758902181651166,2.16741379064106,54.0143765969677,850.757319899782
"gaussiano","MCO",0.423335557124525,1.8294552873077,26.9631665260427,0.0524704210955522
"gaussiano","MCP",0.447364699759091,1.80152826270624,27.0689878694648,980.103728582503
"exponencial","MCO",0,390.262408344796,22.5631058180642,20332.3588424047
"exponencial","MCP",0,387.841564195086,19.560467299863,321816136.862043
"esferico","MCO",0,381.358981339694,53.7444890306702,8394.46945094568
"esferico","MCP",0,382.661282282571,52.730662010719,153955354.679235
"gaussiano","MCO",21.8810246599386,359.860709323549,24.8575204721154,7722.22162465972
"gaussiano","MCP",2.62928203206999,380.083645478589,24.0726264599773,149530152.707996
"exponencial","MCO",0,590.171516750497,20.3228160045335,26297.3400456092
"exponencial","MCP",0,588.118664472777,17.9011677986573,357573046.981086
"esferico","MCO",0,578.153736025651,48.543296849655,6791.93192320419
"esferico","MCP",0,579.86632598724,47.6851402900314,111478904.012114
"gaussiano","MCO",49.0273599343325,529.403940679277,22.76690533384,5942.26514859272
"gaussiano","MCP",31.9927481964998,548.291794136015,22.3611076877848,108679069.410188
"exponencial","MCO",0,0.123612804585027,17.457022676255,0.00243749989598506
"exponencial","MCP",0,0.125394140284245,16.2216379345727,41.9396402975755
"esferico","MCO",0.00701338210619807,0.11607814451652,48.8625782595954,0.00165542843915275
"esferico","MCP",0.00307570946202512,0.1220513383903,49.0257001850056,29.5292595957589
"gaussiano","MCO",0.0253679459892336,0.0977223957522192,23.9726538711204,0.00171727421478974
"gaussiano","MCP",0.0219421289066876,0.10316364474218,23.8676222979863,30.7226595052583
"exponencial","MCO",0,2.98652808481121,21.8058027296589,0.662411966311905
"exponencial","MCP",0,3.01643034988465,21.1336366250365,9963.08712690554
"esferico","MCO",0.210271615858916,2.71703190692447,56.3833584490566,0.432417588044456
"esferico","MCP",0.211322412883364,2.74538618925554,57.2697584098876,6570.08032544873
"gaussiano","MCO",0.629998580440972,2.30137924020489,27.8345234440234,0.447975613059889
"gaussiano","MCP",0.670257376160715,2.29292605637186,28.5636732720888,6783.98441453268
"exponencial","MCO",14.684154370777,398.974121454783,80.8135281288993,4320.81014546876
"exponencial","MCP",5.32918973978887,416.305190449202,81.2017659166196,75381143.7269316
"esferico","MCO",25.9939858494075,295.213267140301,122.748679703118,2413.10040178112
"esferico","MCP",18.9893397117403,304.173342304949,123.156840683764,42841869.3634312
"gaussiano","MCO",69.4597624699194,259.925342747374,63.6058363229682,2559.13320709337
"gaussiano","MCP",75.2553150899754,259.287311694998,66.1939043868142,38684779.3627985
"exponencial","MCO",0.304272177549269,308.787522146964,21.261387635415,1786.53456714949
"exponencial","MCP",0,311.391690757164,21.7210602924917,34240199.8520709
"esferico","MCO",71.2676933225024,234.290332261607,66.7714144378136,1927.89380059725
"esferico","MCP",97.6788501798275,210.775006822072,74.1699311458406,29138268.6551827
"gaussiano","MCO",99.8743317877848,204.369919714075,30.8787454309121,2205.27795898854
"gaussiano","MCP",124.703569747349,182.731990812676,34.8883565959434,34397293.9624594
"exponencial","MCO",0,8.87898775726981,11.3772575756696,19.1937620566813
"exponencial","MCP",0,9.02203166772597,10.0673827104577,299585.971583728
"esferico","MCO",0.251327258904098,8.6156875667211,31.7134392490441,16.040076965208
"esferico","MCP",0.0141454680896633,9.01416104420177,32.1639485717402,264065.316278128
"gaussiano","MCO",1.90383219879359,6.9729975507727,16.0451746608742,16.2841192525966
"gaussiano","MCP",1.62898698622638,7.4070102710028,16.0851840071355,267251.611826842
"exponencial","MCO",0,199.917644432768,23.4535534749009,7060.66826437318
"exponencial","MCP",0,202.357606029341,21.5486253341795,111027595.811107
"esferico","MCO",0,196.489100562869,58.6422879666296,3682.2188373039
"esferico","MCP",0,199.740836660739,58.8470139646411,62774568.8593164
"gaussiano","MCO",16.629429697714,179.921273308681,27.4669449476693,3692.46673620516
"gaussiano","MCP",13.6426518794492,186.180130076333,27.6456715732359,64265036.5486712
"exponencial","MCO",0,1.62446111678641,13.7819035825193,0.126816790678797
"exponencial","MCP",0,1.63619343347484,13.0533126652693,1951.81689749026
"esferico","MCO",0.1757420814178,1.43189068228604,37.0842352499477,0.106273669607831
"esferico","MCP",0.268986991745418,1.35447552233304,39.1821990611203,1793.05912691792
"gaussiano","MCO",0.413139440225501,1.1945846033405,18.2400146023464,0.103991378058489
"gaussiano","MCP",0.476919500063414,1.14751841091456,19.267216436202,1768.81837386781
"exponencial","MCO",0,693.235716636511,27.9671865545281,16906.675755415
"exponencial","MCP",0,690.424661856085,26.0516150923111,247434272.400076
"esferico","MCO",0,663.332245433921,62.2329254029705,1711.58700156197
"esferico","MCP",0,663.813769437677,61.979315064552,27957152.3632418
"gaussiano","MCO",90.3884132775753,573.990191954941,30.3435283721203,1683.24410341947
"gaussiano","MCP",90.9906118405089,574.297629188908,30.3919344749394,28291112.2585015
"exponencial","MCO",0,0.759977122791303,22.5385112762338,0.0125768641161284
"exponencial","MCP",0,0.761737269369798,22.314505834995,220.151502412343
"esferico","MCO",0.126424942008417,0.617333042141596,62.4430742138129,0.00459144909151857
"esferico","MCP",0.110202215425859,0.633244551613461,61.3897420630904,79.8188431289597
"gaussiano","MCO",0.220856542435999,0.524323757147867,30.9510848104322,0.00543565072096267
"gaussiano","MCP",0.218710985787763,0.526589958469514,30.8000942610232,97.8961332034963
"exponencial","MCO",0,282.142703346159,19.7298381463724,12309.6587819012
"exponencial","MCP",0,286.453748313887,18.6434889049672,211117507.464988
"esferico","MCO",14.5044901538107,265.439844470766,54.0492608180505,8081.59359118249
"esferico","MCP",6.61297573655355,278.062511989665,54.3488639052181,142342852.511818
"gaussiano","MCO",55.0431158737548,224.953353771631,26.4206487675203,8415.75464269522
"gaussiano","MCP",50.2287477326264,234.549311849173,26.5713384554182,149086647.543045
"exponencial","MCO",27.721605746724,204.54096039116,61.2456786783508,2836.79694618695
"exponencial","MCP",30.2010380185563,213.30391974668,69.0500674754959,51635363.2832247
"esferico","MCO",39.5809687254348,162.00514719283,114.213777640107,2134.10872601209
"esferico","MCP",40.1890858323352,162.87270723825,116.988354319974,38500510.4636664
"gaussiano","MCO",64.8910042754572,140.636994595962,59.6440721852681,2619.22952207522
"gaussiano","MCP",72.7587517588121,137.078934365401,64.3754481367478,41114588.0212043
"exponencial","MCO",13.7174440480247,530.572971237377,46.2205064212715,7813.0971339452
"exponencial","MCP",15.1753273506224,518.643846710761,44.1027557862611,136008861.427549
"esferico","MCO",52.2619325077052,430.913326106931,91.0612007008064,14744.3659229962
"esferico","MCP",65.5539051869308,410.104305601828,89.8288690604032,236200537.849403
"gaussiano","MCO",108.314880129482,374.92582867449,43.815638780265,14654.5445927508
"gaussiano","MCP",134.974961271199,344.968473100533,45.814650959549,220567367.856787
"exponencial","MCO",0,346.835445275966,18.4568886240479,10084.4513275414
"exponencial","MCP",0,350.970967292604,17.7584118815334,163976972.249935
"esferico","MCO",38.4948675959264,305.141732728524,52.1023304956397,6804.2780558412
"esferico","MCP",39.7153840976084,308.239916113673,53.1205425168072,111190739.703184
"gaussiano","MCO",84.1565427832131,259.305990558125,25.2710403519316,7101.9822262733
"gaussiano","MCP",86.3280142221967,261.664215001773,25.8364412726963,116862604.583444
"exponencial","MCO",0,523.89131483781,40.7110591654037,8986.82221874793
"exponencial","MCP",0,531.271214398741,42.0381698019677,160683071.489149
"esferico","MCO",59.7957861387552,431.955187978657,99.3985057775118,6931.85708238428
"esferico","MCP",80.6163606479938,414.193028872104,103.345074922773,108231154.729495
"gaussiano","MCO",115.369753301474,373.924117177957,47.081841039145,10773.9300478411
"gaussiano","MCP",150.823511366923,346.584591889518,52.0436092018926,154072548.865275
"exponencial","MCO",0,3.07295373600988,23.0755954439875,4.27156328926497
"exponencial","MCP",0,3.16528175677733,21.7331456031967,68991.7558252348
"esferico","MCO",0,3.05588233781471,61.6291753320537,3.16103242977319
"esferico","MCP",0,3.15542793571239,63.0200309942583,52178.0557784914
"gaussiano","MCO",0.228225492004268,2.82600484919744,28.5592367284375,3.17128710602813
"gaussiano","MCP",0.158436877719754,2.99315223557877,29.0750964857206,52805.4294425847
"exponencial","MCO",0,2.22852339174393,32.436855155637,0.0132268712369565
"exponencial","MCP",0,2.22689871478729,31.9705325293696,199.234351729681
"esferico","MCO",0.217980725008798,1.89238785326877,77.0981826198682,0.0278471274076332
"esferico","MCP",0.323564140942113,1.78774725859689,80.4251923034201,380.640845258044
"gaussiano","MCO",0.477172085522989,1.63321036179304,37.2613858066293,0.0419041104748321
"gaussiano","MCP",0.604627133315833,1.51247120248819,39.8494658409117,410.970163971986
"exponencial","MCO",0,543.433777887675,25.1887064660127,36358.5134966492
"exponencial","MCP",0,547.565238025547,23.3008388552994,577398092.046449
"esferico","MCO",0,530.573676234334,61.3048172131224,15449.7829091816
"esferico","MCP",0,537.17773802449,61.5508607769818,271646692.435778
"gaussiano","MCO",53.7408394130677,476.761138414147,28.9294171986612,15698.7748551005
"gaussiano","MCP",48.1639686762337,488.974811624861,29.093279093855,281421981.284336
"exponencial","MCO",0,224.790566183743,20.713065701466,916.331245677507
"exponencial","MCP",0,224.715357862624,20.6246121500576,15616315.3665521
"esferico","MCO",36.1851814728836,183.151049607153,55.3126110916589,1397.30517414492
"esferico","MCP",55.8734536269688,163.732550853857,60.420347597698,23066979.906639
"gaussiano","MCO",62.4238684264096,156.801940450748,26.6566601696961,1407.18003543295
"gaussiano","MCP",81.0531763427455,138.779767110362,29.7010149991088,22729211.1831121
"exponencial","MCO",0,2.32025787443025,39.564366782371,0.16010141642244
"exponencial","MCP",0,2.30431772517154,37.3564599334599,2216.93066288513
"esferico","MCO",0,2.12722053019769,79.7550431185146,0.0203009301692719
"esferico","MCP",0,2.12508783654827,79.1178513123083,303.102397579207
"gaussiano","MCO",0.223631273644625,1.90176140305413,37.5795931141387,0.0150914487251731
"gaussiano","MCP",0.26819295193124,1.86052039762117,38.3160931448321,217.8259497575
"exponencial","MCO",0,26.3088511775638,17.3132337020397,20.175507179636
"exponencial","MCP",0,26.2163020101388,15.9068865783872,303036.822806631
"esferico","MCO",1.54604586769508,24.3248299692715,43.75774903146,8.59663353607616
"esferico","MCP",1.93404814589242,23.951527259158,44.219253739695,148850.130084762
"gaussiano","MCO",5.55129838826531,20.3469798968726,21.6905626348373,8.88530975992855
"gaussiano","MCP",5.73425650738696,20.1821577311439,21.8118939023594,154057.888879264
"exponencial","MCO",0,395.5607026465,26.6135923470089,56692.1301170613
"exponencial","MCP",0,403.355849203103,24.3427008719158,915204454.382917
"esferico","MCO",0,388.126120865944,65.9977866920399,34802.1071177109
"esferico","MCP",0,397.901644010464,65.7332781962113,588620038.10652
"gaussiano","MCO",2.2844649142477,386.796581670599,29.8682500893028,32463.6985217139
"gaussiano","MCP",0,398.828385341749,30.2680050204739,568735153.354681
"exponencial","MCO",0,1.49347686393815,19.3026028165992,0.0410295415624679
"exponencial","MCP",0,1.49006624590952,18.2609223950812,729.923497045963
"esferico","MCO",0.168807440431451,1.29846330979767,51.3146523960848,0.0120571186523895
"esferico","MCP",0.184527359213069,1.28281979928314,51.7149033447633,236.839040124894
"gaussiano","MCO",0.368142361924632,1.09946890811805,25.1162860550319,0.0144040303749929
"gaussiano","MCP",0.381044394970941,1.08701235055517,25.2882277653828,278.854034624583
"exponencial","MCO",0,308.125329845127,20.0270544227445,14999.541060001
"exponencial","MCP",0,313.079938470701,18.9840158170497,239136295.329553
"esferico","MCO",9.85516892609251,295.044623905166,53.2338939476866,10473.0145509572
"esferico","MCP",9.70198687506202,300.515146764437,54.3589858504776,172419125.976885
"gaussiano","MCO",53.9288703579403,250.832921732553,25.8267219222975,10816.7076543671
"gaussiano","MCP",56.5321408369979,253.829484871058,26.5784650825266,178898187.629659
"exponencial","MCO",0,259.062703503145,15.1495568591846,5999.87482473389
"exponencial","MCP",0,261.554869589051,13.9886668741509,95818505.1877438
"esferico","MCO",16.4685034670173,240.590148577543,41.0648947277725,4155.5502082645
"esferico","MCP",20.5466738909056,239.641175955602,42.1546084847761,72143066.6510049
"gaussiano","MCO",55.7835219693383,201.34074359178,20.1883349296209,4230.88444203887
"gaussiano","MCP",57.1251938868456,203.239842396201,20.6095991894284,73533240.1546543
"exponencial","MCO",0,342.628268854013,27.3506666567094,8264.86792615338
"exponencial","MCP",0,339.245449267342,24.4910396714163,118595067.352693
"esferico","MCO",0,327.641332353937,59.6914565423269,2495.21712129299
"esferico","MCP",0,327.2359568465,58.2565470386636,38335629.5927247
"gaussiano","MCO",22.3112672644672,305.681217911245,27.7917233940468,1919.02272936361
"gaussiano","MCP",15.5639192172292,312.169813278935,27.3137046506492,34266101.7878715
"exponencial","MCO",4.82725578233314,28.8030191895771,23.1222121724252,28.3542040022135
"exponencial","MCP",3.69115740994934,30.2029106238816,22.9987462037817,537506.155154286
"esferico","MCO",11.0148210241788,22.2861118961701,71.9197981606385,19.3772372957842
"esferico","MCP",12.2623036563683,21.2799838987083,75.6542075124239,310349.990962539
"gaussiano","MCO",14.0896165534802,19.1528101259314,34.4011667369682,25.9303677088265
"gaussiano","MCP",15.6814206898521,17.8696042901739,37.1969205632939,401585.084938603
"exponencial","MCO",0,540.392182381526,26.3459718961551,65714.1982337866
"exponencial","MCP",0,547.618515621054,24.2294232481159,1057906900.21108
"esferico","MCO",0,528.534918237221,64.6393043973861,34259.2213995245
"esferico","MCP",0,538.323351728763,64.4868095748525,586055678.593981
"gaussiano","MCO",28.1609973318347,500.968534796432,29.8364423655344,32911.2314189916
"gaussiano","MCP",9.25755036912098,529.490002453777,29.6753869418383,576849489.451481
"exponencial","MCO",0,2.99981298294455,59.0434321648618,0.608424548350107
"exponencial","MCP",0,2.93004179776862,54.3401616636396,10138.6305638622
"esferico","MCO",0,2.48269609005698,95.1094236099037,0.372224023078651
"esferico","MCP",0,2.47211304282521,92.9937515359328,5745.7936266386
"gaussiano","MCO",0.132502213449064,2.36393512796677,44.46483337163,0.26925163682839
"gaussiano","MCP",0.0957838157935503,2.39369506003954,43.8475885605015,4222.97423723093
"exponencial","MCO",0,1.71896778555484,19.5905465062811,1.41223112935895
"exponencial","MCP",0,1.7638211347833,17.5404854735297,23299.3184083355
"esferico","MCO",0,1.71779581038939,53.4026790398437,1.03795817542576
"esferico","MCP",0,1.767630602508,53.4976406635087,18216.9012762342
"gaussiano","MCO",0.0505363661583603,1.66677178053893,24.0755937869412,1.01872646102751
"gaussiano","MCP",0,1.76692694741467,24.2409937229784,18176.9677194574
"exponencial","MCO",0,2.20115077321904,28.786129486856,0.227354614949021
"exponencial","MCP",0,2.22044460177048,28.5191582289689,3692.69589850112
"esferico","MCO",0.180581845566059,1.94582543994779,72.6364665343485,0.152898176791352
"esferico","MCP",0.293239546566396,1.85477983937873,76.9563411444054,2498.88739659446
"gaussiano","MCO",0.438811779445395,1.68293691044452,34.585421245381,0.171169905080189
"gaussiano","MCP",0.563369453555991,1.58382240871085,37.3054269212512,2707.51254840838
"exponencial","MCO",0,350.061256751063,22.697646413051,19027.4376936358
"exponencial","MCP",0,354.427174704896,21.1042811066324,310340125.743395
"esferico","MCO",0,344.5725761701,57.3461123049863,10223.2262847702
"esferico","MCP",0,350.024155519608,57.9426276684212,178318550.338927
"gaussiano","MCO",43.7876121147634,301.077611731996,27.6996686673823,10720.3804047851
"gaussiano","MCP",39.0347472047307,311.332551842835,27.878914460091,187832956.750346
"exponencial","MCO",0,3.41307665376568,23.6724225810387,4.60873268165861
"exponencial","MCP",0,3.51183527529416,22.6168525123924,76082.3491184765
"esferico","MCO",0,3.39299925504532,63.4404805502152,3.33851826110092
"esferico","MCP",0,3.49375757902722,64.7146432427775,55400.2384709135
"gaussiano","MCO",0.383565829794794,3.00690816306973,30.0780953378197,3.40481119983095
"gaussiano","MCP",0.270301190266316,3.22158715838738,30.3516825683688,56804.067212688
"exponencial","MCO",0,486.943822207195,70.2411238950962,3109.4254597531
"exponencial","MCP",0,489.279963681942,70.0021102813218,55224377.8905745
"esferico","MCO",0.170662514274694,388.518656309067,110.045133765682,560.006324631752
"esferico","MCP",0,388.607859989662,109.964775147028,8700747.26293874
"gaussiano","MCO",53.0153713620753,339.123315940039,54.4979015859701,457.038095812933
"gaussiano","MCP",58.2634059527737,335.00479897565,55.3126646653891,5736710.12694022
"exponencial","MCO",0,548.859848270086,19.3548985881985,64751.0202108247
"exponencial","MCP",0,556.136495951995,17.5039671633892,1113283338.4078
"esferico","MCO",0,546.399378220544,52.0596578734456,40523.115537734
"esferico","MCP",0,555.770111369099,52.6652297382437,759478159.668374
"gaussiano","MCO",67.3571351778892,478.131386925005,24.6164583070361,41995.3644678856
"gaussiano","MCP",53.9232484010406,500.874671248974,24.5883488069584,789631713.922818
"exponencial","MCO",4.21638215967786,71.3047958289421,28.0355610990594,56.9182753902228
"exponencial","MCP",7.85240086207905,68.4054253271332,30.3900276367497,981491.257557943
"esferico","MCO",18.2952586153176,55.4426232335229,81.786367473353,124.724387348635
"esferico","MCP",25.4796543300787,48.7819582845961,91.4334769305274,1388462.32190305
"gaussiano","MCO",24.0970807887648,48.8837488972703,36.3786479006054,160.336723058373
"gaussiano","MCP",32.6143253533946,41.4929347037848,44.0899614962238,1885177.16785988
"exponencial","MCO",0,385.256801351413,46.725187557338,694.887501854847
"exponencial","MCP",0,384.86319375431,46.2216565153579,10206404.857619
"esferico","MCO",27.7635010723012,320.390805333871,99.6273642340933,1100.68982656649
"esferico","MCP",44.5889143393178,304.437710007552,103.533770447419,15235080.2075265
"gaussiano","MCO",65.8546577092425,279.724816536673,46.3836769081969,1952.56677336899
"gaussiano","MCP",87.5518324936598,260.379751577507,49.8130505233135,23205148.5457667
"exponencial","MCO",0,895.564749736026,66.0927525231913,3077.30231052648
"exponencial","MCP",0,898.808419613259,66.1607893978647,48796588.6545115
"esferico","MCO",31.3778745332172,708.814605454015,114.952377274994,1086.43196109232
"esferico","MCP",45.7361003907675,695.61900063652,116.758823815626,13100930.5692232
"gaussiano","MCO",122.720562566701,617.370516019875,55.3991127101235,5925.29881617755
"gaussiano","MCP",157.273901260301,589.45062440584,58.4883222946293,57545225.0158832
"exponencial","MCO",0,297.791826309337,15.5752405627598,13816.8154220579
"exponencial","MCP",0,302.047826631403,14.3045180655004,227843713.012827
"esferico","MCO",13.125599326461,283.16686877351,42.8317189722491,10246.2729308576
"esferico","MCP",15.7656146202496,285.55818318683,44.0583891998064,179340020.663235
"gaussiano","MCO",58.8440058020039,237.502276781572,21.006692382571,10459.6332707796
"gaussiano","MCP",58.9423895806098,242.486831225095,21.4383447582398,183253119.581916
"exponencial","MCO",0,30.7268641370943,13.772821684182,21.9215634380989
"exponencial","MCP",0,30.7003779434847,13.5712685525543,416735.696371307
"esferico","MCO",5.60565200217241,24.7157530982409,37.9611065274804,25.1091284084254
"esferico","MCP",6.83570012869319,23.4742878996393,39.0025732585404,481517.948678598
"gaussiano","MCO",9.82516748713598,20.5129239040146,18.8719427519445,24.3843483191874
"gaussiano","MCP",10.7997212171224,19.5441729819433,19.5323339641038,471296.633266264
"exponencial","MCO",0,1017.46382737284,23.9928779084632,247345.451990611
"exponencial","MCP",0,1033.10218538221,21.9689050746909,3919661078.41857
"esferico","MCO",0,1001.23638104607,60.3017931589249,140976.508584617
"esferico","MCP",0,1021.07570801297,60.3066541327189,2389251209.47438
"gaussiano","MCO",58.0637819195421,943.868897243942,27.8725901156896,137781.026587913
"gaussiano","MCP",33.222045158723,988.511975913563,27.9543111307641,2392820921.56828
"exponencial","MCO",0,91.2349440608261,16.5028890645866,1204.54708582489
"exponencial","MCP",0,92.9458451156698,16.5818083173157,19587173.4752611
"esferico","MCO",17.2604360963209,73.4532315035399,50.7490959316865,1096.10787411517
"esferico","MCP",20.7373496843743,71.6494722791578,54.0900527021719,17761643.0943304
"gaussiano","MCO",28.0940996166577,62.5509484410932,24.499896298858,1104.81663497426
"gaussiano","MCP",31.2788853788437,61.1169992279041,26.2325996887011,17946919.8655039
"exponencial","MCO",0,507.927939696327,54.20625915485,7409.95907523847
"exponencial","MCP",0,509.394435717718,53.2927777012796,124310730.484031
"esferico","MCO",0,438.425018846018,97.5089629866037,821.676248280749
"esferico","MCP",0,439.500876069123,97.6764356314143,15788614.0684095
"gaussiano","MCO",52.82996048904,387.462773559547,47.3700043611449,1693.04174289221
"gaussiano","MCP",62.9485481467118,380.201664513417,48.716753159106,26799238.646722
"exponencial","MCO",0,1.22283449385484,25.7508250485879,0.152277349083798
"exponencial","MCP",0,1.23850883536449,24.9571708407123,2448.95293294521
"esferico","MCO",0.043057796283966,1.14995542531896,64.6063999807561,0.080802099094243
"esferico","MCP",0.00906083045579765,1.19901210444606,64.6449251907864,1289.33351625223
"gaussiano","MCO",0.212120273731987,0.982471791647341,31.6702220396524,0.0834992116345489
"gaussiano","MCP",0.201778573861874,1.00863266054116,31.987487470211,1355.22005527844
"exponencial","MCO",0,560.592578556999,35.8970873229757,9615.45644888653
"exponencial","MCP",0,549.905622810389,33.6381328466815,157090612.944421
"esferico","MCO",0,508.878799758707,66.3798452127258,17502.5359116648
"esferico","MCP",166.684087950045,374.893732986894,111.773051804631,311206230.597639
"gaussiano","MCO",64.1073475141824,444.907710236339,31.8055815066319,16493.8607159272
"gaussiano","MCP",105.169087716527,400.572614086664,34.2455196277676,285722163.798102
"exponencial","MCO",0,3.51133109205088,99.625745806751,0.383593634770494
"exponencial","MCP",0,3.6466649485435,104.476017920853,6841.06716015151
"esferico","MCO",0,2.42245495124546,123.047067153278,0.196291819441086
"esferico","MCP",0,2.44420375070587,124.774696873917,3722.56282931965
"gaussiano","MCO",0.240240732261011,2.2347235483739,61.0020722745486,0.153889445393727
"gaussiano","MCP",0.254875382963145,2.25035662651117,62.3654460977499,2721.72035898626
"exponencial","MCO",0,4.90973232691305,34.6236235499944,1.82787384685867
"exponencial","MCP",0,4.92422542934169,32.8332261034541,28436.8883217353
"esferico","MCO",0,4.6216022272294,74.810108160113,0.452207894389387
"esferico","MCP",0,4.65136847484081,74.4662715464871,7105.16108036074
"gaussiano","MCO",0.462497774640286,4.17029105936011,35.7119341062694,0.393645773479058
"gaussiano","MCP",0.384065009521371,4.2803430085264,35.5488088047267,6275.37573705413
"exponencial","MCO",0,2.12259901163171,27.6363315072911,0.845314002789731
"exponencial","MCP",0,2.15250275073259,25.9555797895178,13321.9280619637
"esferico","MCO",0,2.06507932051643,66.6710634354506,0.432885975809712
"esferico","MCP",0,2.10097738967908,66.883675013133,7071.4642775088
"gaussiano","MCO",0.167036156422966,1.90109512163068,31.3472641273751,0.430329386007875
"gaussiano","MCP",0.122808798118193,1.98167617020785,31.4707199344536,7142.02367815025
"exponencial","MCO",0,225.447851347179,26.9915889534477,3571.86808342658
"exponencial","MCP",0,228.107819400189,26.9425549941646,57731945.5188397
"esferico","MCO",21.803286585231,197.433083781082,70.6053825105062,2863.72446196577
"esferico","MCP",36.9352479594512,185.504607450843,76.7230671136788,46451124.6277012
"gaussiano","MCO",47.4459085827354,171.184933135412,33.3868381832798,2992.54867954938
"gaussiano","MCP",61.4775384349607,160.38350683853,36.4648987464704,48226636.4517053
"exponencial","MCO",0,289.940225205779,26.8338207649631,12755.5453799551
"exponencial","MCP",0,294.646513148417,25.9544929480423,204818184.988285
"esferico","MCO",0.518126484197437,282.355873740095,66.1884473322671,7466.34518514737
"esferico","MCP",0,287.694895019628,67.5059769019892,120989577.966298
"gaussiano","MCO",41.3459765517085,241.723281917164,32.2654463246471,7766.52012023456
"gaussiano","MCP",41.0757097806128,246.96884614974,32.9555938132985,127197363.011307
"exponencial","MCO",0,0.861967283961503,24.581124840914,0.0278325797533725
"exponencial","MCP",0,0.861381532246958,23.0316884078732,440.005349155692
"esferico","MCO",0.0214904806088906,0.81553346433499,59.1171247492582,0.00646796202218476
"esferico","MCP",0.0378558178436367,0.802495683877565,60.2379353801357,117.697228658001
"gaussiano","MCO",0.141443914073867,0.69556617020764,28.7594967655625,0.00878489298443234
"gaussiano","MCP",0.164011126927269,0.676996735727892,29.5850254485239,154.67931907669
"exponencial","MCO",0,305.892353557173,27.093356126592,12096.3932903791
"exponencial","MCP",0,311.730520127429,27.1016223306369,203778467.625674
"esferico","MCO",23.6640218008393,275.659425738402,71.7658623829888,7687.03008339404
"esferico","MCP",19.3378334094686,285.04689703895,72.9679933168429,125281702.35712
"gaussiano","MCO",63.1551334798598,236.273376769273,34.9506809742383,8240.78424343629
"gaussiano","MCP",65.2540516441366,239.493018328243,36.0149727303776,135966963.85146
"exponencial","MCO",0,26.6542963886208,13.1636068752177,24.3578853016348
"exponencial","MCP",0,26.5939110119984,12.1741647231927,390564.261229592
"esferico","MCO",3.72598730528786,22.692713082015,36.6527692980432,18.0600564352073
"esferico","MCP",4.23570711432392,22.2024121151191,37.1414650287533,307557.660893358
"gaussiano","MCO",7.65040598785323,18.7803061915566,18.2220986180173,18.0206901354612
"gaussiano","MCP",7.65814699859511,18.7887839011973,18.2330687474339,308373.461661323
"exponencial","MCO",0.0162836076824115,0.0639116538589157,31.5608943916269,0.00184251454096772
"exponencial","MCP",0,0.0772889925386299,16.744780457989,19.9613750162902
"esferico","MCO",0.000661910772155179,0.0746926531456178,48.0121951369001,0.000960386655476997
"esferico","MCP",0.00102365210050747,0.0759763934879948,49.6284513325567,15.5843797317568
"gaussiano","MCO",0.0124021758190971,0.0629254625813629,23.4558359763994,0.000976565620188143
"gaussiano","MCP",0.0121486268439977,0.0648167284262127,23.9845847970292,15.8979734651825
"exponencial","MCO",0,254.482463933762,39.7318096558283,2442.48532750203
"exponencial","MCP",0,255.376689572316,38.7110668115401,37532557.2605775
"esferico","MCO",0.0602891687594656,234.485265983689,82.0963449551176,471.536530735029
"esferico","MCP",0,235.34440466716,82.390542677229,6981331.20831312
"gaussiano","MCO",32.7438447661254,202.417692875197,40.1902187578835,502.220296118079
"gaussiano","MCP",35.41023112839,200.955686626601,40.8566814673852,7327355.03030296
"exponencial","MCO",0,1.00930254553855,19.2588332441064,0.0388141660131499
"exponencial","MCP",0,1.008813297058,17.7103926817218,586.113730558932
"esferico","MCO",0.0277708618421362,0.963089176232126,47.7752866906187,0.0132687887961305
"esferico","MCP",0.0546200047291024,0.940457628865595,48.9406537666301,255.050362492882
"gaussiano","MCO",0.178379910655838,0.812720806759225,23.4166982670494,0.0141359334260316
"gaussiano","MCP",0.197726773768821,0.797803752846136,23.9160104029762,269.348413002392
"exponencial","MCO",0,1.80775287832542,13.5461434643997,0.496341925380291
"exponencial","MCP",0,1.83593785392065,12.6230525714898,8014.93201815782
"esferico","MCO",0.191830657406858,1.61001425753634,39.2329052419071,0.408710615196641
"esferico","MCP",0.216201056010954,1.61716935959966,40.6960517929527,6807.90395670192
"gaussiano","MCO",0.454646649165353,1.34662561011838,19.2022821050377,0.413270248933573
"gaussiano","MCP",0.438418557799985,1.3944050682795,19.5210911797849,6901.57812545197
"exponencial","MCO",0,229.076376239271,24.8533080478158,5902.15361155196
"exponencial","MCP",0,230.455715138641,22.8828371542803,83139159.6107817
"esferico","MCO",0,222.666723829027,58.6303148381793,2496.36909102507
"esferico","MCP",0,224.911062985664,58.265670538403,37706026.9810882
"gaussiano","MCO",18.2190249430276,204.672148682404,27.5191238434648,2355.26153774977
"gaussiano","MCP",15.0916517601139,210.136140272547,27.5290450041117,36877228.8970397
"exponencial","MCO",0,1.75569211412613,32.9441631518765,0.414005729934928
"exponencial","MCP",0,1.77233383265546,31.2751592170455,6431.25737138204
"esferico","MCO",0,1.67521993207358,74.7180410188764,0.175559727954976
"esferico","MCP",0,1.69773040448889,74.9683799509734,2827.1054625971
"gaussiano","MCO",0.125550991594083,1.5495970859638,34.7248650300414,0.171652885152895
"gaussiano","MCP",0.125057943455996,1.57398989411053,35.3178412143151,2874.92743076944
"exponencial","MCO",0,484.847643962948,33.3573733260757,20411.3179897754
"exponencial","MCP",0,486.915570396579,31.5282987603311,297625324.75554
"esferico","MCO",0,459.371004122194,73.5828610080241,6349.78551869791
"esferico","MCP",0,463.235355637842,73.4685399662733,94868166.3027967
"gaussiano","MCO",38.0074345390754,421.399325431789,34.3685031313718,5945.0036317829
"gaussiano","MCP",41.0376128230796,422.828634876599,34.94796900282,94293871.579005
"exponencial","MCO",0,2.13654424450634,19.1166455503616,0.210453699097872
"exponencial","MCP",0,2.15003477913827,18.240343311704,3097.07854023604
"esferico","MCO",0.154366549504451,1.94600101434282,49.4087566366043,0.117700260340567
"esferico","MCP",0.153886800623555,1.96215320455057,49.9523005138448,1809.14912109725
"gaussiano","MCO",0.468773596358805,1.63409184031886,24.5350853645706,0.122159297708385
"gaussiano","MCP",0.486437314432929,1.63327926721625,24.9576776141438,1868.3167962181
"exponencial","MCO",0.0352635664569341,2.31724929002537,76.6426247458562,0.0658168313943123
"exponencial","MCP",0.124111775781521,2.29122124273111,84.5804501473356,1179.00032817862
"esferico","MCO",0.214348524306632,1.75470736150796,144.367952569035,0.113384802210543
"esferico","MCP",0.340686402093203,1.6815087984305,158.035044660144,1669.13355296576
"gaussiano","MCO",0.391246645670494,1.48411512503474,62.0549080674543,0.203794929822477
"gaussiano","MCP",0.56458938273462,1.36884931065335,71.2642158345061,2762.67012374272
"exponencial","MCO",0,4.73681299827394,42.2328715270284,1.50836044285182
"exponencial","MCP",0,4.80392106147663,42.4141952903576,23665.5242688901
"esferico","MCO",0.0869457821927177,4.28463133540034,90.4106517707866,0.710811311591763
"esferico","MCP",0.112481135351462,4.30237595637445,92.0888940199686,11039.4578759592
"gaussiano","MCO",0.655090073582743,3.71382038041148,43.5194995791551,0.838309600906488
"gaussiano","MCP",0.782505722590218,3.6417112203381,45.4157132036208,12856.0215208601
"exponencial","MCO",0,2.8492615290435,35.5080087113672,0.144151258575191
"exponencial","MCP",0.0302631255057728,2.84134145670163,36.6548256118928,2187.96150314928
"esferico","MCO",0.430985427525774,2.28582394268783,93.065818412852,0.208023980196173
"esferico","MCP",0.657808334943394,2.08721129812157,102.189426850769,2635.6592306773
"gaussiano","MCO",0.692955904952345,1.99939725060239,42.646347534433,0.263816832195701
"gaussiano","MCP",0.931321148122205,1.79537244462237,48.1504802687914,3223.64184063115
"exponencial","MCO",0,376.416937854791,20.9819314982325,9375.4323399574
"exponencial","MCP",0,378.490807068238,19.5807072325507,139967824.546992
"esferico","MCO",7.53464515858412,362.152866887221,52.6950049490547,4083.71320230604
"esferico","MCP",10.5633534511129,362.286784229296,53.5244553637663,65796176.2694903
"gaussiano","MCO",61.6937814915014,307.886954825051,25.5954878432586,4409.81857323022
"gaussiano","MCP",65.7552844557818,307.252428624981,26.1057840006919,71915827.9490322
"exponencial","MCO",0,2.3902311994076,27.6190916571485,0.547468882190902
"exponencial","MCP",0,2.3978024824669,25.4654400026646,7856.24675082459
"esferico","MCO",0,2.3056458986511,63.6925342221645,0.168295034667211
"esferico","MCP",0,2.3247586973031,63.1469385518069,2529.49860115014
"gaussiano","MCO",0.177714524783293,2.12944089436123,29.7238972570943,0.148246868857057
"gaussiano","MCP",0.141891004209907,2.18524994436826,29.6512302480699,2366.88272051268
"exponencial","MCO",0,1.04797462950134,30.4201537306006,0.088200043259254
"exponencial","MCP",0,1.05052207576221,28.4530555262786,1254.27402897743
"esferico","MCO",0,1.0005351874254,68.0962595871299,0.0254773948163592
"esferico","MCP",0,1.00745155666183,67.7816645003492,366.480657224056
"gaussiano","MCO",0.0877032285415408,0.913771199053103,32.0349054063667,0.0242040428409849
"gaussiano","MCP",0.0916205977887546,0.917967462666232,32.4228682175585,371.870282706191
"exponencial","MCO",0,98.1018901086593,18.3529101015743,995.237609229202
"exponencial","MCP",0,99.4948639266809,17.8924279915726,16821370.1858585
"esferico","MCO",11.5949328633256,85.5120983023911,51.7809144011707,806.312237835376
"esferico","MCP",15.3439743281463,83.2683848499222,54.7583550851453,13948395.6266535
"gaussiano","MCO",24.3413855915911,72.7313647124314,25.124719569367,815.931081552679
"gaussiano","MCP",27.6645825400175,70.9790971818136,26.6164759485437,14115916.3155423
"exponencial","MCO",0,449.228658454817,18.8923137998965,45139.6943039938
"exponencial","MCP",0,456.599193858783,17.473714906775,783116083.877839
"esferico","MCO",5.95988267562922,441.105910097559,51.3869176726053,33060.5866273634
"esferico","MCP",13.2247719200273,442.631224509345,53.1705030097235,607098032.274396
"gaussiano","MCO",69.3305266802062,376.891940920584,24.5657473671288,33838.1433396837
"gaussiano","MCP",73.8170849929573,381.371806271164,25.3244595539704,624421662.016913
"exponencial","MCO",0,202.193939904436,19.5259096879788,2014.63144336169
"exponencial","MCP",0,203.481527293329,18.548381172749,33585395.8318489
"esferico","MCO",16.7586198221999,182.532189523671,52.152058783406,984.11567769356
"esferico","MCP",18.0622265011474,182.866729449067,53.0568427832895,17779196.2515677
"gaussiano","MCO",44.5860200381087,154.75428673648,25.4973832313431,1033.54254619989
"gaussiano","MCP",46.2179959581778,154.857186731655,25.97737711243,18673855.5488606
"exponencial","MCO",0,173.055216421229,22.1239152986524,10376.907164067
"exponencial","MCP",0,177.502423613029,20.9272658507629,162035040.133948
"esferico","MCO",0,171.40611240439,57.9172025074296,7776.72040228468
"esferico","MCP",0,176.132798939803,59.33796087126,124780127.772564
"gaussiano","MCO",17.8469652973858,153.556082622615,27.3985320911665,7861.4028772085
"gaussiano","MCP",17.7120734877592,158.443124658892,28.2330193348634,126876830.238649
"exponencial","MCO",0,179.6592512272,17.5203850702122,4309.22624075438
"exponencial","MCP",0,182.588325233621,16.911539668989,73026559.3648291
"esferico","MCO",21.0827879830529,157.473809689093,50.8087462356392,3495.03932857578
"esferico","MCP",28.0037490280298,153.773584401073,53.7392426811361,59985642.4024558
"gaussiano","MCO",43.7727050896684,134.530352398444,24.3401552201867,3550.50240499458
"gaussiano","MCP",49.3579778172454,132.278337481946,25.7356213433935,61349767.6677585
"exponencial","MCO",0,587.667676422587,33.4828133229361,10878.9979722945
"exponencial","MCP",0,578.059399804109,30.8715468062769,157794628.548565
"esferico","MCO",0,546.70106290253,68.0826006512504,8455.97935710376
"esferico","MCP",5.01993445822411,537.514173301259,67.5785572205042,125631091.252421
"gaussiano","MCO",72.0694454526331,474.749248508345,32.7927459692124,8721.21352143539
"gaussiano","MCP",91.191587473839,452.891246649796,33.5601381740531,125473898.230723
"exponencial","MCO",0,1562.01900193731,57.9221721876452,12792.6716633878
"exponencial","MCP",0,1541.00857171539,56.0624506122084,160722716.529185
"esferico","MCO",93.3498685937371,1254.46617301537,112.163137955922,41485.4958929758
"esferico","MCP",191.93750313953,1166.69669915882,120.090621465974,516301797.743321
"gaussiano","MCO",233.151284013052,1093.66696021168,51.009430857683,66320.6380014662
"gaussiano","MCP",353.516275280507,992.514218575233,57.0428541712847,785099207.164807
"exponencial","MCO",0,0.08284647700243,24.6237304703929,0.00231896491036818
"exponencial","MCP",0,0.0847501494895131,22.9375814516723,36.9056096913777
"esferico","MCO",0,0.0818507646188899,63.51893978305,0.00152516681910361
"esferico","MCP",0,0.0840072871351501,64.143193789764,25.1592601707941
"gaussiano","MCO",0.00447784840957884,0.0773153410064216,29.0298171434276,0.00150278502971936
"gaussiano","MCP",0.00239297462257962,0.0815250865813053,29.3223530619319,25.2141577321691
"exponencial","MCO",0,0.131660339654879,37.3847018987274,0.000719011241435806
"exponencial","MCP",0,0.132350167372407,36.5984240917637,10.4478699017851
"esferico","MCO",0,0.122966534266152,80.5862901146399,0.000288420537916897
"esferico","MCP",0.00652362833809968,0.117569235738599,84.8919655153383,4.38915962175224
"gaussiano","MCO",0.0177317090315792,0.105071513976553,38.9162933896154,0.00036512507133274
"gaussiano","MCP",0.0238405893851109,0.100211796921202,41.2777248939749,5.34035265937972
"exponencial","MCO",0,0.167830107296959,17.0601013840684,0.00234982358246288
"exponencial","MCP",0,0.169030019371468,15.5565790508237,34.9806658333691
"esferico","MCO",0,0.165897322624036,43.2117500922924,0.0011787020801061
"esferico","MCP",0,0.167637878463798,43.7650071195972,19.8242667293518
"gaussiano","MCO",0.027771580529458,0.138324351163869,21.488975524277,0.00123312421506698
"gaussiano","MCP",0.025006295448341,0.142827898265112,21.4759115892248,20.7552025969426
"exponencial","MCO",0,84.9114641171517,23.3194435116172,1801.81140198558
"exponencial","MCP",0,86.8467307616069,22.4699694448602,29278321.3041521
"esferico","MCO",0.919582682558609,83.0615847759363,61.4236576684633,1258.02950875256
"esferico","MCP",0,85.9809538003285,62.8143105800141,20302241.7771849
"gaussiano","MCO",13.2987718291598,70.7142080473233,30.0333674772651,1296.38634327806
"gaussiano","MCP",11.7618859954042,74.2207195527988,30.4026918769572,21104346.0653347
"exponencial","MCO",0,0.839185053890461,15.1109497550284,0.112067181535364
"exponencial","MCP",0,0.851802181770809,13.8986205810639,1716.5688033478
"esferico","MCO",0.0143636256602442,0.818714989447339,39.7610539022765,0.0873183076635568
"esferico","MCP",0.0377700574944764,0.809925557275756,41.3900415136852,1435.45350374305
"gaussiano","MCO",0.147550315185994,0.685405857600162,19.4808305119549,0.0879533781845035
"gaussiano","MCP",0.157864682601758,0.690213695684429,20.1409671687485,1449.44692744004
"exponencial","MCO",0,336.586332126085,28.4097880726019,3708.08980677258
"exponencial","MCP",0,331.101774433164,25.8236613667045,52010306.3243607
"esferico","MCO",0,317.326731553498,57.9695366967353,2488.82130033612
"esferico","MCP",0,314.43561980847,56.3788961357526,41512127.8859081
"gaussiano","MCO",31.9065330981932,285.599101996146,27.4102220403505,2117.34741766651
"gaussiano","MCP",34.4502198653221,280.681598262122,27.2862657435115,37487917.5044492
"exponencial","MCO",0,405.716018316099,31.3754222082697,2544.68785321162
"exponencial","MCP",0,409.290154013864,31.8811264578814,42971963.7489825
"esferico","MCO",57.9307170420835,332.731412438525,83.1226521989815,1625.23087365893
"esferico","MCP",75.9593148770537,317.246329783963,87.2561588180741,22732288.4048386
"gaussiano","MCO",100.605452508352,288.801824558507,39.3441026948775,2483.28509293018
"gaussiano","MCP",122.555349136469,270.377701763346,42.3512739170258,32423437.4909848
"exponencial","MCO",0,159.800769914885,15.9310234355039,921.559264045476
"exponencial","MCP",0,160.594509806251,15.0969284748277,14002673.3369519
"esferico","MCO",10.5958464994896,146.740186338113,40.3296183307131,661.941885362853
"esferico","MCP",20.6059129748431,138.077777027566,43.2157399983094,11981043.5645415
"gaussiano","MCO",36.4148335592917,121.194378987362,20.3419436399031,642.917736058499
"gaussiano","MCP",41.8774706304876,117.011365151944,21.29723834284,11485779.1674203
"exponencial","MCO",0,2.2454259408047,17.1458571577829,0.351668230743329
"exponencial","MCP",0,2.27393362363011,16.9934680819604,5647.20337933563
"esferico","MCO",0.429053110010988,1.80243834624344,52.6737914630719,0.258923490035628
"esferico","MCP",0.42387682979305,1.83318910486934,53.4171745042615,4038.73525947438
"gaussiano","MCO",0.700348487392955,1.53050459763561,25.6031328155036,0.270985606033406
"gaussiano","MCP",0.709410012355742,1.54853554770743,26.1212702924804,4260.24709559785
"exponencial","MCO",0,398.773769456717,30.2528706032257,1531.13835995855
"exponencial","MCP",0,396.850278910659,28.9583937913283,22014307.864846
"esferico","MCO",18.8641259847806,359.414110027336,68.2352381092653,550.962872862708
"esferico","MCP",27.925764119885,349.514713632589,69.1270715060552,8621803.10567412
"gaussiano","MCO",70.235666429324,308.420550023997,33.2726360135659,730.776899803368
"gaussiano","MCP",84.811671257706,293.822662188296,34.4686107743909,8426404.71790367
"exponencial","MCO",0,380.435433231298,19.7924713431401,5051.39507958639
"exponencial","MCP",0,381.544208187928,18.5997054406322,75365267.3946959
"esferico","MCO",20.1549682099472,353.265927043161,50.1178922325143,1629.4726295882
"esferico","MCP",21.6477496312457,353.777814003736,50.6040635343491,26750335.2005272
"gaussiano","MCO",76.0279117895379,297.641595487064,24.7139443706091,1871.41330470506
"gaussiano","MCP",79.2382308731335,296.600479218427,25.0300874370546,30649040.0567615
"exponencial","MCO",0,1.29362305996093,18.5264610390366,0.668070433259508
"exponencial","MCP",0,1.32262183889603,16.3909000159943,10924.949811457
"esferico","MCO",0,1.29192119426462,50.1728564655385,0.473678546335242
"esferico","MCP",0,1.32483376608493,50.0295697291846,8381.63032651623
"gaussiano","MCO",0.0460174958535129,1.24602926079704,22.7981716280041,0.46333753495022
"gaussiano","MCP",0,1.32479698153938,22.7896687706015,8340.70729808854
"exponencial","MCO",0,566.045670415965,82.0161290088341,2112.9279603749
"exponencial","MCP",0,564.143037000337,81.1540510626709,32017539.5163902
"esferico","MCO",9.16875078426388,424.393504276718,123.560868414278,2235.5207956812
"esferico","MCP",23.1125980605727,413.58438298203,127.943170852674,32694391.3349281
"gaussiano","MCO",64.1917026113518,369.499212751704,59.7380552349864,4719.54511214272
"gaussiano","MCP",89.7040419476028,350.617218483407,64.2361371342217,56075023.3466223
"exponencial","MCO",0,1.38809256927446,21.7947230397444,0.906434670624647
"exponencial","MCP",0,1.43079576613515,20.5334146721816,14141.369548911
"esferico","MCO",-8.67361737988404e-19,1.3793513839235,57.89867866548,0.703139685484038
"esferico","MCP",0,1.42367321250954,59.0893065329621,11203.7921562293
"gaussiano","MCO",0.114349153557878,1.26577091511172,27.1454865024206,0.705958792729575
"gaussiano","MCP",0.09209431090048,1.33236041688716,27.7579898042347,11314.0943637317
"exponencial","MCO",0,3.29293421267075,38.4868757224128,1.70569402469169
"exponencial","MCP",0,3.32379689378841,36.5958105051369,26135.635260186
"esferico","MCO",0,3.07410790322272,81.9097330284352,0.756217782884253
"esferico","MCP",0,3.11699950758131,81.7007638563942,11689.6576730186
"gaussiano","MCO",0.117025994002521,2.96147393024195,37.468563897135,0.636162740989099
"gaussiano","MCP",0.0685587489672163,3.05365699337207,37.6850099951398,10298.1527644121
"exponencial","MCO",0,1.82256266118041,30.3162304578062,0.0932301720548247
"exponencial","MCP",0,1.81394527935351,28.4473039062806,1272.80813366472
"esferico","MCO",0,1.7264685583279,65.4137017394013,0.0102355455376614
"esferico","MCP",0,1.72524143972505,65.0224392666349,175.196585442239
"gaussiano","MCO",0.225725648992621,1.50376771242096,31.7629860017381,0.00901223766996836
"gaussiano","MCP",0.250694219355757,1.48041219584382,32.1726224019771,144.108394829692
"exponencial","MCO",0,6.09351841219686,70.5127296418499,0.799785866664077
"exponencial","MCP",0,5.90310729949273,65.119957786407,12842.1627306548
"esferico","MCO",0,4.8037429267151,106.880340649671,0.707968949207242
"esferico","MCP",0,4.74030745344775,103.196549769417,11256.865616513
"gaussiano","MCO",0.388414061910906,4.38280747900589,48.8178548451606,0.507441739682548
"gaussiano","MCP",0.439465398076443,4.29528703566033,48.6187315675889,7771.88573908428
"exponencial","MCO",0.135235474285664,1.21671103715374,28.7352662187514,0.109952014234059
"exponencial","MCP",0.497591247000105,0.946459907074262,51.0923401870854,1703.51036350138
"esferico","MCO",0.131326057416726,1.12798018181365,51.3955196806745,0.160801567544218
"esferico","MCP",0.760668176067574,0.957652681615784,248.453636476433,1925.44673059865
"gaussiano","MCO",0.319868431593251,0.943385610066041,26.0217197741224,0.157724665744462
"gaussiano","MCP",0.890860974621463,0.700219141443861,105.037629794351,2447.91992455099
"exponencial","MCO",0,1.03817222470864,22.1614552500904,0.0308170067285674
"exponencial","MCP",0,1.04375418519628,22.0393438422916,539.375693000244
"esferico","MCO",0.172265419694317,0.847706057992131,63.3113683444112,0.0299268612208466
"esferico","MCP",0.257925330131133,0.770225637806128,69.2116192794245,459.960037394724
"gaussiano","MCO",0.28190753257879,0.734767976625408,29.696573814744,0.0330572941933124
"gaussiano","MCP",0.365886043776575,0.660946358586407,33.1977527629494,508.195603418874
"exponencial","MCO",0,305.733030503471,45.2100130473024,6335.62505320561
"exponencial","MCP",0,308.842472747459,44.6030881296298,100999292.743158
"esferico","MCO",0,276.984031848248,90.4454312125912,1882.27323593601
"esferico","MCP",0,279.324866498382,91.0541562731057,29616862.0260627
"gaussiano","MCO",30.9496316929373,246.641477144037,43.4029890068802,2145.6711591645
"gaussiano","MCP",34.0054839756421,246.52350518778,44.4121027146903,33825611.9512929
"exponencial","MCO",0,0.0557971010722976,17.123967787426,0.00128381292690308
"exponencial","MCP",0,0.0572023716190323,15.3076002271012,20.8805739634764
"esferico","MCO",0,0.0557145078832669,46.4923996180872,0.000981497448320322
"esferico","MCP",0,0.057248402360304,46.8552662254205,17.0680873232983
"gaussiano","MCO",0.00367261460292826,0.05206636494202,21.5496472551598,0.000975454240903566
"gaussiano","MCP",0.00180505710458806,0.0554636490824285,21.6847666850782,17.115923929658
"exponencial","MCO",0,183.099250675521,20.4642828839246,5395.21110935346
"exponencial","MCP",0,185.209775582287,18.6627199874423,77881096.3942093
"esferico","MCO",0,180.622719249578,51.6722688787003,3082.95664682171
"esferico","MCP",0,183.338209948105,51.8484685632857,47791906.0274929
"gaussiano","MCO",17.2263289201409,163.310126735517,24.21136405857,3088.94658742953
"gaussiano","MCP",14.385878018277,168.899008038217,24.3162088748943,48729872.2163239
"exponencial","MCO",0,233.814874542921,28.1931586022897,4108.8676230513
"exponencial","MCP",0,234.602766130041,26.4267513913486,56359371.7404754
"esferico","MCO",0,224.600875740446,64.1574462275516,1498.86395327843
"esferico","MCP",0,226.143297639708,64.0573222311828,22604876.7410874
"gaussiano","MCO",22.0861179833744,202.54578292442,30.2333559438118,1428.96469267174
"gaussiano","MCP",24.9548975244001,201.541653333935,30.8410158654386,22266558.105651
"exponencial","MCO",0,1.21250213936807,19.7330678838384,0.191502214361626
"exponencial","MCP",0,1.21314211830657,17.6417611937998,3339.14638452133
"esferico","MCO",0,1.19727123919004,50.2267789854239,0.11159286560051
"esferico","MCP",0,1.2049170603642,50.4770276214143,2188.7582806553
"gaussiano","MCO",0.172405253808293,1.02413577716838,24.2776108606998,0.116500906646042
"gaussiano","MCP",0.161356258815758,1.0427812867818,24.2148323929143,2281.40034622854
"exponencial","MCO",0,89.387119347627,17.1248304209287,99.8652554107291
"exponencial","MCP",0,89.7351623121445,16.7515874523644,1694808.17322101
"esferico","MCO",16.1840520438827,72.1975398938288,49.9872675877979,63.9118399556767
"esferico","MCP",20.8171850307377,68.0016687118058,52.6514548212256,988643.262418792
"gaussiano","MCO",26.8618781327182,61.4541550582661,24.1388671514691,70.2794156730492
"gaussiano","MCP",30.7555265268075,58.0687549779862,25.5232177419342,1103346.94613775
"exponencial","MCO",0,532.359743021588,43.1218552327954,6526.98225823858
"exponencial","MCP",0,528.841403455669,41.1721958940662,106157068.164112
"esferico","MCO",0,480.038031094567,83.7101520757148,738.317159945943
"esferico","MCP",0,478.997978713588,83.1807718751049,12604556.8468704
"gaussiano","MCO",61.2129661470891,420.242933301231,40.7299579497926,1095.74757231769
"gaussiano","MCP",70.9800449447438,410.881251126506,41.4652208968587,15370567.8828071
"exponencial","MCO",0,171.801924286511,17.9383585808444,15312.1219640245
"exponencial","MCP",0,177.128124641046,16.2754176854936,253048031.789394
"esferico","MCO",0,172.404871393754,50.6529291066549,12043.6341246613
"esferico","MCP",0,178.144357907203,51.7408627327992,207366856.167477
"gaussiano","MCO",13.8254731816413,158.348113243898,23.3782289561538,12104.1190791464
"gaussiano","MCP",7.93557568845359,169.871485223424,23.5930234102004,209650446.000888
"exponencial","MCO",0,0.894796117643173,31.0389829219915,0.0494216860196343
"exponencial","MCP",0,0.888680966802221,28.2652928298764,639.214694225095
"esferico","MCO",0,0.846464032551089,66.4123307695557,0.00932991403702771
"esferico","MCP",0,0.847299834553322,65.0178544621884,105.265612096244
"gaussiano","MCO",0.0457026554351672,0.801084109368729,30.4744070484915,0.00283115331248403
"gaussiano","MCP",0.0399703798276521,0.808543629296637,30.3660707931803,44.2306830789385
"exponencial","MCO",0,0.622049965115401,19.4758852979933,0.0382816647165817
"exponencial","MCP",0,0.626877104249299,17.8183728648988,554.307916192559
"esferico","MCO",0,0.612238592206083,48.1960536136014,0.0192649525698997
"esferico","MCP",0,0.619206117688198,48.5139438519362,321.164342780747
"gaussiano","MCO",0.0759079953404718,0.536549946484059,23.1501302585243,0.0194643204520307
"gaussiano","MCP",0.0736812674109635,0.545949288575085,23.3926546479397,327.669339353875
"exponencial","MCO",0,734.565460488369,29.6216791566272,46630.9670086609
"exponencial","MCP",0,741.665756620727,28.6768302193632,693313043.571785
"esferico","MCO",0,706.182204833032,68.8781958719302,24193.3260173237
"esferico","MCP",10.7085539839975,703.491296257533,70.7775666679256,377557477.19837
"gaussiano","MCO",99.0755552569637,607.164448086137,33.3600917164733,25586.5398818465
"gaussiano","MCP",119.632076813225,595.543502864242,34.7888454872248,397729250.900587
"exponencial","MCO",0,279.266534929373,19.241755969101,22968.1767356732
"exponencial","MCP",0,285.674379403533,17.9016907773556,367431299.407792
"esferico","MCO",0,278.267073568762,52.120756680749,16704.8747862129
"esferico","MCP",0,285.019245849772,53.0713470330539,274422476.682952
"gaussiano","MCO",37.6208550161102,240.418230694437,25.0012522658311,17041.9527124754
"gaussiano","MCP",28.3572614394907,256.497000852384,25.0593609684509,280985454.67473
"exponencial","MCO",0,0.091255675007639,32.9507799856151,0.000725416256104089
"exponencial","MCP",0,0.0915587418162155,30.9775447491223,10.4114116111215
"esferico","MCO",0,0.0865921522732773,72.9749942404194,0.000221705672903415
"esferico","MCP",0,0.0873203624357524,72.83759412051,3.29629389050717
"gaussiano","MCO",0.00640956544177759,0.0801037489300484,33.7300863605493,0.000203004519888581
"gaussiano","MCP",0.00751834398357518,0.0798517004489081,34.4738497881615,3.31063794396774
"exponencial","MCO",0,0.119784703935388,28.2192741131709,0.000497456449205956
"exponencial","MCP",0,0.119722914848585,26.5943844074494,6.54162950089104
"esferico","MCO",0,0.11481090141777,63.7740412896528,8.11225326713662e-05
"esferico","MCP",0.00183111383484993,0.113415079453832,64.7671540484238,1.27805498465489
"gaussiano","MCO",0.0152447833756761,0.0995278626605713,30.6515408909433,0.000105237436069917
"gaussiano","MCP",0.0195978375422372,0.0958445046009631,31.9208007716466,1.5441897272406
"exponencial","MCO",0,399.484540655948,59.5367101282439,8781.56563686701
"exponencial","MCP",0,401.447917523609,58.2820013469391,143313938.749814
"esferico","MCO",0,335.752791057526,101.185228737391,2275.87792692336
"esferico","MCP",0,337.590625586152,100.956031109346,37516889.313755
"gaussiano","MCO",24.9800844674374,312.538362329349,47.8182373572866,1388.08024016686
"gaussiano","MCP",23.3203624857002,316.500501804269,48.1101651173772,23307515.4185188
"exponencial","MCO",0,231.143152953826,20.6868207862763,25160.0293650725
"exponencial","MCP",0,237.268240370208,18.6318693947222,417480459.336488
"esferico","MCO",0,230.641922962462,55.7041830825816,17741.175639841
"esferico","MCP",0,237.448816425954,55.6505911288382,310391163.546294
"gaussiano","MCO",8.34800188956384,222.703884413329,25.6265529665886,17537.5116847695
"gaussiano","MCP",0,237.811409282002,25.6351446935712,310490019.279116
"exponencial","MCO",0,295.269647676061,19.8485896807726,42584.6557329523
"exponencial","MCP",0,304.142075331039,18.1371208928139,677481427.865661
"esferico","MCO",0,294.770086691701,53.901145756831,32203.8678702673
"esferico","MCP",0,304.118104762948,54.284428803199,533456816.18861
"gaussiano","MCO",15.4761708895814,279.33810563212,24.7216085671552,32013.9800065281
"gaussiano","MCP",4.70152155894134,299.491918784245,24.8994488833567,535509515.939027
"exponencial","MCO",0,114.928267905455,23.2235624538833,3770.7693359395
"exponencial","MCP",0,117.166731006793,21.3750954233708,59877418.2495988
"esferico","MCO",0,113.503724226206,59.4480459815434,2354.6862236089
"esferico","MCP",0,116.118944050212,59.6901370624921,39364113.9348532
"gaussiano","MCO",7.18183547357111,106.425638791035,27.6156248436343,2338.53349843698
"gaussiano","MCP",4.38010376561605,111.841965763792,27.7887078961355,39760138.4810288
"exponencial","MCO",0,532.5836503396,28.9394858430819,79415.4681990201
"exponencial","MCP",0,544.059464263996,27.7848708349542,1215776921.03157
"esferico","MCO",0,518.292049993612,70.4476384550403,52329.2487684682
"esferico","MCP",0,530.306638797989,71.4916157397569,813952505.890471
"gaussiano","MCO",38.4780913287106,479.89009585726,32.7582832133854,52134.605800698
"gaussiano","MCP",38.213087329031,492.379838536613,33.6352929515986,822164193.862635
"exponencial","MCO",0,116.136527487745,15.1244018686045,1077.36347697905
"exponencial","MCP",0,114.69856081534,13.9337626400338,17066449.1325404
"esferico","MCO",19.0403895698701,95.6149643319799,42.0624436718275,1011.09057820023
"esferico","MCP",20.378392293992,93.2509096595775,41.6842960073784,15552511.9122101
"gaussiano","MCO",34.8483277255348,79.8883774350907,20.8075479011463,1018.5719733754
"gaussiano","MCP",34.7746639403639,78.9311674790324,20.428779445887,15734689.7492808
"exponencial","MCO",0,376.910968737748,22.1345285611952,49006.6936184899
"exponencial","MCP",0,386.717750770294,21.0512188615233,775565816.963929
"esferico","MCO",0,373.340519040163,58.1181055076027,37616.1829612254
"esferico","MCP",0,383.918423333543,60.0298037664328,613777828.748804
"gaussiano","MCO",41.4311246010291,331.649820089478,27.4759623877599,38003.0571065701
"gaussiano","MCP",46.1994372975331,337.504491167046,28.6822390347628,623597667.938557
"exponencial","MCO",0,0.144834209820336,28.2160882376625,0.00156605947167808
"exponencial","MCP",0,0.144476092704211,25.8082395322775,23.1846498325444
"esferico","MCO",0,0.139003289574718,63.5764991213413,0.000329922953519573
"esferico","MCP",0,0.139579403897173,62.7625459169756,5.22306292214115
"gaussiano","MCO",0.0116379893257385,0.127503409509286,29.8652353276677,0.00028759834874191
"gaussiano","MCP",0.00951013631656212,0.130267019855395,29.6564927103257,5.11995160421225
"exponencial","MCO",0,0.0830244871919036,29.2223752681502,0.000275361652141764
"exponencial","MCP",0,0.0824297558379179,26.8348630642368,3.77075810163456
"esferico","MCO",0,0.0790444551345051,63.8530271171696,2.15776748647572e-05
"esferico","MCP",0,0.0790252235034191,63.1103015944182,0.277187781912518
"gaussiano","MCO",0.00804684419898279,0.0710206256648249,30.1900418944854,1.54942805442476e-05
"gaussiano","MCP",0.00866919302801917,0.0704696313137334,30.3751964214056,0.278591688652253
"exponencial","MCO",0,286.634553425887,21.1074590127422,15231.509641823
"exponencial","MCP",0,288.967519709025,18.8067071972607,245036383.062723
"esferico","MCO",0,283.011751150089,53.5989091818867,8005.28805016448
"esferico","MCP",0,286.866474890057,53.3160073464432,146047359.983913
"gaussiano","MCO",19.8203572323507,263.226540823811,24.8196359652241,7845.55098864994
"gaussiano","MCP",10.4104752430103,276.435827652392,24.5842549084617,146712856.120969
"exponencial","MCO",0,1.78402395268884,19.3792507416577,1.11273086490196
"exponencial","MCP",0,1.82367508034749,17.4723666219203,17631.7584504729
"esferico","MCO",0,1.77987982971316,52.4250578171532,0.763589654307012
"esferico","MCP",0,1.82413648347333,52.5668475240887,12748.4849462968
"gaussiano","MCO",0.123122650125741,1.65594896956,24.182966818539,0.762112129628446
"gaussiano","MCP",0.0259627024854718,1.79689045783795,23.9120505147005,12806.826101873
"exponencial","MCO",0,3.37360606160281,39.6098284233974,0.913964729890642
"exponencial","MCP",0,3.41593770366889,39.1981473438495,14656.3080817679
"esferico","MCO",0,3.13773909858866,84.6316712605234,0.352800280625786
"esferico","MCP",0,3.17041265806257,85.7023296129311,5522.89061935668
"gaussiano","MCO",0.416170787970909,2.72718130613732,41.1245237683453,0.3867246187874
"gaussiano","MCP",0.437543121231739,2.74241522081999,42.0104602410667,6118.33224869897
"exponencial","MCO",0,1.20613963871452,26.7820695264296,0.112416542757123
"exponencial","MCP",0,1.19372327280417,23.999356389612,1570.95729277249
"esferico","MCO",0,1.15104051101996,57.33364506839,0.051674884383533
"esferico","MCP",0,1.14821602982896,55.6891847221907,819.989832895397
"gaussiano","MCO",0.0601325960993142,1.09182456200818,26.3674803449101,0.0405119376387031
"gaussiano","MCP",0.0392040934823612,1.11064398171924,25.9287172044176,735.642265808488
"exponencial","MCO",0,0.0974645793761116,16.2672092237987,0.00138590173599533
"exponencial","MCP",0,0.0977562916339823,13.8848859567093,20.5391851891905
"esferico","MCO",0,0.0967171847674294,41.8673651380885,0.000687117236102114
"esferico","MCP",0,0.0975208600685243,41.3289579195321,12.6268997505496
"gaussiano","MCO",0.00584469744973486,0.0908833094804145,19.2338776120346,0.000658512701927039
"gaussiano","MCP",0.00205808868217137,0.0954589737278975,18.9297525641006,12.6987107353193
"exponencial","MCO",0,597.645237510799,54.8340505824478,2194.35081321233
"exponencial","MCP",0,601.710256763403,55.4375529458791,34953727.0343394
"esferico","MCO",40.2759746702549,484.119198414394,110.277425302032,1706.57813329461
"esferico","MCP",58.9141776325648,467.204555449887,113.611019571378,18536789.767765
"gaussiano","MCO",101.850033240719,420.689293770873,52.5672245774795,5045.42159157826
"gaussiano","MCP",133.966869343725,395.003202266271,56.7520676663786,49908402.6464854
"exponencial","MCO",0.0292723734609135,0.085724275911243,33.443902556185,6.95040620830616e-05
"exponencial","MCP",0.0228325986794856,0.091312556911175,30.4518027450348,1.00464833559187
"esferico","MCO",0.0395597443497954,0.0707732517832368,80.8202503396351,5.54071762541484e-05
"esferico","MCP",0.0397766480961733,0.0702246014331796,80.3187577528979,0.924464216581387
"gaussiano","MCO",0.0492210756326422,0.0612102015447175,39.264970381997,5.42969730106976e-05
"gaussiano","MCP",0.0509723327762105,0.0593325751448396,40.0103292529561,0.819339605282985
"exponencial","MCO",0,68.4171436232154,15.5823174653776,390.677576817361
"exponencial","MCP",0,68.513961646547,15.1487924903638,6883508.30870349
"esferico","MCO",16.30236496174,51.796698382256,50.2512493289033,336.13712510681
"esferico","MCP",17.2115385251633,51.018846562894,50.9489956964582,5849700.92768475
"gaussiano","MCO",24.0755631703623,43.9827418990638,24.3437616270769,343.458558530865
"gaussiano","MCP",24.4262531139147,43.7623334846578,24.4770923276039,5986982.25924505
"exponencial","MCO",0,0.140264649992638,30.3474178258225,0.00232623781065821
"exponencial","MCP",0,0.141389817832608,28.6365009992802,34.5576961167796
"esferico","MCO",0,0.134583525753465,69.5438094398095,0.000949408036783641
"esferico","MCP",0,0.136130074430806,69.5948657952834,14.3638792824999
"gaussiano","MCO",0.0115759557294302,0.123147214674442,32.7121235102867,0.000931136997511684
"gaussiano","MCP",0.011051335291364,0.125320445195982,33.0825382167632,14.5629630691328
"exponencial","MCO",0,202.890827499796,45.9774020792349,418.632179175732
"exponencial","MCP",0,205.052300814894,47.0638585293455,7528852.67440741
"esferico","MCO",19.8257541255492,165.431888219241,103.035786748613,271.755445056378
"esferico","MCP",26.1588653551333,159.791019060474,106.319054688097,3399502.7946684
"gaussiano","MCO",41.7481257937975,143.342684880127,49.6636338005858,683.57829755361
"gaussiano","MCP",52.9566256244054,134.3623844057,53.7242096363216,7358320.80215523
"exponencial","MCO",0,100.935530246753,21.081365405226,488.809318741116
"exponencial","MCP",0,99.4656330894517,18.6651602747751,7363520.26990369
"esferico","MCO",0,97.8829660259095,47.1908081716031,234.909007724379
"esferico","MCP",0,97.2208015372092,46.2417996909057,4133303.67164018
"gaussiano","MCO",12.2612525429034,85.6680792553246,22.6898388191154,232.751011782481
"gaussiano","MCP",11.3608499004917,85.9518601412149,22.3080853344614,4219947.12144071
"exponencial","MCO",0,3.59045299058421,18.2563308851073,1.88605252835054
"exponencial","MCP",0,3.61731945587806,16.224370218015,30041.3916131653
"esferico","MCO",0,3.55779898108374,47.0418708666326,0.965151049651894
"esferico","MCP",0,3.59937959044067,46.8949970256846,17615.4343974038
"gaussiano","MCO",0.403278212036718,3.15748023205762,22.5436983706579,0.989060775775885
"gaussiano","MCP",0.253817454714611,3.34826456106061,22.1576472481226,18104.265811084
"exponencial","MCO",0,0.83264954564227,15.7842142467388,0.410959967639301
"exponencial","MCP",0,0.86089010139363,14.3287017550693,6909.0642423416
"esferico","MCO",0,0.835541779438019,44.7986634571394,0.343564921145542
"esferico","MCP",0,0.86460488558065,45.7517837484293,5979.78195408014
"gaussiano","MCO",0.0964204181229154,0.739825716592416,21.4959311357189,0.346613884907885
"gaussiano","MCP",0.0513397462164713,0.8138710835451,21.51045117211,6028.53642130395
"exponencial","MCO",0,1.78301909436105,19.6377603041393,1.41433828231603
"exponencial","MCP",0,1.83368583800151,17.9863194412038,23097.93942297
"esferico","MCO",0,1.78202033277882,53.8177208561726,1.0431114616085
"esferico","MCP",0,1.83524355733151,54.2013745049144,17655.1295113178
"gaussiano","MCO",0.146995662797515,1.63574227622957,25.2009888328459,1.05216183286119
"gaussiano","MCP",0.0523735022315279,1.78375955546409,25.0617405256049,17853.9509654867
"exponencial","MCO",0,117.842192428166,21.5423650124594,1352.68242536576
"exponencial","MCP",0,118.196201729738,19.4583476813425,21336403.4737334
"esferico","MCO",0,115.806532066008,53.4592252248798,483.848130832041
"esferico","MCP",0,116.776903609531,53.4319931343341,9068445.2307105
"gaussiano","MCO",13.2714824276927,102.508601266456,25.3923272622083,518.553825470671
"gaussiano","MCP",11.4646804505,105.295894852454,25.2963467801608,9864674.44383365
"exponencial","MCO",0,0.103573150561617,21.6956642660585,0.0092803718897028
"exponencial","MCP",0,0.108073632993073,20.0594736018462,152.353802041058
"esferico","MCO",0,0.103921683247114,60.0321120876616,0.00738299016982777
"esferico","MCP",0,0.108580578040046,60.6577900451863,123.628470788463
"gaussiano","MCO",9.96160787297819e-05,0.10404718943149,27.1484884042184,0.00727576054823989
"gaussiano","MCP",0,0.108802575369923,27.9975959482662,122.783411133722
"exponencial","MCO",0,247.084219138924,18.78405367505,996.328671160923
"exponencial","MCP",0,247.741284009686,18.0859258514769,16359878.1097051
"esferico","MCO",32.2888729574432,211.043937093198,51.4419847803036,270.247258301524
"esferico","MCP",36.761704898756,207.478098291292,52.4620630818997,4535013.98594496
"gaussiano","MCO",64.6347861788298,178.745413455587,25.1663536063317,337.998790688418
"gaussiano","MCP",68.9751618184915,175.439773393569,25.7280179112993,5625174.16775187
"exponencial","MCO",0,3.49802213478225,29.1410469418658,3.82228985193154
"exponencial","MCP",0,3.56666585937205,27.2309901352905,58591.3139783806
"esferico","MCO",0,3.39973341145621,69.8726180102557,2.31651651345833
"esferico","MCP",0,3.48000952308586,69.8546827562798,36390.2030635025
"gaussiano","MCO",0.0557523443095777,3.35065071461592,31.6975434688829,2.14419103243834
"gaussiano","MCP",0,3.48696536468658,32.0772159308743,34786.6099899745
"exponencial","MCO",0,405.835564558372,21.8348117248532,12585.7803381505
"exponencial","MCP",0,406.588752503043,19.8458339534141,169202639.048723
"esferico","MCO",0,396.376354826427,51.9064512248295,4125.33940336575
"esferico","MCP",0,398.915949280874,51.4937738520241,62106963.0634769
"gaussiano","MCO",39.8297938067161,356.696104093994,24.550917707993,3957.66783477269
"gaussiano","MCP",33.1364902310836,366.041454727961,24.4048100760978,62411374.1449769
"exponencial","MCO",0,0.0945727434019132,28.6985630675498,0.000718138704094196
"exponencial","MCP",0,0.094676189132936,26.5238084380189,9.96404858155538
"esferico","MCO",0,0.0907017862295281,64.8361622257818,0.0002172972481879
"esferico","MCP",0,0.0912899685609224,64.3184466996566,3.33910857783503
"gaussiano","MCO",0.00670749081113825,0.0839845219518112,30.0323428124868,0.000175779536900262
"gaussiano","MCP",0.00680128920918531,0.084568720531825,30.3157802445061,2.97866419401834
"exponencial","MCO",0,1.97239958019982,46.5090250226491,0.0390470826056601
"exponencial","MCP",0,1.95655332920987,44.7016020993879,507.132746424235
"esferico","MCO",0.016583179338616,1.73775759250127,88.9615991938777,0.0178863946826899
"esferico","MCP",0.0576339983877172,1.69237113481086,89.9716422686942,302.662733225622
"gaussiano","MCO",0.244650586630857,1.50927433990577,42.7932630048774,0.0243450325379154
"gaussiano","MCP",0.31914082271636,1.43685257280613,44.4983442243988,296.189639913696
"exponencial","MCO",0,261.538755043076,57.3269233620594,4374.23446995659
"exponencial","MCP",0,264.65380786596,57.0308683852188,70094753.4257112
"esferico","MCO",0,223.708280543221,101.651314419363,1409.30855545773
"esferico","MCP",0,225.56969685664,102.171386969016,22767825.6429295
"gaussiano","MCO",20.0680907295568,204.297781601994,48.176720096279,1410.92181292824
"gaussiano","MCP",21.4686342730437,205.182384489709,49.1098359310225,23324571.9310707
"exponencial","MCO",0,506.479946856787,59.3011595327413,6825.03065169393
"exponencial","MCP",0,513.364108656265,60.0071433364327,112783997.821376
"esferico","MCO",3.06316526313341,426.657935052012,104.779530806968,1279.62540343614
"esferico","MCP",0,431.59078952512,105.169714319233,20773561.2922526
"gaussiano","MCO",61.3110201667449,370.741963927304,51.5430702709366,2248.17820295265
"gaussiano","MCP",70.8922762969883,364.963065096941,53.1834672303383,33540809.8549366
"exponencial","MCO",0,0.0505674796135752,20.3877199037328,0.000267919151099641
"exponencial","MCP",0,0.0503240507273269,17.5445140840471,3.53144081776174
"esferico","MCO",0,0.0495104442141966,48.164953932955,8.62031748083124e-05
"esferico","MCP",0,0.0496490255177889,46.6500740630137,1.29232504362868
"gaussiano","MCO",0.00155004568939959,0.0480064024742852,21.9592552255532,6.36653311958105e-05
"gaussiano","MCP",0,0.0497152456359424,21.523742855433,1.1684978291544
"exponencial","MCO",0,0.988105643894778,14.9726248944032,0.287718351181593
"exponencial","MCP",0,0.99726559980748,12.7704550513444,5019.07622236886
"esferico","MCO",0,0.989276658685541,41.6430033235351,0.200974115676393
"esferico","MCP",0,1.00163484041296,41.5078172460718,3935.31027896243
"gaussiano","MCO",0.097095472354232,0.891764888559286,19.5080626030462,0.204549118397174
"gaussiano","MCP",0.0372857097527146,0.963799439064688,19.0330783551111,4008.72804055833
"exponencial","MCO",0,0.06641242007418,21.3656635836443,0.000771293844083233
"exponencial","MCP",0,0.0670827750653532,19.2721434935739,12.4142495814604
"esferico","MCO",0,0.0655636233060307,54.3663413560673,0.000394168772284732
"esferico","MCP",0,0.0665300104360748,54.2715787629136,7.07873406403344
"gaussiano","MCO",0.00577810556369037,0.0598167522880895,25.5339157345796,0.000398776671616687
"gaussiano","MCP",0.00377171159508382,0.0627863017476986,25.3536002500688,7.26783309736138
"exponencial","MCO",0,189.496431078949,13.7521587580686,6333.82502354992
"exponencial","MCP",0,191.286842460617,11.9393911884706,98959980.5346999
"esferico","MCO",0,189.102715632306,37.1936849089699,4277.50063927029
"esferico","MCP",0,191.530007497309,37.5919826160845,75191077.0777276
"gaussiano","MCO",26.8075750403611,162.229906782514,17.9525771686296,4355.69552275774
"gaussiano","MCP",19.825161313131,171.588817301295,17.7761980255199,76569148.4184175
"exponencial","MCO",0.00446214226906893,0.0374591019644845,31.5610025810649,0.000578008941191819
"exponencial","MCP",0,0.0405751899584926,19.5664857925359,7.50109599620826
"esferico","MCO",0,0.0393440511964606,55.0670664050589,0.000350481681284354
"esferico","MCP",0,0.0403567419894532,56.6267140221161,5.75051682620773
"gaussiano","MCO",0.00578114448168074,0.0335670819863472,26.8000837048078,0.000358799775709697
"gaussiano","MCP",0.00557958775654998,0.0347966998253188,27.4810564931136,5.90795475649626
"exponencial","MCO",0,1.23965032664452,27.3039142094846,0.0166307536405262
"exponencial","MCP",0,1.24594432983774,27.7168597087874,271.031319710158
"esferico","MCO",0.215968097470645,0.987047665177547,75.5891732025828,0.0278311321173512
"esferico","MCP",0.332918312095599,0.88309750345956,85.4437349425002,404.329875137012
"gaussiano","MCO",0.335190414678185,0.862271585769176,35.110770812656,0.0306271326925099
"gaussiano","MCP",0.434373592554078,0.773979136025339,39.4930463358404,444.17920820465
"exponencial","MCO",0,131.510305117037,29.4205983630287,4532.25020770922
"exponencial","MCP",0,133.880510258986,27.9413427981589,66375020.9821561
"esferico","MCO",0,127.349306158484,69.9417743220957,2924.01168595846
"esferico","MCP",0,129.94288396765,70.4290833018263,43897426.7514353
"gaussiano","MCO",6.19091159256834,121.135161492305,31.9376451413345,2802.2866944723
"gaussiano","MCP",5.97285741006157,124.001116656372,32.668724402309,43083849.2558791
"exponencial","MCO",0,504.590225857535,36.6337699867463,5476.47235196038
"exponencial","MCP",0,495.882752744315,34.6040573299506,90261690.6947493
"esferico","MCO",11.0285744567318,448.79447532785,71.0825034084032,11665.4327844682
"esferico","MCP",42.682871652026,412.650929768472,73.7372831328796,201641278.799783
"gaussiano","MCO",71.0266173312347,388.436591352327,34.0798057821404,11335.3226644313
"gaussiano","MCP",111.521558998559,346.368335928245,37.2612225812852,185729340.942008
"exponencial","MCO",0.0669669583700565,1.27310647359101,29.6565325960512,0.0440901721365207
"exponencial","MCP",0.169231423485224,1.17394611423752,32.3361480850456,798.813151069863
"esferico","MCO",0.202817575692874,1.06427881791608,67.3260970440907,0.0856448432024224
"esferico","MCP",0.57739086447391,0.767701405567131,118.473201080103,1436.77533500962
"gaussiano","MCO",0.347859643864839,0.918258446164583,32.3020354561993,0.086839369309867
"gaussiano","MCP",0.476324158296739,0.78869726442367,36.804765565333,1397.56344192545
"exponencial","MCO",0,2.11731503317677,33.7612347919028,0.671050002087031
"exponencial","MCP",0,2.13517889489329,31.8291195912326,10744.9448276826
"esferico","MCO",0,2.01543192106553,75.9535217517498,0.285666861426702
"esferico","MCP",0,2.04323302912514,75.9573602368553,4789.22707121111
"gaussiano","MCO",0.123619971820208,1.89225354368817,35.0417568260635,0.268059839945612
"gaussiano","MCP",0.0988982739319089,1.94539514257568,35.3166570136927,4694.22027851857
"exponencial","MCO",0,1.71903713983867,21.3016528824897,0.223455020933386
"exponencial","MCP",0,1.71712181515409,19.6360008896193,3942.62147437754
"esferico","MCO",0.0756317325931364,1.61143434372659,54.1326017398848,0.108311037877393
"esferico","MCP",0.0224492327706478,1.67009906587674,53.4578893544881,2010.0364581499
"gaussiano","MCO",0.32615387928902,1.36267230153362,26.6744852552346,0.11603211830728
"gaussiano","MCP",0.285763916462803,1.40799530172387,26.2185393555702,2180.48773363173
"exponencial","MCO",0,0.0722853996858614,18.3147493251217,0.000202043947300341
"exponencial","MCP",0,0.0723336128056937,16.7913913560334,2.84191803274623
"esferico","MCO",0.00113188393131116,0.0699175198076815,45.1229064338199,5.35445481093973e-05
"esferico","MCP",0.0014680966114312,0.0699189264322363,45.6024269937148,0.952846543485267
"gaussiano","MCO",0.0125836295625163,0.0585442289900303,22.3699682051943,5.73829651581111e-05
"gaussiano","MCP",0.0125906177633804,0.0588795434231076,22.4900315592884,1.01704199865259
"exponencial","MCO",0,0.0778807992313316,17.1214189053713,0.0038383353439357
"exponencial","MCP",0,0.0797957004278082,14.8155608443587,67.4814464272316
"esferico","MCO",0,0.0782505724681976,48.2015950762405,0.00298965343087834
"esferico","MCP",0,0.0803468648697965,47.7138144892214,56.2452607351804
"gaussiano","MCO",0.00197086763201252,0.0763765210095412,22.0070102995717,0.00295430498618672
"gaussiano","MCP",0,0.0804403467445899,22.0039645711274,56.1446852101115
"exponencial","MCO",9.43436091585161,81.6780543405416,35.9506192300471,936.531614054237
"exponencial","MCP",43.3520575485549,132.750258721614,266.897808876575,13256460.5870171
"esferico","MCO",34.6636950555198,72.3567318505614,190.150630756464,1213.73662723478
"esferico","MCP",45.2982461451556,73.7162270309617,266.897808876575,13513149.4426369
"gaussiano","MCO",16.2771046570211,65.4952274179941,26.6952148730547,1218.57853876395
"gaussiano","MCP",57.8729438428003,193.275617611698,266.897808876575,15034790.3842804
"exponencial","MCO",0,575.929861765517,23.7781062839102,9004.06894850832
"exponencial","MCP",0,569.795945834117,21.8424260876701,122331590.667421
"esferico","MCO",4.28355743399823,550.587699412067,53.1535786537364,5073.09904822912
"esferico","MCP",23.6689595588199,529.086965720527,54.2086970129722,75877212.5435271
"gaussiano","MCO",88.1198158730682,467.172757295295,26.0516354697017,5132.46703112811
"gaussiano","MCP",106.35114802154,447.196655215107,26.6960916713154,75644656.5046746
"exponencial","MCO",0,888.278075421607,29.8244247021955,30617.6325500147
"exponencial","MCP",0,875.610949632537,27.1566843539022,417177256.851759
"esferico","MCO",0,836.818384652189,61.7310932009485,15119.7415587685
"esferico","MCP",0,831.516649359249,60.3782399071234,218882149.404247
"gaussiano","MCO",87.496827597502,750.424005583088,29.4279880782288,12976.6459255875
"gaussiano","MCP",90.6875532388499,742.939679007038,29.2794286418496,194034559.06194
"exponencial","MCO",0.00911810965509487,0.188452772804682,31.560918429604,0.000779793499410295
"exponencial","MCP",0,0.194517609765664,27.8712839951144,13.6395901113942
"esferico","MCO",0.0253282067309612,0.161500647847204,71.4569905354557,0.000279476290848414
"esferico","MCP",0.0230917494769396,0.163479986695069,70.8048634204494,5.34454567908367
"gaussiano","MCO",0.0499280075122922,0.13756020932017,35.6742329786225,0.00038575824596883
"gaussiano","MCP",0.0528657760727765,0.134736110132993,36.2353766878669,7.02049409760546
"exponencial","MCO",0.110266686417455,1.53927701357263,17.3650982673825,0.0584873363648675
"exponencial","MCP",0,1.64182350046999,16.0534310823914,967.655981959004
"esferico","MCO",0.429721202011044,1.200792180043,51.2879458964898,0.0400768719182277
"esferico","MCP",0.414519435393226,1.21039619858137,50.5709936040511,659.218090356679
"gaussiano","MCO",0.618594420350578,1.01317372077432,25.3231452247478,0.0411846312433752
"gaussiano","MCP",0.607908736602046,1.01832709706958,24.9500207234684,685.632685042068
"exponencial","MCO",0,1.73314059172029,29.6505353788767,0.0896281004847758
"exponencial","MCP",0,1.75333056929221,30.3205175658708,1419.19271400335
"esferico","MCO",0.256256802010795,1.42263989115982,80.3981332567535,0.0618404319098372
"esferico","MCP",0.322929736578913,1.36989655527234,84.2444575932694,894.282771924044
"gaussiano","MCO",0.442834852040395,1.23229371903362,38.2790186340459,0.0766807737184287
"gaussiano","MCP",0.529681217330164,1.16343005960053,41.1434851146244,1071.88387307996
"exponencial","MCO",0,1.84576532630711,22.0546696361014,1.47952316576626
"exponencial","MCP",0,1.89708916078206,20.3950033373565,23951.9525389921
"esferico","MCO",0,1.83439860741771,58.3116432339567,1.05961256338537
"esferico","MCP",0,1.88958775620341,58.7874175809494,17776.6984324423
"gaussiano","MCO",0.110165029268233,1.72719121451717,27.1604182828699,1.05286672325034
"gaussiano","MCP",0.0299443163233382,1.86202361692461,27.1905170200843,17782.1427842163
"exponencial","MCO",0,2.82850150591191,43.1711231355096,0.175116813275345
"exponencial","MCP",0,2.82044744177255,41.6349719779502,2537.55971350736
"esferico","MCO",0,2.5592396879307,85.1178138302553,0.0127964565319931
"esferico","MCP",0,2.55815121665956,84.9415233751073,202.15873978792
"gaussiano","MCO",0.330936222308366,2.23130802044281,41.1423798927006,0.0227144379042395
"gaussiano","MCP",0.398855993846737,2.17071565560888,42.2427194010652,241.224440008418
"exponencial","MCO",0,0.665123427092227,23.4577958586781,0.0194489426320114
"exponencial","MCP",0,0.6711370117293,23.2174387751514,311.09954277324
"esferico","MCO",0.0730473330567171,0.576825415174522,62.1043251341964,0.014345029511395
"esferico","MCP",0.10175747681698,0.554011353743318,65.353268330356,235.866726868471
"gaussiano","MCO",0.156792960698964,0.493185771265693,30.2133774093317,0.0151787928486378
"gaussiano","MCP",0.190305433622787,0.466770417831851,32.3750822145194,240.730294396582
"exponencial","MCO",30.2364071115692,188.879076233144,28.4273752014029,3095.30415148927
"exponencial","MCP",84.0161120991024,146.451336481644,47.5010155726793,50164770.7059554
"esferico","MCO",34.1262918780489,171.583000301175,53.5563578959645,4174.0240402147
"esferico","MCP",43.923932953873,158.503116033708,54.1005444612868,67376284.7297729
"gaussiano","MCO",61.0870005062548,144.966344336751,26.5731131246057,4149.817502139
"gaussiano","MCP",72.470630989111,130.645529990138,27.5922933429695,66519036.7278611
"exponencial","MCO",0,224.563790391544,16.8224262131793,11371.7136020474
"exponencial","MCP",0,228.926029302125,15.6407758645355,174396240.605782
"esferico","MCO",1.48604014071642,221.559083947761,44.5664239656424,8861.83057920123
"esferico","MCP",0.334396942035259,227.513422803451,45.7657216596206,140989279.738299
"gaussiano","MCO",37.8639161064349,185.343638991826,22.0338697854253,9004.51609609449
"gaussiano","MCP",36.6123386321367,191.410103897248,22.4915561234697,143420029.806694
"exponencial","MCO",0,1.12158221476411,18.4458347229802,0.204019085679039
"exponencial","MCP",0,1.1327367078087,16.5990907012722,3339.98949929155
"esferico","MCO",0,1.11212137399982,48.0238165004755,0.123392251800263
"esferico","MCP",0,1.12789746115975,48.5191714017657,2272.09861056592
"gaussiano","MCO",0.136769775974944,0.974985298104833,22.9245504034283,0.125777586776161
"gaussiano","MCP",0.122825286835734,1.00466669883714,23.0524191990858,2327.01464038201
"exponencial","MCO",0,508.619474154523,17.8539001702879,25030.4281101091
"exponencial","MCP",0,510.759764359186,16.0187305456088,401567540.603338
"esferico","MCO",0,503.133588686139,45.5626414625607,11242.315180252
"esferico","MCP",0,507.354680530135,45.7039948677848,208869532.103483
"gaussiano","MCO",77.4258887970103,426.196384129,22.4378858506995,12097.2152668682
"gaussiano","MCP",61.8344014363713,445.954608120313,22.1022575132054,223888792.172172
"exponencial","MCO",0,0.138342108827981,19.3055649845234,0.00199371186744162
"exponencial","MCP",0,0.1397959957434,18.1038897010686,33.383081351905
"esferico","MCO",0.00827489862840699,0.128803687722801,52.5437112076726,0.00109346121371733
"esferico","MCP",0.0037257948014431,0.135058876887463,52.3420335640138,18.769037118315
"gaussiano","MCO",0.0279193762614203,0.109143916558799,25.630598261735,0.00116334903410362
"gaussiano","MCP",0.0241394460381779,0.114615243676406,25.4057560204602,20.1747613625636
"exponencial","MCO",0,185.041864311122,22.638937920743,375.141593889196
"exponencial","MCP",0,184.782022070605,22.1988527079139,6602531.63783092
"esferico","MCO",22.1743950682115,157.217493614881,56.8186244312063,536.215680460991
"esferico","MCP",29.3411023903745,149.753337046088,58.5298200822732,9968307.66199782
"gaussiano","MCO",46.0540090094815,133.584740802714,27.9851570712047,518.398839461115
"gaussiano","MCP",54.3948381336248,125.2067164911,29.372151426562,9082612.66624219
"exponencial","MCO",0,606.706343479955,18.7788681116711,103819.850392566
"exponencial","MCP",0,620.842922900149,17.7364866361768,1657224454.71635
"esferico","MCO",2.91553325528848,599.893502629806,50.1406003444104,82679.6172566923
"esferico","MCP",11.574805472639,606.593070371133,52.4865376009111,1362622596.63376
"gaussiano","MCO",93.919991839857,508.573350260882,24.3703186573134,83649.5994680612
"gaussiano","MCP",98.1708337338981,519.618451166762,25.2610096411477,1382741088.51069
"exponencial","MCO",0,0.0618892104036842,15.7245487709434,0.000499427366420395
"exponencial","MCP",0,0.0623849712473736,13.9483634921444,7.70063997284005
"esferico","MCO",0,0.0615358432635477,41.5340582231026,0.000289090029376987
"esferico","MCP",0,0.0622396667216149,41.818120389128,5.01275820939573
"gaussiano","MCO",0.00910724596526558,0.0524127872775123,20.1093901586821,0.000302262542742704
"gaussiano","MCP",0.00737679657953342,0.0548606090601508,19.9549095404862,5.2574787621273
"exponencial","MCO",0,460.018293750615,16.8858894842484,30942.7421244264
"exponencial","MCP",0,466.488600122405,15.6472112892326,514066412.067278
"esferico","MCO",18.1979041639477,438.793358537998,45.8365853678758,21885.778351459
"esferico","MCP",19.3513813185282,445.3624606025,47.0576246805637,385682365.019613
"gaussiano","MCO",88.5528056666121,368.592230578324,22.5371136037664,22405.6051681778
"gaussiano","MCP",87.0468905328298,377.746675347468,22.9156860422808,395053518.535604
"exponencial","MCO",0,865.078926575899,23.8151870418968,132072.267685197
"exponencial","MCP",0,873.013470334483,21.5070268771188,1993674610.77422
"esferico","MCO",0,847.695561521888,58.2549255384108,61947.7804498755
"esferico","MCP",0,860.071206599936,57.7548222359728,1019453302.98225
"gaussiano","MCO",40.6906012424918,807.939627713724,26.8216138764936,57694.0039046988
"gaussiano","MCP",15.9170369659843,845.098963272963,26.6877689841763,1000127717.91797
"exponencial","MCO",0,2.63118214627956,26.4080208259544,1.08025211182118
"exponencial","MCP",0,2.64649956153715,23.9612832798613,16576.6833162909
"esferico","MCO",0,2.55778172916118,62.6154661537793,0.435961360085497
"esferico","MCP",0,2.58839053544968,61.7815884068772,7150.55188704106
"gaussiano","MCO",0.130501582034851,2.43128437272929,28.9553126978741,0.39115406297202
"gaussiano","MCP",0.0281599340688797,2.56399443644278,28.5119060938196,6720.19856662345
"exponencial","MCO",0,3.09794840472578,45.3583447537905,0.433023960501271
"exponencial","MCP",0,3.03481065716563,41.3098441107167,6078.84517655884
"esferico","MCO",0,2.74354728146053,83.0556206270499,0.168293472261379
"esferico","MCP",0,2.72570298668624,80.52266699966,2308.97464181883
"gaussiano","MCO",0.119113269166061,2.62135481752311,37.6353265895594,0.0508349058124081
"gaussiano","MCP",0.105498849007023,2.62278120518077,37.2543778886194,847.491738917049
"exponencial","MCO",0,0.952127658272267,16.0139370487728,0.157133584488367
"exponencial","MCP",0,0.964478523020076,14.6585291135652,2733.12532137681
"esferico","MCO",0.029997829816032,0.916652726318908,43.4250514316977,0.11789373884112
"esferico","MCP",0.0306866161804424,0.931037319639102,44.4485846997099,2199.05328095986
"gaussiano","MCO",0.180176578503721,0.767073365123617,21.4302093482374,0.119798985504814
"gaussiano","MCP",0.174484255504532,0.787852099290715,21.7369413703322,2232.20168606807
"exponencial","MCO",0,228.752955264286,19.9306072808631,8045.13777999813
"exponencial","MCP",0,230.236555481279,17.9095364733688,137971759.4368
"esferico","MCO",0,226.569621075962,51.7730472964995,4328.01838581856
"esferico","MCP",0,229.144107988404,52.0045165129449,83659328.1685186
"gaussiano","MCO",28.9811461713947,197.432618835846,24.7457119342815,4532.83349103223
"gaussiano","MCP",22.4321387966659,206.505055223648,24.4792641505674,87537038.7240259
"exponencial","MCO",0,1.59171995169962,35.5397794225463,0.756120383955688
"exponencial","MCP",0,1.62788907819499,34.4336658504043,12242.7517529443
"esferico","MCO",0,1.5182298070064,80.967269915691,0.455091575871351
"esferico","MCP",0,1.55480002791223,81.686149777186,7418.19957996692
"gaussiano","MCO",0.0667184552768929,1.45559280452748,37.4235238001412,0.439530688196483
"gaussiano","MCP",0.0334274552032324,1.52594755343906,37.9148869983284,7272.37449409554
"exponencial","MCO",0,346.198840788289,18.0718417928419,5574.87654315478
"exponencial","MCP",0,346.545054593884,16.8009578056726,80334461.9803828
"esferico","MCO",6.89935596287064,332.56831982197,43.6497360490623,3018.17672938033
"esferico","MCP",7.82817454728598,333.008843786289,44.0081967415899,51098526.8361451
"gaussiano","MCO",62.549622450358,277.399426314641,21.7459313222554,3086.38599928409
"gaussiano","MCP",62.3893675994546,278.977221095121,21.8420136007785,52182314.769618
"exponencial","MCO",0,1.18811118071092,17.683054342349,0.409612522251593
"exponencial","MCP",0,1.21181398001538,15.953004390226,6189.98778754417
"esferico","MCO",0,1.18189979982081,46.8372809026032,0.29517556970622
"esferico","MCP",0,1.20877876387248,47.292027549331,4739.73813296419
"gaussiano","MCO",0.105610231527088,1.076583046717,21.9832663154373,0.294872772678832
"gaussiano","MCP",0.073426817881027,1.13554093207759,22.1057232574513,4772.88427769021
"exponencial","MCO",0,3224.05523617426,101.621356227172,303881.887347286
"exponencial","MCP",0,3229.09243108381,99.9874514866177,5185484517.74557
"esferico","MCO",0,2191.87938253987,122.208349796287,145950.779379929
"esferico","MCP",0,2198.31797283546,121.70521686067,2518272619.57814
"gaussiano","MCO",114.001855781956,2094.12873800249,57.0421792839359,43916.3592039683
"gaussiano","MCP",103.444238446948,2114.27367095422,57.2171260977658,801645918.560274
"exponencial","MCO",0,3.64248456878913,14.4923293445646,1.87862664681962
"exponencial","MCP",0,3.68969135011458,13.2389138261839,30371.0640910331
"esferico","MCO",0.118813511306122,3.50328487213953,38.9787876741117,1.39234272195632
"esferico","MCP",0.121399857376275,3.55697885587749,39.9145981513217,24346.0006314896
"gaussiano","MCO",0.708972273525672,2.91370773358651,19.2596167098158,1.41208734913218
"gaussiano","MCP",0.651127102198868,3.02770711431349,19.4128764648251,24696.5144565935
"exponencial","MCO",0,3.3997202408864,17.9453530469185,2.66721202112882
"exponencial","MCP",0,3.43005447810287,15.3550847447825,39790.6321166869
"esferico","MCO",0,3.37444637958565,46.1437420920501,1.45462947732326
"esferico","MCP",0,3.42101844986073,45.0687374135417,24807.7800770134
"gaussiano","MCO",0.0537003871269581,3.32704588277415,21.029483294907,1.34346095521081
"gaussiano","MCP",0,3.4275603422324,20.9260164489037,24287.3236412942
"exponencial","MCO",0,2.01332376630501,25.6453614503906,0.492381917481393
"exponencial","MCP",0,2.0147830586674,23.0110277727841,7410.18986982624
"esferico","MCO",0,1.95519122933,60.2413492121515,0.16894610580771
"esferico","MCP",0,1.97111995918509,59.3601499236409,2846.7398899733
"gaussiano","MCO",0.102783748696952,1.85376877357012,27.7332933765654,0.145512335300994
"gaussiano","MCP",0.0548104851898902,1.9180768534452,27.4902493828088,2714.14696242383
"exponencial","MCO",0.213862105222274,0.664179823721315,31.1774934036069,0.00983232886814068
"exponencial","MCP",0.327323871507834,0.575729819672843,41.6312140560998,133.444736208419
"esferico","MCO",0.35794813514246,0.504825930980427,95.0818829379898,0.0237498617735413
"esferico","MCP",0.455317328454823,0.418639075878356,114.882558654883,208.421124271696
"gaussiano","MCO",0.380515302566473,0.460429841133521,36.38131912691,0.028919832196762
"gaussiano","MCP",0.520678646958778,0.351408427720224,55.9921208074821,285.73584461474
"exponencial","MCO",0,0.259972776392844,17.5035578664773,0.00197021777217981
"exponencial","MCP",0,0.262224851097845,17.5106435955623,33.2708745693908
"esferico","MCO",0.0560456027091413,0.201866007969727,54.373645994026,0.00126809339118537
"esferico","MCP",0.061593680237536,0.198231058358993,55.9281723623021,20.218796910774
"gaussiano","MCO",0.0861408335754618,0.171704799759142,26.3993507755316,0.00143590072143916
"gaussiano","MCP",0.0932170336498101,0.166790595606978,27.4978885640062,22.9556727191098
"exponencial","MCO",0,0.30783534514245,37.2962724079535,0.00440063659940944
"exponencial","MCP",0,0.306277334621742,34.9486648317383,62.2657868195519
"esferico","MCO",0,0.285390081805627,77.1031131668274,0.000496562070832423
"esferico","MCP",0,0.285906580197167,76.4745073001598,6.05312292536571
"gaussiano","MCO",0.0240732043428876,0.261186540000515,35.9355644308407,0.000349570335525418
"gaussiano","MCP",0.0282746989792326,0.258054725960678,36.5362448714317,5.96292324259082
"exponencial","MCO",43.7843681050063,196.152390008909,47.6559872526454,1568.94369115733
"exponencial","MCP",63.6429884356569,182.314398202478,57.2068361049961,26633614.8919773
"esferico","MCO",78.4110926630595,154.584174699826,134.676696106697,2732.37131220933
"esferico","MCP",99.7452929958381,140.000198049988,157.564839439855,35256808.5905482
"gaussiano","MCO",77.8971517704579,136.939258741959,43.3252565912147,3269.50120697961
"gaussiano","MCP",111.296436243819,112.438720615447,61.1359598973655,46725344.6074973
"exponencial","MCO",0,617.937352602705,23.9231511830293,72390.0411117022
"exponencial","MCP",0,628.987083621242,22.9273588807059,1114770426.83968
"esferico","MCO",0,606.981543749259,60.3000526200216,49081.3775220505
"esferico","MCP",0,618.945049052163,61.9708577882182,774803221.26955
"gaussiano","MCO",84.0085802527209,522.897517481238,29.1477726416967,50172.1922206186
"gaussiano","MCP",89.7011155102816,529.311902465716,30.1047461822988,796753827.051834
"exponencial","MCO",0,1.52518744694901,31.2859854925617,0.231396797313878
"exponencial","MCP",0,1.5446164189937,30.5697633044745,3761.96082020149
"esferico","MCO",0.012969282883009,1.45301728087765,73.7292606023837,0.107778417700746
"esferico","MCP",0,1.48510864562325,74.7641308289084,1750.102347708
"gaussiano","MCO",0.216953749292881,1.24945477321231,35.7956075806762,0.118215229823466
"gaussiano","MCP",0.232859723252808,1.25418809253248,36.7897556656204,1944.04400575804
"exponencial","MCO",0,1.06970739375198,19.3864546448199,0.383482801049808
"exponencial","MCP",0,1.09613155620311,18.0779593175613,6373.31229063269
"esferico","MCO",0,1.06644868822707,52.786434198307,0.290859583338092
"esferico","MCP",0,1.09418072347246,53.8741842319698,5017.21407381428
"gaussiano","MCO",0.138481375684509,0.926828799553228,25.1687423984143,0.295479548494216
"gaussiano","MCP",0.11983759795502,0.97391995411422,25.589279285048,5113.80570050694
"exponencial","MCO",0,474.020029147212,62.9535340347894,5960.10106442256
"exponencial","MCP",0,471.523097863131,60.8900719996092,93733283.5913716
"esferico","MCO",0,391.546291704972,104.203981502111,1413.35087742253
"esferico","MCP",0,391.047457970393,103.125615572584,23836837.6009269
"gaussiano","MCO",36.3618423301041,354.951728688773,48.86338103217,488.575875037326
"gaussiano","MCP",37.9973062018985,353.455734223856,49.0286893740577,7810686.86366087
"exponencial","MCO",0,484.862523550213,25.4006034153193,72017.8347718231
"exponencial","MCP",0,495.823387494015,23.9594937723238,1139920475.91095
"esferico","MCO",0,477.204883462341,64.481344871512,47252.0241280622
"esferico","MCP",0,488.870771162707,65.0399740509141,767958389.703534
"gaussiano","MCO",36.4311393428129,440.966886600033,30.0490046399075,47002.8249693289
"gaussiano","MCP",23.3844344823279,465.76430181261,30.2735049254874,770236935.875972
"exponencial","MCO",0,1.87522951446765,27.5781382122768,0.93149061204429
"exponencial","MCP",0,1.90750219361188,25.7164605146461,15344.728113169
"esferico","MCO",0,1.83080022181201,67.3171384275559,0.520811479207
"esferico","MCP",0,1.86957222519504,67.3361614834477,8916.50193018499
"gaussiano","MCO",0.108776129926408,1.7272927823634,31.5051863304536,0.510162806836353
"gaussiano","MCP",0.0328247444952798,1.84188910505488,31.334045861111,8836.02977797423
"exponencial","MCO",0,0.765388221847044,17.32109733869,0.177438705747858
"exponencial","MCP",0,0.781694408240326,15.6255678165436,2840.14633202642
"esferico","MCO",0,0.762696356537816,46.4772731249648,0.128448184084091
"esferico","MCP",0,0.780826567767204,46.9570698719627,2197.400252844
"gaussiano","MCO",0.0775799706073441,0.685632030681129,22.0741786948641,0.129341922027948
"gaussiano","MCP",0.0506173550307112,0.730652177191658,22.0906759963161,2220.11919603524
"exponencial","MCO",0,704.602939040618,42.9998161485632,11602.0528228467
"exponencial","MCP",0,705.891521609153,42.1393012272964,193057285.036244
"esferico","MCO",17.2966966928682,624.442207524011,88.4641568229896,1752.32560372941
"esferico","MCP",17.6565645578096,625.161736467758,88.7070091292603,29309626.1215378
"gaussiano","MCO",101.280324087705,541.013301545805,42.853589819588,3187.83880175243
"gaussiano","MCP",116.690685385822,528.474838154167,44.0342369370449,48468559.9679265
"exponencial","MCO",0,0.225522190377807,21.7984194960426,0.00342202895045452
"exponencial","MCP",0,0.226546751947625,20.6169108456027,60.7832935334228
"esferico","MCO",0.0156061349071132,0.206068369948815,57.4404100018015,0.00190026555795573
"esferico","MCP",0.0209264073873611,0.202591191452106,59.1601123728154,35.7765376610912
"gaussiano","MCO",0.0455456192764097,0.175974719399588,27.7563067666691,0.00208229456711459
"gaussiano","MCP",0.0512465517785601,0.172192466767415,28.6977858396573,39.0578062880669
"exponencial","MCO",0,2.7671878739657,47.5738023077472,0.197426613138806
"exponencial","MCP",0,2.73085649439562,44.9073180744928,3182.83961686819
"esferico","MCO",0,2.43528356810654,87.2687678248457,0.0883749493138187
"esferico","MCP",0,2.42300873545123,86.1555613046685,1302.26169360775
"gaussiano","MCO",0.290580010612992,2.1520511110489,42.1860672683575,0.080510010056747
"gaussiano","MCP",0.320364143977294,2.11542946141074,42.4166758316823,1149.72201235637
"exponencial","MCO",0,825.464946990658,88.3243609888654,12634.4769622212
"exponencial","MCP",0,851.599336125728,92.3096352952545,221207300.674453
"esferico","MCO",0,606.631734844849,121.356173434228,4541.78095307764
"esferico","MCP",0,610.397877064779,122.922835403888,85347118.286802
"gaussiano","MCO",81.6550539556086,536.082097528331,61.199750455095,5437.38680556796
"gaussiano","MCP",93.8654454666422,531.518302811658,63.3116904277146,86832169.142265
"exponencial","MCO",0,4.55995709499703,20.3206368662507,3.9145425079798
"exponencial","MCP",0,4.64702068081239,19.4358875778971,65858.5691584415
"esferico","MCO",0.235332833698016,4.28967837467941,55.8266281827765,2.73961820302007
"esferico","MCP",0.091270099191077,4.52459007971512,56.3095302795317,46403.9225607429
"gaussiano","MCO",0.894436376797559,3.63327631896521,27.4001264193498,2.83480051884155
"gaussiano","MCP",0.820197145665559,3.79904373129246,27.6862368798786,48341.0109553598
"exponencial","MCO",0,0.0561131283648074,18.32321379219,9.60700250456353e-05
"exponencial","MCP",0,0.0561700891359634,16.9671160484803,1.34432674151592
"esferico","MCO",0.00207518920380179,0.0530756537589546,45.7953943889567,2.1732166617049e-05
"esferico","MCP",0.00252488090425835,0.0528773185066514,46.3839245484226,0.379459107973818
"gaussiano","MCO",0.0107006534861512,0.0445037339126121,22.6696733786934,2.36835093921911e-05
"gaussiano","MCP",0.0108976493414965,0.0445634171795377,22.8572410833342,0.41117790709409
"exponencial","MCO",0,1.95145393149883,29.7968894223036,0.0798021482655066
"exponencial","MCP",0,1.9632161721573,29.524264652744,1328.87126537037
"esferico","MCO",0.188004456797522,1.68843204558415,74.601794643631,0.0235403574650223
"esferico","MCP",0.221878905573219,1.66313934347658,76.1809919890305,394.091102889554
"gaussiano","MCO",0.416560742058346,1.45845330857651,35.8650708292206,0.0321150017051334
"gaussiano","MCP",0.474323970437623,1.41265670054853,37.3234818492294,503.439897842551
"exponencial","MCO",0,406.65386687898,26.8803110372297,15736.2439731416
"exponencial","MCP",0,410.75168169882,25.7041247442777,243367585.319618
"esferico","MCO",0,394.854611312742,64.581059717603,7318.3258693783
"esferico","MCP",0,399.550817926688,65.5268018417446,117526219.153537
"gaussiano","MCO",56.1682123578482,338.812182064968,31.3656299760094,7820.97921864464
"gaussiano","MCP",60.7780265666116,339.336688994975,32.1700926884706,126456581.183078
"exponencial","MCO",0,411.982688299014,51.5828460787736,1741.82666222521
"exponencial","MCP",0,409.163267360293,49.9125304743937,23264635.3637131
"esferico","MCO",5.61995123601619,354.661739220181,96.750016836805,763.374315637848
"esferico","MCP",16.0123995363358,344.167837616393,98.4717528787409,12381361.7857452
"gaussiano","MCO",49.569499058199,309.262528821293,45.7488254332307,1305.04213208817
"gaussiano","MCP",65.9298721788783,294.056189389922,47.8400035222651,16572636.6013795
"exponencial","MCO",0,813.548054187866,54.0581183497814,6387.95924513994
"exponencial","MCP",0,808.044984125697,52.5365353312118,71657579.945373
"esferico","MCO",17.3510470859367,690.145512096112,101.841464505313,5366.76908716035
"esferico","MCP",54.7747244389945,655.367396858731,106.180638388608,75889153.2897576
"gaussiano","MCO",98.4059139872872,602.619613908353,47.2166897567531,9945.08427846808
"gaussiano","MCP",147.290768830972,559.799477884621,50.9965916140268,127186716.356387
"exponencial","MCO",0,1.4080206766255,21.4265646070185,0.0496954910251307
"exponencial","MCP",0,1.4143509710951,21.222831913229,944.970551723834
"esferico","MCO",0.251849625388999,1.13487033236934,62.2426811608294,0.0183370539368248
"esferico","MCP",0.250799078718699,1.14031265067008,62.5834558086561,377.513189865852
"gaussiano","MCO",0.415456544202177,0.971011368579201,30.1889162221104,0.0226903963912106
"gaussiano","MCP",0.424381808051983,0.96692773981402,30.5270800685209,462.057977656066
"exponencial","MCO",0,258.917749189845,29.0313526612498,10934.1855375215
"exponencial","MCP",0,263.098037565438,28.0206357090182,174892478.809314
"esferico","MCO",0,251.104765925686,69.8435003057407,5923.30117358008
"esferico","MCP",0,255.453809472343,70.9199602582774,95149605.3574127
"gaussiano","MCO",30.8720487036403,220.552090709446,33.6941683535932,6173.7341226149
"gaussiano","MCP",28.9229355820898,226.939951306135,34.2151468921569,100151064.897627
"exponencial","MCO",0,670.514800844859,33.6061940888547,18976.1759327036
"exponencial","MCP",0,673.959864843381,32.7654507199088,281151227.08533
"esferico","MCO",16.0677956382337,618.947435256172,76.1669036177173,8088.13891179627
"esferico","MCP",37.2935734126452,602.37337218044,78.8519912658602,129913093.764296
"gaussiano","MCO",98.3340460526011,535.693085359388,36.4211200571166,9539.72448440956
"gaussiano","MCP",127.195622439881,512.830653955558,38.479718978998,147353813.797971
"exponencial","MCO",0,3.45759335457885,32.881381458816,0.998327405576961
"exponencial","MCP",0,3.44171729199334,30.030395674642,14202.7899759229
"esferico","MCO",0,3.25903623529028,70.0595551028124,0.231930209250277
"esferico","MCP",0,3.27089314549162,68.6559168131325,3156.0923788556
"gaussiano","MCO",0.145670751450697,3.11881327686621,32.2168338104193,0.103518018645682
"gaussiano","MCP",0.0696727335681107,3.20829658010451,31.8189799320753,1711.5816070292
"exponencial","MCO",0,0.122601602858307,30.3393756192869,0.000447918458811245
"exponencial","MCP",0,0.120950036311516,27.7230024761645,5.48555477649547
"esferico","MCO",0,0.115346551383487,62.8025268403311,0.000174438245675576
"esferico","MCP",0,0.114672972806313,61.5420291483334,2.48692940270849
"gaussiano","MCO",0.011208108002063,0.104157149867606,29.5658643154218,0.000119965656510533
"gaussiano","MCP",0.0126766172617413,0.102205342711695,29.6985771089422,1.8238056962534
"exponencial","MCO",0,3.38141121932738,25.904165720124,2.1985459433744
"exponencial","MCP",0,3.44533604579914,25.0745835489072,34358.105611964
"esferico","MCO",0,3.31006277916831,64.6592810025027,1.44266222569692
"esferico","MCP",0,3.37319424902297,66.048157521302,22697.058748936
"gaussiano","MCO",0.466990115937186,2.84429563206804,31.3839741641891,1.47342451833631
"gaussiano","MCP",0.452835019784825,2.92364576115607,32.0547865297128,23359.375034312
"exponencial","MCO",0,3.1665855539413,30.2767413040108,2.36253964602311
"exponencial","MCP",0,3.22282196848927,28.7959330841239,38740.5896350325
"esferico","MCO",0,3.06660984761225,72.1200399876371,1.29840055630078
"esferico","MCP",0,3.12971751600077,72.5549732030217,21768.4941690855
"gaussiano","MCO",0.225380348882594,2.84826688043255,33.9071810533411,1.27844672093623
"gaussiano","MCP",0.123250702719108,3.01312226909632,33.9171244602924,21602.1282663286
"exponencial","MCO",0,3.50705218717527,30.7974467655531,2.63834276043612
"exponencial","MCP",0,3.5711168844253,29.6105150492219,43097.3023965508
"esferico","MCO",0,3.3943824126635,73.6514472017798,1.46507525926386
"esferico","MCP",0,3.46393591818368,74.598198063542,24304.9068432786
"gaussiano","MCO",0.304623717717771,3.0917633656203,34.6731669174703,1.48609054656188
"gaussiano","MCP",0.248000509186919,3.2176722664071,35.087667576523,24944.2811144765
"exponencial","MCO",0.294637625260651,1.54384072520711,20.1194583213427,0.0800326674429487
"exponencial","MCP",0.383365074706948,1.47363634510066,22.0498047017137,1477.68069941747
"esferico","MCO",0.710514220148972,1.11952561619302,68.4115212987193,0.107181446967548
"esferico","MCP",0.901006594176395,0.95005533117565,80.3852738114717,1429.03715034209
"gaussiano","MCO",0.808699803933339,1.00510503928006,29.3201649594375,0.114447063445081
"gaussiano","MCP",1.02816227420385,0.816526501801498,37.7998349333065,1674.55543834025
"exponencial","MCO",0.0642917893508953,0.338033911097216,10.6555680076783,0.00408264059142075
"exponencial","MCP",0.0518738051714706,0.353351558059645,10.6681526195776,70.8632801400252
"esferico","MCO",0.18105897788098,0.220469636462842,38.1301561403839,0.00416304213887326
"esferico","MCP",0.21492430857345,0.190125380421049,44.1544919836667,70.8471508548069
"gaussiano","MCO",0.216311507187718,0.18514702950978,18.5988871558753,0.00408497872538997
"gaussiano","MCP",0.233466461338205,0.171267844547753,20.3890030562663,70.0638376586321
"exponencial","MCO",0.0470584772581487,0.619724970221728,16.5253609076591,0.00320699820535794
"exponencial","MCP",0.0619219055979413,0.60267416234565,16.6610362457804,49.5834902467219
"esferico","MCO",0.176267332860939,0.480974717568146,47.2900737310502,0.00602973596301259
"esferico","MCP",0.220774884109611,0.434321272498566,50.0919662960381,87.4011958556215
"gaussiano","MCO",0.247638348460775,0.409275357732473,22.8352134176275,0.00584659385547806
"gaussiano","MCP",0.287021434222145,0.368479791084429,24.5713157828854,84.3271565633955
"exponencial","MCO",0.00833258060307714,0.0798857384413633,31.5608935332838,0.00129417535167683
"exponencial","MCP",0,0.0829243466133112,17.7525280387812,12.3127799496602
"esferico","MCO",0,0.0815887303696677,49.7066541247762,0.000316551109949099
"esferico","MCP",0,0.0820405241647924,48.5509325839034,5.51294641606168
"gaussiano","MCO",0.00478620985192751,0.0768737581022862,23.0296703687488,0.00028326633949213
"gaussiano","MCP",0.000955668009883254,0.0811659730033849,22.4386616405362,5.30771410521028
"exponencial","MCO",0,0.162328699785356,25.1026081437185,0.00667221325248196
"exponencial","MCP",0,0.164834049063145,22.9779974102624,102.46352861303
"esferico","MCO",0,0.159232769245039,62.0543998378033,0.00374118934414195
"esferico","MCP",0,0.162379343728374,61.6728913609801,59.9766222065186
"gaussiano","MCO",0.00650486115608686,0.152976005802357,28.5287035277555,0.00352479478979568
"gaussiano","MCP",0,0.162584980721773,28.2972795583132,57.735623942433
"exponencial","MCO",0,1.00218588510778,22.5210474563299,0.0505094124154762
"exponencial","MCP",0,1.0009685607083,21.7410278735976,822.293261932409
"esferico","MCO",0.135259420277021,0.845051596224752,60.8026927688548,0.0425942845454424
"esferico","MCP",0.172117160366138,0.809271254213373,62.7387244969175,656.295828466576
"gaussiano","MCO",0.254215801299969,0.725174176277817,29.2425673244832,0.0444138869493545
"gaussiano","MCP",0.290095791321978,0.691056784801152,30.3930920789723,681.281986838371
"exponencial","MCO",0,2.03440205804106,33.7351857513686,0.517096845033793
"exponencial","MCP",0,2.04948910350313,31.8619225808876,7785.65800513601
"esferico","MCO",0,1.93170809202083,75.1364100633303,0.201071711239176
"esferico","MCP",0,1.95465088639681,75.0240606110089,3100.02839836174
"gaussiano","MCO",0.121981874048361,1.81005651333865,34.6923131638611,0.183349411651569
"gaussiano","MCP",0.115433831170073,1.84118146657149,35.1334914446443,2989.05445811698
"exponencial","MCO",47.0379163398621,750.858433017813,42.6030465969942,5227.39469092862
"exponencial","MCP",73.5077933999479,738.760608534805,46.3133985713061,90509115.4684532
"esferico","MCO",146.856362352763,600.901080545427,104.546387100261,8427.30624370521
"esferico","MCP",192.564545687235,559.869512334462,111.388361551961,91699205.4361929
"gaussiano","MCO",220.418786241466,521.601840245681,48.7893858704079,15776.4109774035
"gaussiano","MCP",282.227944582323,471.917460792361,55.2791901289566,166687054.19095
"exponencial","MCO",0,1081.65124817805,59.2750303449428,88101.738566266
"exponencial","MCP",0,1109.74136788241,61.1868202397129,1437220108.55697
"esferico","MCO",0,923.4066731226,105.815185882905,43183.9596060027
"esferico","MCP",0,933.420624406981,107.47873159257,714148903.608002
"gaussiano","MCO",114.862231984245,813.233277378343,51.6398508338916,52204.5021088991
"gaussiano","MCP",135.931278543947,806.869286577935,53.8171627466946,853470974.134055
"exponencial","MCO",0,0.0976485248919117,17.9825335649932,0.00081324114799692
"exponencial","MCP",0,0.0983807621226955,16.8183334407305,14.2449882706568
"esferico","MCO",0.00779350081296748,0.0889454109014314,49.4382882683635,0.000548252805460312
"esferico","MCP",0.0122035017752187,0.0856512235745194,52.0680361832426,10.2716861487055
"gaussiano","MCO",0.0207814083738213,0.0758337521722634,23.7467296411665,0.000563132571873105
"gaussiano","MCP",0.0232389946887283,0.0744675460702804,24.6397664070935,10.6319250977288
"exponencial","MCO",0,1.65408174627968,18.1609414510553,0.424778529619764
"exponencial","MCP",0,1.67942354476396,17.0169154567999,7107.67446184489
"esferico","MCO",0.0779816896170701,1.56536311746797,49.7682473604746,0.29601325670117
"esferico","MCP",0.068411151276234,1.60406318309404,50.9071984741743,5159.18798572751
"gaussiano","MCO",0.318821201431217,1.32409516582644,24.2788184906327,0.303238038701191
"gaussiano","MCP",0.302399271661094,1.36925324806423,24.5851433205074,5303.52439804031
"exponencial","MCO",15.713414982492,440.333146545394,46.6344918510846,6185.11610253742
"exponencial","MCP",7.69922634704549,455.121881712719,47.4971885792417,114612873.238465
"esferico","MCO",57.7206311717008,359.010723993272,103.404595850104,3269.04060959627
"esferico","MCP",61.175258485461,357.779551971418,105.329800921391,58443680.7819935
"gaussiano","MCO",109.550097680225,309.9330253713,51.5902396002246,5276.57005221396
"gaussiano","MCP",126.60004970332,298.458003479805,54.8887037766009,78675329.2179031
"exponencial","MCO",0,4.60981019553189,27.0432794623013,8.49536417411186
"exponencial","MCP",0,4.73239814517921,25.5704402545876,138146.823350248
"esferico","MCO",0,4.52960040987969,67.9970106549133,5.69571348076852
"esferico","MCP",0,4.65961046127693,68.5123566286321,94452.1767903094
"gaussiano","MCO",0.236753745908205,4.30557939898883,31.6772247472441,5.61176488985821
"gaussiano","MCP",0.0586862137695734,4.61353926254433,31.7967000690616,93702.9697875563
"exponencial","MCO",0,4.00426716988443,42.1546908270268,2.63807991188921
"exponencial","MCP",0,4.01694296025052,39.3240390820869,40077.7792661507
"esferico","MCO",0,3.66513860044797,84.5627478793992,1.12090063058736
"esferico","MCP",0,3.7099546249425,83.4791981257512,16749.8609128663
"gaussiano","MCO",0,3.67783908074401,38.1258156386813,0.696766575173852
"gaussiano","MCP",0,3.72657274459309,38.4779032511117,11564.3887084234
"exponencial","MCO",0,2.2841651794228,22.1537791934765,0.455142321660917
"exponencial","MCP",0,2.28296179587562,20.0668993072111,7357.67628640839
"esferico","MCO",0,2.23597508831429,53.7851694286246,0.163805704213471
"esferico","MCP",0,2.24727667769198,53.6066305913139,2970.16934967168
"gaussiano","MCO",0.299840973430275,1.93858835053566,26.1275884336493,0.175113631632462
"gaussiano","MCP",0.223810180440425,2.02514972243142,25.5839402709407,3188.48531740852
"exponencial","MCO",0.0567974852958172,0.906642936152391,26.9069525103062,0.0138424151654239
"exponencial","MCP",0.00813049910860421,0.959950534062964,26.1210161180718,240.496346336561
"esferico","MCO",0.216179618346457,0.724983910193931,76.2021443839563,0.00594028570371662
"esferico","MCP",0.239914962683641,0.705278337533773,78.3943309746309,84.1935069454645
"gaussiano","MCO",0.31620791601584,0.624334819706653,36.7463531902028,0.0104105985980642
"gaussiano","MCP",0.355968794641623,0.591486852254789,39.0511051314911,138.447880450576
"exponencial","MCO",0,2.88477256794073,24.5361462422208,0.880610207142119
"exponencial","MCP",0,2.94031157138732,25.1060456303655,14423.2122083367
"esferico","MCO",0.433268515031833,2.40833464192175,70.7809333443054,0.645062977871523
"esferico","MCP",0.453070550982573,2.43346882166048,73.0895105039323,10164.5385471769
"gaussiano","MCO",0.777500206716886,2.06453598093357,34.4192758268932,0.685854017241031
"gaussiano","MCP",0.83911216823126,2.05029592720534,35.9981274848293,10799.8724038457
"exponencial","MCO",0,3.57864752764169,21.6840239201116,1.31660980204181
"exponencial","MCP",0,3.63318474920639,21.4989674677364,21025.9141482552
"esferico","MCO",0.398088107499558,3.12785841828388,59.99223299892,1.0438340561252
"esferico","MCP",0.532802188855842,3.04816377170925,63.3962550882428,16632.7481463164
"gaussiano","MCO",0.849105155802268,2.67496563560575,29.0204888888442,1.07917033512614
"gaussiano","MCP",1.00418319516551,2.57901109838671,31.0608864698379,17144.9519461526
"exponencial","MCO",0,4.05595167573777,39.4413648289216,1.9639308777029
"exponencial","MCP",0,4.0876874488175,37.7617658710268,30886.6825554344
"esferico","MCO",0,3.76217316330798,82.4852248411516,0.723567797081975
"esferico","MCP",0,3.80373176444839,82.2917251009505,11366.8789876049
"gaussiano","MCO",0.247774185350267,3.52520819048374,38.5968290758327,0.61845352643784
"gaussiano","MCP",0.171122064044858,3.64472317651212,38.5858503903665,9912.50519524003
"exponencial","MCO",0,2.03213759437027,36.8975510200378,0.525404411645696
"exponencial","MCP",0,2.03558322072945,34.2388788441294,7505.46868642028
"esferico","MCO",0,1.89871885213422,77.9391807315626,0.192672841889187
"esferico","MCP",0,1.91712074334854,77.0079673666784,2707.82871827449
"gaussiano","MCO",0.0301156915283505,1.86908099294043,34.9757921247842,0.122585318720176
"gaussiano","MCP",0.0012885632087643,1.91673861158034,35.0074366705002,1960.51248658028
"exponencial","MCO",0,0.333925877428753,38.1272321761734,0.036246912862938
"exponencial","MCP",0,0.340845616110925,36.4865270459524,564.350158373288
"esferico","MCO",0,0.31437491006569,82.9376703681101,0.0215754339039514
"esferico","MCP",0,0.321833884524504,82.9179631467389,333.896421135414
"gaussiano","MCO",0,0.316063762153211,37.7570279005693,0.0188784677974762
"gaussiano","MCP",0,0.323810993912664,38.5066893912214,299.906888954585
"exponencial","MCO",0,0.166219204324357,22.907572851771,0.00342468946186507
"exponencial","MCP",0,0.16657586066711,20.4381970097533,46.9045250843483
"esferico","MCO",0,0.162267913928234,54.4448930686587,0.00135356789402463
"esferico","MCP",0,0.163637619198846,53.5952416977574,19.7285943899856
"gaussiano","MCO",0.00823193230047604,0.154195537899016,25.0619933761283,0.00117863258460562
"gaussiano","MCP",0.00258690717628574,0.16117643878883,24.6645610317895,18.5248814631276
"exponencial","MCO",0,0.0806938703390086,18.6726820439585,0.00153208044738239
"exponencial","MCP",0,0.0821201575186649,17.0245580074259,24.7042047180176
"esferico","MCO",0,0.0803151249581382,49.9995892474242,0.00102908081798138
"esferico","MCP",0,0.0819989458681833,50.91866680007,17.6959071458031
"gaussiano","MCO",0.00959404249712489,0.0706536821632112,23.7352549931443,0.00104705088854159
"gaussiano","MCP",0.00765590000850056,0.0742421342793285,23.8442830316344,18.0971771777055
"exponencial","MCO",0,496.294889989289,26.6704653789635,6001.23654275471
"exponencial","MCP",0,491.438269250877,25.4717260820512,109501731.334957
"esferico","MCO",39.3470462462422,434.326504938314,61.1739563729702,7321.78424532833
"esferico","MCP",45.8644832547399,423.853214176905,60.8965681580541,127573814.691527
"gaussiano","MCO",104.365584804268,370.038206934995,30.1197016511763,7277.68491494887
"gaussiano","MCP",117.430027838553,353.742783798328,30.5866399302487,124549692.68935
"exponencial","MCO",0,2.85104292320186,22.9505509423458,0.240409504167688
"exponencial","MCP",0,2.84871065259651,21.9494609066396,3660.73985113075
"esferico","MCO",0.0918873430040434,2.66133266136206,52.4298377177002,0.159473734118819
"esferico","MCP",0.0268848883482837,2.72447829885103,51.6266721523794,2852.75696970243
"gaussiano","MCO",0.536798851844828,2.2262738854199,26.5650625311121,0.149414062840288
"gaussiano","MCP",0.542780025141087,2.220746964169,26.6042608445621,2683.14451342416
"exponencial","MCO",0,2.27438739997902,36.1756563531307,0.271612610969156
"exponencial","MCP",0,2.24796974897123,33.215604085188,4141.31754500592
"esferico","MCO",0,2.1078957678305,73.7367776277166,0.0716144465898086
"esferico","MCP",0,2.10398846345542,72.4402779138636,1064.34534418103
"gaussiano","MCO",0.177107365036687,1.9328159719775,34.6014410203542,0.0525241992112646
"gaussiano","MCP",0.167071251369082,1.94112526460718,34.4111065359785,858.405449558929
"exponencial","MCO",0,0.109441783272346,25.2544061431391,0.00248889245491377
"exponencial","MCP",0,0.111561975903595,24.3448650877388,38.5652727327352
"esferico","MCO",0,0.10734598120482,63.4958611923375,0.0016788214342547
"esferico","MCP",-4.33680868994202e-19,0.109487854398464,64.90230095676,26.329511792324
"gaussiano","MCO",0.0145185134810238,0.0928226136260782,30.6399120759983,0.00171476699000307
"gaussiano","MCP",0.0145912544120993,0.0949665864020899,31.4278557320029,27.055108863583
"exponencial","MCO",0,0.883722879984634,21.5388653202972,0.130888996182839
"exponencial","MCP",0,0.860334586553086,18.2369865525355,2273.93956901479
"esferico","MCO",0,0.855515378358064,47.6695241905684,0.106484461444358
"esferico","MCP",0,0.843452740239882,46.092459700651,1871.00452595613
"gaussiano","MCO",0.109241694416811,0.747074397482368,23.0675747974813,0.10710438155054
"gaussiano","MCP",0.0738294874136596,0.770444564188264,21.9706285576808,1889.29435774675
"exponencial","MCO",0,2.26082433776642,27.2953056698007,0.585887315881333
"exponencial","MCP",0,2.29107560849975,26.4196904902284,9303.71971218038
"esferico","MCO",0.0251928643437341,2.17261114897403,66.6896002580626,0.31565871023533
"esferico","MCP",0,2.22893188019014,67.598334831977,5080.89764984174
"gaussiano","MCO",0.336310084718766,1.86266000385291,32.441351936519,0.330035954163233
"gaussiano","MCP",0.348517037799387,1.88333089153358,33.2350088691436,5380.17271647766
"exponencial","MCO",0,0.21248430121442,33.4292256051639,0.00220310512883328
"exponencial","MCP",0,0.212056228739325,31.4094802551804,32.6973257297996
"esferico","MCO",0,0.200306307811339,72.2313789750889,0.000260749176608442
"esferico","MCP",0,0.200968393075484,71.9506417519373,4.1247423868683
"gaussiano","MCO",0.0210212079244877,0.17936265538761,34.2587856430871,0.000264411788208893
"gaussiano","MCP",0.0229356317600248,0.178392924139432,34.7249406967472,4.65551543940675
"exponencial","MCO",0,0.257223393536115,19.93254726744,0.00997498335877796
"exponencial","MCP",0,0.261497856127755,19.0728841477887,167.711018992141
"esferico","MCO",0.0167034442539154,0.238271523471742,54.8847703050553,0.00692965583826166
"esferico","MCP",0.0132661976055577,0.246215419419862,55.7372737798265,118.313362519589
"gaussiano","MCO",0.0529795644778157,0.202044713156647,26.8238312804466,0.00721620058940579
"gaussiano","MCP",0.052733273432426,0.206926680219246,27.3818967605319,123.748209211786
"exponencial","MCO",0,0.11104489674152,19.7969363529456,0.00694941787012192
"exponencial","MCP",0,0.115141722079799,19.0331889822565,115.740487160854
"esferico","MCO",0.000651204495924011,0.110621299490415,56.1358862585116,0.00579616822008815
"esferico","MCP",0,0.115410921826434,58.0650600564753,96.5938025730893
"gaussiano","MCO",0.0174045214674325,0.0938416618885298,27.329949216426,0.00588379147602925
"gaussiano","MCP",0.0142256935237022,0.101164341173277,27.876380336092,98.3847086808632
"exponencial","MCO",0.00395728272575446,0.240973908986914,17.5245626629908,0.00116412259509357
"exponencial","MCP",0,0.246596855050918,17.4618870479573,17.7185965584379
"esferico","MCO",0.0575880374765712,0.184973427002787,53.8119193891776,0.000574313617008467
"esferico","MCP",0.0569037981634655,0.186789061005422,54.1783625762239,8.94487250044297
"gaussiano","MCO",0.0862346448862849,0.15655157107737,26.5164554922047,0.000619790948010376
"gaussiano","MCP",0.0873836514923841,0.156654164410966,26.867546822009,9.74164605292938
"exponencial","MCO",0,262.358812048572,33.3648618422334,2223.64884453748
"exponencial","MCP",0,264.814673122931,33.6192477625046,42094539.3343346
"esferico","MCO",26.5797814771366,223.183944319018,81.6696625069064,719.349364051464
"esferico","MCP",24.419124433846,226.314729924995,81.8159270781126,12929824.882821
"gaussiano","MCO",59.321774541586,191.325957954523,40.4899281531156,1101.58998361898
"gaussiano","MCP",64.3323070249188,187.97378506264,41.6315499897225,18224323.5622337
"exponencial","MCO",0,0.266819141355744,18.7938936403202,0.000704302935451663
"exponencial","MCP",0,0.267468208964135,18.356854838506,11.223756972323
"esferico","MCO",0.0396066777971754,0.222755589332252,51.6530880537676,0.000478414052454907
"esferico","MCP",0.0528282028696906,0.210430815398646,54.1963438989477,7.69119239607385
"gaussiano","MCO",0.0729980549860568,0.189325762432636,25.1192260366539,0.000514542045584308
"gaussiano","MCP",0.0851663424286366,0.178330632614274,26.5785471208708,8.02990725885037
"exponencial","MCO",0,0.133325493407458,27.722323937433,0.00181676677299246
"exponencial","MCP",0,0.133631873406401,25.3883361177174,25.7712159714314
"esferico","MCO",0,0.128522211512995,63.6204332948727,0.000557846331021426
"esferico","MCP",0,0.129567617781426,62.8534542331478,8.2023216696574
"gaussiano","MCO",0.00793708976633965,0.120673548292336,29.4244295728394,0.000462866770514934
"gaussiano","MCP",0.00578697311836664,0.123926070305632,29.3300300360917,7.47993053514006
"exponencial","MCO",0,0.513897401911684,18.9307885318863,0.10145015774949
"exponencial","MCP",0,0.528083462410996,17.6908018513225,1613.21330953458
"esferico","MCO",0,0.513245585098231,52.0484390255238,0.0784467119559227
"esferico","MCP",0,0.527740429953568,53.1029317254581,1266.44592736065
"gaussiano","MCO",0.069216876601928,0.443694888442856,25.0005341782284,0.0796891313573674
"gaussiano","MCP",0.0476867705031327,0.479840649302057,25.0151575165479,1289.48369418332
"exponencial","MCO",0,0.279320118618603,13.0523643065083,0.0295078835212405
"exponencial","MCP",0,0.286318875252892,11.8698713228371,499.86927250001
"esferico","MCO",0.0136694602046579,0.266224271768859,38.2020148759815,0.0255536431577587
"esferico","MCP",0.0104977756910482,0.276883899358467,39.5333528518701,446.199049861536
"gaussiano","MCO",0.0573909218944971,0.222308813282449,18.6531151506353,0.0257975313290947
"gaussiano","MCP",0.0463823457764994,0.240676534738459,18.7283741461,450.879950020535
"exponencial","MCO",0,1.49984864182513,19.859099609948,0.402335174491672
"exponencial","MCP",0,1.52736341287338,19.0502051585374,6279.83491648259
"esferico","MCO",0.0796252606230869,1.40586126440284,53.8843228033105,0.300063829444554
"esferico","MCP",0.0645746404373822,1.44900679077267,54.8942482210462,4701.68800675124
"gaussiano","MCO",0.293702018914006,1.19206843727507,26.3270845980025,0.308118233404162
"gaussiano","MCP",0.295741340293573,1.21912047870485,26.979235236524,4849.84659654963
"exponencial","MCO",0,0.429602908983272,11.2137304086113,0.00307660595499172
"exponencial","MCP",0,0.428635346845467,10.4567510879856,55.3907832803137
"esferico","MCO",0.0952116349087408,0.332227943579317,34.4542877367247,0.00181597710256663
"esferico","MCP",0.0999807628875761,0.327408360316644,34.7055105280967,35.9960927652504
"gaussiano","MCO",0.153560440771244,0.274068876947062,17.1304537594268,0.00186024339583888
"gaussiano","MCP",0.148930234922843,0.278531264654226,16.9310775812829,36.9575108005105
"exponencial","MCO",0,1.69630793460167,14.7028461934732,0.0500509861323257
"exponencial","MCP",0,1.69551906048247,14.0450474415527,953.721117803916
"esferico","MCO",0.330018484300314,1.35177920789355,43.7297727347223,0.0297273240328921
"esferico","MCP",0.3690088276905,1.31463586927042,44.539136676429,579.571173221522
"gaussiano","MCO",0.547435859070935,1.13504178397602,21.4944751758016,0.0317713962812565
"gaussiano","MCP",0.568608632237754,1.11595125045298,21.7543321248972,618.66927910598
"exponencial","MCO",0,3.76533149489883,40.536921030304,0.772691376002425
"exponencial","MCP",0,3.7990038046117,40.0081737524467,12834.4955945475
"esferico","MCO",0.0286016221879024,3.45505663257623,85.9327453122645,0.223005774728839
"esferico","MCP",0,3.50986441791503,86.4784955979643,3709.27370959565
"gaussiano","MCO",0.499890640674478,2.98692453350043,41.7146161942128,0.28201964657657
"gaussiano","MCP",0.555693897125788,2.9645147243376,42.8393865279856,4688.83494289807
"exponencial","MCO",0,0.485319424224997,23.9452148052583,0.0341101431448056
"exponencial","MCP",0,0.493581776979433,23.4944141022536,527.53342528871
"esferico","MCO",0.0279458173242237,0.448220634715805,62.5628493160841,0.0249449399566201
"esferico","MCP",0.0291926667362643,0.454831790295455,64.2514170239686,387.077536237901
"gaussiano","MCO",0.093130990512479,0.383231325643605,30.4837749310627,0.02535186423498
"gaussiano","MCP",0.0995757605822067,0.385006299330623,31.5513160184609,393.46619405816
"exponencial","MCO",0,1.72790881785272,29.9034195578969,0.204989031248838
"exponencial","MCP",0,1.74239891636831,28.9667893829049,3159.64295563803
"esferico","MCO",0.0224911016320378,1.63587511575306,69.6263015104433,0.0882001301252446
"esferico","MCP",0.0152766952117494,1.65803471115369,70.3761824685819,1414.07290917018
"gaussiano","MCO",0.256340480584791,1.40410668507322,33.9977944649747,0.0917856026211223
"gaussiano","MCP",0.277420997390036,1.39975269091973,34.8113207153163,1463.48734804377
"exponencial","MCO",-5.55111512312578e-17,2.12443722020231,25.00176131285,0.761069282186098
"exponencial","MCP",0,2.14409930052733,22.7839487431545,11490.1065183747
"esferico","MCO",0,2.077113519107,60.8909858014875,0.354213865185741
"esferico","MCP",0,2.10768328514928,60.6046877938272,5792.58683021334
"gaussiano","MCO",0.109125623622248,1.96799081219547,27.9087016778458,0.330778897210293
"gaussiano","MCP",0.0688318161990662,2.03903023429537,27.9679309098167,5700.69449337527
"exponencial","MCO",0,0.659951242058981,24.365605915717,0.0281549032217212
"exponencial","MCP",0,0.664477427598653,23.3004720029981,433.811690147024
"esferico","MCO",0.0255553782242379,0.617835668875463,60.4526556027245,0.0123435528258561
"esferico","MCP",0.0148197726369879,0.633769014970317,60.54451194509,186.364615677063
"gaussiano","MCO",0.117909617401005,0.526154161471957,29.666436142812,0.0130103471984699
"gaussiano","MCP",0.116102169101173,0.533424761016525,29.9003104705585,200.270103291457
"exponencial","MCO",0,2.03898376720973,30.389075772191,0.0815857642004576
"exponencial","MCP",0,2.0440579733765,29.6991527279907,1358.2685095387
"esferico","MCO",0.160146220698178,1.79397849591406,74.2228501281383,0.0341503070528167
"esferico","MCP",0.241628311767607,1.72092103638846,76.9981617932226,576.367112922811
"gaussiano","MCO",0.390909391025366,1.55718863514816,35.0686299403088,0.0465149336285952
"gaussiano","MCP",0.486177392216649,1.47439832630251,37.1327984930094,744.278426105518
"exponencial","MCO",0,4.22919419678629,24.7404968110284,7.54106582019155
"exponencial","MCP",0,4.3444972962642,23.1895314368243,126016.678039782
"esferico","MCO",0,4.19165244181966,64.7715398185125,5.1433830997945
"esferico","MCP",0,4.31478524998398,65.2211749690479,88050.1366896401
"gaussiano","MCO",0.276178936136621,3.92027580501142,30.1595311929066,5.15046326997698
"gaussiano","MCP",0.0725322782964253,4.24736961678603,30.1064892135742,88564.2841453534
"exponencial","MCO",68.7737440012989,379.535239255907,102.707305903572,3368.19052104234
"exponencial","MCP",102.463527045893,494.131603327922,194.210624755352,44184595.7470885
"esferico","MCO",92.7594165564018,294.043480111026,188.491113641846,4309.64743715363
"esferico","MCP",117.311454111923,342.448604027291,266.897808876575,47887698.5165066
"gaussiano","MCO",121.090166030177,225.010460529575,73.7558032100976,7605.99943689068
"gaussiano","MCP",155.176189097393,228.35190885378,97.8142097652789,79524636.6910809
"exponencial","MCO",0,0.133296288950183,18.1647239419653,0.0113447352150037
"exponencial","MCP",0,0.137600595209744,16.2505373462179,195.056916969208
"esferico","MCO",0,0.134070083662974,51.7175767376958,0.00889211447218066
"esferico","MCP",0,0.138650314605949,52.1086260546981,160.531079024971
"gaussiano","MCO",0.00626514070015346,0.127768394564992,23.5894199064819,0.00884303320476986
"gaussiano","MCP",0,0.138542821836263,23.5564735481225,160.432754693983
"exponencial","MCO",0,1.19565427432542,29.6416496216535,0.132619665171371
"exponencial","MCP",0,1.2020024412136,27.9002666235539,1895.72896119693
"esferico","MCO",0,1.14575637414951,67.2681249822278,0.0500351911460469
"esferico","MCP",0,1.15555996494564,67.1494625611898,740.112540394893
"gaussiano","MCO",0.107948836208715,1.03904056563794,31.7841685038968,0.0475309546043427
"gaussiano","MCP",0.104769670217653,1.05295600551521,32.0616842859293,721.698408060784
"exponencial","MCO",0.0459315257829831,2.4364154038506,199.027539900926,0.0188078291819898
"exponencial","MCP",0.032340578154348,2.4364154038506,195.671485727268,303.97135670577
"esferico","MCO",0.0757627136995532,1.38302901730095,203.433998764255,0.0158403578050935
"esferico","MCP",0.0811522242245782,1.47082632708136,221.230003238626,248.207027850761
"gaussiano","MCO",0.218052221181855,1.09526470735657,85.0966194569412,0.0215464506123785
"gaussiano","MCP",0.256721053946536,1.10474541420309,91.1759578944379,246.888464783231
"exponencial","MCO",0,7.34416811791175,23.4915828485648,22.4517117135103
"exponencial","MCP",0,7.56166366244969,22.4100676686536,360606.37135653
"esferico","MCO",0,7.2878343360975,62.2103123114104,16.7011156662397
"esferico","MCP",0,7.5138777317845,63.7467720894895,271173.364080969
"gaussiano","MCO",0.740609694938312,6.54867020491172,29.4553108473629,16.8946297654869
"gaussiano","MCP",0.557632612135235,6.95437943423701,29.902906411705,275468.232721784
"exponencial","MCO",0,0.405240870892488,22.042660291176,0.0280554233941443
"exponencial","MCP",0,0.412545930589486,21.2770764068525,440.60577325558
"esferico","MCO",0.0138444813490663,0.385544147638857,57.6419343708077,0.0202433481592507
"esferico","MCP",0.0132335083837084,0.393862650286655,59.3530447301003,322.955054818344
"gaussiano","MCO",0.0714399292033285,0.328192216339256,28.1849571150908,0.0205216231392775
"gaussiano","MCP",0.0731129802304756,0.33418575814631,28.9924017858388,328.321035641359
"exponencial","MCO",0,0.251785112301032,50.334577011783,0.00388945298394501
"exponencial","MCP",0,0.250761351194225,48.0913797536457,52.5931998360167
"esferico","MCO",0,0.221579767554774,94.0688604065904,0.00177276748553184
"esferico","MCP",0,0.22186352655949,93.0658737702734,25.6036744269244
"gaussiano","MCO",0.0138469543219624,0.206376811690299,42.4025575067345,0.00138728164599165
"gaussiano","MCP",0.0179942073071864,0.203085563591259,43.2388274967945,20.9463847226827
"exponencial","MCO",0.228231061638497,1.67769758655844,40.0063803864079,0.188034526546882
"exponencial","MCP",0.575532157636926,1.47803489923434,62.9199956520201,2855.53538511736
"esferico","MCO",0.63338934936265,1.3161624774862,142.3900108265,0.305370805898931
"esferico","MCP",0.879039344238354,1.36269015675383,219.000360078864,3312.88041671453
"gaussiano","MCO",0.450273465675599,1.25380930509298,32.6174041525274,0.330438325878006
"gaussiano","MCP",1.05962797508494,0.986563268620118,90.3011868026695,4461.12010868489
"exponencial","MCO",0.521655601995238,2.06999369280829,14.8092066704185,0.0164316744726173
"exponencial","MCP",0.51768616857879,2.07117412806602,14.7614940532829,295.258754680243
"esferico","MCO",0.945325439519911,1.6167398937438,41.7848170044672,0.0326226926557453
"esferico","MCP",1.05826641065811,1.50282063291311,44.3282034353943,612.387043967906
"gaussiano","MCO",1.23022656191587,1.33612678010745,21.1870389313636,0.0273013520241817
"gaussiano","MCP",1.28780870934698,1.27571688526911,21.8541665228005,510.084295403647
"exponencial","MCO",0,1.05258358218366,22.3115978171012,0.0384469179604703
"exponencial","MCP",0,1.04141176086011,20.4051807828778,571.77444910847
"esferico","MCO",0.0172470369057459,1.00185283027319,50.8777762842202,0.020224378038226
"esferico","MCP",0.00570224197884614,1.00824865759255,50.1502556114894,296.728322035877
"gaussiano","MCO",0.178396294419119,0.842367255608953,25.3101080353274,0.0205385184513994
"gaussiano","MCP",0.175358278035078,0.840488324631584,25.0355902263103,305.600031006715
"exponencial","MCO",0,0.309315065292808,16.4806539046265,0.00226666926055786
"exponencial","MCP",0,0.310712585281136,16.0817622047795,41.1689633972518
"esferico","MCO",0.062703639401517,0.24424451314616,50.2604074975051,0.000997804584521263
"esferico","MCP",0.0625343790756665,0.245733856508626,50.4480523986772,17.9385637532861
"gaussiano","MCO",0.101247905160867,0.205768247012452,24.7118427551371,0.00123940720404366
"gaussiano","MCP",0.102538474008288,0.205894626385339,24.8598750510511,22.0137213082226
"exponencial","MCO",0,2.38039989493366,47.9288485306263,0.317571362879503
"exponencial","MCP",0,2.41432659408579,48.1687881300832,5358.27788965926
"esferico","MCO",0,2.13437000883801,94.1987135776389,0.097418534287692
"esferico","MCP",0,2.1524216120284,95.3664309268442,1639.23143820537
"gaussiano","MCO",0.294263340217885,1.84793898298771,46.2300346948823,0.128267215796221
"gaussiano","MCP",0.32821934704384,1.83819227071482,47.6063911093342,2144.93264410603
"exponencial","MCO",0,0.157045645905385,19.3005288881364,0.00408605702302467
"exponencial","MCP",0,0.159443107859104,17.981850263944,66.0323393891707
"esferico","MCO",0.000840439080217245,0.15479849911067,50.5012697097619,0.00261632142419869
"esferico","MCP",0,0.15834972222287,51.3806234348885,44.1128968291636
"gaussiano","MCO",0.0253261159695796,0.130407466743724,24.9129632103478,0.00267568460290249
"gaussiano","MCP",0.0203216749385837,0.138080168257011,24.7991503966315,45.2594663334674
"exponencial","MCO",0,0.11742782129087,26.2385756408605,0.00421702193095632
"exponencial","MCP",0,0.120025444775698,24.7410670998437,66.7383000805178
"esferico","MCO",0,0.115346227544021,66.0592486183012,0.00271313453733961
"esferico","MCP",0,0.118186723640289,66.6772026638255,44.1130632933047
"gaussiano","MCO",0.00762251546577863,0.107769400451259,30.5980947013929,0.00269938798472934
"gaussiano","MCP",0.0056326955898746,0.112635510676759,31.0597729437019,44.56052277695
"exponencial","MCO",0.00204793640673853,0.093791197004524,31.5610081269167,0.000414156374135163
"exponencial","MCP",0,0.0957730954274185,29.9160120298911,6.20738289299738
"esferico","MCO",0.0142913108291823,0.0774682130306499,79.9375432284679,0.000283643796184052
"esferico","MCP",0.0170683501297157,0.0755321218075447,83.1835497091387,4.11796691245273
"gaussiano","MCO",0.0246124868643579,0.0670056045928799,38.2524360799812,0.000327025931697725
"gaussiano","MCP",0.0286855929819072,0.0639885553928141,40.8092813899538,4.65743469897285
"exponencial","MCO",0.0366488439692916,0.298383768076711,22.6943079304255,0.00155697796290471
"exponencial","MCP",0.0153290180249181,0.320673689770657,21.6349862182513,22.4957663944867
"esferico","MCO",0.092014803220088,0.236941115452399,64.7329079666781,0.00120484324661466
"esferico","MCP",0.103059513704494,0.227391101501851,67.8468055576653,18.9817233140342
"gaussiano","MCO",0.126220342234677,0.202962287211785,31.5794892123988,0.00124643564492485
"gaussiano","MCP",0.137421743838597,0.193378426184322,33.2711101616908,18.3416169832681
"exponencial","MCO",0,0.606010811412142,15.6156111700234,0.0953623863252354
"exponencial","MCP",0,0.620218148587277,14.9952582487276,1644.97140000228
"esferico","MCO",0.0823031564085,0.524428175438599,48.347252699333,0.0783796654496367
"esferico","MCP",0.0450425231119461,0.576067093159151,48.2311656196533,1346.88415427406
"gaussiano","MCO",0.166910902027849,0.439975721188295,23.8402836551477,0.0798430711700751
"gaussiano","MCP",0.136198504902899,0.484901914248391,23.5587472531359,1376.79661498229
"exponencial","MCO",0,176.464830568467,30.0041872547061,2724.07696028127
"exponencial","MCP",0,174.391731837338,27.1329287751744,45925825.5099083
"esferico","MCO",0,167.69882386825,65.2508065193916,1276.9555224969
"esferico","MCP",0,167.480225855471,64.4142447712845,21786435.3774644
"gaussiano","MCO",18.4287240903947,149.572711984361,31.2982400777146,1304.62113690607
"gaussiano","MCP",15.2053880024507,152.53123842768,30.7487418496341,22722001.9581415
"exponencial","MCO",0,309.521624931179,45.8137056474235,464.328317948455
"exponencial","MCP",0,309.940124305797,45.4605339676218,7427816.53809116
"esferico","MCO",20.0415264658515,259.529844657969,96.2080039103427,156.8468857566
"esferico","MCP",25.649025704657,253.792834333215,97.4031518822795,2481768.64800901
"gaussiano","MCO",53.396266955369,225.800213437803,46.0563899844698,444.040783630967
"gaussiano","MCP",64.4883592377777,215.663351201725,48.0232429372541,4372826.33958803
"exponencial","MCO",0,2.31355328220258,15.710103529044,0.247138116211985
"exponencial","MCP",0,2.33614771645863,15.481427340606,4431.16977761364
"esferico","MCO",0.504290504795063,1.79857701943463,49.8293029703935,0.18517790097806
"esferico","MCP",0.578563457675532,1.74785507035669,52.0392080570103,3250.7529483496
"gaussiano","MCO",0.773393513947038,1.52761155870684,24.0857096119211,0.196000481439439
"gaussiano","MCP",0.829336274151059,1.49576210982386,25.0390561206531,3451.19880578332
"exponencial","MCO",15.6718307590292,253.27241967189,60.2032042641303,1055.67038073561
"exponencial","MCP",7.76533179131361,254.732519951464,55.1010719499222,17055519.3501497
"esferico","MCO",30.2210453522319,198.532446676399,108.926516851717,1467.485021462
"esferico","MCP",30.5333741119065,196.418912213167,107.325482910171,21876345.2547978
"gaussiano","MCO",56.8627096266884,173.105972475344,53.5166647182171,1524.34523244709
"gaussiano","MCP",63.7938314480708,165.957757342149,54.9478895576681,20810791.1027525
"exponencial","MCO",0,0.291092297964123,26.3683940785348,0.00985897333245085
"exponencial","MCP",0,0.293675411739194,24.7214762344401,156.100646210418
"esferico","MCO",0,0.283387305433365,63.6950890132214,0.00404323402023804
"esferico","MCP",0,0.286945367643985,64.0958432958217,68.0897186553551
"gaussiano","MCO",0.0320976131057507,0.251351532569194,30.3495269702527,0.00422597189438369
"gaussiano","MCP",0.0288632783268554,0.258200086707336,30.5297003588503,72.3785971011091
"exponencial","MCO",0,0.141137163369278,14.2098543016345,0.00160767617518377
"exponencial","MCP",0,0.142877188278859,14.0241130804204,28.2924427489107
"esferico","MCO",0.0348540764936899,0.10613812861288,47.5938148505465,0.00128948624147704
"esferico","MCP",0.0362058425010083,0.106560937134289,49.0690005747,22.4486541018329
"gaussiano","MCO",0.0509694303879026,0.0899159897876215,23.02362280138,0.00133391721634727
"gaussiano","MCP",0.050680636867383,0.0919262718958751,23.3495390080296,23.3395199157023
"exponencial","MCO",0,3.96754901493453,47.7897798464467,1.61900137590466
"exponencial","MCP",0,3.98006834272682,45.6457629598245,24866.5055300893
"esferico","MCO",0,3.53457397578339,90.765929352317,0.559707983225519
"esferico","MCP",0,3.5657592805374,90.1860882862176,8372.16762438427
"gaussiano","MCO",0.126431736417273,3.41822727820454,41.6605158641341,0.364076699361395
"gaussiano","MCP",0.0864236609582523,3.49258422244148,41.8495824942194,5865.96956542516
"exponencial","MCO",0,0.143555144491386,28.9757610338862,0.000651013951768548
"exponencial","MCP",0,0.144150740696981,28.0840252978545,10.1822853554803
"esferico","MCO",0.00696127681966862,0.131035293860791,69.4156141769545,0.000179872427813045
"esferico","MCP",0.00995414863973141,0.128864212280276,71.1554374672112,2.95721914556498
"gaussiano","MCO",0.0251468251840027,0.11279782781488,33.5040411255389,0.000230037375644061
"gaussiano","MCP",0.0295980289731315,0.109344263289302,34.8536940257287,3.62272058777995
"exponencial","MCO",0.0484058387143553,1.36351944813651,52.1001658548404,0.00619847559112233
"exponencial","MCP",0.0816125474924382,1.35379473051133,55.5468485595338,110.62913383849
"esferico","MCO",0.18646556818991,1.08244845844763,113.124104040201,0.0164843815209424
"esferico","MCP",0.252921638539722,1.02384826591523,119.241795811976,174.956853004499
"gaussiano","MCO",0.320562357900787,0.939981035447538,53.2963881853063,0.0377115378073523
"gaussiano","MCP",0.414011544238881,0.86582851728459,59.0631798044312,375.66025793851
"exponencial","MCO",0,5.44102279892823,29.5083215793484,2.5808543789205
"exponencial","MCP",0,5.51551511598618,29.1712650229041,43158.4695270178
"esferico","MCO",0.297866448843334,4.97445926608317,74.1480485866349,1.39545663354388
"esferico","MCP",0.34548157321883,4.99677673024107,76.0658036417681,23146.5095541233
"gaussiano","MCO",0.970057477465658,4.29365600235453,35.5115219752989,1.55018003090948
"gaussiano","MCP",1.09434155446984,4.24581163436304,36.9882896582504,25962.0558736121
"exponencial","MCO",0.00656640852539624,0.103066309476259,31.560913238053,0.00107716752428306
"exponencial","MCP",0,0.105861153371378,23.0016649582028,12.3587073350566
"esferico","MCO",0.00465155693495811,0.0977935572048561,60.1281368976491,0.000437934510804346
"esferico","MCP",0.00513317231884319,0.0983941215026448,61.2642522242999,6.74996601147733
"gaussiano","MCO",0.0193576112367015,0.0831741360364869,29.5036753838449,0.000471736999877782
"gaussiano","MCP",0.0213698521286792,0.0823482162040751,30.4398803119084,7.2659459159547
"exponencial","MCO",0,0.0759089016186052,27.5805889996565,0.000425121303315583
"exponencial","MCP",0,0.0763709343752699,26.1847339069173,6.06517780273657
"esferico","MCO",0,0.0732640074122776,64.3618214264517,0.000171541232103475
"esferico","MCP",0,0.0738966904136861,64.9608811982695,2.60864422268812
"gaussiano","MCO",0.00928553361941334,0.0639661567609252,30.836099388298,0.000180600682790362
"gaussiano","MCP",0.0107898008444043,0.0632056018467612,31.7712002615491,2.76792417002175
"exponencial","MCO",0,0.392925188853823,16.9630659957432,0.00362347502303639
"exponencial","MCP",0,0.393650375101053,15.9705264577847,49.9553261526106
"esferico","MCO",0.0313654657656335,0.355475285747473,43.8412165478504,0.00126935230678627
"esferico","MCP",0.0329368618080113,0.355472782888455,44.2563171223148,19.0358479498184
"gaussiano","MCO",0.0907799603568596,0.296573978665251,21.8389381366808,0.00135263315481672
"gaussiano","MCP",0.0914850277612507,0.29750531998194,21.9866589653024,20.3204249177389
"exponencial","MCO",0,0.552394824182694,12.5233814870389,0.0499834408878375
"exponencial","MCP",0,0.559981444474468,11.4169647884494,827.054088081781
"esferico","MCO",0.0552361227324752,0.496298413079814,36.6107929130584,0.0406466721967819
"esferico","MCP",0.053290667415232,0.5071040960485,37.5403799528102,701.323775548943
"gaussiano","MCO",0.140348675041733,0.411192499039874,18.0940929694284,0.0411751077107157
"gaussiano","MCP",0.125766358519462,0.43440238659047,18.1057804102742,710.433340639116
"exponencial","MCO",0,0.396314108561856,17.5320275686589,0.0134840888077695
"exponencial","MCP",0,0.390545524394735,15.4479954907868,223.339939059077
"esferico","MCO",0.0142780906953019,0.374857510743729,42.9520044835611,0.00949714721979893
"esferico","MCP",0.00153497828032005,0.384586063969822,41.8560784985339,158.461405712227
"gaussiano","MCO",0.0784978431396072,0.311202785507554,21.4899475731927,0.00985254526899391
"gaussiano","MCP",0.0637414723704242,0.322702945613965,20.6074511098229,165.996887732827
"exponencial","MCO",0,2.66900105248931,18.3851885722844,0.284730972122759
"exponencial","MCP",0,2.65890840145133,16.8612712277572,4972.24004914904
"esferico","MCO",0.179054005818877,2.44782601153528,47.4488793490401,0.11541603499364
"esferico","MCP",0.149209167331233,2.47787265870985,47.0688037229566,2295.96018454929
"gaussiano","MCO",0.57451151305067,2.05438011212037,23.4661111995255,0.127442492910002
"gaussiano","MCP",0.549365525803883,2.0800855609978,23.2170499521697,2522.28508869395
"exponencial","MCO",0,614.993095592853,50.0362825535829,11435.0288541169
"exponencial","MCP",0,615.400141484361,48.8996932887289,187401906.148838
"esferico","MCO",0,541.622459901755,93.8278276220341,2375.75174573089
"esferico","MCP",0,542.813553188391,94.1170903368724,39262980.693247
"gaussiano","MCO",68.4870547017835,474.21891001079,45.4399753560749,4367.14470442428
"gaussiano","MCP",85.8912584879982,460.442604829784,47.128684687017,64317321.3704208
"exponencial","MCO",0,0.854471700492619,14.0625301981463,0.204374674586947
"exponencial","MCP",0,0.875102076811996,13.403834130479,3481.69391173633
"esferico","MCO",0.110085453934669,0.743306619286307,42.5559004440365,0.183582038663558
"esferico","MCP",0.129916240011384,0.745608281920557,45.0126459434518,3162.19735214996
"gaussiano","MCO",0.228313505873761,0.624974629140595,20.7663047394997,0.185013980017999
"gaussiano","MCP",0.237073769091017,0.638325967596478,21.7021134205097,3190.06960019867
"exponencial","MCO",0,178.194392644034,51.9111364726759,597.814048464203
"exponencial","MCP",0,177.881063978478,50.6082825808046,9059237.53485714
"esferico","MCO",0,155.470312687041,95.6017591062503,48.5993912875449
"esferico","MCP",0.155345845825082,155.373684415085,95.7061504050861,707027.72473427
"gaussiano","MCO",19.7658733950583,135.789061723848,46.0582500478897,170.939804065715
"gaussiano","MCP",25.1501539322936,131.204940640628,47.7874049499118,2023647.02802629
"exponencial","MCO",0,2.25021934569157,22.9700004283955,0.144887126502629
"exponencial","MCP",0,2.25153115602652,21.6572531705532,2202.64874373155
"esferico","MCO",0.0850978280185707,2.10430596926098,55.6300509657599,0.0189637306898676
"esferico","MCP",0.0576767415044635,2.13807431048974,55.4369498286246,333.727587631919
"gaussiano","MCO",0.411670949455182,1.78165627942161,27.5303878579055,0.0204022244762495
"gaussiano","MCP",0.41212456808752,1.78884030150354,27.6385435035154,361.681084418
"exponencial","MCO",0,0.391682366373604,12.6381832560035,0.0268832603726799
"exponencial","MCP",0,0.396230335140536,11.167099920523,444.544346002783
"esferico","MCO",0.0107126469710447,0.380441326296042,35.1624440714017,0.0200105308973882
"esferico","MCP",0,0.396728378960206,35.4739079395894,359.692730521595
"gaussiano","MCO",0.0792894517045939,0.312083077548229,17.5836754668179,0.0204347346413384
"gaussiano","MCP",0.063099923672114,0.333676303778185,17.3911188904973,366.050197441872
"exponencial","MCO",0,0.248757058422721,15.0836757059604,0.00079911680810085
"exponencial","MCP",0,0.249504206889689,14.7560201246064,14.0586266631807
"esferico","MCO",0.0426789447806278,0.202952772937905,42.3509762927165,0.000691563411614977
"esferico","MCP",0.0579589155118847,0.189014223303289,45.5931883803978,13.41134333092
"gaussiano","MCO",0.0772447454486089,0.168788056669512,21.2348192289693,0.000625640958317543
"gaussiano","MCP",0.0844784466433363,0.162615752386146,22.1103780465274,12.1275063745122
"exponencial","MCO",0,0.761603005450282,16.4328119518907,0.0278088997172048
"exponencial","MCP",0,0.765828782577786,15.5431902470312,481.892650195313
"esferico","MCO",0.0976656958324603,0.657311120452896,46.6740337342354,0.0160695029449934
"esferico","MCP",0.102607332299232,0.658116799216494,47.5059933493095,294.056171963784
"gaussiano","MCO",0.201720335063893,0.553457273015617,22.910536643606,0.0167986234078047
"gaussiano","MCP",0.200784341538564,0.5600435054893,23.0948392547105,307.554066908673
"exponencial","MCO",0,6.44704396916436,55.9583424010095,2.867266143339
"exponencial","MCP",0,6.49414430944991,54.8645699205783,45135.5048423699
"esferico","MCO",0,5.53413804233184,99.3544297736621,0.888340483101767
"esferico","MCP",0,5.57462759963082,99.2943798671527,13737.0006501539
"gaussiano","MCO",0.395864387870301,5.15444224875646,46.5345520877496,0.643951892420738
"gaussiano","MCP",0.353183501736229,5.24084095262617,46.7887234209144,10050.1402782029
"exponencial","MCO",0,4.90306818447332,38.7317562875688,5.82715754289155
"exponencial","MCP",0,4.95866595152897,36.3116335132761,89488.9204179509
"esferico","MCO",0,4.5770286813752,81.7948075529645,2.98730224730367
"esferico","MCP",0,4.66014063307992,81.0858164593908,45694.8359859392
"gaussiano","MCO",0,4.60078862660882,37.1518599264851,2.28629178984012
"gaussiano","MCP",0,4.6870620663294,37.5943620471641,37169.3800122159
"exponencial","MCO",0,0.255960481826702,13.9073534576046,0.00173102645010545
"exponencial","MCP",0,0.256177573311893,12.8116229948937,25.4403644626267
"esferico","MCO",0.027362974797059,0.226257616511114,37.8902968769002,0.000854246171379279
"esferico","MCP",0.0346682127288928,0.219992332376218,38.8376145626874,14.4700027400077
"gaussiano","MCO",0.0651081299961892,0.188521447012748,18.6637854272517,0.00086279667127094
"gaussiano","MCP",0.0665240590172098,0.18814427624179,18.8516808000913,14.8817956298159
"exponencial","MCO",0,1.73831065526664,7.93500510172679,0.44556752690844
"exponencial","MCP",0,1.75740855509229,7.1090465973517,6809.65488301187
"esferico","MCO",0.337244037244871,1.39957598645487,24.6565253209454,0.406882310703205
"esferico","MCP",0.351059812634689,1.40731665650795,25.3707099199514,6444.87024855466
"gaussiano","MCO",0.57317068229685,1.16250050033577,11.9707314531067,0.408416769554189
"gaussiano","MCP",0.57587182345612,1.18156683693347,12.2663724387862,6474.21683205194
"exponencial","MCO",0,2.94344414423796,31.332374848373,0.0920249107400907
"exponencial","MCP",0,2.94150455292714,30.965274033193,1506.94569684142
"esferico","MCO",0.359459486294055,2.44960167511076,78.2082899262891,0.108281985489581
"esferico","MCP",0.489300990963634,2.3194937691362,81.1203415995574,1471.10310170774
"gaussiano","MCO",0.677208924172043,2.12483481717006,37.1126916544065,0.13998498233265
"gaussiano","MCP",0.838945850647086,1.97161122548243,39.6666144123285,1790.62406947399
"exponencial","MCO",0,4.03819154004319,25.3137823090584,0.397757560159778
"exponencial","MCP",0,4.05359058899955,24.5940352648303,6019.74514596776
"esferico","MCO",0.286229797179594,3.62257747025495,62.14729776187,0.170156676231314
"esferico","MCP",0.328770123327347,3.59408288757682,62.9779226960443,2945.72639679702
"gaussiano","MCO",0.825528916546823,3.08910687449667,30.5643645760816,0.171810384010426
"gaussiano","MCP",0.929075756040078,3.00616477888658,31.5662750107446,2758.4430914021
"exponencial","MCO",0.329269139090396,1.31479569188675,41.0920658215659,0.0564928336122365
"exponencial","MCP",0.582960540201097,1.18904163587722,64.3951390769391,586.180360937566
"esferico","MCO",0.578068123357341,1.0188705460017,118.053461094974,0.114911519050265
"esferico","MCP",0.763241468688682,0.89641204847592,149.488915516106,840.595355413328
"gaussiano","MCO",0.638542379135374,0.896576752396928,45.6321718649375,0.150622664434087
"gaussiano","MCP",0.890178854088295,0.736450454951581,69.2118798905074,1258.42230766364
"exponencial","MCO",0,0.369613279325725,23.151506690741,0.000801586770885978
"exponencial","MCP",0,0.369390364476511,22.5618409131922,13.5065971037062
"esferico","MCO",0.0473447943269316,0.31248291307314,60.4969164093792,0.000302924157845951
"esferico","MCP",0.0576087223471083,0.302170071072684,61.8619549866275,4.96327140413373
"gaussiano","MCO",0.0923269569784256,0.267524580452314,29.3619962544521,0.000329042675937951
"gaussiano","MCP",0.103741617645291,0.256407246453425,30.357540762449,4.25663515548654
"exponencial","MCO",0.0203430975921598,0.320765266806574,23.8102947740983,0.000364045003993326
"exponencial","MCP",0.0278949597555265,0.313739691241878,24.4492680269339,6.04118859821
"esferico","MCO",0.0808080738738872,0.252560518041978,67.2653628917363,0.00134890307602193
"esferico","MCP",0.109297435774488,0.224660478643297,73.6207077503276,14.4366724711066
"gaussiano","MCO",0.113476549388276,0.218937629641461,31.6245165487957,0.00170230456567192
"gaussiano","MCP",0.143346118766922,0.190707243212342,35.966621162053,17.8718760821155
"exponencial","MCO",0.0256437350532323,0.799508581558005,90.4214101419257,0.00396006496073594
"exponencial","MCP",0.0149790305352801,0.813345388934123,89.3875881019549,60.9446726164938
"esferico","MCO",0.0504402497522775,0.569153908601306,131.758263817358,0.00134224744854653
"esferico","MCP",0.0488939986675588,0.572685082105689,132.639873875818,21.0484664804307
"gaussiano","MCO",0.127367403906416,0.499599239302431,65.5969047557313,0.00334212446946827
"gaussiano","MCP",0.146189920508623,0.488792657179145,68.6574173406386,33.1077592323851
"exponencial","MCO",0,80.175211563072,30.1217198699503,473.656382004676
"exponencial","MCP",0,81.2473063769659,29.9782089965072,8223316.13509128
"esferico","MCO",5.93645286884819,71.4795578603183,75.4793984851462,199.475998720344
"esferico","MCP",3.07764439885271,75.1091004385581,74.8464206190022,3274962.57903108
"gaussiano","MCO",16.1883966669465,61.3753867523853,37.0219357536346,218.612918575153
"gaussiano","MCP",15.3865399881198,63.0169144558984,37.2466867632007,3744272.55139124
"exponencial","MCO",0,0.18611800465766,22.1387360414934,0.000568049598915104
"exponencial","MCP",0,0.185546512732129,21.386262926775,10.2328687494964
"esferico","MCO",0.0249934993549275,0.15657878872186,58.3449711958374,0.000318549885272875
"esferico","MCP",0.0256362796848689,0.155432917220143,58.1758786857824,5.20905617957581
"gaussiano","MCO",0.0488541201846598,0.132940251161013,28.7485549714363,0.000362205000366417
"gaussiano","MCP",0.0516345519317268,0.129813795150371,29.0331111992511,5.82976681562953
"exponencial","MCO",0.0499849947732257,0.295867581930568,15.9256205540082,0.00102162580939564
"exponencial","MCP",0.0417004315595034,0.30469737838372,15.6212110914945,18.4032390864273
"esferico","MCO",0.129058396768313,0.214966841018226,52.4168619363919,0.00109723245088032
"esferico","MCP",0.149767492933055,0.194981798385289,55.9718779207439,14.6155334806097
"gaussiano","MCO",0.158908679874563,0.184565409444419,24.8381917891903,0.0012868407151926
"gaussiano","MCP",0.179483204593165,0.165272301755719,27.2320322852999,17.6990931693699
"exponencial","MCO",0,0.338298012120645,16.1465529526113,0.00503884895122176
"exponencial","MCP",0,0.334622394429865,15.4388939708007,85.8717549086983
"esferico","MCO",0.0659971340702225,0.267067701215376,45.3548565871701,0.00529168769847737
"esferico","MCP",0.0736900347104204,0.256240508626599,45.2886305641492,86.2403372785523
"gaussiano","MCO",0.108771664872344,0.224519298634059,22.3612009288619,0.00526088957915568
"gaussiano","MCP",0.113684600889216,0.216568984985088,22.304511067479,85.8732029813624
"exponencial","MCO",0,2.84175501025592,25.0178919169367,1.8889039931449
"exponencial","MCP",0,2.9027517875362,24.103830366198,30603.2175845914
"esferico","MCO",0,2.79747457654688,64.0580709394604,1.2562053054304
"esferico","MCP",0,2.85819088108134,65.2945185712353,20466.642074767
"gaussiano","MCO",0.389557875839463,2.40856674644997,31.0556616147667,1.29258821606006
"gaussiano","MCP",0.351532224797137,2.50934208526484,31.5345629476584,21187.7499487907
"exponencial","MCO",0,0.185678103441639,25.0728062948,0.0120654121434373
"exponencial","MCP",0,0.190083086291696,23.4448025342891,187.60126159229
"esferico","MCO",0,0.182914607095497,63.6309346896902,0.00806136435098019
"esferico","MCP",0,0.187691566897791,63.987144238748,128.701944375569
"gaussiano","MCO",0.00973926073545317,0.173372901659145,29.3727518791954,0.00788722688728986
"gaussiano","MCP",0.00343310229599518,0.184412481464398,29.4681696846763,127.222636162687
"exponencial","MCO",0,2.98680416210078,32.3077912426166,2.73527298646217
"exponencial","MCP",0,3.0466464412009,30.5901298371543,42870.419183734
"esferico","MCO",0,2.87911445244952,75.7192420620865,1.62138782738557
"esferico","MCP",0,2.9470494046575,75.8417694751957,25769.3787189303
"gaussiano","MCO",0.0599928477152745,2.82340051671063,34.3241162838793,1.49739165505352
"gaussiano","MCP",0,2.95136811118135,34.6670970924363,24393.3929367392
"exponencial","MCO",0,3.36483148746447,46.1672187255848,2.20587989881488
"exponencial","MCP",0,3.4360548109571,45.7209611031464,36022.8370298492
"esferico","MCO",0,3.05190340488747,92.1359075061962,1.14547539098612
"esferico","MCP",0,3.10712834614685,92.7714381152525,18585.9806012731
"gaussiano","MCO",0.160075385817677,2.91056783106473,43.2602683147139,1.06876613722094
"gaussiano","MCP",0.0901174186779676,3.03913728674241,43.6400362321021,17378.6648016758
"exponencial","MCO",0,0.651429685812022,21.7490642503802,0.0630816934502056
"exponencial","MCP",0,0.66709863687404,22.813133160577,1031.11096001884
"esferico","MCO",0.138854773211885,0.508759172199899,69.2475888320399,0.0495284244882007
"esferico","MCP",0.1288689988865,0.530796903053715,70.6229468033202,794.934069774585
"gaussiano","MCO",0.213620630783746,0.434569323381389,33.940615578586,0.0514370702958574
"gaussiano","MCP",0.216151813369613,0.444534135687629,35.0308537400068,828.796865379472
"exponencial","MCO",0,0.746561951126196,12.6432977826238,0.0220468605300539
"exponencial","MCP",0,0.75228040485742,12.2508297862162,362.27595756943
"esferico","MCO",0.165604692445227,0.577462142408097,39.4729871890154,0.0177468210776925
"esferico","MCP",0.185845168774479,0.563504453709981,40.8542490637316,291.939446344665
"gaussiano","MCO",0.257223508935147,0.485445343472069,19.1792458081107,0.0181414973025436
"gaussiano","MCP",0.261471992634993,0.487647805679115,19.5379193737969,302.13197734001
"exponencial","MCO",0,0.170453742867964,13.5263793995583,0.00366432744082983
"exponencial","MCP",0,0.173492069827828,13.5723954679312,61.060323657415
"esferico","MCO",0.0409336645849843,0.129020071701222,44.1174618938055,0.00332376122500381
"esferico","MCP",0.0441816291784375,0.128837238787919,46.4827740648184,55.3180722540884
"gaussiano","MCO",0.0618430676349081,0.108194367441103,21.7419100873546,0.00334819239916375
"gaussiano","MCP",0.063157794692668,0.10988867142853,22.5663577187591,55.7252210349055
"exponencial","MCO",0,1.50125787941428,17.0624161920623,0.307582597310638
"exponencial","MCP",0,1.52826424313764,16.830791360755,5066.48527221744
"esferico","MCO",0.231571894376484,1.26032529807977,50.8175975159379,0.265147448151921
"esferico","MCP",0.277274638089238,1.24193708871843,53.5866463283387,4366.57326599625
"gaussiano","MCO",0.420989175038491,1.07017016987283,24.6591428213472,0.268908132951388
"gaussiano","MCP",0.464842978293425,1.05482041705308,26.1001018212598,4433.37081518869
"exponencial","MCO",0,1.41438345528012,27.6070910900175,0.0511254970511742
"exponencial","MCP",0,1.42384121109754,27.3786768332453,928.97627880106
"esferico","MCO",0.159595997208325,1.2110534849418,71.7468957992165,0.0128139362346818
"esferico","MCP",0.166053138627893,1.21128748352076,72.6001036327464,232.875865240641
"gaussiano","MCO",0.331762962247525,1.03955657897966,34.9225127390029,0.0199919418341362
"gaussiano","MCP",0.361872269770131,1.01818837906156,35.9913084426579,343.447439752514
"exponencial","MCO",0,4.61596186377263,45.6393580876035,0.778857486457129
"exponencial","MCP",0,4.6389766231811,44.8611631034535,12092.4565799462
"esferico","MCO",0.00402003032795146,4.15493371379513,90.1801916507177,0.158581198714466
"esferico","MCP",0,4.17464965727979,90.4839498148819,2408.42354498177
"gaussiano","MCO",0.559026770815709,3.60647826699748,43.7392592870331,0.168031271457562
"gaussiano","MCP",0.605177340812181,3.58228364472222,44.4554713451673,2572.09652308446
"exponencial","MCO",0.0311546447171532,0.101838037662645,31.5606099401643,0.000314090943695173
"exponencial","MCP",0.0224328207674236,0.109705229918878,28.5103367706607,5.51880243510406
"esferico","MCO",0.0434998005831067,0.0846773204883157,77.7896232823367,0.000185480996890498
"esferico","MCP",0.0428181632667339,0.0852218806593184,77.3187429773216,2.96474794575622
"gaussiano","MCO",0.0560952211846443,0.0724439456515261,38.6886132200892,0.000227417936437414
"gaussiano","MCP",0.0579632344315862,0.0706515924918285,39.3973573241864,3.54378446400842
"exponencial","MCO",30.7790738012524,138.830383171474,40.6432946448669,643.857570773909
"exponencial","MCP",42.3407352209745,132.471990534443,48.6333218744584,11126511.4331298
"esferico","MCO",52.1322441270581,110.242174014127,106.489329026103,810.304608811396
"esferico","MCP",62.5407689351888,100.607498404486,114.244014601568,10696956.3369274
"gaussiano","MCO",65.340152885895,95.4162877639948,48.9644052838382,1182.97982891693
"gaussiano","MCP",80.2872967134985,84.0090343013205,58.4358441685011,14385597.8770757
"exponencial","MCO",0,0.131266942338538,30.4502201400236,0.00345989644837186
"exponencial","MCP",0,0.133538159582324,29.2581572572383,54.1722254511134
"esferico","MCO",0,0.126949534230658,72.54165498233,0.00196285109979649
"esferico","MCP",0,0.129409891943691,73.4903076110952,31.2269463991642
"gaussiano","MCO",0.011147743839619,0.115813245713904,34.0130271251128,0.0019784515400483
"gaussiano","MCP",0.0106227040482426,0.118835090594045,34.7068106812118,31.965320714607
"exponencial","MCO",0,0.309567676119103,7.96948421106473,0.0154753516157823
"exponencial","MCP",0,0.305360396120482,6.82536692063549,275.146684283889
"esferico","MCO",0.0775339686034148,0.231640164754672,25.6916152911537,0.0146759912648849
"esferico","MCP",0.0753246067745718,0.230160114684538,24.9553301101652,266.871665526297
"gaussiano","MCO",0.119324604930302,0.189705641759448,12.6559187144968,0.0147262094010971
"gaussiano","MCP",0.113182511456411,0.192183540961774,12.1258177815649,267.438902558459
"exponencial","MCO",0,2.01307988334253,39.6627630505609,0.100011482805428
"exponencial","MCP",0,1.97492582548723,37.6109147903335,1826.74465207831
"esferico","MCO",0.131172730316441,1.68898439186306,79.5168755610262,0.207998912578743
"esferico","MCP",0.129239932877163,1.65222172006317,75.1858115049026,3534.88162728186
"gaussiano","MCO",0.353786641962893,1.46676639348401,38.2627900773553,0.196538375868615
"gaussiano","MCP",0.446130108027675,1.3567474041253,39.6463788959024,3205.68301116823
"exponencial","MCO",0,0.149464764237756,29.1178440647399,0.00723868831069855
"exponencial","MCP",0,0.152528255521583,27.2867286174713,109.927273619334
"esferico","MCO",0,0.145309976947415,69.9830048191431,0.00454252244460675
"esferico","MCP",0,0.148817706048743,70.0749556247156,70.7693865943318
"gaussiano","MCO",0.00229091649272294,0.143221790461632,31.6271717771802,0.0042081670556562
"gaussiano","MCP",0,0.149014343157795,32.0514748564708,67.5519840365552
"exponencial","MCO",0.102858119531809,0.269065243810062,22.9856428202682,0.00241492130386774
"exponencial","MCP",0.0946459376711676,0.273542573507206,21.2982517714614,43.2874292617575
"esferico","MCO",0.137317729680606,0.225376747109014,56.5756920206175,0.00288904823771577
"esferico","MCP",0.140594127078051,0.219308789535142,55.8550949445929,47.4586994668873
"gaussiano","MCO",0.172740819093666,0.19046203398643,28.1264157389108,0.00296008089147729
"gaussiano","MCP",0.179914703083802,0.180836795000992,28.3573863429687,48.0113819392913
"exponencial","MCO",0,1.03476184795734,19.9741866677566,0.260362432264379
"exponencial","MCP",0,1.06100587291498,19.8424873963961,4298.34226017139
"esferico","MCO",0.119474512252158,0.910002341116446,58.5779709827819,0.21282765590863
"esferico","MCP",0.0975071033474183,0.957309826841462,59.9809688116325,3466.13440074602
"gaussiano","MCO",0.25712741632453,0.772871011684052,28.7066904596514,0.216899260383564
"gaussiano","MCP",0.249210720447951,0.806104147934782,29.4328823302317,3547.81207510038
"exponencial","MCO",0.0483757012076955,0.388605531123425,53.7438439257961,0.00274546964812152
"exponencial","MCP",0.067310228779793,0.372667430868094,57.6497137563731,43.411266320979
"esferico","MCO",0.102644460098852,0.305660467886678,132.748359507053,0.00612717855697378
"esferico","MCP",0.133327774124588,0.279089134812734,143.821257500943,76.327708848315
"gaussiano","MCO",0.117718776043461,0.265797341441205,49.6759441227988,0.00778739043088341
"gaussiano","MCP",0.154506829804218,0.234563944950512,57.5835195035456,101.75709250687
"exponencial","MCO",0,0.656360832752519,28.4047714796316,0.0294250211256466
"exponencial","MCP",0,0.664404235789699,28.1007418454828,499.26139859891
"esferico","MCO",0.0475551140751622,0.588880712512149,71.9829504527018,0.0131950027760627
"esferico","MCP",0.0363236766730124,0.606699182797468,72.3196925335986,216.276831078096
"gaussiano","MCO",0.132287926596446,0.504901488607122,35.208934399,0.0147138552856073
"gaussiano","MCP",0.134834380498029,0.509571792639995,35.8759688320451,245.888564135528
"exponencial","MCO",0,0.462411480812377,27.3123697101501,0.0149904000947241
"exponencial","MCP",0,0.465005991547315,25.9366842563913,236.162519928076
"esferico","MCO",0,0.447072431314973,64.156507383733,0.00460950378138275
"esferico","MCP",0,0.450584164073469,64.5884751186125,72.3103608521411
"gaussiano","MCO",0.0661956067458378,0.381577631676679,31.5272404548065,0.00520235983740719
"gaussiano","MCP",0.0634812484231079,0.388054256460268,31.6873034224077,84.4736663768506
"exponencial","MCO",0,0.751115470056579,14.4821153184379,0.122442767777206
"exponencial","MCP",0,0.768086008091995,14.3002955232895,2029.51128173466
"esferico","MCO",0.134443307336428,0.614265045353202,44.810485532167,0.111972866887393
"esferico","MCP",0.153752646710731,0.612802377472869,47.8036086065389,1858.76041471068
"gaussiano","MCO",0.232716265103738,0.516248060359001,22.0129049163155,0.112563483850446
"gaussiano","MCP",0.240952745390863,0.525410588545156,23.0498149930409,1869.75881531544
"exponencial","MCO",0,1.87378409343725,14.0399912292466,0.248502799349289
"exponencial","MCP",0,1.89783229939243,13.9162233474896,4092.5432007121
"esferico","MCO",0.428435421735479,1.43771107396858,44.8758357377682,0.209901140669463
"esferico","MCP",0.469198214804383,1.42175621746353,46.9037865026925,3431.84553522857
"gaussiano","MCO",0.657709586801275,1.20896626337491,22.0270503181732,0.212942757587837
"gaussiano","MCP",0.675822778165833,1.2151400316416,22.7076257760985,3487.33327940585
"exponencial","MCO",0,3.53594176300929,26.527582283691,3.42560656485731
"exponencial","MCP",0,3.62408282572903,26.009601693209,55128.2096666449
"esferico","MCO",0,3.47103499305804,67.378704771434,2.4635330191129
"esferico","MCP",0,3.55762326557391,69.4991314082777,39593.7559174331
"gaussiano","MCO",0.495356983181337,2.97796661237354,32.8020163259566,2.51275511208275
"gaussiano","MCP",0.475664378466644,3.08384686915904,33.6603479593739,40627.8339240478
"exponencial","MCO",0,2.06175185722011,28.5573157855472,0.237123984337505
"exponencial","MCP",0,2.07864895042631,28.0430719935486,4307.07246238307
"esferico","MCO",0.161631462680707,1.83267425462981,71.7916695479877,0.0874192531085053
"esferico","MCP",0.107104123881135,1.90116229641748,71.3649850253505,1579.86117626488
"gaussiano","MCO",0.428155643263615,1.56945814964104,35.2479834615722,0.1014331479505
"gaussiano","MCP",0.420984540660635,1.59228856699907,35.5241891057738,1892.53156005074
"exponencial","MCO",0,0.584838302183052,19.0840702400799,0.0388855638013207
"exponencial","MCP",0,0.588992986917102,17.2311901158526,558.54537649949
"esferico","MCO",0,0.576894356690906,47.7998491598065,0.0190011260973571
"esferico","MCP",0,0.583343478347165,47.8650498705567,304.968219188541
"gaussiano","MCO",0.065791467712923,0.511337053211318,22.8235554859602,0.0191815762580593
"gaussiano","MCP",0.0543075774059514,0.5293223935188,22.7681365180019,312.093316610047
"exponencial","MCO",0,2.00138759962642,21.2801439192865,1.67177419914214
"exponencial","MCP",0,2.06049081155117,20.1007228574317,27172.5888138204
"esferico","MCO",0,1.99305325757444,57.4126571570809,1.26863041046147
"esferico","MCP",0,2.05480939581128,58.8019579767155,20972.7813623969
"gaussiano","MCO",0.229144089249954,1.76509964317434,27.4803117675121,1.28841583396121
"gaussiano","MCP",0.173807158609305,1.88175981128385,27.8410470208936,21355.8201904089
"exponencial","MCO",0,0.476415571969851,38.5961451616735,0.00802267255493108
"exponencial","MCP",0,0.465431327403514,35.7939044372839,127.120952931021
"esferico","MCO",0.0100387884156586,0.420560420749827,73.5263395241916,0.011989885576741
"esferico","MCP",0.0179455149900488,0.406569161566583,72.6705582903758,184.862257149844
"gaussiano","MCO",0.0692199853670769,0.362180664514072,35.9331040990836,0.0116669905415864
"gaussiano","MCP",0.0857793652266974,0.340975693170794,36.6396545807174,174.586401035121
"exponencial","MCO",0,3.27412868986982,21.5219906246021,1.26161315361726
"exponencial","MCP",0,3.31249284941126,20.2708188814259,19163.7863768458
"esferico","MCO",0.0123103477408112,3.2069135209065,54.011419136433,0.716967809780361
"esferico","MCP",0,3.26265204997746,54.6914462725798,11208.3585803204
"gaussiano","MCO",0.511187959109202,2.71161006534364,26.6204508407552,0.745868478291346
"gaussiano","MCP",0.477604099066075,2.78972360739741,26.8202401721966,11754.2027173414
"exponencial","MCO",0,0.832786173461056,21.5079198560011,0.0864439222634712
"exponencial","MCP",0,0.843361644076839,20.4077103128182,1417.9612288511
"esferico","MCO",0.0229369766283946,0.797429806302714,55.7031468323227,0.055852519416553
"esferico","MCP",0.0344449197927332,0.798625399639072,57.5172564875141,967.004915080417
"gaussiano","MCO",0.141763259615297,0.678622090541706,27.1106156259711,0.0579446933680552
"gaussiano","MCP",0.157521390779603,0.675923425555658,28.1099722776613,1004.640167181
"exponencial","MCO",0,4.89927695913878,26.2656153157797,3.60744678998391
"exponencial","MCP",0,4.98277470909386,25.6669406628345,58858.2931188455
"esferico","MCO",0.134012052567597,4.65091090217455,66.2470928256044,2.40800847312739
"esferico","MCP",0.141999660716487,4.72713057459805,68.1118947312115,40179.702904088
"gaussiano","MCO",0.802639646671485,3.98507621850284,32.2516221563123,2.47586636542968
"gaussiano","MCP",0.872899507921517,4.00178034470822,33.428112599733,41310.9140205016
"exponencial","MCO",0,5.71630133416964,27.3297328567014,1.84997333284506
"exponencial","MCP",0,5.79388215753425,27.5418658426128,30982.2796353948
"esferico","MCO",0.682203039558239,4.89044235619349,73.5852203126711,1.00118353329541
"esferico","MCP",0.721396716026263,4.91025381702553,75.2926596197001,15817.0939202078
"gaussiano","MCO",1.36424090037823,4.20656007503455,35.5952989920146,1.15363518351017
"gaussiano","MCP",1.49081530302413,4.14616351960609,37.011383503134,18314.4534232917
"exponencial","MCO",0,0.106426891730682,30.9945148527729,0.00127126061005945
"exponencial","MCP",0,0.107166074063389,29.1925239297277,19.6744777390245
"esferico","MCO",0,0.102001399194574,70.940527247208,0.00046180723725164
"esferico","MCP",0,0.10317054712633,71.0804862842225,7.51765120811281
"gaussiano","MCO",0.00861998009023407,0.0934123701825626,33.2205215414003,0.0004604830606229
"gaussiano","MCP",0.00853100538960952,0.0947499027213109,33.6952852461909,7.85881385071178
"exponencial","MCO",0,3.38975413354666,20.0796514215434,0.31708914401539
"exponencial","MCP",0,3.40957327430715,19.9413485671778,5065.15291213027
"esferico","MCO",0.444365036976444,2.8715231691275,52.8494897212945,0.299018082415264
"esferico","MCP",0.612550687540467,2.72448835268844,56.251011492741,5236.55890532915
"gaussiano","MCO",0.907409697693781,2.41593970988198,26.4329916914257,0.29190100906356
"gaussiano","MCP",1.05595271342582,2.28873834364411,28.0496276951476,4929.72701123718
"exponencial","MCO",0,1.62331287128977,35.0824667113034,1.07563598066817
"exponencial","MCP",0,1.66421569759748,33.5206448177182,16702.9367785773
"esferico","MCO",0,1.55197569784437,79.9318017443072,0.693072870436172
"esferico","MCP",0,1.59519216833276,80.1183245242041,10750.6008359295
"gaussiano","MCO",0,1.55921465249859,36.2894731694408,0.628173008464567
"gaussiano","MCP",0,1.60316337030909,37.0826041507548,9984.71752337613
"exponencial","MCO",0,0.2889096198835,29.3137522796387,0.00795076980338244
"exponencial","MCP",0,0.294340099049952,29.7910198264637,132.73772704372
"esferico","MCO",0.0298316178116102,0.251018936516358,77.3862477679193,0.00453596004994818
"esferico","MCP",0.0225602929779353,0.262039268375338,77.685772162101,72.0245345392849
"gaussiano","MCO",0.0651358502383892,0.215993576822407,37.7082064953901,0.00487451295744738
"gaussiano","MCP",0.06460061461419,0.220568265462542,38.4380736447753,79.4068141095305
"exponencial","MCO",0.0189565689902437,0.0965712921367336,16.473833256806,0.000272491390872086
"exponencial","MCP",0.0196204338768063,0.0963402282732637,16.719929613478,4.79281004526717
"esferico","MCO",0.0460790860263764,0.0690775823342577,56.4031606813448,0.000284395695381181
"esferico","MCP",0.0540909385707057,0.0615103601368771,61.1771352074078,3.92120357858617
"gaussiano","MCO",0.0554839210937477,0.0594163251317957,26.5392030672348,0.000330129208058698
"gaussiano","MCP",0.0640170302940363,0.0515660838677199,29.9494555361665,4.58252552005328
"exponencial","MCO",0,1.47440705459456,18.1693881483705,0.561347835287437
"exponencial","MCP",0,1.51105192535052,17.8483666699441,9088.28760517243
"esferico","MCO",0.163843575182935,1.30415762132041,53.2808946885636,0.482595007082854
"esferico","MCP",0.166998437325714,1.33710263407724,55.2432077483828,7799.07844477366
"gaussiano","MCO",0.357236962178924,1.10996368685458,25.7976047261989,0.488896416660967
"gaussiano","MCP",0.371976418713649,1.13252190847651,26.9345586083175,7922.04643492409
"exponencial","MCO",0,4.65888547325104,34.5862052297464,2.46324038934676
"exponencial","MCP",0,4.73533667046231,34.3637111618415,41906.090969614
"esferico","MCO",0.0615409939438239,4.37843252539689,80.1150407900297,1.23141298334624
"esferico","MCP",0,4.50325015835796,81.0859042512975,20715.0498650721
"gaussiano","MCO",0.677965148406984,3.76669012920788,39.059718361263,1.38204747347274
"gaussiano","MCP",0.723769409827331,3.79159236546239,40.2289476914867,23479.7842696591
"exponencial","MCO",0.0884131840839127,0.0809325872057688,31.5606825697525,0.00109105555619254
"exponencial","MCP",0.127871076138102,0.117643495743827,266.897808876575,15.0013664951198
"esferico","MCO",0.0814708770358146,0.0801105944880752,48.4472442978537,0.00123720598327109
"esferico","MCP",0.129617812628316,0.0652720112564719,266.897808876575,15.2479758787815
"gaussiano","MCO",0.104357505507809,0.0590685202770661,31.5604715092483,0.00136890652148901
"gaussiano","MCP",0.140750686596154,0.171151895609326,266.897808876575,16.4362262928172
"exponencial","MCO",0,2.72818528904872,20.4597331798314,1.57290839572712
"exponencial","MCP",0,2.77413582219046,18.9861262502677,26028.2300585542
"esferico","MCO",0,2.70517378598398,53.8003914632032,1.01857639275513
"esferico","MCP",0,2.75699612660901,54.5472767470608,17753.6082956712
"gaussiano","MCO",0.368079796216071,2.33708440767783,25.9673127898429,1.05055641896117
"gaussiano","MCP",0.303762885673818,2.45395903252837,26.0627888694096,18372.7200841327
"exponencial","MCO",0,3.70510123166108,26.0298703943512,0.237009110217455
"exponencial","MCP",0,3.71395439636949,25.5724710397506,4184.55916349739
"esferico","MCO",0.446267505590598,3.14366039205664,67.1761009886873,0.0403191517317994
"esferico","MCP",0.411862248779683,3.17991587268715,66.7616091283749,628.012377812051
"gaussiano","MCO",0.913848572575284,2.68358023110419,33.148464602006,0.0635553410083693
"gaussiano","MCP",0.950436863040003,2.65327105136159,33.5052430181609,1001.27866578803
"exponencial","MCO",0,1.26750672410244,23.7913942174964,0.243719206080344
"exponencial","MCP",0,1.28812768012616,23.0467803006165,3881.65825032761
"esferico","MCO",0.0336072178502223,1.20973859279488,60.6953333255515,0.173934906245773
"esferico","MCP",0.0617904270540112,1.20387162634474,63.3462219686756,2869.63610521396
"gaussiano","MCO",0.208962123380085,1.03416566347438,29.4556845168977,0.178125940605545
"gaussiano","MCP",0.245176052249403,1.02113126281534,30.9561226224373,2936.19351831646
"exponencial","MCO",0.11469053979257,0.211792616327528,27.6121561983664,0.000235475254634079
"exponencial","MCP",0.120221923549019,0.20722904541394,28.6602926448982,4.41714642870236
"esferico","MCO",0.152766560591824,0.167245213677,76.6756058409531,0.000815355613381862
"esferico","MCP",0.176321510981253,0.145714554728422,87.9762971695703,10.251676066164
"gaussiano","MCO",0.171844054435275,0.146793090847804,35.017557854277,0.000945341303301732
"gaussiano","MCP",0.193176598955148,0.127454705897648,40.6070900690959,12.1622432866086
"exponencial","MCO",0,2.44922020263372,16.756847217212,1.28541594530236
"exponencial","MCP",0,2.49039311319098,15.2942827513597,21536.406429097
"esferico","MCO",0,2.43945053309144,45.1199729038607,0.909076952033787
"esferico","MCP",0,2.48674115044082,46.0728981004882,16148.737254684
"gaussiano","MCO",0.403169889401086,2.03853401574811,22.3804505652849,0.931149184587738
"gaussiano","MCP",0.317634030562607,2.17058398866158,22.2805234235981,16530.186723149
"exponencial","MCO",0,6.81059323974372,28.8081679253018,10.748797642891
"exponencial","MCP",0,6.94406395410649,27.6410736301045,174536.615937299
"esferico","MCO",0,6.63057681975517,70.2117308753955,6.27519715584238
"esferico","MCP",0,6.77151107998773,71.1029749345196,102966.667171728
"gaussiano","MCO",0.646740882232796,5.99493555653509,33.4222521179821,6.44414499601022
"gaussiano","MCP",0.538928948434494,6.24630249140919,33.858289597615,106639.52063495
"exponencial","MCO",0,0.987848157531809,14.1846443741015,0.185308933852544
"exponencial","MCP",0,1.00583977480459,13.2750324687925,3036.93425981
"esferico","MCO",0.0995997580811929,0.886122115865978,41.5168803144145,0.15034804187908
"esferico","MCP",0.0699750202126492,0.934681559471315,41.8694678497586,2514.20828492369
"gaussiano","MCO",0.246019925795164,0.739901546128309,20.4398809282311,0.153139183447355
"gaussiano","MCP",0.215633429893916,0.789455497007021,20.455554249793,2564.11157609424
"exponencial","MCO",0,7.4076153085963,29.6857757100197,17.4933702141602
"exponencial","MCP",0,7.53908212082472,27.4574128872528,278632.322178275
"esferico","MCO",0,7.18694884936405,70.4534166501467,10.0499892360241
"esferico","MCP",0,7.35368866770888,70.0614056415081,165218.214341309
"gaussiano","MCO",0.0313494533538152,7.18242513731071,32.0515621162174,9.06273117054519
"gaussiano","MCP",0,7.38286652018759,32.4848293917528,154808.876648464
"exponencial","MCO",0,1.51214948707699,17.1012566807206,0.0438073717821481
"exponencial","MCP",0,1.52297762251034,17.3748158326281,693.181429964406
"esferico","MCO",0.361917859678493,1.13631403621031,53.7018206244737,0.0434511882853385
"esferico","MCP",0.480730987853949,1.03019772905641,59.3685890170607,628.231466153077
"gaussiano","MCO",0.524907267312624,0.972206493797747,25.8133425563507,0.0451491940214996
"gaussiano","MCP",0.618950780303521,0.890449055290308,28.3222147051138,660.456577915906
"exponencial","MCO",0.0145563813813268,0.199298667793501,74.516150396326,0.000561177411330935
"exponencial","MCP",0.0286273534268487,0.203858749204517,96.1034347311273,8.74745788351008
"esferico","MCO",0.0311833737516217,0.15220130324925,145.149335594468,0.000959158637279084
"esferico","MCP",0.0446103696155147,0.147505234051942,167.297564090235,11.641364474655
"gaussiano","MCO",0.047633508061423,0.128496540310613,63.6473937197204,0.00178529935604844
"gaussiano","MCP",0.0657432361512537,0.119294716374957,77.1613521979618,20.3969532588378
"exponencial","MCO",0,4.54104465623524,33.8890710806162,3.90611382959811
"exponencial","MCP",0,4.61292099946666,32.6339084478985,61438.1546666973
"esferico","MCO",0,4.33705000170119,77.5594035361927,2.07661349807949
"esferico","MCP",0,4.4139690982198,78.1445288796641,33275.1130032081
"gaussiano","MCO",0.315041132893779,4.02308522348175,36.0250525092478,2.02558599353181
"gaussiano","MCP",0.268193994111725,4.14829675714073,36.5309769080804,33090.9617461324
"exponencial","MCO",0.00860780210868517,0.149935776339899,19.2948680290165,0.00151199919447818
"exponencial","MCP",0,0.158791847411475,18.3308092555741,26.7937916601643
"esferico","MCO",0.04126302975121,0.11583044545589,59.6559126846605,0.00119080105061648
"esferico","MCP",0.0418978246834005,0.115517359425864,59.9971710063121,21.1148807086764
"gaussiano","MCO",0.0584485238890382,0.0986633278640373,29.0960123673105,0.00125050695252714
"gaussiano","MCP",0.060108122686251,0.097382252614699,29.4463398935702,22.0855442869052
"exponencial","MCO",0,0.287449664828865,12.4989832562315,0.00158578672388586
"exponencial","MCP",0,0.289160990975186,12.3329228342662,25.8697895078236
"esferico","MCO",0.0668543186966198,0.218554749501454,38.2290481196206,0.00158240834404422
"esferico","MCP",0.0820925826781119,0.205215131525278,40.3547640350321,26.0091064142024
"gaussiano","MCO",0.102785541972397,0.182640358561856,18.7936440587715,0.00152564438023513
"gaussiano","MCP",0.115338743791856,0.172254880606589,20.0517259093929,25.2846721715172
"exponencial","MCO",0.0981293154627517,2.10407507700982,34.2899437442835,0.344777995545984
"exponencial","MCP",0,2.23842760620086,34.4767733819729,5911.62551697745
"esferico","MCO",0.415357488433826,1.71258519046527,93.0190346841608,0.229043560789385
"esferico","MCP",0.436093195762085,1.71687623307748,95.6949604099196,3833.03052360367
"gaussiano","MCO",0.648766842952708,1.47747058049375,44.9430835565667,0.278448424066939
"gaussiano","MCP",0.723337683514832,1.43647440503328,47.8612187367964,4565.52894557697
"exponencial","MCO",0,2.22386043310399,35.3290909183744,2.18963620696503
"exponencial","MCP",0,2.28349211341741,33.7502233766181,34928.0602412943
"esferico","MCO",0,2.12685522304032,80.4636311470325,1.41456597944376
"esferico","MCP",0,2.19009530551491,80.6712128003651,22599.0516373879
"gaussiano","MCO",0,2.13996466969033,36.7692834965912,1.28725237085032
"gaussiano","MCP",0,2.20458120777039,37.58188992426,21121.1685647089
"exponencial","MCO",0,0.0551502001277922,19.0391874594329,0.0017106142925021
"exponencial","MCP",0,0.0571325130742851,18.1395544591879,27.493468253303
"esferico","MCO",0,0.055184865762694,53.2156148373352,0.00144522731914252
"esferico","MCP",0,0.0571559964870079,54.9497951937015,23.4546327846441
"gaussiano","MCO",0.00767201475976719,0.0474678475719907,25.5809772870722,0.00146081684403881
"gaussiano","MCP",0.00665521185664311,0.0505003310653197,26.2782551327206,23.7669110513517
"exponencial","MCO",0,223.450885524441,23.585252667157,1277.16539886535
"exponencial","MCP",0,222.504228127932,22.3519131159373,20892115.3196699
"esferico","MCO",13.6774409463384,202.619768274661,56.4544334410001,687.509470541386
"esferico","MCP",13.3433168801634,202.472537554373,56.2022132655619,11675686.1887739
"gaussiano","MCO",44.8602867621707,171.771854548891,27.8752652887364,718.578383699084
"gaussiano","MCP",47.0573915563409,169.258500024114,28.0375174005877,12182344.8039087
"exponencial","MCO",0,1.19117602703112,25.8899881423135,0.20899683013217
"exponencial","MCP",0,1.19200100818437,23.2020992196506,3144.56959584919
"esferico","MCO",0,1.15573383973651,60.5872914056347,0.0954964872707675
"esferico","MCP",0,1.16530892263615,59.6233506312258,1561.53957840083
"gaussiano","MCO",0.0537479875636647,1.10278741065396,27.7819631777319,0.0845249074853396
"gaussiano","MCP",0.0246418880728368,1.14174613379783,27.5300240854282,1475.58994178932
"exponencial","MCO",0.0234046229873135,0.675747519415265,17.1949537395472,0.0139924111398512
"exponencial","MCP",0,0.705215983634483,17.0347048913454,228.65592687157
"esferico","MCO",0.182540730865196,0.511319268274429,54.2924180339258,0.00930741802068276
"esferico","MCP",0.189415426660442,0.509597233409481,55.6823463642474,160.457993491296
"gaussiano","MCO",0.260872663479715,0.43354579007323,26.6878403210252,0.00952460658633086
"gaussiano","MCP",0.269125903559217,0.430612042975949,27.4073584853684,162.923284004915
"exponencial","MCO",0,0.937787409282286,7.90808077370069,0.0478084335854825
"exponencial","MCP",0,0.940075523822651,7.07844530485422,858.307590357846
"esferico","MCO",0.174014244042614,0.760403103067485,23.295374405777,0.0412963209707851
"esferico","MCP",0.178167334294846,0.760657547602804,23.5839446319821,803.208997626715
"gaussiano","MCO",0.308722025918355,0.625712748878063,11.4680761763573,0.0413240829170044
"gaussiano","MCP",0.316267388865266,0.622599226794264,11.6699607814875,803.583317467161
"exponencial","MCO",0,3.30499931762211,17.6459763216006,0.381384773259752
"exponencial","MCP",0,3.33787052062776,17.9051585477202,5917.05077220278
"esferico","MCO",0.74122081147724,2.53442108888705,54.9180716969165,0.317873146927635
"esferico","MCP",0.879229187278938,2.42549072554565,57.9774671342635,4748.94192630348
"gaussiano","MCO",1.11227865591179,2.16217429485,26.5712024586944,0.334426013097028
"gaussiano","MCP",1.25194426572391,2.0543355487345,28.3611952146907,4994.74095302954
"exponencial","MCO",0,2.15282518837924,18.1483867407503,0.308203555084728
"exponencial","MCP",0,2.16488769944583,16.8896298190105,4673.07409568911
"esferico","MCO",0.0939286341624695,2.02977781949517,46.8448623994685,0.155134918307797
"esferico","MCP",0.0445199784978521,2.09613550352245,46.7432218086107,2444.85054828845
"gaussiano","MCO",0.427095344796434,1.69890383992513,23.2671433515638,0.163790508820653
"gaussiano","MCP",0.388163409779335,1.75487577706931,23.1258575222769,2607.5482154199
"exponencial","MCO",0,0.604179829487907,30.4905437656286,0.00199487552282093
"exponencial","MCP",0,0.600641080665236,29.4790882487454,33.0865058011103
"esferico","MCO",0.0499615930408157,0.522670412507027,70.5102607231638,0.00333609701677398
"esferico","MCP",0.0670930363172882,0.502890685183116,71.5047863083241,54.2455241982145
"gaussiano","MCO",0.122921166372917,0.449979934080369,34.2039328488053,0.00348376309165548
"gaussiano","MCP",0.147442050472505,0.424227500929933,35.5643320919996,48.2557810861993
"exponencial","MCO",0.204840713008394,0.73063405366774,45.50192104714,0.00123540635229123
"exponencial","MCP",0.224315584991946,0.716742603347771,47.6119454410879,17.7244810126453
"esferico","MCO",0.291291162217468,0.58297628994183,105.056574642891,0.00801058876667976
"esferico","MCP",0.341763823676703,0.537658593693065,113.466199024711,90.1592908283369
"gaussiano","MCO",0.357924116959953,0.509004249243793,48.2188281659907,0.0122477053857255
"gaussiano","MCP",0.413530764678863,0.460457678050465,53.6236413502559,125.543419196601
"exponencial","MCO",0.0776641669311615,0.530287311852891,44.3742980362311,0.00178961063057403
"exponencial","MCP",0.108280845904052,0.508745796099089,49.0895514265866,24.5823245927285
"esferico","MCO",0.14895287617361,0.419977179408184,107.414279543624,0.00700893038325329
"esferico","MCP",0.195429158364277,0.378639059821832,118.601221252844,73.8822154989844
"gaussiano","MCO",0.191371152285718,0.367856217135247,47.3496473484398,0.0100369655380767
"gaussiano","MCP",0.245213803748552,0.322932607911562,55.4436581956886,106.537918738826
"exponencial","MCO",0,1.58583712090407,26.0326350686335,0.69028310136028
"exponencial","MCP",0,1.62127548187656,24.9120411125814,11339.6197886532
"esferico","MCO",0,1.55885210700427,66.0901853243673,0.452884084335687
"esferico","MCP",0,1.59589463900686,67.2083983442555,7599.39865222348
"gaussiano","MCO",0.168079465441499,1.39148330496615,31.4275451419354,0.462240568972801
"gaussiano","MCP",0.142552641780225,1.45465569396694,31.9262531451307,7805.1003724074
"exponencial","MCO",0,2.15975624580618,36.4329492782711,0.431695147935656
"exponencial","MCP",0,2.15746375001357,33.8348519237731,6183.5002785363
"esferico","MCO",0,2.01732379545463,76.8163601877617,0.117216915623954
"esferico","MCP",0,2.03122405382346,75.9727805142,1622.91896940116
"gaussiano","MCO",0.082660169561676,1.9345589702928,34.9345633673209,0.07064080557788
"gaussiano","MCP",0.0684859046427595,1.96382531990359,35.0644407789044,1172.92309709798
"exponencial","MCO",0,2.62636796327163,32.2759696823604,1.05156144872968
"exponencial","MCP",0,2.65899361313876,30.8174686315986,16507.8800136216
"esferico","MCO",0,2.51475444246443,74.0230116957929,0.48452778584696
"esferico","MCP",0,2.55243143173285,74.3424387051249,7723.49445527923
"gaussiano","MCO",0.212754213011431,2.30514701832027,34.8183815709232,0.469329322829053
"gaussiano","MCP",0.161246601224019,2.39437681335323,34.9309900437111,7589.64995016917
"exponencial","MCO",0,2.34652963709721,22.9979456584889,1.0476916359325
"exponencial","MCP",0,2.39143539941918,22.1535710351881,17436.7558257618
"esferico","MCO",0.0645541080235234,2.25169809090186,60.6170874569679,0.719938957891383
"esferico","MCP",0.0370388853283811,2.32707976372309,62.0102394323167,12174.3054006214
"gaussiano","MCO",0.394627507725168,1.92157559595895,29.492738319052,0.739969012209942
"gaussiano","MCP",0.389475852494984,1.97432952056755,30.1818982334683,12590.8129724118
"exponencial","MCO",7.18221080226849,216.318598184584,54.8102491954677,329.151216304029
"exponencial","MCP",13.432362569405,211.161658964328,57.1537813722868,4816493.1913671
"esferico","MCO",30.5044638190796,169.469053871116,119.537189124907,1087.94034364147
"esferico","MCP",46.4278408581073,157.166593432316,132.111514947604,13018183.5361801
"gaussiano","MCO",46.7220878352158,147.985662109633,51.9702601810313,1476.84775184158
"gaussiano","MCP",62.3399473023425,134.35988116537,57.5185831560514,16921995.790768
"exponencial","MCO",0.106514838705244,1.11564503951471,18.7647787157382,0.0344215163423264
"exponencial","MCP",0.100458120507455,1.13086233505453,19.1849989892472,577.174628595674
"esferico","MCO",0.357939307902171,0.849775405820348,57.0680243258809,0.0392035347498149
"esferico","MCP",0.448735240430265,0.768013733602479,62.9669235225811,636.992598666663
"gaussiano","MCO",0.478338495347285,0.728524128103639,27.4249495378359,0.0403084820125924
"gaussiano","MCP",0.573523021105841,0.645237306010905,31.3277892513068,635.337188195095
"exponencial","MCO",0,255.874729993062,24.3752048858526,7602.96088214407
"exponencial","MCP",0,260.080699888332,24.0377282194428,129901327.136979
"esferico","MCO",21.559794874687,230.11954284508,66.0728161696198,4821.58453284496
"esferico","MCP",19.1359730104354,236.485254156976,67.1593718461727,81366952.3940981
"gaussiano","MCO",54.6077134479319,197.053220074147,32.063041993458,5139.59434762434
"gaussiano","MCP",56.6591501302901,199.180092592515,33.0111863147965,87502690.2704386
"exponencial","MCO",0,5.93489863466401,46.2650141578279,1.44883049819096
"exponencial","MCP",0,5.94920999134002,45.1870334912131,23463.3330966018
"esferico","MCO",0,5.3349545298861,90.9858116757123,0.431375443896595
"esferico","MCP",0,5.35671531076041,91.4768489133309,7475.99575176196
"gaussiano","MCO",0.679026396186901,4.65221179234108,43.6138962396929,0.566828098910316
"gaussiano","MCP",0.807030115574965,4.55960148225599,44.9289967166255,9778.4065667828
"exponencial","MCO",0,3.26959199545418,49.8930876845207,2.41758130745714
"exponencial","MCP",0,3.32346959197979,48.3992711466553,38407.6058832729
"esferico","MCO",0,2.90456624534032,94.1980986980794,1.30094490151391
"esferico","MCP",0,2.95942225709483,94.1725822703363,20468.6015850831
"gaussiano","MCO",0,2.92758708249033,43.0977621206812,1.00849626890562
"gaussiano","MCP",0,2.98705416289204,43.8864002760974,16366.1764591768
"exponencial","MCO",0.0266589132459607,0.510812163830392,24.4169966969671,0.00134238141839875
"exponencial","MCP",0.00638882891891946,0.5314774599813,23.6509447161827,19.4811527140228
"esferico","MCO",0.114794484504831,0.409318178692198,67.249922365173,0.00159682723904481
"esferico","MCP",0.136777354467209,0.388090233761527,70.0716600897342,23.9774745395755
"gaussiano","MCO",0.172664206166992,0.351554312914764,32.6140015128852,0.00198391849343318
"gaussiano","MCP",0.198582722546032,0.327370942910385,34.7588153103937,24.0546296167987
"exponencial","MCO",0.0687965083130225,0.744899507466183,26.3428264520259,0.0120077366367349
"exponencial","MCP",0,0.814000246044523,24.4125534814428,209.920977278698
"esferico","MCO",0.185426655926015,0.607715722171731,71.6145397605989,0.00304637000704279
"esferico","MCP",0.178537516097694,0.616014393865337,71.4120613309299,56.1915786249077
"gaussiano","MCO",0.276699772251141,0.518340287751024,35.5331999612703,0.00499183003490439
"gaussiano","MCP",0.28753548529903,0.510183986398448,36.228963911062,85.1646768552679
"exponencial","MCO",0,9.34463862490887,37.3213000723652,19.7726010455959
"exponencial","MCP",0,9.56382125603643,37.1002032142877,317081.527868036
"esferico","MCO",0,8.8656472636363,84.6559068088854,12.0691673300593
"esferico","MCP",0,9.05856873838633,86.3754252700883,192377.782951922
"gaussiano","MCO",0.824432077907476,8.03727645197733,39.7706708503079,12.4093487810339
"gaussiano","MCP",0.829092974233706,8.228105348433,40.8948800494382,200122.484364114
"exponencial","MCO",0,0.349678864400922,15.9939772012698,0.0144401779937764
"exponencial","MCP",0,0.348843585276483,14.5904889802083,241.483982650442
"esferico","MCO",0.0325253829486699,0.313408657071757,43.3401501818524,0.0120959813325413
"esferico","MCP",0.0391951090365758,0.307296799405331,43.985033696655,206.863655626724
"gaussiano","MCO",0.0833518424731787,0.26278405315788,21.3483568463412,0.0121970773738768
"gaussiano","MCP",0.0857530020476952,0.260965043100763,21.4829860358744,208.80789593766
"exponencial","MCO",0,3.45053372955851,11.243940407889,1.19593444919993
"exponencial","MCP",0,3.473762118732,10.0588234207641,20381.0467162174
"esferico","MCO",0.330467122380571,3.10861279061418,32.0355309980148,0.896904934435391
"esferico","MCP",0.251782596048172,3.21889950877659,32.1463075093943,16789.1692861712
"gaussiano","MCO",0.928305120329712,2.51491422075309,16.2521836298525,0.922819968449796
"gaussiano","MCP",0.836891804467171,2.63701988163794,16.1416508454533,17138.4629881163
"exponencial","MCO",0,2.0667683170299,26.4695881868301,1.52086000298431
"exponencial","MCP",0,2.12031365395151,25.225108573411,24379.2018153297
"esferico","MCO",0,2.03301034060576,67.1310672736669,1.02335533976574
"esferico","MCP",0,2.08831032240917,67.9247838930842,16562.7948809572
"gaussiano","MCO",0.160113819114724,1.87615826196865,31.56277503133,1.0267212614667
"gaussiano","MCP",0.0928625658788052,1.99890829645877,31.7786634279318,16709.2735891292
"exponencial","MCO",0,0.962675075990816,19.589781137915,0.272318975282373
"exponencial","MCP",0,0.988008100437538,19.0247390272721,4536.61698107939
"esferico","MCO",0.0676699292600574,0.891938735435441,56.2055146372607,0.21857871536329
"esferico","MCP",0.0441902566858937,0.940994490942855,57.430049848011,3620.37620417638
"gaussiano","MCO",0.202847073948657,0.756694864636741,27.4237602315822,0.224030397307676
"gaussiano","MCP",0.194629633318477,0.790728537067592,28.1259259700588,3731.38176478132
"exponencial","MCO",0,1.17218656364324,16.5097285262193,0.0225758248772968
"exponencial","MCP",0,1.16661219793805,15.3678152728858,338.560106538767
"esferico","MCO",0.0885821629497085,1.06281058555987,41.3553219970965,0.00869887860638859
"esferico","MCP",0.093928964652697,1.05556634169591,41.3494634668019,161.618956481865
"gaussiano","MCO",0.269190577006041,0.883545738517215,20.6208004509069,0.00936680138836578
"gaussiano","MCP",0.26667212452295,0.884238810735969,20.5060563986012,175.70457127125
"exponencial","MCO",0,6.69312033959194,30.4756165800286,5.80735904686007
"exponencial","MCP",0,6.80176173513737,30.0267003938869,91548.0428504909
"esferico","MCO",0.11309954257435,6.34384482475589,73.1874605662816,3.44996366661128
"esferico","MCP",0.036073329920354,6.51758812179125,74.2517618272981,54073.9446633919
"gaussiano","MCO",1.00443854528425,5.45703420719461,35.592434694886,3.56290564398553
"gaussiano","MCP",1.04813209378305,5.51541237927399,36.5298494877956,56197.4319702488
"exponencial","MCO",0,1.33915400628029,39.6546401400011,0.0427994350473731
"exponencial","MCP",0,1.34877474720526,39.6709689055458,663.660180299071
"esferico","MCO",0.0915531903317025,1.15672551891669,90.4886609945687,0.0229752695830731
"esferico","MCP",0.141443290894684,1.11482771622175,93.9869348986672,345.854029407654
"gaussiano","MCO",0.236121135644363,1.00645080690506,42.6290165199327,0.0346007574877604
"gaussiano","MCP",0.306681151432596,0.948591354634307,45.7093454855207,491.383540488573
"exponencial","MCO",0,0.918989876197475,40.4798588286595,0.0119588487261789
"exponencial","MCP",0,0.923279452660891,40.2393149004382,193.29286190112
"esferico","MCO",0.0540167461970737,0.795683816056669,89.2070175854341,0.00257763777799517
"esferico","MCP",0.0763734507052449,0.776149531346124,91.3451169051948,35.3878849739192
"gaussiano","MCO",0.158934667258385,0.689781208265886,42.812678690647,0.00714555209719563
"gaussiano","MCP",0.19851581704263,0.656368973619876,45.2127978126215,84.2252695778936
"exponencial","MCO",0,0.0462872468703913,17.0805810248729,0.00024610891397167
"exponencial","MCP",0,0.0470170585328853,16.6406419577881,4.11662953554701
"esferico","MCO",0.00665857633633337,0.0393539804343728,50.5234307637606,0.000197277925283618
"esferico","MCP",0.00759340226846308,0.0391827798142516,52.7038140215823,3.30857148530042
"gaussiano","MCO",0.0125625106981499,0.0334207367600204,24.4776258830828,0.000201255890994719
"gaussiano","MCP",0.013228897073625,0.0335285349215637,25.4067226726271,3.3891045916404
"exponencial","MCO",7.09456288234267,158.878755176733,29.9004959562627,286.037749391285
"exponencial","MCP",0.00687955319997126,166.439485032674,28.9931523031259,4876869.44612178
"esferico","MCO",32.1315934940255,128.385963060123,80.5565100074283,123.392455660894
"esferico","MCP",37.2562691479546,123.876770284253,83.335419210918,1649417.3120054
"gaussiano","MCO",49.5416467130673,110.881196583578,38.8077738783172,236.38118022354
"gaussiano","MCP",56.6673693869395,104.744256073429,41.1434644935487,2683272.20980235
"exponencial","MCO",0,0.105941147806918,27.5132546968479,0.00109800470622495
"exponencial","MCP",0,0.104902735659922,24.2437527996274,16.2891195637664
"esferico","MCO",0,0.10159329901882,60.9055140056507,0.000343277206429432
"esferico","MCP",0,0.101677175247795,59.2135496000801,5.47711619600368
"gaussiano","MCO",0.00405131343450834,0.0976580285622659,27.8952713027657,0.000237255419052188
"gaussiano","MCP",0.000726753714720505,0.10109297614416,27.2729879051331,4.56188740314568
"exponencial","MCO",0,4.21354651045052,36.2824133215585,2.57477623761247
"exponencial","MCP",0,4.26679554262384,35.066411260939,38997.882439931
"esferico","MCO",0,3.97550625912859,80.0611269406083,1.26004066287748
"esferico","MCP",0,4.03212632835176,80.579365734739,19270.2183099544
"gaussiano","MCO",0.308734531286097,3.66686243429549,37.2621093014435,1.21649586184314
"gaussiano","MCP",0.301738230488904,3.73269688790198,37.9069251108599,19037.3592233231
"exponencial","MCO",0.00941506756044785,0.726436490681338,20.8810291272453,0.00990934964738442
"exponencial","MCP",0,0.741639323398688,21.0624562526042,161.058962011532
"esferico","MCO",0.16346416771036,0.562863942725591,63.3659821462147,0.00653991935908703
"esferico","MCP",0.189205582608111,0.541251613556546,66.057331666903,96.2891688764271
"gaussiano","MCO",0.24368501457125,0.482247732945709,30.6142525070809,0.00806549799829628
"gaussiano","MCP",0.276766193993901,0.454766183042307,32.7048768060367,115.765172368855
"exponencial","MCO",0,6.07608590946246,24.0997311713101,6.02839042293454
"exponencial","MCP",0,6.19717839769049,23.837425762564,97975.2518976306
"esferico","MCO",0.441649227504361,5.54251054017448,65.1811296650308,4.33924626648193
"esferico","MCP",0.402410904066564,5.69282157826565,66.5517747478179,69325.8563193686
"gaussiano","MCO",1.25000510032833,4.73562395320173,31.7519789896988,4.53745353383313
"gaussiano","MCP",1.33183483256411,4.77304474626331,32.9372384896917,72722.7846480607
"exponencial","MCO",0,0.379830557211802,31.6389002523139,0.0168042373931045
"exponencial","MCP",0,0.386053900746354,31.3025392386276,281.300026886087
"esferico","MCO",0.0103731942920755,0.355366028987553,76.2393886359146,0.00845913408013283
"esferico","MCP",0,0.370952619238151,76.4443458674854,136.395566851084
"gaussiano","MCO",0.0602666357520926,0.305820252112105,37.1171256860334,0.00902502089518465
"gaussiano","MCP",0.0573172999768145,0.314275356914987,37.6343961831856,150.278986753509
"exponencial","MCO",0,0.270990918529421,35.2187393777579,0.00324013828313936
"exponencial","MCP",0,0.272691453063049,34.5098219148894,49.3131022966618
"esferico","MCO",0.00689277570660709,0.24826640116677,78.6598352209678,0.00129575885517535
"esferico","MCP",0.01001954616949,0.24678489663189,80.1252570008973,21.2731215865117
"gaussiano","MCO",0.0404267288394786,0.214769171673145,37.9683621783657,0.00137562989121114
"gaussiano","MCP",0.0470546706270827,0.210123872719229,39.2583257393759,21.5555363939788
"exponencial","MCO",0,1.24693822256868,24.6791922378138,0.217206628946121
"exponencial","MCP",0,1.25539836186033,22.4417746278316,3125.51391457335
"esferico","MCO",0,1.21492236097963,58.7170260243714,0.0909122836524647
"esferico","MCP",0,1.22917188041184,58.0428160889961,1392.10026257739
"gaussiano","MCO",0.0701013845072106,1.14671690898356,27.2612423194416,0.0815249691054671
"gaussiano","MCP",0.0300359090973208,1.20106760682631,26.9635441298579,1308.19282045307
"exponencial","MCO",0,0.22455088479244,34.7440106640801,0.00804201197299481
"exponencial","MCP",0,0.228053909365112,33.7821194242403,126.78880686729
"esferico","MCO",0,0.21351347451522,78.5329050891278,0.00406134460128174
"esferico","MCP",0,0.216936656379174,79.3008670487832,64.1724074722179
"gaussiano","MCO",0.0199720784784219,0.19383521891244,37.1626578311858,0.00411985342052102
"gaussiano","MCP",0.0189475243270507,0.198478019090316,37.822573873603,65.9574804345293
"exponencial","MCO",0,311.00713268327,28.9739911653819,9984.48667395678
"exponencial","MCP",0,314.302480931709,27.9484918924349,149955660.661993
"esferico","MCO",0,299.68634829641,67.832856472949,5640.84612952232
"esferico","MCP",2.17407370570517,301.298126119881,69.4719655365158,91373250.1543631
"gaussiano","MCO",38.9568881100435,260.654624237082,32.5463657695069,5743.74432003414
"gaussiano","MCP",47.1246903573416,256.590755271619,33.9184481830458,92586217.2370335
"exponencial","MCO",0.0172761151629305,1.21536991436725,20.7059778055648,0.0569723855244736
"exponencial","MCP",0,1.24161023410554,20.5496534415972,1043.91993674267
"esferico","MCO",0.263508929216859,0.955639692106844,62.8265248098939,0.0253727112696106
"esferico","MCP",0.24380461670134,0.981511081838207,62.5589825225544,485.112307107307
"gaussiano","MCO",0.407715190169129,0.812471346899203,30.8931631706614,0.0308263934521279
"gaussiano","MCP",0.407979545803399,0.818959799051864,31.0767169384251,585.966367808927
"exponencial","MCO",0,0.870549313375206,13.1211078627332,0.0317560783463092
"exponencial","MCP",0,0.876371451783498,12.51604016392,544.273878885359
"esferico","MCO",0.164776171222839,0.701030143866708,39.6164337316959,0.0244203885659243
"esferico","MCP",0.189080877581036,0.683749123981525,40.9575654265686,430.548084854777
"gaussiano","MCO",0.278240501823675,0.587396565987965,19.3800670075901,0.024788245621211
"gaussiano","MCP",0.286901258976383,0.586039212631069,19.8140110581555,440.151272223427
"exponencial","MCO",0,0.554473560321985,21.4875394220311,0.0474383039041147
"exponencial","MCP",0,0.561111972772628,19.9390100887242,805.897572062993
"esferico","MCO",0,0.547605983641423,55.3370335443878,0.0271692398598675
"esferico","MCP",0,0.556063131498764,56.1817104944213,498.614990646545
"gaussiano","MCO",0.0785247321514944,0.469172971445753,26.8746735871293,0.0285868686358586
"gaussiano","MCP",0.0738062099791091,0.482461669265301,27.159990888292,526.323059321515
"exponencial","MCO",0,1.60461598164616,18.0085818585749,0.304876062968919
"exponencial","MCP",0,1.6216856609239,16.9796059325214,5589.16899227226
"esferico","MCO",0.156534927473699,1.43752796976697,51.2459903451865,0.217723100914863
"esferico","MCP",0.173948506504239,1.44102811106326,52.6449363705844,4171.21782613313
"gaussiano","MCO",0.370492710934593,1.22221562681144,24.7775091679255,0.224736947361744
"gaussiano","MCP",0.377655457817298,1.23603843919258,25.2630862159672,4311.05185359761
"exponencial","MCO",0,3.21101050068998,11.5763960039804,2.07098490299402
"exponencial","MCP",0,3.26698830228514,10.7424276294514,35117.8906822474
"esferico","MCO",0.528765305488643,2.68256579138916,36.2406626251675,1.83219745002761
"esferico","MCP",0.573036969348615,2.70086945940885,37.8964171686066,31629.8546891721
"gaussiano","MCO",0.974708103148031,2.23537666173758,17.735567411167,1.84649086699441
"gaussiano","MCP",0.912071797380449,2.35868679893433,17.9247718635669,31927.2994040977
"exponencial","MCO",0,0.682777507227492,11.29624453634,0.039284092692009
"exponencial","MCP",0,0.690147592126283,10.7253119488625,637.368649067877
"esferico","MCO",0.130525349131495,0.549416067994368,34.2682988675435,0.0342202264380809
"esferico","MCP",0.141387521823082,0.547205050398822,35.5365472097608,569.351811544892
"gaussiano","MCO",0.229476166978071,0.450958935579361,17.1599863127186,0.0344147993591528
"gaussiano","MCP",0.226166703317645,0.462624571770568,17.4394944726467,571.90155439526
"exponencial","MCO",0,0.0700894475586685,27.3221863772024,0.000358009338014144
"exponencial","MCP",0,0.0696946346347844,24.6703165669995,5.41717234844042
"esferico","MCO",0,0.0673556499851995,61.4306876699912,7.3322320001767e-05
"esferico","MCP",0,0.0675076463384496,60.3941633716846,1.24149889030317
"gaussiano","MCO",0.00841789631562139,0.0596719599421561,31.5609975818817,8.3198049403167e-05
"gaussiano","MCP",0.00417428644294897,0.0634414371868431,28.5170769379498,1.19958171964613
"exponencial","MCO",0,0.870526593342063,18.6635221595104,0.0274353672783459
"exponencial","MCP",0,0.87747881312467,18.2497565031382,454.267310756641
"esferico","MCO",0.132214861185549,0.728004728863484,53.4272079805023,0.0149448801746622
"esferico","MCP",0.135247068554247,0.731566279164855,54.1991256107486,245.040088106501
"gaussiano","MCO",0.243693104063281,0.616951639376021,26.1831060917617,0.0162032095348871
"gaussiano","MCP",0.25247735962863,0.615313236778044,26.7330073595565,266.113815639474
"exponencial","MCO",0,0.292322061341639,72.2661774713905,0.00134648289513642
"exponencial","MCP",0,0.30104631365884,76.163047626761,21.394377265726
"esferico","MCO",0.0132528395461814,0.223087229572597,122.338295927919,0.000557071335921532
"esferico","MCP",0.0126646239026233,0.224781378075647,123.487334435278,9.05004753437145
"gaussiano","MCO",0.0440059143996469,0.195015197782216,61.0139463883722,0.000980022916768199
"gaussiano","MCP",0.0517463653087742,0.190641153426779,64.1084274018408,12.9957635933277
"exponencial","MCO",0,0.239080405636332,19.1703369247145,0.0062916382395496
"exponencial","MCP",0,0.240552441141644,17.3072058190386,99.7533690076123
"esferico","MCO",0,0.236283432458255,48.8365499689396,0.00291306441784876
"esferico","MCP",0,0.238775381846767,49.1107755660888,53.1868969322308
"gaussiano","MCO",0.0314707684093445,0.204838356965743,23.5666292071638,0.00303317860930616
"gaussiano","MCP",0.025718557483541,0.213039993472321,23.3972098448656,55.5154602088081
"exponencial","MCO",0.0411673143606018,3.5630558771143,109.973855826069,0.0850449616205669
"exponencial","MCP",0.134078406708888,3.61794902683273,122.154260524148,1334.19882288264
"esferico","MCO",0.199609745264037,2.50878145613889,167.169293596529,0.134506379531269
"esferico","MCP",0.325066880545946,2.49655633703098,183.713128136745,1839.83409051013
"gaussiano","MCO",0.454885530459329,2.04532232161448,70.2992815944013,0.295570222551615
"gaussiano","MCP",0.634774796897363,1.94035114702953,78.145300248683,3637.43644686802
"exponencial","MCO",0,1.89211407986624,33.2232362907345,0.239496280100508
"exponencial","MCP",0,1.88585060868017,30.735798155768,3343.90853735021
"esferico","MCO",0,1.78155962561514,70.9033341792313,0.0479762758860239
"esferico","MCP",0,1.78723900334761,69.850393965637,657.977616721313
"gaussiano","MCO",0.11756267155241,1.66558282872493,32.8888179464642,0.0245825801633076
"gaussiano","MCP",0.105176418460348,1.68557732156965,32.8681974410422,402.805608720768
"exponencial","MCO",0,3.28875310910054,25.3200086941472,0.245779926428887
"exponencial","MCP",0,3.30400672096537,24.7550909771079,4102.8456578884
"esferico","MCO",0.322655723373432,2.87425949473415,65.2346384746616,0.0825244120400062
"esferico","MCP",0.397887237690028,2.81474203889543,66.8883171729196,1349.03842948596
"gaussiano","MCO",0.734273235470487,2.46313495660246,31.6721756402078,0.111660815209601
"gaussiano","MCP",0.847231408374345,2.37110554025065,33.0713717881173,1710.41022798962
"exponencial","MCO",0,0.317328151854241,10.0305492700844,0.00739262604785153
"exponencial","MCP",0,0.315590276637617,8.46799734502176,115.807976841042
"esferico","MCO",0.0271369495920428,0.289667166750598,28.6773759125769,0.00467285269187814
"esferico","MCP",0.0268454049939227,0.289061257322838,28.5403070674473,88.9681780969416
"gaussiano","MCO",0.0757661211162951,0.240694786971161,13.8766294418107,0.00494337565824967
"gaussiano","MCP",0.0678349905523819,0.247801570352471,13.5885562860382,92.6923024176425
"exponencial","MCO",0.0782786654145393,0.397621780161805,24.297698672758,0.00345385001700746
"exponencial","MCP",0.0960099560868662,0.384667578630486,26.2893148800314,60.113535964478
"esferico","MCO",0.169056116746317,0.3016674138968,76.6300457417758,0.00471522255616188
"esferico","MCP",0.206906407272139,0.267349331888444,85.0848433192012,56.0029350422288
"gaussiano","MCO",0.201737298255851,0.265449005939618,34.2994387614593,0.00583157294326026
"gaussiano","MCP",0.24711940480358,0.226548691640035,41.2214539966041,72.0957560505017
"exponencial","MCO",0,375.39009230965,17.557800697622,23950.3138620099
"exponencial","MCP",0,373.587579599722,14.6377287077054,354238264.891334
"esferico","MCO",0,370.973384585609,43.6436958084711,12192.8505215986
"esferico","MCP",0,371.998290536104,42.4070202877089,215707945.023135
"gaussiano","MCO",8.76470922152122,362.676301193816,19.8427345048838,11048.5033180971
"gaussiano","MCP",0,372.388851874439,19.5069746646165,212079633.758734
"exponencial","MCO",0,638.466864436215,17.0842449820956,64656.6610367467
"exponencial","MCP",0,645.336001359671,15.3259788448435,1041495135.09994
"esferico","MCO",0,633.860563783058,44.6424021184455,38321.3681969388
"esferico","MCP",0,642.775655306339,44.8969796897375,689262198.960473
"gaussiano","MCO",86.1158939668437,548.467415924575,21.7412321796913,39362.2827897526
"gaussiano","MCP",59.4339559082337,583.969325419696,21.4424995084357,706163453.060494
"exponencial","MCO",0,0.121364623197148,31.0728680306231,0.000851115235796842
"exponencial","MCP",0,0.116136362755683,25.1095500185839,13.5962894582034
"esferico","MCO",0,0.111355662421639,54.9819388506878,0.000758135694251086
"esferico","MCP",0,0.110135095385032,53.4772892390003,13.7188939601254
"gaussiano","MCO",0.0141711586826337,0.0974070799998741,26.7212908940795,0.000735372092510156
"gaussiano","MCP",0.0143751902934186,0.096089799055381,26.3519803561943,13.4645296902703
"exponencial","MCO",0,0.887590471530828,14.4263818117535,0.0384468257720401
"exponencial","MCP",0,0.88711047021337,13.0045720765651,654.322207644833
"esferico","MCO",0.0624607387129502,0.817529016308386,38.6393381974542,0.0205913651071078
"esferico","MCP",0.0703038445249492,0.812573164031186,39.0423458856763,423.773275166493
"gaussiano","MCO",0.200974764361087,0.679287745090508,19.1354021885948,0.021119594661661
"gaussiano","MCP",0.193185815825757,0.689888107487038,19.0670619046653,434.118408724874
"exponencial","MCO",0.0837177075925266,2.4822820312723,11.5126922678262,0.720868544348131
"exponencial","MCP",0,2.60894652869731,11.6986689207468,11552.9694500021
"esferico","MCO",0.936946378217956,1.63055108168364,43.0475761860551,0.671148392677186
"esferico","MCP",0.967107653458973,1.64045812294549,44.7809106735918,10673.6589919082
"gaussiano","MCO",1.19527929824685,1.37166852225612,20.9687454912982,0.680907105527485
"gaussiano","MCP",1.21980925828937,1.3881331289742,21.8086343756241,10857.7585067299
"exponencial","MCO",0,2.70131741991847,10.8966199339354,0.385143003263459
"exponencial","MCP",0,2.69030916110878,9.4054447330016,6137.13459522775
"esferico","MCO",0.178703611609397,2.50927042163511,29.6245729616838,0.219094859599629
"esferico","MCP",0.165489211590319,2.5210403984018,29.5475042999627,4418.96599294719
"gaussiano","MCO",0.650813910729109,2.038439807897,14.8454162686844,0.232137237040185
"gaussiano","MCP",0.598167784183416,2.08919160314191,14.6198915230772,4608.24816185232
"exponencial","MCO",0.0504782134527061,0.145513831253145,51.6500013584985,0.000285667001332033
"exponencial","MCP",0.0484877966512801,0.148155726552629,51.3914586870316,5.3991983824183
"esferico","MCO",0.0620268236230734,0.117140189530614,105.59357366251,0.000194999658950301
"esferico","MCP",0.0638267118535972,0.115432613765417,106.957200867058,3.16885133213675
"gaussiano","MCO",0.0786104809473718,0.101492821373388,52.5474480111684,0.000338333845452652
"gaussiano","MCP",0.0844752655026413,0.096788728372434,55.557874207328,4.21439006766625
"exponencial","MCO",0,0.215567996229963,37.5628037076041,0.00183440521239645
"exponencial","MCP",0,0.211325628857013,34.3391158027202,30.4034707592724
"esferico","MCO",0,0.196572880604983,72.1165689320261,0.0011898872372938
"esferico","MCP",0,0.194771382588339,70.3400822614358,19.6066288168293
"gaussiano","MCO",0.0205800330489332,0.176533689647264,34.6060600188629,0.00109002180069706
"gaussiano","MCP",0.0215172163036892,0.174119245160924,34.3500463185454,18.5148667655427
"exponencial","MCO",0,1.31884505672806,18.7528902150755,0.155506730398011
"exponencial","MCP",0,1.32918582485583,17.3481113377548,2525.10358871495
"esferico","MCO",0.0449686478078702,1.25972335008156,49.3609692192773,0.0803306789109555
"esferico","MCP",0.031226359785195,1.28782126676471,49.8373845281816,1409.51595759528
"gaussiano","MCO",0.240611390643385,1.06401192534532,24.1453361495094,0.0846468973215534
"gaussiano","MCP",0.223212080587167,1.09556201013125,24.1745674296481,1493.60083643131
"exponencial","MCO",0.561821016306269,2.89410056292776,30.7121657956957,0.353571935623873
"exponencial","MCP",0.846147235182024,2.6157618685996,34.0152402866113,5200.37168168988
"esferico","MCO",0.884036265577094,2.40143856706866,70.2877532754752,0.576917207453768
"esferico","MCP",1.14502448927693,2.11413892153296,74.8845028617,8106.19835673413
"gaussiano","MCO",1.20128666908891,2.07740389125921,33.3460183766689,0.607121044933199
"gaussiano","MCP",1.52660694232657,1.74947493271347,38.4626167653499,8110.55819758715
"exponencial","MCO",0,0.238135775410059,24.0942869524923,0.00177972025378276
"exponencial","MCP",0,0.239656455505076,23.6466117569972,30.6249239056565
"esferico","MCO",0.0277346528763148,0.204846764053519,64.0229057883151,0.000481399705767707
"esferico","MCP",0.0232507841377487,0.210442885553341,63.601968224013,7.89216327745519
"gaussiano","MCO",0.0586007230587433,0.174397600289525,31.6092355828589,0.000599272454974962
"gaussiano","MCP",0.0588009455121556,0.175505929865714,31.8237168697984,10.053795870553
"exponencial","MCO",0,0.358101002362104,17.7899826870159,0.0839538621899605
"exponencial","MCP",0,0.371737607272828,16.6589367012813,1438.16213207817
"esferico","MCO",0,0.361241471077593,52.5707772083415,0.0700773458959812
"esferico","MCP",0,0.374658113775351,53.6800172126107,1211.03286151656
"gaussiano","MCO",0.0521887585272057,0.308223464325639,25.1009995577233,0.0711455637721992
"gaussiano","MCP",0.0305937402130529,0.343650231879489,25.0713887081599,1232.13145935125
"exponencial","MCO",0,1.55906077564156,13.802000867795,1.45087040816517
"exponencial","MCP",0,1.61209705848154,12.4571569705569,23558.1322341518
"esferico","MCO",0,1.56568592659195,39.7925371264837,1.26997783315481
"esferico","MCP",0,1.6197874590964,41.1017031986918,21255.9760223363
"gaussiano","MCO",0.20892744402362,1.35421897460642,18.8398627991686,1.27870884659801
"gaussiano","MCP",0.154740735846545,1.4631516183586,19.1376681079211,21455.6390675779
"exponencial","MCO",0,194.11891737251,37.1144499338597,5702.14172499534
"exponencial","MCP",0,195.942208482121,35.3212017165955,84569142.9774114
"esferico","MCO",0,182.053573855239,79.9322268152832,2606.88582451549
"esferico","MCP",0,184.444193680458,79.7488299431887,38689572.7664187
"gaussiano","MCO",8.24041518864457,174.007975902917,36.6542587195525,2262.88968047603
"gaussiano","MCP",6.51822292730203,178.230704403081,37.0054695466068,35060507.3713024
"exponencial","MCO",0,1.83057907884854,38.3649804161424,0.107152244252407
"exponencial","MCP",0,1.84030079719117,37.7401257486457,1683.93890942814
"esferico","MCO",0.0589586258450923,1.64793791167461,84.4367407181313,0.0302862607038784
"esferico","MCP",0.0949669192189705,1.62227878143641,86.4479797962799,505.44493716526
"gaussiano","MCO",0.273419782205295,1.4299487037847,40.2898551914034,0.043352583566847
"gaussiano","MCP",0.334837392553113,1.38224972385618,42.0888018235774,681.625638028792
"exponencial","MCO",0,1.70546677724581,24.492344165142,0.655498806385862
"exponencial","MCP",0,1.72907752717951,22.3585422573099,10068.6274280278
"esferico","MCO",0,1.67398913796302,60.6899109491808,0.353914873307441
"esferico","MCP",0,1.70496838062836,60.4306657436392,5769.55789827849
"gaussiano","MCO",0.0775723464627452,1.59797594279486,27.8876027191127,0.335258127078246
"gaussiano","MCP",0.0208444130400363,1.68536446740058,27.7788263341013,5637.48079376738
"exponencial","MCO",0.0590365586356764,0.957310134169299,70.7807351049073,0.00147894369906741
"exponencial","MCP",0.0842335789929569,0.958068433971779,76.8763937508061,19.0720357411785
"esferico","MCO",0.129972936247085,0.728436847987855,132.338290167532,0.00703489353050135
"esferico","MCP",0.167169831597099,0.697660576271294,138.380371862879,67.0043871131663
"gaussiano","MCO",0.213288268348008,0.629313491032114,60.5602604418053,0.0174485472593707
"gaussiano","MCP",0.269658051735583,0.588283401799154,66.7153614073534,165.843973915642
"exponencial","MCO",0,182.737995980128,20.6259953812023,4331.82802786779
"exponencial","MCP",0,184.685268291866,19.0290203505675,69645747.1220513
"esferico","MCO",0,180.459188765274,52.8468964611299,2315.34791537688
"esferico","MCP",0,182.961310885347,53.4600426622882,40742644.8544705
"gaussiano","MCO",25.0722764699068,155.33657902356,25.4954769742604,2412.81543686078
"gaussiano","MCP",23.0942986909883,159.881507724469,25.6810035099675,42673439.7852361
"exponencial","MCO",0,0.163229865157677,22.388061777178,0.00294523048057341
"exponencial","MCP",0,0.161927154334005,19.6186479399091,48.654664993065
"esferico","MCO",0,0.159393889819906,53.3338095894489,0.00134401123780052
"esferico","MCP",0,0.159564728755906,52.6515696399289,25.9398695781417
"gaussiano","MCO",0.0148292693676431,0.144554000213369,25.013895713319,0.00135128750607656
"gaussiano","MCP",0.0109025061462809,0.148591294363275,24.5371968581433,26.7219433282924
"exponencial","MCO",0,376.71244570414,28.0888273801688,75957.5849369344
"exponencial","MCP",0,388.610347937314,26.6264261021813,1274282575.11952
"esferico","MCO",0,370.955896191532,71.2016909964631,53427.8666818107
"esferico","MCP",0,383.687670586453,71.9336440126488,912010054.897719
"gaussiano","MCO",10.5335814221597,361.544745343785,32.7549030735542,52303.9151681635
"gaussiano","MCP",0,384.734474878452,33.1816719968813,901099051.655091
"exponencial","MCO",0,137.626490865417,13.3029099199755,2324.29251495146
"exponencial","MCP",0,138.92843836279,12.1092326913154,41727907.7169062
"esferico","MCO",15.3864486994762,121.91733867603,39.059531746753,1820.27849352318
"esferico","MCP",19.6174409507641,119.370509412387,40.6503793483401,34732383.7806105
"gaussiano","MCO",34.4146228215787,102.751867227547,18.861750487859,1845.78946730452
"gaussiano","MCP",33.7797623549801,105.055284894344,19.0787349384421,35367492.6709817
"exponencial","MCO",0,1.69656942554752,20.9619007889631,0.698641745444809
"exponencial","MCP",0,1.72514133798466,19.086642051522,10900.3451568147
"esferico","MCO",0,1.67996064429833,54.2218082480379,0.422373456792534
"esferico","MCP",0,1.7135129872971,54.2484349455028,6975.50154044956
"gaussiano","MCO",0.138615072737134,1.54298036138578,25.471424985764,0.422531347944115
"gaussiano","MCP",0.0600205134101684,1.65480329078725,25.1824090743305,7026.82983360219
"exponencial","MCO",0.0398577409149855,1.16633166568424,231.963124431116,0.001332954451425
"exponencial","MCP",0.0435076471168739,1.16633166568424,235.193636745108,21.7449593872358
"esferico","MCO",0.0537150524908353,0.648625390693191,230.768964195447,0.00164564101886315
"esferico","MCP",0.0623516235479793,0.661137016005505,242.73046471617,25.3277001316907
"gaussiano","MCO",0.109695231988255,0.461727938768647,83.621302670905,0.00596999500674599
"gaussiano","MCP",0.130813102770771,0.453325385772141,88.7928799953746,71.2331845440037
"exponencial","MCO",0,0.0725320117205484,35.7362057071752,0.000209279087015235
"exponencial","MCP",0,0.0722695271296936,34.2182710678929,3.41305597329034
"esferico","MCO",0.00162104958719365,0.0661749695565732,77.3436866456437,0.000104739499600264
"esferico","MCP",0.00256493644609563,0.0652763012120197,78.1231577920042,1.62567401266351
"gaussiano","MCO",0.00628715409395,0.0598853893886844,31.5610706846251,0.000191504979091714
"gaussiano","MCP",0.0130679265773087,0.05496823061993,38.781253733866,1.91579581163471
"exponencial","MCO",0,6.15006820218829,30.9380021134702,17.7376826768922
"exponencial","MCP",0,6.31415974494933,29.038684798989,282897.132786976
"esferico","MCO",0,5.9798581034721,74.2796377781919,11.6220267183904
"esferico","MCP",0,6.16300760672075,74.2280284393784,187749.082142659
"gaussiano","MCO",0,6.0067164831016,33.7479048197334,10.6392220967588
"gaussiano","MCP",0,6.19004408862926,34.3723190694707,176501.439718468
"exponencial","MCO",0,0.189860919009735,21.7428884556243,0.00352767911668701
"exponencial","MCP",0,0.190558917276177,19.6645778655726,50.6621603305309
"esferico","MCO",0,0.186162441861889,53.0700883712916,0.00124098310183136
"esferico","MCP",0,0.187782869520723,52.8347001058656,19.7332050214548
"gaussiano","MCO",0.0182608137598921,0.167932270364009,25.012009401226,0.00124333429617686
"gaussiano","MCP",0.0135460981955596,0.174248593993896,24.7667524503516,20.4679783067149
"exponencial","MCO",0,0.146433586472777,24.4008643569259,0.00611921010734745
"exponencial","MCP",0,0.148587309590172,21.9286922446125,91.6947806228533
"esferico","MCO",0,0.143749644851573,60.0236404484173,0.00347006924419623
"esferico","MCP",0,0.146616658787738,59.1485082604487,54.3850563911836
"gaussiano","MCO",0.000703991639027335,0.143437626387101,27.2532737361714,0.00314060067018651
"gaussiano","MCP",0,0.147036600710524,27.4395172588964,51.6561985280516
"exponencial","MCO",0,2.25166392015785,25.9926521874436,0.481941061197147
"exponencial","MCP",0,2.27117078958217,24.7560292090746,7288.19358684237
"esferico","MCO",0,2.18698081795649,62.020961516687,0.225250939346843
"esferico","MCP",0,2.20955080314107,62.6719628154186,3345.24693085042
"gaussiano","MCO",0.326940114214283,1.8637639928822,30.5523407739974,0.233733639321325
"gaussiano","MCP",0.298785078763434,1.91457118189034,30.6153452110956,3533.85592361971
"exponencial","MCO",0.0436035097842037,0.431153477368382,266.897808876575,0.00246046146061261
"exponencial","MCP",0.0512960752609075,0.398955376172829,266.897808876575,40.6377423565191
"esferico","MCO",0.0483166714968402,0.242463874221994,266.897808876575,0.00248945820460125
"esferico","MCP",0.0566608361385022,0.222758569460859,266.897808876575,39.5891006407305
"gaussiano","MCO",0.0767985891291109,0.226103667545672,131.243726167129,0.00356286339878893
"gaussiano","MCP",0.0927158764502131,0.468228049614764,231.774022996545,37.538718925001
"exponencial","MCO",0,220.400700898478,24.0552939186009,13454.6448085242
"exponencial","MCP",0,225.0156541735,22.6769587006082,205929758.492943
"esferico","MCO",0,216.752728415409,60.5987195904397,9247.86571985934
"esferico","MCP",0,221.731143998532,61.437040984283,147110715.109924
"gaussiano","MCO",18.3142989320346,198.506644949285,28.375328540543,9183.35681873003
"gaussiano","MCP",16.0704162784225,205.747513131755,28.9004300981009,147403158.967383
"exponencial","MCO",0,0.0473345940512023,14.3310784161926,8.30239576516844e-05
"exponencial","MCP",0,0.0469177757198976,12.9466471674873,1.39789436833014
"esferico","MCO",0.00518238081596816,0.0416240879572659,38.3743818033696,5.67955705312905e-05
"esferico","MCP",0.00580233702489629,0.0407900729834159,38.3723838686445,1.01803740898949
"gaussiano","MCO",0.0121601314958356,0.0346518090676896,18.9374368002336,5.78361315490593e-05
"gaussiano","MCP",0.0117571935110697,0.0348339698755848,18.6322985780427,1.04227249448146
"exponencial","MCO",0.0832166554182704,0.237740687837718,27.3360133682876,0.000788651332438305
"exponencial","MCP",0.0982108727550715,0.222522762334955,28.9277120252668,12.0753580274113
"esferico","MCO",0.116313580820068,0.194339288377125,67.6885349986711,0.00195132787025835
"esferico","MCP",0.140409265739557,0.169547604131859,74.5432690561096,27.4090486955814
"gaussiano","MCO",0.141530053675052,0.168526523491666,31.9466160974234,0.00205419395819921
"gaussiano","MCP",0.166144366111844,0.144095756364279,36.6022596229066,27.3154305415661
"exponencial","MCO",0,2.75776583982892,22.7805226118738,3.2697695197736
"exponencial","MCP",0,2.84120364141534,21.7187593851143,53511.3281398198
"esferico","MCO",0,2.74626418510226,61.6007812019187,2.4615020942951
"esferico","MCP",0,2.83519069747515,63.5098060446532,40583.6176496513
"gaussiano","MCO",0.310260027235788,2.43391881264229,29.2108894149002,2.50751582744126
"gaussiano","MCP",0.248535950751905,2.58217444829529,29.7343719401765,41587.2932540446
"exponencial","MCO",0.322696495418308,2.81043564529199,40.9266081961101,0.0126991450024178
"exponencial","MCP",0.338430021637073,2.80543853469879,41.5736309927921,196.016148751337
"esferico","MCO",0.666377615540958,2.26713837415172,97.1112449797544,0.0704442739720473
"esferico","MCP",0.817419890776539,2.12482684777228,102.51608267263,785.443205665996
"gaussiano","MCO",0.950122223544815,1.97205444228852,45.872217228844,0.122601887438815
"gaussiano","MCP",1.13499496025742,1.80810599414437,50.1120029639261,1160.26424001047
"exponencial","MCO",0,6.02566434307015,14.5610275888817,10.5264282624292
"exponencial","MCP",0,6.13285339472436,12.8418190220351,176377.213854527
"esferico","MCO",0,6.03621033289369,40.9573777978526,7.80125961422855
"esferico","MCP",0,6.15346826682817,41.3477237630633,140995.607261399
"gaussiano","MCO",0.824169241572303,5.20637197183951,19.5614029732162,7.96793151247296
"gaussiano","MCP",0.497081234337645,5.65302440892354,19.2989964370048,143889.01935429
"exponencial","MCO",0,0.0751899378240517,30.9489516859628,0.00020016619491015
"exponencial","MCP",0,0.0758171128792431,30.8075735241513,3.15250589841713
"esferico","MCO",0.00615287793568635,0.0658699852890158,75.7194702034453,8.92672650779338e-05
"esferico","MCP",0.00664101622103489,0.0657488754943461,76.6894084107357,1.29603122014793
"gaussiano","MCO",0.0155235267348152,0.05659820145357,37.0122924345685,0.000108884583444075
"gaussiano","MCP",0.0175936839676866,0.0550845416610061,38.4332420493917,1.52169115459064
"exponencial","MCO",0,0.343985369108445,31.1417892429312,0.00506076778611914
"exponencial","MCP",0,0.345926730198399,30.3318143512775,87.2586715200136
"esferico","MCO",0.0150046607016173,0.313663600676673,72.9991024767312,0.00108842007644897
"esferico","MCP",0.00744731045370709,0.322836382988425,72.4680350087611,17.8299108164563
"gaussiano","MCO",0.0611154341035166,0.268422052874235,36.0461709554782,0.00142742806707223
"gaussiano","MCP",0.0622809505585985,0.269332437390891,36.4157564887122,24.1546395081628
"exponencial","MCO",0,0.187772328662566,30.6542897504885,0.00191968117183576
"exponencial","MCP",0,0.185654200104788,27.7697196185921,29.0076031393131
"esferico","MCO",0,0.177323417485253,64.7258829797158,0.000417326005735406
"esferico","MCP",0,0.176918920065289,63.2645745564667,6.51311314115057
"gaussiano","MCO",0.0149555989815367,0.162776579530733,30.6221009680957,0.000274467960746439
"gaussiano","MCP",0.0111806036884749,0.166193087908118,30.022078143166,5.0214732304484
"exponencial","MCO",0,0.775764181256506,30.0113948742932,0.0184533808372507
"exponencial","MCP",0,0.782084432474544,30.0560073603927,292.243848270274
"esferico","MCO",0.0833117371910172,0.662947750191432,76.2576387024435,0.013732622371885
"esferico","MCP",0.123595681412444,0.629710799751234,81.2572815594791,223.478452077752
"gaussiano","MCO",0.169544846751635,0.575167975384771,36.249586465384,0.0149030559870527
"gaussiano","MCP",0.208586885512315,0.54309878375616,38.8309363056164,233.635830652729
"exponencial","MCO",0,3.4034449567648,24.9981428651778,1.1095265039943
"exponencial","MCP",0,3.43726532923373,23.8345104200637,18618.1136041007
"esferico","MCO",0.0742761586510625,3.25312589571588,62.5622671126903,0.515165472328853
"esferico","MCP",0.0148438913338348,3.35259852149411,62.9428893261074,8965.43705046397
"gaussiano","MCO",0.555040599855288,2.77425594989095,30.5838889058359,0.559878927378936
"gaussiano","MCP",0.550043890150223,2.82083405478537,30.9964890618732,9850.38093744913
"exponencial","MCO",0,2.03141878562352,26.2281939307976,1.4940758446776
"exponencial","MCP",0,2.07234243637524,23.9497860406271,23799.719496111
"esferico","MCO",0,1.99522562484646,65.2391415958374,0.910353782961719
"esferico","MCP",0,2.04596225562795,64.9149902196327,15136.6304712593
"gaussiano","MCO",0.00655819194137606,1.99379604601899,29.5024714641616,0.843756483753764
"gaussiano","MCP",0,2.05069863507412,29.890903036481,14525.1652973517
"exponencial","MCO",0,0.995472975159344,24.3785569797795,0.00615901545723794
"exponencial","MCP",0,0.991482135764695,23.5370653828012,81.5911856192698
"esferico","MCO",0.0934346540989929,0.867364947890767,59.3171388564018,0.00967936365975153
"esferico","MCP",0.142477931088138,0.816460095234472,61.5574945905173,152.288514053199
"gaussiano","MCO",0.21859206085689,0.742299245138104,28.7896024249382,0.00952311515047285
"gaussiano","MCP",0.271697185020707,0.689071846161856,30.4921535574634,133.407756997009
"exponencial","MCO",0,0.956472972203067,14.5310578398818,0.0373529583991334
"exponencial","MCP",0,0.952212270529282,13.1610397412365,643.785788380431
"esferico","MCO",0.104405736144558,0.843781411394486,40.0623705075257,0.0197547860312169
"esferico","MCP",0.103060701847347,0.844336059231193,39.9739708511084,382.601284631898
"gaussiano","MCO",0.242960132869259,0.705176465073696,19.6714298496268,0.0211017657136061
"gaussiano","MCP",0.223067401910129,0.724115613224479,19.2746033735275,407.553620550844
"exponencial","MCO",0,0.0607825677556015,32.7428943732763,0.000697116836487527
"exponencial","MCP",0,0.0617576059805825,31.511304789884,10.9041705038066
"esferico","MCO",0,0.058304673062741,75.9883212420275,0.00037605115272635
"esferico","MCP",0,0.0593377172393393,76.5976936494757,5.98253238937292
"gaussiano","MCO",0.0045743403715524,0.0537265277205413,35.3767792196968,0.000372689987005163
"gaussiano","MCP",0.00423636305482643,0.0551392932403187,36.0062390553185,6.03860922583851
"exponencial","MCO",0,5.28686812056542,67.8213467614255,0.518271545118734
"exponencial","MCP",0,5.23268327159263,65.2037054410819,6783.29536476423
"esferico","MCO",0,4.27990358312618,108.998607293196,0.104986654805208
"esferico","MCP",0,4.27555286551054,108.208468866101,1387.95834416057
"gaussiano","MCO",0.36802167091763,3.88155693470707,50.0400726637592,0.144007127709886
"gaussiano","MCP",0.519407447317671,3.74768773707382,51.7717790967515,2144.17970547943
"exponencial","MCO",0.0372146871672815,0.223950069989341,44.0688700958565,0.000699423766758999
"exponencial","MCP",0.0535749256358398,0.211860556431822,49.8200736087867,11.5329551905759
"esferico","MCO",0.0697188564056956,0.176195318651363,109.809958949453,0.0019167951255857
"esferico","MCP",0.0951449554476468,0.156262555711371,129.212544253846,22.4296789734041
"gaussiano","MCO",0.083945315569308,0.155532708979364,45.7780589464656,0.00245730043709447
"gaussiano","MCP",0.111805735419535,0.133052338441352,56.5778482113505,30.777444454426
"exponencial","MCO",0,484.010344553408,25.9779481886224,39160.8073166894
"exponencial","MCP",0,489.796023212061,24.1668134493918,582031443.302596
"esferico","MCO",0,472.385780199939,63.2893026736456,20344.6884326201
"esferico","MCP",0,480.030676060223,63.6372779414806,321300894.648639
"gaussiano","MCO",32.5596540552284,439.226335735763,29.0534612950224,19780.577378982
"gaussiano","MCP",33.201961863352,446.45773566856,29.650512818107,325041122.457766
"exponencial","MCO",0,1.6680439327378,21.7895971604398,0.188830683957407
"exponencial","MCP",0,1.68101620646393,20.6905529110874,2764.5823012908
"esferico","MCO",0.041612016779004,1.59061658156322,53.8731003964188,0.0997871918804411
"esferico","MCP",0.0455944808324565,1.60221312683746,54.7661744817477,1560.85936924904
"gaussiano","MCO",0.287916804431511,1.34634614357918,26.5556260166388,0.102455174038913
"gaussiano","MCP",0.30619203416929,1.34475684366968,27.1654681473103,1597.36205154017
"exponencial","MCO",0,0.69804283019507,26.6579269174418,0.00719674014830488
"exponencial","MCP",0,0.698684801317961,25.9162560219256,128.776898142923
"esferico","MCO",0.0658579469862525,0.609147194486516,67.1295512276921,0.00156296150946086
"esferico","MCP",0.0848548800878379,0.591542862601236,68.7340234263808,24.2096423693191
"gaussiano","MCO",0.151966328798189,0.522871810150081,32.4778818843012,0.00330875534371771
"gaussiano","MCP",0.17969736154826,0.497848496202361,33.990107592571,47.0059560220833
"exponencial","MCO",0,2.16073017534644,10.0883199250127,0.325517477760072
"exponencial","MCP",0,2.15170581758993,8.57765675878263,5089.66930422464
"esferico","MCO",0.143156321613982,2.01120525139841,27.9169351966119,0.21469672388756
"esferico","MCP",0.142183346144013,2.00952179693534,27.8583618049331,4039.40535716435
"gaussiano","MCO",0.51033266220688,1.64315813648799,13.8177092057128,0.221846997830377
"gaussiano","MCP",0.472877629931419,1.67809416981908,13.6207943454691,4141.54494384964
"exponencial","MCO",0,0.32123924082313,20.6193958832313,0.0173434703080949
"exponencial","MCP",0,0.322574948956272,17.9882203334818,261.501256067701
"esferico","MCO",0,0.316873862921371,51.5304828933319,0.00761405198642805
"esferico","MCP",0,0.320067693825704,50.3695136355013,131.05729249519
"gaussiano","MCO",0.0136997232650443,0.303393008756475,23.6144310955393,0.0069761126493529
"gaussiano","MCP",0,0.320322349348646,23.1144663166919,126.085992178425
"exponencial","MCO",0,0.12348509671255,19.98515743479,0.000956586337389894
"exponencial","MCP",0,0.124182308923692,18.8201763535005,14.1952376096261
"esferico","MCO",0.0058762415923867,0.115529313719724,51.093811795899,0.000482148752694712
"esferico","MCP",0.0044352600246287,0.117893491702384,51.2675161232077,7.20599573736151
"gaussiano","MCO",0.0239524668329951,0.0975220088507293,25.1376049062165,0.000510074675022453
"gaussiano","MCP",0.0230981412894538,0.0993215371914051,25.2005802310483,7.73190033429958
"exponencial","MCO",0,589.541226395426,43.3994233890736,3158.31708066355
"exponencial","MCP",0,582.294959560329,41.3423874976543,46497625.2084075
"esferico","MCO",11.831853828381,517.08655553532,84.3609865337075,4674.20857817419
"esferico","MCP",24.7568367475997,500.63583778786,84.7177839154126,82266343.27174
"gaussiano","MCO",79.7721251233755,449.050428306281,40.5691408154695,4448.91915491886
"gaussiano","MCP",101.824261442765,425.453673537643,41.9409354961128,67787760.2430265
"exponencial","MCO",0,0.0960814179982067,12.9403847723043,0.000716780326418912
"exponencial","MCP",0,0.0952575606613376,11.7764602404625,13.5198728767475
"esferico","MCO",0.0191901373624025,0.0764180152835791,39.5411140771907,0.000604727061008405
"esferico","MCP",0.0197239168304304,0.0753328305214827,39.2623124370239,11.5954432835478
"gaussiano","MCO",0.031374178151332,0.0641767025814592,19.2182782678405,0.000617037815645585
"gaussiano","MCP",0.0294720869061797,0.0655140402144996,18.6544806320014,11.8185985737051
"exponencial","MCO",0,0.14682034871731,19.4627041187894,0.00709811986766827
"exponencial","MCP",0,0.150392303253093,18.0337257369191,113.863460979302
"esferico","MCO",0,0.146360603921617,52.7842934160749,0.00516913856481022
"esferico","MCP",0,0.15009592526377,53.4801182605677,85.5951259291752
"gaussiano","MCO",0.0172756216184959,0.128992862913219,25.0671984008398,0.00525343857623533
"gaussiano","MCP",0.0118433996590417,0.138219088156755,25.0988906379457,87.2274635296716
"exponencial","MCO",0,0.183003079564171,29.5560262228905,0.00438185764394369
"exponencial","MCP",0,0.179878753684602,25.4296452057148,65.7774581731566
"esferico","MCO",0,0.173644512467741,62.5671740453873,0.00194667181766997
"esferico","MCP",0,0.173304268677728,60.058175759689,29.6055893852936
"gaussiano","MCO",8.17181296116703e-05,0.173915447825564,28.1966081469974,0.00130342355444567
"gaussiano","MCP",0,0.173850231201579,27.8691876317398,23.6238215400936
"exponencial","MCO",0,4.37524601938881,26.9705584666507,0.527962353198808
"exponencial","MCP",0,4.35444654918412,25.1296734070158,6716.3092194634
"esferico","MCO",0,4.18591094935119,59.3465825017013,0.0615360962748878
"esferico","MCP",0,4.18307322467646,58.9759166331701,1005.79864746224
"gaussiano","MCO",0.550016530648809,3.64136960494678,28.7932963437196,0.0469354835267823
"gaussiano","MCP",0.590626763867785,3.60252169028743,29.0253699213559,762.874780904473
"exponencial","MCO",0,0.0881380240694446,17.145354691384,0.00040363760948927
"exponencial","MCP",0,0.0884270873853368,15.72754519943,5.94749491147314
"esferico","MCO",0.0022763299347284,0.0846836593921976,43.4650120757284,0.000142382448405692
"esferico","MCP",0,0.0875097279668878,43.2168946870762,2.32425328552774
"gaussiano","MCO",0.0166990339677721,0.0703918530647445,21.7369661544439,0.000157121838965586
"gaussiano","MCP",0.0143773290955152,0.0732610735990192,21.4436995951063,2.601881618513
"exponencial","MCO",0.391224412175653,1.22561320804339,65.8573021785028,0.103599355600221
"exponencial","MCP",0.656458429245869,2.14229548982419,266.897808876575,1328.83045173479
"esferico","MCO",0.557734053594548,1.05197980618723,179.017114214077,0.131438661692741
"esferico","MCP",0.687268953192646,1.19111867059897,266.897808876575,1373.44442394759
"gaussiano","MCO",0.658840750829567,0.807161358290536,69.4065798694897,0.196522078154801
"gaussiano","MCP",0.863088398533484,1.15191856464578,141.571675316149,1826.3335201734
"exponencial","MCO",0,0.0826186596150197,30.7897580212193,0.000885756586162108
"exponencial","MCP",0,0.0770782966018775,20.5271534428433,12.3840117169647
"esferico","MCO",0,0.0758698122283206,53.0203717448298,0.000471650649549065
"esferico","MCP",0,0.0752804020397816,51.2960683898525,7.97081406034314
"gaussiano","MCO",0.00591483199381734,0.0700203959517822,24.8009873735944,0.000452802421921792
"gaussiano","MCP",0.00259544182492051,0.0727257803378424,23.7959811533456,7.84863618574512
"exponencial","MCO",0,0.2400561060702,32.0072867160721,0.00310673005098096
"exponencial","MCP",0,0.243475549956238,32.4424753348335,50.239967406733
"esferico","MCO",0.023329810342989,0.207013596348691,80.3255550829474,0.00151368985170292
"esferico","MCP",0.0212344133910135,0.211001973540314,80.9089750954071,22.752419408097
"gaussiano","MCO",0.0525827984289853,0.178202269250392,39.3313413515242,0.00170862204012672
"gaussiano","MCP",0.0558863594855623,0.177232592338336,40.427533427752,25.553448396588
"exponencial","MCO",0,0.100829219642534,25.8325450203187,0.000206342416005138
"exponencial","MCP",0,0.100931844207818,25.0201400893621,3.57154613971069
"esferico","MCO",0.00891526536149734,0.0886515638222355,64.3953623460154,4.25434391615683e-05
"esferico","MCP",0.00855949594202701,0.0890970441222253,64.2718050864317,0.69579108565401
"gaussiano","MCO",0.022249879515775,0.0755005560848845,31.7870270465667,6.48324579688094e-05
"gaussiano","MCP",0.0237486547027116,0.0742153094674868,32.2663602123772,1.00701378856689
"exponencial","MCO",0,0.865014580072741,16.8397224040445,0.368699949515609
"exponencial","MCP",0,0.89247972907878,15.6024311308183,5918.58615620017
"esferico","MCO",0,0.863580980947474,45.9958991189962,0.309592081840208
"esferico","MCP",0,0.892176350557032,47.3719896468827,5132.91220138067
"gaussiano","MCO",0.105317732000158,0.758834360010979,22.1197199129574,0.3115176686512
"gaussiano","MCP",0.0835232385756226,0.809033281194975,22.5317570565651,5167.58701735957
"exponencial","MCO",0,1.41220890616499,16.6753316736741,0.152630946594047
"exponencial","MCP",0,1.39344905603846,15.7679565435311,2419.79165132041
"esferico","MCO",0.270683284454864,1.11876375129231,46.7208664800963,0.16133432612386
"esferico","MCP",0.340683597930989,1.03438360478973,47.6820849055123,2465.3937012945
"gaussiano","MCO",0.439190782202596,0.94977738603467,22.6388826184161,0.160698408854225
"gaussiano","MCP",0.484240214524433,0.890744729845665,22.984566678824,2458.11449201211
"exponencial","MCO",0,0.163818608076936,34.8400992742638,0.000969719763982865
"exponencial","MCP",0,0.163067099744021,32.7396856247351,12.5991100884893
"esferico","MCO",0,0.153067056497234,73.1628481761017,0.000102742122275155
"esferico","MCP",0,0.15315958797697,72.6414242805487,1.23537136155783
"gaussiano","MCO",0.0151097697518385,0.137894786008085,34.4134875562673,7.78189102109113e-05
"gaussiano","MCP",0.0187647065993988,0.134722946418928,35.2479833858975,1.04878420323039
"exponencial","MCO",0,0.176435985787614,26.8344300898106,0.00593755095357584
"exponencial","MCP",0,0.179576287570111,25.7845226089488,92.9350185202981
"esferico","MCO",0,0.172271345067624,66.1813208465792,0.00363370658569288
"esferico","MCP",0,0.175533224742176,67.3066412343391,57.833836098402
"gaussiano","MCO",0.0208006732573248,0.151553454995109,31.725001981269,0.00373811016135071
"gaussiano","MCP",0.0205830461057404,0.155150266516482,32.4385048100369,59.9455990113559
"exponencial","MCO",0,0.0966376328158448,16.4665070439678,0.000479152382578178
"exponencial","MCP",0,0.0968398015866961,14.8804303941954,6.46394230580748
"esferico","MCO",0,0.0953895618518614,40.9293136463626,0.00015081447240247
"esferico","MCP",0,0.0959559949830804,41.1763578033656,2.44157836445257
"gaussiano","MCO",0.0159738829590955,0.0794945290508256,20.3017554351215,0.000164821285971882
"gaussiano","MCP",0.0139243457280309,0.0821115100106835,20.1210883910643,2.68441626860365
"exponencial","MCO",0,2.61125776553472,29.3144002574771,0.422071364640924
"exponencial","MCP",0,2.62651829017042,28.070705237985,6270.528850889
"esferico","MCO",0,2.50657041968652,67.3939808425512,0.14279373871293
"esferico","MCP",0,2.52660372011668,68.1708724051838,2233.94847934209
"gaussiano","MCO",0.347817224672948,2.16060315675098,32.7186494227332,0.156415368349817
"gaussiano","MCP",0.392509553327778,2.1393177728027,33.6323538541523,2460.35172055035
"exponencial","MCO",0,0.0791873703712756,25.0259152899874,0.00241878722830281
"exponencial","MCP",0,0.0814367261069001,23.9835290189835,39.2875313449391
"esferico","MCO",0,0.0783388314862767,65.4015281237622,0.00173032569452836
"esferico","MCP",0,0.0806067900130195,66.5379665388834,28.3471156464548
"gaussiano","MCO",0.00779135462867907,0.0705703263532161,30.923924958961,0.00175947396606358
"gaussiano","MCP",0.00601832074067242,0.0746586228747149,31.4229093814,28.9745732108409
"exponencial","MCO",0,2.13339926272571,35.7444391358169,0.10732146741215
"exponencial","MCP",0,2.10822648111358,33.3618217209338,1554.73416565903
"esferico","MCO",0,1.97096736073816,71.8463716527847,0.0410191700808192
"esferico","MCP",0,1.95957381562668,70.7802233759738,693.32893276116
"gaussiano","MCO",0.236376924585762,1.7373504914308,34.5645876137922,0.0357388246061796
"gaussiano","MCP",0.270443221498405,1.69632541950692,34.8810620009449,593.074331536368
"exponencial","MCO",0,5.29757043957786,28.0568724981787,12.6599275568716
"exponencial","MCP",0,5.41959483168743,25.6164118130592,200538.719079888
"esferico","MCO",0,5.17891926701491,68.100455363642,8.01795859081543
"esferico","MCP",0,5.32731230456012,67.4503259121967,130623.067528011
"gaussiano","MCO",0,5.21093465864985,31.2326837607182,7.16126868082227
"gaussiano","MCP",0,5.35733426462811,31.537539308232,121910.054277781
"exponencial","MCO",0.15995096934903,0.533539812371622,34.7442146704994,0.00579427865773979
"exponencial","MCP",0.202135544124698,0.506016648912786,40.4774934840175,85.1777952343849
"esferico","MCO",0.251075576222552,0.422298997894522,95.8354339999728,0.00786525863847267
"esferico","MCP",0.293199133042773,0.383752702468759,103.686820966166,65.5452849712942
"gaussiano","MCO",0.304115923315136,0.365621652044525,44.8097717700062,0.0120875369873374
"gaussiano","MCP",0.357377536249055,0.321837962560586,52.0745503750885,100.164181774568
"exponencial","MCO",0,0.101856098515197,16.5563308133086,0.00220451360161909
"exponencial","MCP",0,0.103663831222057,15.40472900689,37.8139843671786
"esferico","MCO",0.00442666977773741,0.0969767867577656,45.8021336802201,0.00170845200115986
"esferico","MCP",0.00288592903686018,0.10055636714437,46.8255348908087,30.5498837428554
"gaussiano","MCO",0.0201560216136366,0.0813152701297484,22.6170419030891,0.00172952735159791
"gaussiano","MCP",0.0181321492155153,0.0853394399311859,22.8160315189219,30.9345885821639
"exponencial","MCO",0,6.126573114081,56.2364161828009,8.04201535024108
"exponencial","MCP",0,6.25533983221597,55.5408436115964,126532.091640856
"esferico","MCO",0,5.28397201253582,100.269515346232,4.53629092349445
"esferico","MCP",0,5.38416070842412,100.641950765573,70574.3664972579
"gaussiano","MCO",0,5.3250008214948,45.7751726713222,3.62240247895303
"gaussiano","MCP",0,5.43573242666992,46.7758020490712,57785.1713978602
"exponencial","MCO",0,0.0881632682555439,32.7052538209702,0.000429678796920339
"exponencial","MCP",0,0.0883604824723336,31.1141234507496,6.08795822013138
"esferico","MCO",0,0.0834551655328616,71.7918836914916,0.000111693860864909
"esferico","MCP",0,0.0838948876690484,71.9022858628866,1.7069749189521
"gaussiano","MCO",0.00939084053272562,0.0740857953212149,34.1818463851929,0.000111477344182157
"gaussiano","MCP",0.0107978553605829,0.0732618556660798,34.9695456068643,1.71046992395181
"exponencial","MCO",0,0.13589692602383,18.476201535205,0.00614201058439167
"exponencial","MCP",0,0.139334488117273,17.2905652793156,96.9276363549343
"esferico","MCO",0,0.135232761368874,49.5404703096069,0.00488254588329803
"esferico","MCP",0,0.138933520582063,51.2353057964774,79.7184934955366
"gaussiano","MCO",0.0182148932168946,0.116947017835493,23.807639492012,0.00493053429381012
"gaussiano","MCP",0.0175615556744667,0.121273430779061,24.4685087537389,80.7501898188651
"exponencial","MCO",0,0.148330331993641,32.2847230197289,0.00223791704787008
"exponencial","MCP",0,0.149139510326535,30.4301976642458,31.9981958583219
"esferico","MCO",0,0.141195456644793,72.2010870459463,0.00084173076040953
"esferico","MCP",0,0.142561192534016,72.1085517238243,12.4532573309775
"gaussiano","MCO",0.0103636863522313,0.130736826859387,33.3793815984967,0.000754013501055984
"gaussiano","MCP",0.010697940568123,0.131886778318369,33.8692774344722,11.7741477892126
"exponencial","MCO",0,2.62224715997325,21.045710755306,0.0989730338879597
"exponencial","MCP",0,2.61346035849393,20.5923430728598,1734.03552158965
"esferico","MCO",0.398950638379744,2.15836879176208,55.5457805640932,0.0948213229992667
"esferico","MCP",0.405526935847465,2.13984034633753,55.1601673130277,1618.52759835764
"gaussiano","MCO",0.736350955313295,1.82553332946035,27.559163036651,0.0956150352876493
"gaussiano","MCP",0.774510644143954,1.77776248269827,27.7667900463557,1612.03261234911
"exponencial","MCO",0.00927352714943294,0.539829144154407,27.10665384183,0.0017050210172347
"exponencial","MCP",0,0.547245266864334,26.3916900707586,30.1091599974831
"esferico","MCO",0.0961745646382021,0.434791545256967,72.2397372462518,0.00367282106883647
"esferico","MCP",0.127972039309755,0.402371243407775,75.9752209158774,52.4566188850515
"gaussiano","MCO",0.152114388120158,0.377407946707318,34.108530584572,0.00424971132546103
"gaussiano","MCP",0.185010874885122,0.345060220729805,36.6948946293067,55.8379263877641
"exponencial","MCO",0,2.3268214079863,26.5361082289388,0.250923283505314
"exponencial","MCP",0,2.31265036456663,24.424431726163,4037.29128003727
"esferico","MCO",0,2.23912305517604,60.1731106642228,0.0582240883880216
"esferico","MCP",0,2.23945498888151,59.9260610107575,1043.87886422972
"gaussiano","MCO",0.315635055052601,1.92616560667914,29.3855313415453,0.0679078593380915
"gaussiano","MCP",0.311883504830953,1.93113459762486,29.3244921287603,1238.5538879062
"exponencial","MCO",0.124818924708671,1.14518007763654,13.858882562138,0.00941426218186029
"exponencial","MCP",0.033105496336572,1.23681313761535,13.052151993979,148.060328937136
"esferico","MCO",0.420634070863534,0.840819252508561,43.8588952651424,0.00626417880062596
"esferico","MCP",0.445982974685788,0.816268837812051,44.7194446328731,95.1840787442008
"gaussiano","MCO",0.557618915865606,0.704586851893638,21.6670755916866,0.00665709300473243
"gaussiano","MCP",0.574753303687786,0.6884750542391,22.029822327071,102.003180705025
"exponencial","MCO",0,0.12372843476048,18.9263196968373,0.00189777610819336
"exponencial","MCP",0,0.124341657171299,16.803865863399,28.8465803709731
"esferico","MCO",0,0.122252557055586,47.8117560537026,0.000839770739731314
"esferico","MCP",0,0.123431882880803,47.4763937994987,14.7582611938829
"gaussiano","MCO",0.0126135420720235,0.109717801516524,22.7284003755729,0.000850191957227503
"gaussiano","MCP",0.00760346948778978,0.11590153766436,22.3096406626278,15.1274248861335
"exponencial","MCO",0,2.03728151135297,22.2846045831239,2.08726153553269
"exponencial","MCP",0,2.09994596495521,20.6208147480634,33435.9725889463
"esferico","MCO",0,2.02685819863183,59.2172282113462,1.54104415187003
"esferico","MCP",0,2.09400929540962,59.8141481417328,25507.0013138433
"gaussiano","MCO",0.0838768289321992,1.94546262727456,27.1999291372662,1.51746717267417
"gaussiano","MCP",0.0027683786486298,2.09260983545561,27.374425846414,25370.7224180772
"exponencial","MCO",0,1.71251453580636,27.1130610236239,0.0858848045151731
"exponencial","MCP",0,1.71235175888508,25.7171081288719,1283.50918012033
"esferico","MCO",0.0344181033413289,1.61345785385994,62.879877761314,0.010144444914978
"esferico","MCP",0.0434858337608734,1.60902718415576,63.3819940595273,166.576922082057
"gaussiano","MCO",0.273240457528447,1.37646714474256,30.8279174431998,0.0158802566081037
"gaussiano","MCP",0.308740007748388,1.34785994447318,31.5671382906444,245.992228865824
"exponencial","MCO",118.482906361675,563.094228644057,31.1403019243677,12567.2003664744
"exponencial","MCP",141.950791423499,550.644341036348,34.2262857670067,216370991.851835
"esferico","MCO",225.927939915337,442.143719828089,91.5872370258885,12526.709066285
"esferico","MCP",266.169457018485,407.346460259232,98.7311862041883,165890578.138447
"gaussiano","MCO",279.203288518214,384.227326264392,42.2281080077895,16726.4383167296
"gaussiano","MCP",330.662489477935,342.719040643233,48.4978270391659,215110775.606714
"exponencial","MCO",0,0.145393803966009,22.8400745341458,0.00831341662290947
"exponencial","MCP",0,0.148462680606611,20.4872451676899,134.328065151359
"esferico","MCO",0,0.143990150635657,58.7199978234113,0.00532491488654577
"esferico","MCP",0,0.147677856271778,58.1702733235174,91.403774518904
"gaussiano","MCO",0.00106885284702705,0.143342560563968,26.7538964701821,0.00504252665175262
"gaussiano","MCP",0,0.148087182634635,26.9859173524975,89.1368882181269
"exponencial","MCO",0.051966222308131,2.65843034301353,30.0811216784226,0.117706525098805
"exponencial","MCP",0.239817674258082,2.4718883152899,32.2567715227147,2002.31536610436
"esferico","MCO",0.359124527112073,2.20138565934639,69.6105786867727,0.306686913743078
"esferico","MCP",0.776082144633396,1.80661094494893,85.5600151806714,4833.14722640699
"gaussiano","MCO",0.634373346635612,1.91806766121571,32.6392936898361,0.303473079562518
"gaussiano","MCP",0.909860117507389,1.64318398049346,37.4388276471954,4610.63346978764
"exponencial","MCO",0,0.11415202559038,19.3928999185166,0.00962695037816366
"exponencial","MCP",0,0.118394701261237,17.5587097207216,163.705223419085
"esferico","MCO",0,0.114729435764952,54.6215454508802,0.00758618629756163
"esferico","MCP",0,0.119138320190727,54.8475550061747,133.826552515783
"gaussiano","MCO",0.00391195830513872,0.110996817798606,25.0687468399271,0.00754228069328359
"gaussiano","MCP",0,0.119303793106471,25.2372428778681,133.773560646456
"exponencial","MCO",0,1.46646125475896,38.1240183441238,0.00667979179230335
"exponencial","MCP",0,1.46760400663144,37.8419008239527,99.8006085174339
"esferico","MCO",0.139772137421549,1.22885820502569,88.5439673551987,0.0121609977747635
"esferico","MCP",0.209507317967006,1.16253179408495,92.5572326982287,161.777536646849
"gaussiano","MCO",0.293034378218836,1.0701472650571,41.7331146994592,0.0210945461348924
"gaussiano","MCP",0.3767557034241,0.993932436046097,44.8190040594821,234.522263944067
"exponencial","MCO",0,0.184953482837548,25.3680970351162,0.00405575649477486
"exponencial","MCP",0,0.186919820487448,23.97034058299,66.3373607440769
"esferico","MCO",0,0.180685281571519,62.2366370797638,0.00185218747693732
"esferico","MCP",0,0.183114852011205,62.9783697255851,31.5375619154572
"gaussiano","MCO",0.0252384657903702,0.155633861148249,30.3444165101316,0.00196437310810538
"gaussiano","MCP",0.0223763343773163,0.160915860619516,30.4358406989655,33.7784880303681
"exponencial","MCO",0.000896474391805273,0.128506123832038,31.5606979572665,0.00422565042012969
"exponencial","MCP",0,0.124600786747,21.8154712838553,57.550771754542
"esferico","MCO",0,0.120625203523499,59.6188990936976,0.00219705411474209
"esferico","MCP",0,0.123155259089128,59.9404448764812,36.03979879269
"gaussiano","MCO",0.0105526405999795,0.11023434266317,28.1877504689955,0.00221727417493761
"gaussiano","MCP",0.00703338443687797,0.116280365651543,28.2155924821339,36.6848796773767
"exponencial","MCO",0.246732526788576,2.82703511005432,24.3971176479528,0.09621803033618
"exponencial","MCP",0.22333729076214,2.86227519675608,24.5445452981527,1455.75405698386
"esferico","MCO",0.776633499953793,2.23129829944643,69.4350599833884,0.129203675804423
"esferico","MCP",0.964641186188747,2.05364571585663,74.32347047497,1739.99384701307
"gaussiano","MCO",1.0725005008511,1.92960577819534,32.9728924897193,0.152753709275043
"gaussiano","MCP",1.28268172411985,1.73878978724495,36.5588770934347,1921.05593987589
"exponencial","MCO",0,0.178882983182529,31.9354627757553,0.003049197612562
"exponencial","MCP",0,0.177666453908722,28.7638580449951,41.7890198550282
"esferico","MCO",0,0.16876102707116,67.564291620418,0.000904267928826856
"esferico","MCP",0,0.169209994095751,65.7233979699771,11.7956589531027
"gaussiano","MCO",0.00336723944349797,0.165754132997278,30.69875013519,0.000394089816754193
"gaussiano","MCP",0,0.169683509812688,30.317504126227,6.50702393691793
"exponencial","MCO",0,0.112359797607466,19.2332530394011,0.00161465359397094
"exponencial","MCP",0,0.112472902719896,16.8103389070967,25.3348701950508
"esferico","MCO",0,0.110909222400509,48.1530909628774,0.000670084372022372
"esferico","MCP",0,0.111653160962621,47.3797924312708,12.6391688515471
"gaussiano","MCO",0.00971093262241628,0.101297891999376,22.7218729168411,0.000662649313593404
"gaussiano","MCP",0.0039694750116497,0.107782249058836,22.0934283813727,12.7615870034297
"exponencial","MCO",0,0.212328870642602,17.4715606133964,0.00149820458656424
"exponencial","MCP",0,0.211885090139618,16.1344567812017,26.2448908841312
"esferico","MCO",0.018477674360342,0.190950129359987,46.3082065890148,0.000578739123615602
"esferico","MCP",0.0184925915174182,0.19120553322335,46.3632859990917,11.8717646343886
"gaussiano","MCO",0.0492168243797853,0.160336350830569,22.8412981106137,0.00064293458704614
"gaussiano","MCP",0.0485785990799643,0.161268909556329,22.7653061432849,13.0461986647937
"exponencial","MCO",0,0.348788965967867,12.0010637935614,0.00422814264979485
"exponencial","MCP",0,0.347816291771846,11.833185614161,83.4743517297723
"esferico","MCO",0.0948634506662918,0.251717500719236,38.1272962491794,0.0038954809507427
"esferico","MCP",0.0953223281027475,0.25025956714848,37.9319514473376,77.759668764952
"gaussiano","MCO",0.138079026565725,0.208618253033503,18.9416763241642,0.00394676936210958
"gaussiano","MCP",0.133913143776083,0.211732154204047,18.5810028402385,78.7684409909803
"exponencial","MCO",0,0.64134635381176,21.4673597560512,0.130662354428583
"exponencial","MCP",0,0.653148479278366,19.5985070164907,2254.67162274125
"esferico","MCO",0,0.636725082269733,56.618110307045,0.0879706868643535
"esferico","MCP",0,0.65084677058035,56.9999711189307,1618.13542149596
"gaussiano","MCO",0.0574314157824936,0.579753789054312,26.6912772475662,0.0889480831157087
"gaussiano","MCP",0.034616485859447,0.616579490666761,26.6338101634294,1643.20479627806
"exponencial","MCO",0,3.66103195049513,13.6186762367084,0.972062113923328
"exponencial","MCP",0,3.69458702843786,12.9951969122397,17578.2670223537
"esferico","MCO",0.685758889410829,2.96049030014724,41.8902310767255,0.76056182803469
"esferico","MCP",0.697045849904569,2.98658535590842,42.6633581900159,14127.3445244142
"gaussiano","MCO",1.17098701233443,2.4765537166793,20.6277595024778,0.777713951987527
"gaussiano","MCP",1.15551667085398,2.53015214666957,20.8515116062596,14436.4881591253
"exponencial","MCO",0,1224.27998992663,26.5326660901729,286183.957951355
"exponencial","MCP",0,1244.60813401251,25.2634688000539,4786046662.14329
"esferico","MCO",0,1198.47914299896,66.0928808922792,158947.974391995
"esferico","MCP",0,1220.78248053974,66.8975474060868,2726980343.74412
"gaussiano","MCO",145.695958403083,1053.72255843333,31.7683684909443,165498.768863784
"gaussiano","MCP",118.52231999679,1103.51295395613,31.9344098123563,2863227615.51869
"exponencial","MCO",0,0.27731430453083,14.5304710713407,0.0519962197440171
"exponencial","MCP",0,0.287943962793106,13.6173600155832,884.063023396868
"esferico","MCO",0.015116612619798,0.263712513905437,44.1106986834245,0.0469241996342237
"esferico","MCP",0.00610686866082836,0.283679013304447,45.6264081197247,804.068492923506
"gaussiano","MCO",0.0578047033936008,0.220988969231281,21.6147232439826,0.0473224893383324
"gaussiano","MCP",0.0485847097938997,0.241075669532381,22.0362442890125,811.738002705418
"exponencial","MCO",0,3.3716510558617,13.805688838869,0.653719119047039
"exponencial","MCP",0,3.38663207920265,12.6160433302195,10402.9914562725
"esferico","MCO",0.285507562148084,3.06259076051667,37.8101947267961,0.393704024077023
"esferico","MCP",0.29676194732451,3.07623872911737,38.3509392675866,7040.27108462215
"gaussiano","MCO",0.805918641933659,2.54260856246435,18.6975871609351,0.406209581783176
"gaussiano","MCP",0.751290577420126,2.62147621837575,18.631292526426,7266.86193350912
"exponencial","MCO",0,2.33009803211499,27.8829414273676,0.188508283688101
"exponencial","MCP",0,2.33324240842151,26.5965740322063,2930.26169341361
"esferico","MCO",0.055420737356728,2.18362066432483,64.7493768715642,0.0296338088571789
"esferico","MCP",0.0277867742515394,2.21818893931128,64.5489711003886,450.058783285835
"gaussiano","MCO",0.379638007082642,1.86346641187525,31.8617011478402,0.0382276583058565
"gaussiano","MCP",0.395725077458446,1.85671931954624,32.2102842308343,607.321435266439
"exponencial","MCO",0,0.158682031563094,19.3277814809668,0.00356660266825426
"exponencial","MCP",0,0.161743975275915,19.5577105576187,56.8589289648225
"esferico","MCO",0.026933449776946,0.130464821698565,58.1489113014467,0.00314175351369796
"esferico","MCP",0.0335565459155877,0.126887208531299,62.3522686490879,49.3107945685549
"gaussiano","MCO",0.0456072171893205,0.11165896180463,28.0068219538068,0.00320285344538129
"gaussiano","MCP",0.0522395856797936,0.108136357706996,30.1965177296084,50.3974266310591
"exponencial","MCO",0.124252529733553,0.391060429891607,266.897808876575,0.0170333976846032
"exponencial","MCP",0.149102384053722,0.293071542908573,266.897808876575,272.697668196034
"esferico","MCO",0.128801926806807,0.219185727231962,266.897808876575,0.0172182671269084
"esferico","MCP",0.153025966907836,0.163681531106556,266.897808876575,272.042858477767
"gaussiano","MCO",0.159760361849982,0.612532785322576,266.897808876575,0.0180198667603394
"gaussiano","MCP",0.17772670085904,0.466401086445329,266.897808876575,250.728331768907
"exponencial","MCO",0,0.081640608487346,14.3825734786416,0.000991871605820948
"exponencial","MCP",0,0.082954991251583,13.7827264700356,16.981463761809
"esferico","MCO",0.010363409839013,0.0708139992725887,41.5038427166715,0.000847785439859491
"esferico","MCP",0,0.0824858575124785,39.815682872995,15.1059507954579
"gaussiano","MCO",0.0222983129508159,0.0589371521774392,20.6091560628939,0.000856146876774958
"gaussiano","MCP",0.0217162363919162,0.0609139652373793,21.0001615358985,15.0484026163298
"exponencial","MCO",0,0.0759956739118908,16.694854603104,0.00123286570275671
"exponencial","MCP",0,0.0774316881821602,15.5749827571761,20.6169304955818
"esferico","MCO",0.0021375916754586,0.0734266305399087,45.2446400506912,0.000953175537333374
"esferico","MCP",0,0.077135204187539,45.9703363815702,16.660783499945
"gaussiano","MCO",0.0142645130943291,0.0613804158210117,22.4620924875144,0.00096440224122615
"gaussiano","MCP",0.0128178559792508,0.0643906062278239,22.7055222720063,16.8496638387315
"exponencial","MCO",0,1411.15547012157,41.8329712628634,46301.0703742372
"exponencial","MCP",0,1406.38884541067,40.2420879499297,729631931.344801
"esferico","MCO",0,1283.46745426388,83.2825350151553,4105.9982523981
"esferico","MCP",0,1282.83627079706,83.1223745385605,70126558.9707023
"gaussiano","MCO",173.894387506594,1112.20435176969,40.5681965823157,5885.01031128604
"gaussiano","MCP",199.398623910178,1089.36692667207,41.3670397818902,74100027.9018283
"exponencial","MCO",0,3.22536360569857,33.5602085527769,0.395783125319592
"exponencial","MCP",0,3.22027592871845,31.8051567207986,5995.56901971683
"esferico","MCO",0,3.03475530612455,72.0561283351667,0.024915901310283
"esferico","MCP",0,3.04116253912838,71.8700891164102,388.121412150306
"gaussiano","MCO",0.383540628759634,2.65678630061513,34.9036209193339,0.0257687564349938
"gaussiano","MCP",0.394935193014078,2.65518548091242,35.1543775830359,431.877711454421
"exponencial","MCO",0,2.14179100443833,40.3727626248248,0.668202849870055
"exponencial","MCP",0,2.15675308599289,38.2830894530796,10544.4807702791
"esferico","MCO",0,1.97728029968628,83.0009578626237,0.266992414446297
"esferico","MCP",0,2.00110135824911,82.4157300169584,4202.19882833472
"gaussiano","MCO",0.072978079779162,1.9129189740437,38.4127027813732,0.205161337583086
"gaussiano","MCP",0.0107942579208457,1.99938912409308,38.1688352391807,3319.99255571806
"exponencial","MCO",47.7920174890169,439.407353389624,52.9410548312646,6833.62549518866
"exponencial","MCP",73.4116115607149,416.248943010223,57.1309829127552,107585674.951878
"esferico","MCO",116.039967484881,348.266468003671,139.823789839153,11962.1120964231
"esferico","MCP",155.944642526927,319.016939906644,157.068234507664,154576325.197862
"gaussiano","MCO",121.188802337464,302.35098670069,46.7662146820031,14249.1990751979
"gaussiano","MCP",169.633688836888,261.244777345825,56.1090289421912,198829161.608014
"exponencial","MCO",0,2751.13397162045,16.4638537564502,1252637.11174094
"exponencial","MCP",0,2774.207089999,14.7350050114776,21863152396.3665
"esferico","MCO",2.27662477296844,2734.31644734371,43.8469441578653,812022.66058818
"esferico","MCP",0,2768.94284238414,44.2927599046522,15603959445.6096
"gaussiano","MCO",460.202044273004,2278.98740633031,21.7738359507308,839496.898061442
"gaussiano","MCP",353.579739180685,2417.45089836234,21.4355514897129,16088144535.7279
"exponencial","MCO",0,0.0644711109474893,17.5646484193854,0.000436750076993847
"exponencial","MCP",0,0.0633084569133376,15.1682062701174,7.58874089220685
"esferico","MCO",0,0.0631733757428377,41.17902063773,0.000326806601310966
"esferico","MCP",0,0.0625746179199552,40.6684554724716,6.02082936045302
"gaussiano","MCO",0.010514135343351,0.0527214838279177,20.4378831515202,0.000332662253815401
"gaussiano","MCP",0.00852990492795068,0.0540651970560299,19.6830006806896,6.135385846538
"exponencial","MCO",0,2.45177344080736,22.3502690561841,0.547653909621079
"exponencial","MCP",0,2.46524314774659,20.7214840711722,8970.17241430077
"esferico","MCO",0,2.40415957497172,55.2419242512889,0.248250022212466
"esferico","MCP",0,2.42739938734154,55.920963638632,4589.30714194069
"gaussiano","MCO",0.353224581805877,2.05196243572912,26.9219153529482,0.263711604999266
"gaussiano","MCP",0.354395213060008,2.07474142764671,27.256676702858,4899.31218180029
"exponencial","MCO",0,0.291562636194002,21.5755188326015,0.0226604917362944
"exponencial","MCP",0,0.296680468452466,19.570743950184,354.939419543556
"esferico","MCO",0,0.288352575089007,55.3405781696593,0.0138718247092557
"esferico","MCP",0,0.294445219290462,55.2300603051165,232.974791380039
"gaussiano","MCO",0.0165201356503702,0.272208995205146,25.6514515257975,0.0135284567613384
"gaussiano","MCP",0.0042453078958945,0.290514561514858,25.4691323111635,230.885028739687
"exponencial","MCO",0,5.2116868556943,17.6512085725804,8.57187005403762
"exponencial","MCP",0,5.35175021651237,16.9832397685111,144978.87319971
"esferico","MCO",0.469107738240503,4.74440287698687,52.6223961173531,7.13109212572686
"esferico","MCP",0.345175363104524,5.00860198369836,53.5296480171856,120802.069508467
"gaussiano","MCO",1.16033448482153,4.04576791739968,25.2671413924346,7.25329935428935
"gaussiano","MCP",1.08333985166886,4.26652663050929,25.8021882042186,123415.395736911
"exponencial","MCO",0,3.27312290081358,21.751291586401,0.735912852283439
"exponencial","MCP",0,3.29036083950577,20.2775589958068,11336.1106548688
"esferico","MCO",0.0225331861169111,3.18530437100891,53.6100346675551,0.285557046914163
"esferico","MCP",0,3.23519732741112,54.0609751763147,4881.82985147781
"gaussiano","MCO",0.509013107963753,2.70120669920322,26.285882708136,0.299212282520737
"gaussiano","MCP",0.495520476725229,2.74291289374448,26.4903381119754,5175.0754699705
"exponencial","MCO",1.60080988290301,4.49534254608661,43.6159434024882,0.565331090121794
"exponencial","MCP",1.98578627775368,4.32746248092474,53.5396032915027,8957.45800744427
"esferico","MCO",2.16113873039466,3.6016875820399,103.883122235284,0.706193809924023
"esferico","MCP",2.47192478964693,3.32492771910422,112.32569139168,7975.0086819932
"gaussiano","MCO",2.67697406701562,3.09714332642195,51.2070991261229,1.056203372427
"gaussiano","MCP",3.07471000658876,2.78808133597057,58.6438205889917,9725.80959036369
"exponencial","MCO",0,716.020901571138,17.4414987136635,8409.69397330705
"exponencial","MCP",0,714.183162996969,16.4723251313249,122609699.705919
"esferico","MCO",52.2369067451475,649.079169056116,43.0447520463979,6118.59153109805
"esferico","MCP",87.012370155521,615.12423082308,44.9348904808603,113127100.931194
"gaussiano","MCO",160.984257142416,541.448843817635,21.4841140939504,5548.55337156489
"gaussiano","MCP",181.95180638482,521.094576738347,22.1480301455335,102048330.87871
"exponencial","MCO",0,2.62328440370616,28.0208989290982,1.3653221055304
"exponencial","MCP",0,2.67602423722782,27.3008503302292,22453.7920910312
"esferico","MCO",0,2.55796549649915,68.9554511120152,0.815460071187906
"esferico","MCP",0,2.60847336234109,70.2265546214671,13148.1625191701
"gaussiano","MCO",0.369931410603717,2.19465829412725,33.9916315246632,0.845633264284368
"gaussiano","MCP",0.304791005769098,2.31068685161816,34.1454324219509,13764.8984610925
"exponencial","MCO",0,2.06309005193808,18.2676644445966,0.41775705478618
"exponencial","MCP",0,2.06502208615823,16.3440303373115,7120.28530279568
"esferico","MCO",0,2.03935639623148,46.491750697218,0.200913334380535
"esferico","MCP",0,2.05108841027194,46.6318798251468,3962.51592807258
"gaussiano","MCO",0.330916221541702,1.71028426745884,23.0191586008042,0.213026989977568
"gaussiano","MCP",0.263277375973653,1.78907398289186,22.5658110130949,4183.73911568779
"exponencial","MCO",0,4.07017669277542,32.9703935466779,4.05528806168371
"exponencial","MCP",0,4.17029266351059,32.643414486054,66735.5733120745
"esferico","MCO",0,3.92108483204734,78.1047507161128,2.47717008324256
"esferico","MCP",0,4.0071450411118,79.3932293918513,39891.9082919422
"gaussiano","MCO",0.457168150080509,3.47381293357583,37.7226904111993,2.55097065342912
"gaussiano","MCP",0.359210800528646,3.6610409334068,38.1017807484411,41291.7129673327
"exponencial","MCO",0,888.823716817778,23.2874349831658,177921.378286222
"exponencial","MCP",0,906.885378180294,22.2516783602635,2926624695.07841
"esferico","MCO",0.571735418166656,878.10144447522,60.8281083229285,120185.262722008
"esferico","MCP",0,898.892630739384,62.7728244381036,2008023164.98581
"gaussiano","MCO",127.038078818198,750.867647939083,29.3908883210554,124280.319281092
"gaussiano","MCP",124.937513313169,772.698145519398,30.1261481475296,2097512316.99439
"exponencial","MCO",0,2.36544834432262,25.1013308531245,0.364230506483403
"exponencial","MCP",0,2.36311316749878,23.1308171800803,5362.22102768154
"esferico","MCO",0,2.29085413490689,58.3620026542209,0.123660638922192
"esferico","MCP",0,2.30081343699862,58.3245647187174,2042.60644335687
"gaussiano","MCO",0.27910883600325,2.01287641928068,27.9929875222875,0.12612994637323
"gaussiano","MCP",0.288338649896019,2.01513361777865,28.2434823884393,2128.47668742467
"exponencial","MCO",0.191885624774858,105.37066587314,25.2968806880006,462.217209642816
"exponencial","MCP",0,106.06267210698,25.2666576260242,8475312.27958728
"esferico","MCO",18.1434033734638,85.0082234359131,71.1131554360905,284.72734637314
"esferico","MCP",18.281224694466,85.0957415221122,71.4580260938082,5083973.25907479
"gaussiano","MCO",30.317876934922,72.8848125963851,34.6547841020735,326.428000973223
"gaussiano","MCP",32.0341333860738,71.5049101743938,35.3733986205703,5741331.84856595
"exponencial","MCO",82.4876453137443,428.432205136839,37.4194545579105,1533.03286444371
"exponencial","MCP",74.0924597098734,436.530703576567,36.6821658438596,26852218.556147
"esferico","MCO",135.663559755322,348.917245556998,90.5079399881412,1709.22755591262
"esferico","MCP",149.953321082631,334.650791581845,93.0632766397412,22023101.5688294
"gaussiano","MCO",182.117081044361,302.098153803813,43.5383393620588,2878.09409689789
"gaussiano","MCP",204.834471831955,281.562666085684,46.5939258287238,32795843.4883849
"exponencial","MCO",0,2.30009544882007,22.6178283136665,1.56963224409898
"exponencial","MCP",0,2.34899374880854,21.05797369745,26352.4757415664
"esferico","MCO",0,2.27983705824752,59.2919311806919,1.02730417847669
"esferico","MCP",0,2.33509714216107,60.0656156065256,17958.324010427
"gaussiano","MCO",0.23414874006557,2.04747974328868,28.1981364423655,1.04443941426785
"gaussiano","MCP",0.145847406854671,2.18996802910997,28.1514192573776,18307.5527249799
"exponencial","MCO",0,1250.07514686141,24.8900523096868,585590.678628697
"exponencial","MCP",0,1281.78510108324,23.3680834626238,9465593395.30227
"esferico","MCO",0,1236.37652090109,64.7238849912008,402086.545555357
"esferico","MCP",0,1270.89040194946,65.4576617130191,6711739985.15097
"gaussiano","MCO",72.2502089151692,1162.71780075103,29.5721713533372,400495.941063319
"gaussiano","MCP",54.4195403509412,1215.6165529424,30.1911127030489,6799872984.38764
"exponencial","MCO",26.1837165250453,1258.02292637275,33.9610516061054,35281.8523651305
"exponencial","MCP",0,1287.36877860798,33.4509354358311,599022107.333897
"esferico","MCO",197.169947001748,1026.73595567991,86.1379753260137,24939.0696321527
"esferico","MCP",225.012473622197,1000.35795726394,87.8214178447447,371054540.497581
"gaussiano","MCO",334.724642595904,888.162718956768,41.4492493347032,33453.6351814263
"gaussiano","MCP",384.541004491694,843.994118753489,43.5580264970741,463771726.541871
"exponencial","MCO",0,475.051195409224,59.7238058835472,5654.31519293604
"exponencial","MCP",0,477.695478801646,59.5147426819282,95427164.429993
"esferico","MCO",2.02205913439109,398.720040853774,103.950545331379,2139.70656046205
"esferico","MCP",2.59685482687097,399.073569176147,104.606652968092,37087722.1466483
"gaussiano","MCO",56.5636550735041,345.984794865157,51.0369475922549,3427.68260907397
"gaussiano","MCP",70.2729214874772,335.552943208126,53.1625555873617,53599185.3497579
"exponencial","MCO",0,5.19748729995872,17.8073890702465,5.5743199739873
"exponencial","MCP",0,5.30769258955189,17.2142689499342,91520.9997605994
"esferico","MCO",0.495685641973003,4.67521977441487,51.1447020816574,4.58639412678406
"esferico","MCP",0.519924841786893,4.76406638688822,52.9736967735765,75881.1891293577
"gaussiano","MCO",1.20089643955446,3.96736429094546,24.8373312116087,4.65453971920885
"gaussiano","MCP",1.22744043853177,4.05588243129761,25.6735515866746,77241.9466073238
"exponencial","MCO",0,0.111427816256426,17.3112098951957,0.00409859298855382
"exponencial","MCP",0,0.113866690676676,15.5391919782633,65.5165126820696
"esferico","MCO",0,0.111225059379114,46.9916606169054,0.00295976869876953
"esferico","MCP",0,0.113936354011045,47.4085622449621,50.2834817265837
"gaussiano","MCO",0.0106313172615089,0.10064830729981,22.2073129626969,0.00298039829038944
"gaussiano","MCP",0.00570031384583054,0.108265389270943,22.1030696534207,50.8087088662188
"exponencial","MCO",0,0.316190896188631,17.6135684115308,0.00864431072593884
"exponencial","MCP",0,0.312927540375874,15.6188577748702,155.421488030634
"esferico","MCO",0.0149490837027103,0.296503133289751,44.8352101922036,0.00585083205847201
"esferico","MCP",0.0100997131092372,0.299923227408878,44.069449635886,111.795596892267
"gaussiano","MCO",0.0633172089233549,0.248349196754215,22.1454469111006,0.00605385036809724
"gaussiano","MCP",0.0573924745529323,0.252866689134082,21.6192218835472,115.774487468917
"exponencial","MCO",0,12.0035669123745,25.7501942189102,41.1372569134409
"exponencial","MCP",0,12.2999925400777,24.9652027608237,685718.96995395
"esferico","MCO",0,11.8280598421839,66.3695188224713,28.2583609304136
"esferico","MCP",0,12.1245150970419,67.9355301529395,472528.634160729
"gaussiano","MCO",1.59468367787114,10.2395676055062,32.1375578801181,29.0948856375022
"gaussiano","MCP",1.38438000444229,10.7505979640719,32.6704308042418,489646.797916116
"exponencial","MCO",0,750.454804320784,23.2067939235549,109338.177251134
"exponencial","MCP",0,760.285977631615,21.3722385660926,1765744838.05488
"esferico","MCO",0,738.576176461598,58.4391609259405,60770.148874601
"esferico","MCP",0,751.211085285233,58.7004960556623,1052023190.82656
"gaussiano","MCO",70.1818750216916,668.998917041312,27.6507483926833,61694.3615278052
"gaussiano","MCP",53.1567123563393,698.66131309543,27.6941677488358,1079949325.16857
"exponencial","MCO",0,0.146587528513318,22.6194616211859,0.00581307318792032
"exponencial","MCP",0,0.148956255679459,20.4537323448066,93.1774175637857
"esferico","MCO",0,0.144771276644171,57.5785142170366,0.00338306596233313
"esferico","MCP",0,0.147742146554993,57.2772661283099,58.1697911745409
"gaussiano","MCO",0.00726713152723595,0.137780556782182,26.7059587170789,0.00328916444967609
"gaussiano","MCP",0,0.147972706266036,26.3748892419461,57.6213491717825
"exponencial","MCO",0,8.12179227136771,15.6546584608404,2.89737026084732
"exponencial","MCP",0,8.19487319239913,15.2568389032623,48021.8872950693
"esferico","MCO",1.48059854331476,6.58252288486431,46.9967054805369,2.23669902355188
"esferico","MCP",1.86727664376797,6.28263150867833,49.8766624424294,36673.7841175635
"gaussiano","MCO",2.47215279960248,5.58634612531965,22.7377896411572,2.28444388477268
"gaussiano","MCP",2.71050860107893,5.43275266045291,23.8050188695863,37859.5938468799
"exponencial","MCO",0,0.212736457254953,17.2963337548708,0.00619998550089279
"exponencial","MCP",0,0.215391185608871,15.8555152756681,96.0035673673967
"esferico","MCO",0,0.210626142306943,44.4336762212828,0.00399661257965704
"esferico","MCP",0,0.213891585675149,45.2573112124407,68.1079877546426
"gaussiano","MCO",0.032136115479163,0.178694696361541,21.8312610211017,0.00406977301670224
"gaussiano","MCP",0.0297392172164238,0.184351267396556,22.0479566666117,69.3026427354441
"exponencial","MCO",0,834.544609159055,29.5131151673587,13369.2504662073
"exponencial","MCP",0,824.162511391664,27.6273579676913,209439847.461987
"esferico","MCO",23.6162967817991,764.754618221287,63.4990709104243,12435.6005292545
"esferico","MCP",38.5757114759482,744.185940681174,63.6202474134217,194869543.051216
"gaussiano","MCO",135.889063229034,653.497818129149,31.1173788596921,12737.4586516726
"gaussiano","MCP",161.775412003315,623.387349438029,31.8074110527748,191729283.033139
"exponencial","MCO",0,1242.58547335066,25.6119368582475,115348.880112296
"exponencial","MCP",0,1257.55086787301,25.1958188133262,1982234354.29583
"esferico","MCO",101.11444538539,1114.07684865552,67.4925404871875,61484.5613587879
"esferico","MCP",103.896319886565,1125.47696667667,68.813318813962,1037432896.58358
"gaussiano","MCO",260.051976730777,954.769234788999,32.6969868800049,70133.0234159476
"gaussiano","MCP",285.340797468035,945.376292141142,33.9368360102312,1194656145.09063
"exponencial","MCO",0,5.66366324528025,25.4619854008294,0.52849184379644
"exponencial","MCP",0,5.6184908077188,24.0666588490524,9117.5483707016
"esferico","MCO",0.301204092121591,5.130494815691,58.1226754579249,0.326541827085215
"esferico","MCP",0.203927389533203,5.19425396972707,56.8469450737035,5598.88979039525
"gaussiano","MCO",1.10396984454173,4.3421940754558,28.9718026555995,0.306907095697826
"gaussiano","MCP",1.1130518028194,4.3046603944547,28.749837006201,5372.51845377736
"exponencial","MCO",0,2.23789418311709,26.7873848662105,0.276006997540605
"exponencial","MCP",0,2.20685689304394,24.0675513450458,4320.78623124429
"esferico","MCO",0,2.13947020136181,58.3074531781901,0.114287399290217
"esferico","MCP",0,2.12882967502563,57.2272910452839,1862.04561392051
"gaussiano","MCO",0.246047614474924,1.89604293163591,27.9807014037755,0.111905791259941
"gaussiano","MCP",0.217763294542755,1.91442859517427,27.4999639017815,1891.70580587644
"exponencial","MCO",0,3.84380037552581,15.9087334309319,1.68791461625701
"exponencial","MCP",0,3.81768707936739,13.916528349953,29261.1445954469
"esferico","MCO",0.117051300446148,3.68965208509976,41.4660480890054,1.15053612156289
"esferico","MCP",0.0721927015531584,3.72947473153497,41.1671150466712,21746.4007796059
"gaussiano","MCO",0.726537686367452,3.0815745215967,20.4379066429418,1.18518366452049
"gaussiano","MCP",0.620293376598329,3.18160662265873,19.9333326019645,22392.5150569308
"exponencial","MCO",0,389.423352244364,27.3175220897922,20307.5635738479
"exponencial","MCP",0,397.818973907465,27.7717773271472,348293962.5677
"esferico","MCO",43.179913219012,338.616874859959,74.934219255762,12876.0308288574
"esferico","MCP",29.4155633928946,358.876665166328,75.1514523587721,212449036.421511
"gaussiano","MCO",91.1206786591997,290.931286359603,36.49851054683,13551.3352173256
"gaussiano","MCP",86.3201669053443,302.382956238827,37.0013583996297,228317312.828038
"exponencial","MCO",0.159545553469859,0.311629957785829,12.467723160424,0.00258417250148931
"exponencial","MCP",0.154545396108203,0.319094357770902,12.5642677170928,46.3505579177048
"esferico","MCO",0.262978789297359,0.207686770705561,45.1532303451715,0.00271951191002273
"esferico","MCP",0.288107577536977,0.185187483160382,49.5496468369654,43.2070602720191
"gaussiano","MCO",0.291740797421294,0.178375566578641,21.2429285206997,0.00283639262190425
"gaussiano","MCP",0.316169860624821,0.157052237004263,24.0367117302845,45.9189658629035
"exponencial","MCO",0,18.9091193807557,27.7854178136883,45.9827468470363
"exponencial","MCP",0,19.183246993767,26.9685552993155,764332.924801305
"esferico","MCO",0.255720852295361,18.1323946811557,68.265679564442,25.6859301383193
"esferico","MCP",0,18.6704108730597,69.2051892266031,435590.725315532
"gaussiano","MCO",2.85947501950782,15.5413705589176,33.2629391205224,26.9841079988208
"gaussiano","MCP",2.9241975188156,15.7708563900814,34.047537702492,461962.27301842
"exponencial","MCO",0,4.303859504154,18.0005233129056,0.223235761132711
"exponencial","MCP",0,4.28799032961546,17.4815926861527,3478.3167370813
"esferico","MCO",0.362648672837602,3.82822513318689,42.7310842055052,0.367665836637768
"esferico","MCP",0.784466500798999,3.40815372681536,47.0008641109654,6725.13203419936
"gaussiano","MCO",1.00931820678758,3.1894326531569,21.4079552503842,0.32981296019728
"gaussiano","MCP",1.26457895135334,2.9306608263593,22.8438600312985,6065.91307535311
"exponencial","MCO",0,0.294758460598828,13.4673630060669,0.00627777027604118
"exponencial","MCP",0,0.295360449814785,12.1098359639315,110.240568931354
"esferico","MCO",0.0358541261741453,0.257843113701818,39.3409363978483,0.00428533845732719
"esferico","MCP",0.0472653832306976,0.248047026118803,40.7067602276102,81.9806543879684
"gaussiano","MCO",0.0742954864913148,0.218928154655398,18.7588275592977,0.0044179238223074
"gaussiano","MCP",0.0729390726572348,0.221869470803645,18.7727912676384,85.3418580822081
"exponencial","MCO",0,1204.2405229908,19.7039814902281,725924.952366456
"exponencial","MCP",0,1242.86393419663,18.3670982098867,11622043998.4465
"esferico","MCO",0,1201.79255034851,53.7312468372546,579529.495987691
"esferico","MCP",0,1241.58134447025,54.8141273448161,9571712938.14108
"gaussiano","MCO",103.761178865491,1097.51466819535,25.0321924629361,580775.325672811
"gaussiano","MCP",80.0592582016985,1161.4951427354,25.5922408339164,9640895464.81966
"exponencial","MCO",0,1.94229375591553,23.2277380929623,0.379656481123611
"exponencial","MCP",0,1.96042714014578,21.9070241848299,6368.98458751318
"esferico","MCO",0.0331433211681504,1.87312352400608,58.7006512653898,0.182288401780518
"esferico","MCP",0,1.92938842340257,59.0801205331761,3225.27043950255
"gaussiano","MCO",0.317094811573363,1.59058709095873,28.8056136842669,0.197954668164082
"gaussiano","MCP",0.310965572905026,1.6204007859495,29.1267201747722,3529.10200715026
"exponencial","MCO",0,3.83154771011036,23.1453874319003,2.07179537653841
"exponencial","MCP",0,3.89341629725418,22.4691630028023,35966.6867389673
"esferico","MCO",0.257773941583629,3.52463477556915,62.8955818827326,1.35063037229532
"esferico","MCP",0.229856058504072,3.61762888779963,64.1889011031598,23568.4051834425
"gaussiano","MCO",0.763097625284752,3.01644747619719,30.3973756960977,1.42416390831462
"gaussiano","MCP",0.776005658626904,3.0695490109281,31.158296814883,25063.73613309
"exponencial","MCO",0,1612.2979150894,12.5933771594365,267224.751878593
"exponencial","MCP",0,1623.12994355275,11.4496351531348,4765727215.39648
"esferico","MCO",164.003254408851,1440.61767486535,35.602422990727,211984.952367672
"esferico","MCP",189.699073443813,1430.60252877907,36.5714935430366,4078281176.52416
"gaussiano","MCO",414.645182367669,1190.58328600792,17.6792847257502,213396.895631422
"gaussiano","MCP",401.018462373185,1219.30573180765,17.7946153010573,4104401854.6995
"exponencial","MCO",0,5.88651433322324,31.708375196498,7.95066244506146
"exponencial","MCP",0,5.94795573939639,29.213839665529,124420.532060274
"esferico","MCO",0,5.6411299920457,71.8283725357888,3.84430891041656
"esferico","MCP",0,5.73693942734767,70.9487362440281,61492.2462293892
"gaussiano","MCO",0.0591467820084079,5.60691835915317,32.879098342321,3.20426255345024
"gaussiano","MCP",0,5.76459447119253,33.0115962253968,53753.1137511308
"exponencial","MCO",0,660.737830057959,21.7630004890458,22730.8380988157
"exponencial","MCP",0,667.61672725406,21.6308967764664,396091180.961094
"esferico","MCO",99.1718636949772,551.890828433581,62.1975805571011,16236.8252715682
"esferico","MCP",121.781623754657,536.06043796326,65.1134260547313,281155796.497596
"gaussiano","MCO",175.269150716422,474.901092528039,29.7593073067793,17037.0527700243
"gaussiano","MCP",198.717299365895,458.813468449182,31.4359334917239,295354333.31087
"exponencial","MCO",0,717.25471713514,22.908867926748,132083.399298283
"exponencial","MCP",0,732.091226459964,21.5917993439729,2207121672.15603
"esferico","MCO",0,709.751814080613,59.7327810973846,85949.0428218903
"esferico","MCP",0,726.140014820086,60.8376330269864,1476794929.13311
"gaussiano","MCO",89.7900424780101,620.495183427501,28.8395099340141,88288.3085270803
"gaussiano","MCP",67.677605687397,658.686745671939,28.9087337303742,1521885473.02117
"exponencial","MCO",65.6951300578888,738.413543891068,51.041623296902,1778.72570484034
"exponencial","MCP",47.1932250791979,752.705121056895,49.0972614063325,31336183.2899859
"esferico","MCO",128.754252037823,592.755020368719,106.071231850511,1726.22347097924
"esferico","MCP",139.812699705537,580.870852463286,107.018245670884,23825448.8383758
"gaussiano","MCO",205.686457100057,516.184109077552,51.1989570112201,3570.57128204811
"gaussiano","MCP",231.655291631889,492.902280349209,53.4317983028574,27808946.8221787
"exponencial","MCO",0.0548016093166835,2.12321189172429,21.9283579183242,0.0327721260313364
"exponencial","MCP",0,2.17500367763109,21.2789588766986,650.459384491866
"esferico","MCO",0.450234378214755,1.68515841532837,62.3091657777349,0.0246555990588639
"esferico","MCP",0.524320096999995,1.60825710918252,63.9544853048737,362.007902387574
"gaussiano","MCO",0.694418270458487,1.44043065416494,30.2316599428235,0.0383918018267673
"gaussiano","MCP",0.788058881004424,1.34776209468293,31.7389740695325,530.749420301919
"exponencial","MCO",0,538.538848870751,23.9550201427947,5898.22737438026
"exponencial","MCP",0,536.119815846335,23.3222164666187,104857004.563555
"esferico","MCO",79.9176451525663,443.54924656051,63.4634949147037,5322.20864446565
"esferico","MCP",92.7445032959151,428.544223857838,64.2523750468232,82607132.6523387
"gaussiano","MCO",143.809453328951,379.660360704661,30.8153327517822,5986.95500932667
"gaussiano","MCP",161.734866785544,360.355730588648,31.7917994635991,91639011.6510694
"exponencial","MCO",231.451711237014,953.862049009416,44.1347689701534,15050.7795925769
"exponencial","MCP",295.012020947007,910.751766565494,49.7851544602165,207144437.224418
"esferico","MCO",354.37134242394,757.566575793008,104.927334308722,31619.2174159322
"esferico","MCP",435.831173574327,682.635097243749,114.933631179326,357517862.363632
"gaussiano","MCO",438.410977073801,660.940779084463,47.4745211230316,42393.0314765337
"gaussiano","MCP",536.540988998838,579.148123463652,55.6594021078465,454464212.455519
"exponencial","MCO",0,0.0965910213108904,19.5496009247444,0.00228414988427934
"exponencial","MCP",0,0.09820975662783,17.6520669798025,36.0089050394424
"esferico","MCO",0,0.0960306197399114,51.8376940421752,0.0014416347631062
"esferico","MCP",0,0.0979800989765758,52.1893224586296,24.4869523650998
"gaussiano","MCO",0.00815857662561633,0.0877737765903393,24.0355375105997,0.00144812685793189
"gaussiano","MCP",0.00509462522089425,0.0927642447647482,23.9960434032102,24.8871197221325
"exponencial","MCO",0.364605407703803,5.64544690111364,19.7212877828941,1.27510042193134
"exponencial","MCP",0,6.05495191448408,19.1440673299505,22616.9235188525
"esferico","MCO",1.68644742911526,4.28251507423239,63.3058323959521,0.922501403001315
"esferico","MCP",1.85232352396892,4.15923162394536,65.6326219979672,15924.8556445199
"gaussiano","MCO",2.27238973622585,3.68656763505368,30.1600726342358,1.02771275845446
"gaussiano","MCP",2.47671903613957,3.53332696381713,31.8655974743139,17697.1729429214
"exponencial","MCO",0.312855226466345,6.67553583393399,15.830195223233,4.74927856121833
"exponencial","MCP",0,7.09836847598677,16.0062618765441,74215.5087503781
"esferico","MCO",2.09665182676243,4.86261861542409,52.8404912017569,4.45115005552179
"esferico","MCP",2.40181271778363,4.66300684075386,57.0938581953114,69587.6422700759
"gaussiano","MCO",2.82142506252422,4.13670764315628,25.6611375830202,4.49558226110216
"gaussiano","MCP",3.09877768084663,3.96795362893945,27.8021728519926,70194.4317445228
"exponencial","MCO",0,7.93490562111557,14.4663314309871,0.513868388193634
"exponencial","MCP",0,7.91190070732998,13.767769116847,7197.86058083855
"esferico","MCO",1.03661255858698,6.78465604496707,38.1061891788897,0.474073572452403
"esferico","MCP",1.35181893364096,6.46476349223151,39.0611587973732,8015.0289505072
"gaussiano","MCO",2.18826677937181,5.63681128562352,18.9088546730517,0.42996885213988
"gaussiano","MCP",2.40242842045881,5.4212731577202,19.4045709619667,7460.64290345795
"exponencial","MCO",0,2.85849500303517,12.5320859132113,0.761647387686017
"exponencial","MCP",0,2.88979099899158,11.7720890986354,13268.5096063881
"esferico","MCO",0.508559431997421,2.34308345776211,38.6399987394981,0.624121636024517
"esferico","MCP",0.574141787949305,2.3139868998847,40.1607422632248,11170.5425170373
"gaussiano","MCO",0.882392676630822,1.96731190942612,18.7672201711465,0.63308973051717
"gaussiano","MCP",0.864155522394773,2.02164326831226,18.9986123711311,11382.2825695616
"exponencial","MCO",1.72094893096737,5.98169722246953,266.897808876575,3.59733397574168
"exponencial","MCP",1.95349330670075,4.9152370106815,266.897808876575,54832.1047170613
"esferico","MCO",1.78204240180981,3.37531821318223,266.897808876575,3.56424382661296
"esferico","MCP",2.00753168385355,2.7747938596531,266.897808876575,53631.2860970985
"gaussiano","MCO",2.21796165950149,9.91997454070436,266.897808876575,3.16898638045657
"gaussiano","MCP",2.38385242350212,8.39717903890363,266.897808876575,40596.3023981024
"exponencial","MCO",0,519.488452985813,37.2522932923926,3784.35759426647
"exponencial","MCP",0,520.359979384987,36.9877374591076,70010891.2333216
"esferico","MCO",46.9261757293802,437.621869542136,85.0649694454494,1783.89959502518
"esferico","MCP",47.787106187868,435.792033516969,84.9510911057119,26854762.5700291
"gaussiano","MCO",108.74337866738,377.209763748028,41.8208958732171,2577.18040528262
"gaussiano","MCP",121.903695464591,364.687778414473,42.9871382824949,34158567.1739841
"exponencial","MCO",0,529.767914040274,14.0467263566199,2840.25539102042
"exponencial","MCP",0,527.42310810793,13.3458624732126,50146831.9252144
"esferico","MCO",85.0024968675333,438.45704103291,38.694454455147,1697.2257781899
"esferico","MCP",85.8836745215085,436.216846809636,38.5543351887395,33057316.1768534
"gaussiano","MCO",162.872970154561,361.191430521516,19.4880263025295,1672.26304862724
"gaussiano","MCP",161.214881684943,361.461767873229,19.3398402502003,32853122.4612543
"exponencial","MCO",0,2.17750252174446,22.6712025261039,0.961135505377673
"exponencial","MCP",0,2.20523589399497,20.8517081738381,16407.6698901618
"esferico","MCO",0,2.14868127024392,57.934324970427,0.544917948600859
"esferico","MCP",0,2.18473955891708,58.249417936563,9983.6821455385
"gaussiano","MCO",0.243880342626279,1.90719588455394,27.7968529392707,0.562075822637187
"gaussiano","MCP",0.16631261904152,2.02033718385005,27.5671768311665,10314.4502209397
"exponencial","MCO",18.2875706430379,214.313031194943,21.9255581623739,2924.67435992674
"exponencial","MCP",33.0008324504455,197.177135490306,22.4844128878018,46048975.077097
"esferico","MCO",42.3008442513769,182.428408641005,51.4474998995248,3674.50790437514
"esferico","MCP",54.1854346899215,167.845576136664,52.6475414216785,55925667.1763572
"gaussiano","MCO",70.5573410332303,154.355035782891,25.3297630617236,3638.62813706511
"gaussiano","MCP",83.4380103273645,139.175722951571,26.6299106233458,54916658.7232546
"exponencial","MCO",0,7.87032908825421,17.6493809779645,12.4800177552543
"exponencial","MCP",0,8.01128596823768,16.3983189578115,196164.80119094
"esferico","MCO",0,7.80218859730089,45.8906506594316,9.20405596459559
"esferico","MCP",0,7.96137777033108,47.1679255510241,153616.735560842
"gaussiano","MCO",1.19146600653077,6.61804769558992,22.5567927930379,9.28168923695904
"gaussiano","MCP",1.08990026305431,6.87632450340197,22.8982445114475,154837.448753933
"exponencial","MCO",0,5.03117019483342,17.9132984968501,1.37714713144165
"exponencial","MCP",0,5.05764337917845,17.8384796833262,21066.4625122148
"esferico","MCO",0.711527303317158,4.22582951406089,47.610784933231,1.35772860273022
"esferico","MCP",0.828772897933607,4.12826652801502,48.9871040039889,22028.7299679815
"gaussiano","MCO",1.3952240411595,3.5487432119431,23.6675301667547,1.32696729060967
"gaussiano","MCP",1.52287557638635,3.44418359019204,24.5673557783069,21368.4794952009
"exponencial","MCO",0,4.2394429336016,14.1989489260721,0.166544099707876
"exponencial","MCP",0,4.23710670326358,13.5231485928793,2679.73939950009
"esferico","MCO",0.70826028551252,3.48856752016927,40.3017714197074,0.0369163044080663
"esferico","MCP",0.729951489202207,3.4708479263627,40.504585863817,693.173816178638
"gaussiano","MCO",1.30637717885025,2.89428874044113,20.1153015759728,0.0416725956577246
"gaussiano","MCP",1.29824000717573,2.90673375357394,20.0973070385416,784.365120850733
"exponencial","MCO",0.0537371223241343,3.21770118192531,30.0217212266511,0.570340395754133
"exponencial","MCP",0,3.32256368755986,30.5268289510292,9237.81454266852
"esferico","MCO",0.519621987372437,2.65054169093166,80.7359751368934,0.246903079859439
"esferico","MCP",0.421307253368133,2.77534429850378,80.2872665773353,3871.57063387444
"gaussiano","MCO",0.901585905063017,2.27783166001311,39.843461300172,0.276224218009801
"gaussiano","MCP",0.890816167347736,2.31945334800447,40.3657049885297,4582.58065479261
"exponencial","MCO",0,9.7136572048798,22.0289904882805,15.324768661587
"exponencial","MCP",0,9.93346937678802,22.5006606462713,250368.535699285
"esferico","MCO",1.55586392016471,8.07394911482358,65.9936015845645,12.3520166904187
"esferico","MCP",1.53099850688918,8.28765766829399,67.9431112373122,197654.276567551
"gaussiano","MCO",2.70819823948633,6.9200092465883,31.9754238742791,12.6996523917799
"gaussiano","MCP",2.82161067291816,7.00296425986188,33.2995981190157,204054.718217658
"exponencial","MCO",0,0.0651251562415909,17.9354394691025,0.00122888880720533
"exponencial","MCP",0,0.0662853355594392,15.870584520184,19.3928262803921
"esferico","MCO",0,0.0648796500966437,47.8126950021874,0.000813618474497346
"esferico","MCP",0,0.0662477905367425,47.7101054671544,14.038624866676
"gaussiano","MCO",0.00401659452090478,0.0608913443045851,22.1209852602922,0.000802778606260698
"gaussiano","MCP",0.0011055929638151,0.0651622167325314,21.9475814477024,14.0535653621628
"exponencial","MCO",1.18723222429825,12.4233643364801,14.6011293564126,5.98013147805296
"exponencial","MCP",0.343117937090459,13.1283190543109,13.2990079183747,101145.607351519
"esferico","MCO",4.00552652073319,9.46136653240049,43.2203633831532,6.20210347015727
"esferico","MCP",4.35277398064374,9.00911796535795,43.3353121045816,99908.0701922835
"gaussiano","MCO",5.53363790380712,7.93944871045992,21.27459225496,6.23680410805073
"gaussiano","MCP",5.75676914668028,7.6150010899322,21.2970007333101,100941.248352915
"exponencial","MCO",0,1555.14375029631,22.3031560975667,96212.8200157608
"exponencial","MCP",0,1572.48879171462,22.4802933901691,1645665050.94877
"esferico","MCO",267.643752344347,1264.47792936927,65.078711687183,61735.0236012569
"esferico","MCP",308.463261866748,1237.85658317929,67.4725692480179,1001923593.14435
"gaussiano","MCO",448.583062607165,1083.14760550921,31.5229914742331,70567.1102353721
"gaussiano","MCP",505.263775952499,1042.8943428499,33.2611353115074,1119453358.14239
"exponencial","MCO",0,2079.35587802442,23.9718828487044,526097.191744825
"exponencial","MCP",0,2108.88890451725,23.2659983512628,9064264569.9526
"esferico","MCO",123.589703135741,1920.12084672688,63.4216398032764,347021.035169627
"esferico","MCP",143.922184729659,1931.12695083927,65.222984419733,6145762735.46335
"gaussiano","MCO",394.830896604783,1647.17174792679,30.5719781386155,362577.836435452
"gaussiano","MCP",435.418689827777,1639.89085602534,31.7630127819472,6425551410.3438
"exponencial","MCO",0.0218811636549186,0.365343430629025,23.4752202653245,0.00100436272286956
"exponencial","MCP",0,0.386503452053876,22.1359195256884,16.3510033871484
"esferico","MCO",0.0842430382076914,0.293922508734772,64.5253248342168,0.000741302666751321
"esferico","MCP",0.0949203212849596,0.283225279818488,66.1535395744734,11.6268973301801
"gaussiano","MCO",0.127931758648675,0.250767205830074,31.7511381476397,0.00090879511714421
"gaussiano","MCP",0.141591948379536,0.237553777237072,33.0633553608574,11.3568047358801
"exponencial","MCO",0,260.886577680792,34.011305506709,2004.01797565155
"exponencial","MCP",0,262.609738104488,33.7090484596658,36455731.3208246
"esferico","MCO",17.7399066252789,229.376991697033,79.6932846698592,385.211819952732
"esferico","MCP",15.7546151882338,232.305138421081,79.8284886022414,6947438.98615068
"gaussiano","MCO",50.5743747215536,197.136644128039,39.1600259537667,663.563536259598
"gaussiano","MCP",55.0373153732991,194.200216427711,40.1569402820748,11162717.2079924
"exponencial","MCO",0,1035.60784248397,65.4796741138896,1777.20137646987
"exponencial","MCP",0,1038.54958304912,65.6134237084884,33899767.7215648
"esferico","MCO",55.3571066149624,807.461767264859,117.800566372641,2563.47070211987
"esferico","MCP",71.0249200587722,791.579456869713,119.060394729062,32549849.9461529
"gaussiano","MCO",156.246072196353,704.30302673724,56.2415716992401,7428.98292467209
"gaussiano","MCP",192.71252040215,673.265268994794,58.9271376119427,61738781.8808477
"exponencial","MCO",0.605836929285877,3.10793558489515,26.5545135610419,0.0273300639255871
"exponencial","MCP",0.587402350010293,3.11935756601586,26.2099722864342,512.237863228695
"esferico","MCO",1.08327097889575,2.52177303478254,69.3822097624399,0.0971719909501853
"esferico","MCP",1.24079872546567,2.35613932840042,72.1186066870817,1339.41016281969
"gaussiano","MCO",1.43993874235338,2.16549954444813,33.661966368732,0.123582482983094
"gaussiano","MCP",1.64283008192933,1.9659099718513,36.393986771156,1407.07333083555
"exponencial","MCO",0,248.439629674272,9.90643992007229,231.309007138051
"exponencial","MCP",0,247.994876826397,9.52500948159302,3859140.4940062
"esferico","MCO",52.868562944192,193.53986061705,28.2045669426113,294.729879836635
"esferico","MCP",52.887031954262,193.574645186099,28.2167425374243,5235864.45580941
"gaussiano","MCO",96.7919574968764,150.1433938217,15.0761059412365,240.039488973754
"gaussiano","MCP",100.136295527771,146.790154747253,15.2958943986193,4377744.83244354
"exponencial","MCO",0,368.121587467738,19.4942221008871,20783.2698896423
"exponencial","MCP",0,372.657150939395,17.9264073459897,344339655.130414
"esferico","MCO",0,365.042641446949,51.0988593324385,11887.9460510429
"esferico","MCP",0,370.69120688694,51.8636292719372,209641087.811237
"gaussiano","MCO",56.2378066842862,308.835537325394,25.0125836578914,12412.110089663
"gaussiano","MCP",43.3577463721244,327.205239813877,24.7522121672442,219446404.143493
"exponencial","MCO",0,511.225005425276,15.3836024412611,7183.97687718036
"exponencial","MCP",0,514.413464479364,15.0226804577108,121825361.991405
"esferico","MCO",105.654773911398,402.117679632584,47.2849886169372,5020.10016162303
"esferico","MCP",125.206684532802,386.272465545775,49.3896578053542,81170730.4501838
"gaussiano","MCO",166.715242557229,340.783626868829,22.9163055610344,5352.94961703869
"gaussiano","MCP",180.139691225751,331.102411878968,23.7732997378153,87585471.1541022
"exponencial","MCO",0,693.245479243271,38.2138943966557,25768.2372192466
"exponencial","MCP",0,707.274146563633,39.653567041437,437996806.794742
"esferico","MCO",70.9025310721434,583.017552026375,92.5308150013901,11811.6269231783
"esferico","MCP",63.0764289986759,596.704616025775,93.2117879785139,196417435.500783
"gaussiano","MCO",151.207555632094,504.047478395685,45.1980610347511,14439.6328211773
"gaussiano","MCP",161.163896841978,501.621674009767,46.6418371307245,239458151.850697
"exponencial","MCO",0,5.3061379133265,14.0859741598377,0.420048624543776
"exponencial","MCP",0,5.26960214875171,13.5942813761343,7657.07083167505
"esferico","MCO",1.06859320478021,4.17258672869505,40.0794128155044,0.431550842030565
"esferico","MCP",1.13722355045484,4.07350724331877,40.0040016765671,7487.49225900617
"gaussiano","MCO",1.79261354085352,3.45436779479394,20.0949203072241,0.42538884222051
"gaussiano","MCP",1.82342691578312,3.39314079999141,19.9836757712553,7442.56828186781
"exponencial","MCO",0.114500374108497,0.316215870661332,26.2610766497993,0.00476879716233872
"exponencial","MCP",0.157685340471032,0.273943561406242,30.3924047941172,72.1284163225926
"esferico","MCO",0.147055655060404,0.267883455147629,59.4047721121512,0.00736897859255507
"esferico","MCP",0.176386646617462,0.235068755313332,63.1458200761064,109.409594025734
"gaussiano","MCO",0.18356540355025,0.230882141910435,28.302916041533,0.00741052459941656
"gaussiano","MCP",0.217043568428547,0.195510844094649,31.9775934720063,107.422676290268
"exponencial","MCO",34.6189751838551,254.536266612659,78.7870992894806,372.362197750086
"exponencial","MCP",37.248944034352,256.795326850199,82.5531294168477,6038337.9254072
"esferico","MCO",49.3839961584541,189.07447360237,134.572425714734,570.368764558883
"esferico","MCP",54.8009036193132,184.214955723347,137.264679951034,7108758.57682888
"gaussiano","MCO",71.4243941085601,163.911676286322,62.4070136114058,1013.35989822873
"gaussiano","MCP",81.9013959126709,156.247624076639,66.6987186664207,9723970.85648443
"exponencial","MCO",0,0.268537712376924,12.3446952508684,0.00535518840023446
"exponencial","MCP",0,0.269079534721544,11.7467992448511,96.1016746487146
"esferico","MCO",0.0576416802468209,0.20924840212207,37.5717604187265,0.00518427548025145
"esferico","MCP",0.0734584998921925,0.19455657067896,39.6050444707125,93.0450661021393
"gaussiano","MCO",0.091252753911997,0.175564360879795,18.3285569668514,0.00512511491652283
"gaussiano","MCP",0.101247821058763,0.166825639409169,19.2409208733323,92.5836210059566
"exponencial","MCO",1643.33800240498,15664.0788041554,95.6812619551246,915579.186749402
"exponencial","MCP",1682.29512548259,15806.4602446701,97.7734048881369,15614626252.2449
"esferico","MCO",2254.76362065883,11016.2534393237,141.821167957991,1163858.96498646
"esferico","MCP",2444.0492624518,10863.5337697662,143.827484701941,16074724976.5897
"gaussiano","MCO",3565.85687074406,9534.72591939174,66.3507625904814,2448012.33739118
"gaussiano","MCP",4059.21170369746,9193.20077748155,70.0777675099108,23626256051.1289
"exponencial","MCO",111.560955578106,1375.26395795085,22.2352069709927,58794.2936720419
"exponencial","MCP",3.35912874648695,1492.00464083162,21.2839601724251,963243474.899907
"esferico","MCO",381.512860802483,1081.455173226,65.1662799846126,48511.8136779698
"esferico","MCP",443.007826282257,1031.91267346395,69.4464552388823,858732463.421305
"gaussiano","MCO",534.377345677864,928.995508868825,31.6027968931025,48606.1228365335
"gaussiano","MCP",587.238828841087,887.375375608982,33.5187432328102,837652547.103885
"exponencial","MCO",0,323.049570981223,28.1935586408163,9348.4739053921
"exponencial","MCP",0,324.443683076456,26.6693212821654,153710472.958769
"esferico","MCO",0,311.77598679412,66.0912713282791,4356.47393500681
"esferico","MCP",0,314.357201423474,66.7679741482403,75869277.1311371
"gaussiano","MCO",43.68966015263,268.224429326844,32.0652482450567,4632.1752715095
"gaussiano","MCP",45.8737228382982,268.847556056473,32.6230680501281,81352147.2600033
"exponencial","MCO",0,741.838879780108,27.9408168182418,31271.7852961721
"exponencial","MCP",0,743.045063657377,26.2693693450232,500994849.652499
"esferico","MCO",0,714.6746946293,64.6526063897684,6179.82731932847
"esferico","MCP",0,718.710721887427,64.9097920602443,109950516.224557
"gaussiano","MCO",99.049863299364,616.190583301151,31.4097085222902,7526.67361701318
"gaussiano","MCP",98.0157522336433,621.628127534025,31.6053272125019,137972564.215439
"exponencial","MCO",0,259.056989342588,38.9468370608178,2831.4963740903
"exponencial","MCP",0,260.658005113332,38.3151600058958,42914300.9613817
"esferico","MCO",4.26851730222407,236.035600708536,83.2172509937176,1062.18380942155
"esferico","MCP",5.32378219889878,236.155953515346,84.0814795713135,16751617.0769779
"gaussiano","MCO",36.3636503212353,204.179346052228,40.3742648258307,1163.19479774028
"gaussiano","MCP",42.3356678668081,199.938507277119,41.6618581080994,17164541.9520323
"exponencial","MCO",0,0.943439218335188,13.5040948381413,0.00494056219626514
"exponencial","MCP",0,0.939159522263205,12.9036123876214,79.7146348236253
"esferico","MCO",0.171054167607583,0.761655574813765,37.8726055184375,0.00511977227537808
"esferico","MCP",0.203829923134893,0.726453998721469,38.5855349925275,81.8942089653085
"gaussiano","MCO",0.299754876990977,0.633275639002801,18.7544655431748,0.00464297929660705
"gaussiano","MCP",0.316848929376322,0.613929402038811,19.0051113771106,77.150956062016
"exponencial","MCO",0,376.156359214413,23.1668534115176,3811.94898421992
"exponencial","MCP",0,378.893807525566,23.2949174221288,65751074.0456937
"esferico","MCO",60.6033503989778,307.177560878806,64.1152181986913,3161.64195769655
"esferico","MCP",77.6703899215899,292.750172136213,68.0611555235309,57579540.2507165
"gaussiano","MCO",104.669992435298,263.333762726213,31.2145359075655,3157.06106224565
"gaussiano","MCP",119.791368747066,250.778092484985,33.0530682129621,55611310.8882448
"exponencial","MCO",0,0.629351275739116,14.2221939792848,0.00413009520508966
"exponencial","MCP",0,0.626770719894982,13.8652602412606,82.5487133638515
"esferico","MCO",0.143265109259782,0.479584632866694,42.5224282983896,0.00395924300995954
"esferico","MCP",0.158321722853814,0.462213069282752,42.9320149788001,73.0965358534446
"gaussiano","MCO",0.221653478599003,0.401551969404113,20.9795395206333,0.00410881612846362
"gaussiano","MCP",0.231037952684864,0.390019237451851,21.1272169814756,76.5381163104617
"exponencial","MCO",0,442.013149627741,24.0032050821208,19494.8632416957
"exponencial","MCP",0,446.145911931213,22.9278912734816,350001137.389273
"esferico","MCO",23.5877640570586,410.278166031064,62.4571142057877,9442.15328524424
"esferico","MCP",4.64749274155116,433.934820385037,61.7734174806719,172961228.677446
"gaussiano","MCO",84.8016326118378,349.430891824803,30.6250219355891,10174.175998763
"gaussiano","MCP",74.6491780811032,364.336943245644,30.4461534687568,190314224.278482
"exponencial","MCO",0.415622389067016,5.17875534863632,33.1082919992969,0.855145942911507
"exponencial","MCP",0.299542823774457,5.36091828446349,33.6219219609515,14579.1145191733
"esferico","MCO",1.20472786092963,4.19437053209491,88.7988367922661,0.487980957784564
"esferico","MCP",1.33840504750987,4.09604574574857,91.6930061568287,6792.77636802657
"gaussiano","MCO",1.7882084681721,3.61280255972141,43.1850539737064,0.739357604048735
"gaussiano","MCP",2.03774543100479,3.42380492686086,46.3119253147516,9315.71016631985
"exponencial","MCO",18.5542101264655,136.298741504914,23.9413322488958,310.615539667823
"exponencial","MCP",26.7249933308716,127.872540727054,25.1253094079357,4787234.93815055
"esferico","MCO",41.1557746318977,109.529666688457,63.5084556705214,586.097347152742
"esferico","MCP",54.5517148420635,95.68689016925,69.4409340815611,7665488.15607946
"gaussiano","MCO",56.0296485746481,94.3821485427424,30.2009368523013,651.45558306408
"gaussiano","MCP",70.0379101183557,80.4324043491678,34.4519652605338,8153312.8538374
"exponencial","MCO",0,269.76855906675,21.4599120207172,8427.25945859772
"exponencial","MCP",0,274.883650568356,21.7496489245962,147195828.751501
"esferico","MCO",46.5994987839139,221.294808502573,65.5962996557951,6265.66118053966
"esferico","MCP",46.91634152193,225.406281283034,67.2181953810359,106243988.697991
"gaussiano","MCO",77.7820405283855,189.799071959482,31.5424276090524,6679.49277818704
"gaussiano","MCP",82.4329823952909,189.915444073541,32.8892270167724,113957427.656007
"exponencial","MCO",0,3.79980941790357,26.1637815578996,5.91645873821885
"exponencial","MCP",0,3.90042111689701,24.5636104534649,97077.691411285
"esferico","MCO",0,3.74602326195418,66.6832148651608,3.9469299121895
"esferico","MCP",0,3.85468755819376,67.0805406055943,66281.8283267179
"gaussiano","MCO",0.183471762867951,3.57102685489447,30.922598490047,3.89918065263625
"gaussiano","MCP",0.0213856477175802,3.84163956146834,30.9706801223208,66070.6757176694
"exponencial","MCO",0,2.04404268784965,31.8093026747864,0.486410931179638
"exponencial","MCP",0,2.06490032449889,30.4737057406158,7734.73951865287
"esferico","MCO",0,1.95879982856461,73.4041691067607,0.213703612193549
"esferico","MCP",0,1.98458352401614,74.1739701241805,3570.74222247551
"gaussiano","MCO",0.208590383516214,1.74943508624754,34.7249629386396,0.22153378860482
"gaussiano","MCP",0.219013837450792,1.76598840308869,35.4595324284134,3760.33981422072
"exponencial","MCO",31.8638943514493,92.3855505495271,85.3297723626589,77.7634782749372
"exponencial","MCP",30.9799217371811,91.979532029178,82.1255414458233,1235350.21823252
"esferico","MCO",36.3906329713542,67.1859995433351,137.110412560134,94.795488636358
"esferico","MCP",37.3112350599344,66.0462275253837,136.93427521308,1383347.08427754
"gaussiano","MCO",43.952599090572,58.2506825647931,62.9473758839245,125.938528957414
"gaussiano","MCP",46.5981125924568,56.0957668273512,65.588778251941,1515220.43594714
"exponencial","MCO",0,3930.84033062145,21.6922636819529,718886.790335731
"exponencial","MCP",0,3983.55443190636,22.2501705062106,11861755257.4923
"esferico","MCO",806.165659939114,3079.79238888996,66.4967510889525,542855.594876008
"esferico","MCP",945.957360466906,2983.07726085294,69.9180020047652,8561793727.16038
"gaussiano","MCO",1227.73034533112,2652.95923411247,31.8022982934173,592226.904223021
"gaussiano","MCP",1393.58023700095,2535.10883539513,34.0207963541936,9304942965.83629
"exponencial","MCO",0,12.1169194865686,19.9581639496341,33.4511681951186
"exponencial","MCP",0,12.362757112106,19.1031915295937,589307.876954824
"esferico","MCO",0.781381823608894,11.2737668011968,56.1655151498448,24.2428970026604
"esferico","MCP",0.0985356749005955,12.2106890070571,55.9614691978438,428186.774703851
"gaussiano","MCO",2.55414674120215,9.51419285451394,27.7602202441476,25.0787245482329
"gaussiano","MCP",2.13736589238853,10.1839287330828,27.6645799778663,446282.949665578
"exponencial","MCO",20.3165832150612,613.484793485793,30.2046088235187,13113.0911573801
"exponencial","MCP",21.1972331190541,605.281981505437,29.109932480941,206437696.558099
"esferico","MCO",93.2025008162983,508.480680865345,71.6675329332548,18346.0784900426
"esferico","MCP",121.869657715187,474.47457574662,73.247775033704,265678650.289242
"gaussiano","MCO",163.220588436856,438.115500859877,34.5378593222607,19351.0144224798
"gaussiano","MCP",200.20778884343,398.010638373476,36.6503939957708,269608961.405024
"exponencial","MCO",0,127.850064858432,15.7692074952672,340.271341184834
"exponencial","MCP",0,128.275590192067,15.18362183887,5177368.43651284
"esferico","MCO",13.174571584808,112.578030588762,40.5721270761472,318.998123289796
"esferico","MCP",29.0519678178039,97.8701810975601,46.7620628536733,5522730.87731935
"gaussiano","MCO",32.8901080418884,93.084170725122,20.4592754728093,300.011780064285
"gaussiano","MCP",40.958155457719,85.8908538009146,22.1582105560985,5228802.05042845
"exponencial","MCO",0,1563.14149941975,90.409707063971,129523.984306166
"exponencial","MCP",0,1597.82109534031,91.7410515280024,2087116836.16034
"esferico","MCO",0,1124.43033748507,118.156862608334,60642.9098935121
"esferico","MCP",0,1135.00780041515,118.9959025496,1001811411.47179
"gaussiano","MCO",53.5328751040232,1085.55675553161,55.8733014038498,39660.1778110554
"gaussiano","MCP",57.1544895236187,1095.91933233787,56.9816726809332,665582569.700944
"exponencial","MCO",1.44672315213672,183.315577154735,21.1975345361343,537.976070302235
"exponencial","MCP",0,183.594534168951,20.5366709653229,9919560.30546366
"esferico","MCO",29.8639172245248,150.015908968028,55.4048013036861,689.24619848145
"esferico","MCP",33.7837184934504,144.918169192184,55.6136388207299,11762758.4495264
"gaussiano","MCO",53.1612664574277,126.979500045586,27.4017934643837,708.4981493717
"gaussiano","MCP",58.9768272579908,120.216647531954,28.0474134884034,11779655.4317558
"exponencial","MCO",5.0353193295103,3.18603700390678,10.7571939938548,1.07493400555666
"exponencial","MCP",4.60012404686816,3.59522556747408,9.56140781536666,17258.9958538112
"esferico","MCO",6.10984093702309,2.1050366421732,38.3014616702109,1.04794314650553
"esferico","MCP",6.18338538421695,2.00995555103146,38.4083589772294,16722.6734407042
"gaussiano","MCO",6.442925210918,1.77021666360262,18.5755613416534,1.050405015044
"gaussiano","MCP",6.43066483448311,1.76070881284331,18.1826643389143,16794.7597247595
"exponencial","MCO",33.3502325241683,208.239305784437,266.897808876575,547.222780340255
"exponencial","MCP",37.3477548996719,192.250688165903,266.897808876575,7861325.26225963
"esferico","MCO",35.6580070972228,117.021979370163,266.897808876575,563.808596183974
"esferico","MCP",39.9195932507169,107.377686040414,266.897808876575,7572911.02909379
"gaussiano","MCO",47.154939521138,84.2866332766775,102.353452647561,831.160267996832
"gaussiano","MCP",55.9205676560045,127.558671847661,161.682553725578,7659595.98509329
"exponencial","MCO",0,2.52338831543283,25.355581930633,0.193822228837946
"exponencial","MCP",0,2.5198898878669,24.0149269169617,2837.17270222386
"esferico","MCO",0.055867566311346,2.37473764270409,58.1720990804878,0.0651534331218892
"esferico","MCP",0.0150682360368738,2.41592684941113,57.5434683136817,1027.38807375111
"gaussiano","MCO",0.426400028824137,2.01024597099954,28.9423001035994,0.0661069987625844
"gaussiano","MCP",0.433945094233375,2.00540164462075,29.0133337705167,1044.40909830812
"exponencial","MCO",0,336.822257238458,29.8933662537845,10863.2836388146
"exponencial","MCP",0,328.227262139782,25.8860328563071,163613194.439903
"esferico","MCO",0,316.386544453354,60.4150867643985,7164.89818777725
"esferico","MCP",0,313.182020629112,58.0657152681669,106451214.967613
"gaussiano","MCO",16.6118779707667,299.986509435442,27.7773274597701,6251.64384615015
"gaussiano","MCP",8.8589365866926,304.736793249205,26.9498029269401,98722613.4745768
"exponencial","MCO",0,263.225928948234,123.844088903635,975.697263933117
"exponencial","MCP",0,278.311470949857,133.597171543181,17392504.7568603
"esferico","MCO",1.21361537072113,165.361999587127,138.093083649874,664.240562017642
"esferico","MCP",0,167.482620437178,138.682845368789,11206060.5818226
"gaussiano","MCO",22.6110340029791,146.491796370408,68.5524769354569,328.79359988319
"gaussiano","MCP",21.4859326817501,148.300040780176,68.6064569753854,5874065.04195553
"exponencial","MCO",0,306.547755838154,22.8944646180302,4190.79551457352
"exponencial","MCP",0,305.247767104322,21.1367831100514,68012487.6547314
"esferico","MCO",7.6549748905546,290.624323040748,54.893343976693,1483.04992010185
"esferico","MCP",4.35715319758677,294.063850431014,54.5661114262626,25588528.390457
"gaussiano","MCO",52.4527824320465,246.193647280909,27.0404084881376,1615.39075118718
"gaussiano","MCP",51.8060710827243,247.082218267419,26.9775195386151,28256677.786957
"exponencial","MCO",0,0.181038813523716,30.9806247960672,0.01230664375209
"exponencial","MCP",0,0.185067048699338,29.0387490287161,190.424252671934
"esferico","MCO",0,0.175342309930637,73.3569460212913,0.00768347999964464
"esferico","MCP",0,0.179941469651179,73.1860530641746,120.329568378365
"gaussiano","MCO",0,0.175935092146593,33.18419419858,0.00695970799443893
"gaussiano","MCP",0,0.180584674228752,33.7959881181032,112.201375152985
"exponencial","MCO",0,2.34004892781426,31.4106767393031,0.0936008213909207
"exponencial","MCP",0.0556699060280615,2.26542748517355,31.3061115130298,1567.61121336467
"esferico","MCO",0.231577747425574,1.96445802029233,70.6306409528576,0.226950049617042
"esferico","MCP",0.408485689462739,1.77198590027264,74.805385054392,3665.21317660737
"gaussiano","MCO",0.484015918585303,1.707220427375,33.435842313228,0.221013147974016
"gaussiano","MCP",0.675291673682659,1.5101343073991,36.8581720852277,3388.20168572828
"exponencial","MCO",13.264988706292,530.335216282733,48.9174610868725,7591.16291700564
"exponencial","MCP",0,549.580712056929,48.7875241462613,126629044.529733
"esferico","MCO",56.9591988862997,432.926331909846,103.786342824988,2449.10612044994
"esferico","MCP",50.6127373210053,441.404566254505,103.934062214551,43520531.5267425
"gaussiano","MCO",117.435927551923,375.577708635487,51.4518903187402,3664.17372480864
"gaussiano","MCP",126.616215399719,370.653273091993,53.1116967021313,61721585.5002682
"exponencial","MCO",305.083497274035,449.521647241123,53.8038260746471,10075.1396053019
"exponencial","MCP",343.467801170782,451.044743794408,70.8469475718464,148627046.458651
"esferico","MCO",344.521983219878,357.811982390156,111.807136733524,9992.88645820932
"esferico","MCP",367.001696544461,338.667801801577,118.782294364548,122091787.696256
"gaussiano","MCO",399.353924266216,308.671832368902,57.281692881717,13413.5855310844
"gaussiano","MCP",432.069690675433,286.244971748341,64.3887683051838,127731194.357636
"exponencial","MCO",146.348999926554,1431.8802444604,172.915459022327,9131.99999731379
"exponencial","MCP",130.298417906294,1425.17103974733,164.987225110059,163066967.16447
"esferico","MCO",154.970555751456,778.683705249781,162.091937938281,6931.50465291288
"esferico","MCP",140.816793926488,788.790141576423,159.137500085743,122001643.255073
"gaussiano","MCO",247.144856925837,670.14921101541,75.9555944732999,5286.46726774017
"gaussiano","MCP",259.28375716303,668.46707246944,78.2159060708069,62837151.0534312
"exponencial","MCO",207.919139509421,731.161798112314,28.4670592200914,12731.9934208128
"exponencial","MCP",265.341129482754,687.507121583888,32.4202859443733,205798315.715529
"esferico","MCO",348.819245034108,572.576072261098,83.025216494196,15399.2195620148
"esferico","MCP",407.768695919448,517.454609240204,89.7994961555898,143383403.080464
"gaussiano","MCO",428.079830798083,491.470696434153,39.8216227151514,22914.7242680462
"gaussiano","MCP",501.865764240926,427.956338577693,46.0542958054903,202463221.44
"exponencial","MCO",1.69408507931242,53.4259921726757,68.7109782766224,9.6640541502797
"exponencial","MCP",2.2878975662759,53.8248322458884,72.1194902209407,186590.180794972
"esferico","MCO",5.18684266165303,40.8509359823724,125.034623155547,14.5318259071093
"esferico","MCP",6.66734753987565,39.6644063517799,129.545833319625,197590.4164667
"gaussiano","MCO",10.4122076293406,35.5271169245492,60.0424011014065,40.7565278478314
"gaussiano","MCP",13.0675155143233,33.6137788823441,65.0707388191412,435367.183052115
"exponencial","MCO",0,269.586829655564,27.1909320946958,12614.1859109541
"exponencial","MCP",0,271.475903623579,24.920084998842,210015533.862076
"esferico","MCO",0,262.230433495367,65.2265951959374,5804.31576638979
"esferico","MCP",0,265.778409453027,65.0031045023557,105062896.418498
"gaussiano","MCO",18.6970701009091,243.802370536226,30.4179578553961,5712.46446083148
"gaussiano","MCP",10.5905793363467,255.385703040751,30.1937508674079,106023090.637829
"exponencial","MCO",11.0848678181971,233.447448873009,26.1700411157291,1140.88932658897
"exponencial","MCP",0,246.196155799258,25.681392076028,19197400.9870672
"esferico","MCO",54.7074791039861,184.948861684932,76.1439285011078,652.200422769471
"esferico","MCP",62.5557638547098,178.52578729885,79.0173626130359,9468674.83721428
"gaussiano","MCO",79.3443927188969,159.851082731484,36.2988714831946,930.837534909823
"gaussiano","MCP",90.5643347385506,150.76404618953,38.8861353889813,12987869.6809639
"exponencial","MCO",0,197.906305430583,20.950778155269,1129.34459317493
"exponencial","MCP",0,197.703381883493,20.2716544375144,20764598.4298072
"esferico","MCO",30.3743916075412,163.894503651367,57.9824805474916,597.993034709617
"esferico","MCP",28.6192749846362,165.485071862552,57.5149130753886,10701502.3041409
"gaussiano","MCO",55.2430824271926,139.21117982618,28.5028922321494,657.347660606114
"gaussiano","MCP",55.4868148638598,138.886632526038,28.4662493552913,11850174.8736544
"exponencial","MCO",0,90.7069096612211,11.7316809159804,327.097372317751
"exponencial","MCP",0,90.9532253884718,10.9878015720434,5231560.54130966
"esferico","MCO",16.5977772964591,73.5787347940032,34.6696245021413,252.559122344449
"esferico","MCP",18.1889606871828,72.4435073655328,35.43574653677,4213802.35764339
"gaussiano","MCO",29.4865368808405,60.729884105447,17.2310218119377,254.583384822018
"gaussiano","MCP",28.8347552217927,61.8044358069833,17.2415424046437,4257508.75627958
"exponencial","MCO",0,1.42173501411797,26.7115690349526,0.169244683937775
"exponencial","MCP",0,1.43961771953539,26.185637457344,2819.97431880141
"esferico","MCO",0.0830445475561626,1.30045612071829,67.5467312403659,0.0818081351290129
"esferico","MCP",0.0373076948367041,1.36155014122617,67.2880477625246,1314.1193356714
"gaussiano","MCO",0.27823476640382,1.10866133412601,33.4161865563787,0.0877935221531703
"gaussiano","MCP",0.268651527981086,1.13485579014056,33.7272030979464,1442.21503007686
"exponencial","MCO",0,2.60701427972625,25.7198418904616,0.0522199993761499
"exponencial","MCP",0,2.59753676382339,24.6881312503692,739.884818386845
"esferico","MCO",0.188896354889319,2.32135461326335,61.4741152786126,0.0284935275615911
"esferico","MCP",0.281057296862089,2.22523766069442,62.9781342121992,420.772426033274
"gaussiano","MCO",0.527388016131086,1.98360781372517,29.9428940834355,0.0394311023342315
"gaussiano","MCP",0.649486798798982,1.86306458361056,31.4317280614213,491.522147228817
"exponencial","MCO",99.5339354533668,299.233522414789,158.089699251602,4907.07040383018
"exponencial","MCP",120.931946748419,368.284770601341,266.897808876575,66346076.6059148
"esferico","MCO",110.35262542033,239.969721466161,266.897808876575,5121.42377882868
"esferico","MCP",125.933632795484,205.509267327983,266.897808876575,65770096.8492863
"gaussiano","MCO",137.450894973575,192.033355007376,116.113126777647,7007.58687747268
"gaussiano","MCP",159.666985218805,554.122540064445,266.897808876575,63149739.6031988
"exponencial","MCO",0,169.153903110812,26.5769108600577,3221.62438234897
"exponencial","MCP",0,171.22391578033,25.6203813061423,49392275.2482208
"esferico","MCO",0.850794864269029,163.676121757151,64.7347504067836,1961.15130537946
"esferico","MCP",6.34550600939337,160.663141543844,67.681964563387,31879913.8270997
"gaussiano","MCO",23.2872958423731,141.006565870448,30.9889384330616,2038.53818297786
"gaussiano","MCP",29.7351536345577,137.222954008532,32.7786209598398,33225728.1021321
"exponencial","MCO",0,0.130670209715355,18.2032943101056,0.000960755286106078
"exponencial","MCP",0,0.13089887369098,16.4670668466425,12.822124374586
"esferico","MCO",0,0.128535852364585,44.4867365364002,0.000283023292788452
"esferico","MCP",0,0.129311259626113,44.5619525481248,4.53167104744584
"gaussiano","MCO",0.0184252853149753,0.110243240771968,21.7304475990761,0.000299436844521402
"gaussiano","MCP",0.0166607313974036,0.112799330176101,21.6522502280384,4.85556424881103
"exponencial","MCO",60.5551970559212,1264.02841555074,40.2534255352452,48118.1938872879
"exponencial","MCP",123.672928622371,1194.21766524363,41.7095134095181,782109125.452077
"esferico","MCO",169.855829226065,1036.21455952816,83.6296220315284,99152.6122936576
"esferico","MCP",467.360624546143,849.766848805683,139.51620195677,1390893789.96641
"gaussiano","MCO",294.109239364397,906.193858230219,38.988990984398,100175.695578949
"gaussiano","MCP",403.645371336408,794.728384375345,43.4053171937452,1465369482.16536
"exponencial","MCO",156.792905688615,749.793275072929,52.0088794247465,5623.2112908274
"exponencial","MCP",148.437333032058,763.549741972058,52.2164583469047,101208258.41893
"esferico","MCO",218.021335835021,602.475212111699,107.037889699772,3106.63578733401
"esferico","MCP",228.503070774636,592.956288976973,108.671541817106,40084693.5917786
"gaussiano","MCO",301.155954758535,522.872008418436,52.7891440887608,6579.96697649118
"gaussiano","MCP",330.205282769827,499.678389331671,55.714146385484,57175095.4647303
